2026-09-04T07:38:28.130678Z;/home/runner/work/gson/gson;;IN_ACCESS,IN_ISDIR
2026-09-04T07:38:28.135489Z;/home/runner/work/gson/gson;.git;IN_CREATE,IN_ISDIR
2026-09-04T07:38:28.136139Z;/home/runner/work/gson/gson;.git;IN_ACCESS,IN_ISDIR
2026-09-04T07:38:28.136720Z;/home/runner/work/gson/gson/.git;hooks;IN_CREATE,IN_ISDIR
2026-09-04T07:38:28.137159Z;/home/runner/work/gson/gson/.git;hooks;IN_ACCESS,IN_ISDIR
2026-09-04T07:38:28.137635Z;/home/runner/work/gson/gson/.git/hooks;applypatch-msg.sample;IN_CREATE
2026-09-04T07:38:28.138136Z;/home/runner/work/gson/gson/.git/hooks;pre-push.sample;IN_CREATE
2026-09-04T07:38:28.138894Z;/home/runner/work/gson/gson/.git/hooks;pre-commit.sample;IN_CREATE
2026-09-04T07:38:28.139401Z;/home/runner/work/gson/gson/.git/hooks;pre-applypatch.sample;IN_CREATE
2026-09-04T07:38:28.139985Z;/home/runner/work/gson/gson/.git/hooks;pre-receive.sample;IN_CREATE
2026-09-04T07:38:28.140415Z;/home/runner/work/gson/gson/.git/hooks;post-update.sample;IN_CREATE
2026-09-04T07:38:28.140966Z;/home/runner/work/gson/gson/.git/hooks;fsmonitor-watchman.sample;IN_CREATE
2026-09-04T07:38:28.141475Z;/home/runner/work/gson/gson/.git/hooks;sendemail-validate.sample;IN_CREATE
2026-09-04T07:38:28.141912Z;/home/runner/work/gson/gson/.git/hooks;update.sample;IN_CREATE
2026-09-04T07:38:28.142415Z;/home/runner/work/gson/gson/.git/hooks;commit-msg.sample;IN_CREATE
2026-09-04T07:38:28.142936Z;/home/runner/work/gson/gson/.git/hooks;prepare-commit-msg.sample;IN_CREATE
2026-09-04T07:38:28.143457Z;/home/runner/work/gson/gson/.git/hooks;pre-rebase.sample;IN_CREATE
2026-09-04T07:38:28.144094Z;/home/runner/work/gson/gson/.git;info;IN_CREATE,IN_ISDIR
2026-09-04T07:38:28.144612Z;/home/runner/work/gson/gson/.git;description;IN_CREATE
2026-09-04T07:38:28.145118Z;/home/runner/work/gson/gson/.git;info;IN_ACCESS,IN_ISDIR
2026-09-04T07:38:28.145611Z;/home/runner/work/gson/gson/.git;config.lock;IN_CREATE
2026-09-04T07:38:28.146067Z;/home/runner/work/gson/gson/.git;config;IN_ACCESS
2026-09-04T07:38:28.146629Z;/home/runner/work/gson/gson/.git;config.lock;IN_CREATE
2026-09-04T07:38:28.147413Z;/home/runner/work/gson/gson/.git;config;IN_ACCESS
2026-09-04T07:38:28.147826Z;/home/runner/work/gson/gson/.git;config.lock;IN_CREATE
2026-09-04T07:38:28.148448Z;/home/runner/work/gson/gson/.git;config;IN_ACCESS
2026-09-04T07:38:28.148884Z;/home/runner/work/gson/gson/.git;config;IN_ACCESS
2026-09-04T07:38:28.149490Z;/home/runner/work/gson/gson/.git;config.lock;IN_CREATE
2026-09-04T07:38:28.149997Z;/home/runner/work/gson/gson/.git;config;IN_ACCESS
2026-09-04T07:38:28.150665Z;/home/runner/work/gson/gson/.git;tN3Bv8z;IN_CREATE
2026-09-04T07:38:28.151594Z;/home/runner/work/gson/gson/.git;tN3Bv8z;IN_DELETE
2026-09-04T07:38:28.152088Z;/home/runner/work/gson/gson/.git;tN3Bv8z;IN_CREATE
2026-09-04T07:38:28.152782Z;/home/runner/work/gson/gson/.git;tN3Bv8z;IN_DELETE
2026-09-04T07:38:28.153442Z;/home/runner/work/gson/gson/.git;refs;IN_CREATE,IN_ISDIR
2026-09-04T07:38:28.154316Z;/home/runner/work/gson/gson/.git;HEAD.lock;IN_CREATE
2026-09-04T07:38:28.158346Z;/home/runner/work/gson/gson/.git;objects;IN_CREATE,IN_ISDIR
2026-09-04T07:38:28.160055Z;/home/runner/work/gson/gson/.git;HEAD;IN_ACCESS
2026-09-04T07:38:28.160957Z;/home/runner/work/gson/gson/.git;config;IN_ACCESS
2026-09-04T07:38:28.161489Z;/home/runner/work/gson/gson/.git;refs;IN_ACCESS,IN_ISDIR
2026-09-04T07:38:28.162269Z;/home/runner/work/gson/gson/.git;config;IN_ACCESS
2026-09-04T07:38:28.162865Z;/home/runner/work/gson/gson/.git;HEAD;IN_ACCESS
2026-09-04T07:38:28.163889Z;/home/runner/work/gson/gson/.git;config.lock;IN_CREATE
2026-09-04T07:38:28.164359Z;/home/runner/work/gson/gson/.git;config;IN_ACCESS
2026-09-04T07:38:28.165117Z;/home/runner/work/gson/gson/.git;config.lock;IN_CREATE
2026-09-04T07:38:28.165622Z;/home/runner/work/gson/gson/.git;config;IN_ACCESS
2026-09-04T07:38:28.166080Z;/home/runner/work/gson/gson/.git;objects;IN_ACCESS,IN_ISDIR
2026-09-04T07:38:28.166654Z;/home/runner/work/gson/gson/.git;HEAD;IN_ACCESS
2026-09-04T07:38:28.167131Z;/home/runner/work/gson/gson/.git;config;IN_ACCESS
2026-09-04T07:38:28.167622Z;/home/runner/work/gson/gson/.git;config.lock;IN_CREATE
2026-09-04T07:38:28.168147Z;/home/runner/work/gson/gson/.git;config;IN_ACCESS
2026-09-04T07:38:28.168842Z;/home/runner/work/gson/gson/.git;HEAD;IN_ACCESS
2026-09-04T07:38:28.169319Z;/home/runner/work/gson/gson/.git;config;IN_ACCESS
2026-09-04T07:38:28.170810Z;/home/runner/work/gson/gson/.git;HEAD;IN_ACCESS
2026-09-04T07:38:28.171352Z;/home/runner/work/gson/gson/.git;config;IN_ACCESS
2026-09-04T07:38:28.195971Z;/home/runner/work/gson/gson/.git;HEAD;IN_ACCESS
2026-09-04T07:38:28.196656Z;/home/runner/work/gson/gson/.git;config;IN_ACCESS
2026-09-04T07:38:28.197137Z;/home/runner/work/gson/gson/.git;config;IN_ACCESS
2026-09-04T07:38:28.199270Z;/home/runner/work/gson/gson/.git;HEAD;IN_ACCESS
2026-09-04T07:38:28.199825Z;/home/runner/work/gson/gson/.git;config;IN_ACCESS
2026-09-04T07:38:28.200819Z;/home/runner/work/gson/gson/.git;HEAD;IN_ACCESS
2026-09-04T07:38:28.201523Z;/home/runner/work/gson/gson/.git;config;IN_ACCESS
2026-09-04T07:38:28.202451Z;/home/runner/work/gson/gson/.git;HEAD;IN_ACCESS
2026-09-04T07:38:28.203022Z;/home/runner/work/gson/gson/.git;config;IN_ACCESS
2026-09-04T07:38:28.203892Z;/home/runner/work/gson/gson/.git;config;IN_ACCESS
2026-09-04T07:38:28.205017Z;/home/runner/work/gson/gson/.git;HEAD;IN_ACCESS
2026-09-04T07:38:28.205852Z;/home/runner/work/gson/gson/.git;config;IN_ACCESS
2026-09-04T07:38:28.207295Z;/home/runner/work/gson/gson/.git;HEAD;IN_ACCESS
2026-09-04T07:38:28.207848Z;/home/runner/work/gson/gson/.git;config;IN_ACCESS
2026-09-04T07:38:28.212186Z;/home/runner/work/gson/gson/.git;HEAD;IN_ACCESS
2026-09-04T07:38:28.213164Z;/home/runner/work/gson/gson/.git;config;IN_ACCESS
2026-09-04T07:38:28.215857Z;/home/runner/work/gson/gson/.git;HEAD;IN_ACCESS
2026-09-04T07:38:28.216431Z;/home/runner/work/gson/gson/.git;config;IN_ACCESS
2026-09-04T07:38:28.226461Z;/home/runner/work/gson/gson/.git;HEAD;IN_ACCESS
2026-09-04T07:38:28.227195Z;/home/runner/work/gson/gson/.git;config;IN_ACCESS
2026-09-04T07:38:28.228112Z;/home/runner/work/gson/gson/.git;HEAD;IN_ACCESS
2026-09-04T07:38:28.228940Z;/home/runner/work/gson/gson/.git;config;IN_ACCESS
2026-09-04T07:38:28.229644Z;/home/runner/work/gson/gson/.git;HEAD;IN_ACCESS
2026-09-04T07:38:28.230613Z;/home/runner/work/gson/gson/.git;config;IN_ACCESS
2026-09-04T07:38:28.231195Z;/home/runner/work/gson/gson/.git;HEAD;IN_ACCESS
2026-09-04T07:38:28.232887Z;/home/runner/work/gson/gson/.git;config;IN_ACCESS
2026-09-04T07:38:28.233575Z;/home/runner/work/gson/gson/.git;HEAD;IN_ACCESS
2026-09-04T07:38:28.235462Z;/home/runner/work/gson/gson/.git;config;IN_ACCESS
2026-09-04T07:38:28.235982Z;/home/runner/work/gson/gson/.git;HEAD;IN_ACCESS
2026-09-04T07:38:28.236536Z;/home/runner/work/gson/gson/.git;config;IN_ACCESS
2026-09-04T07:38:28.239723Z;/home/runner/work/gson/gson/.git;HEAD;IN_ACCESS
2026-09-04T07:38:28.240392Z;/home/runner/work/gson/gson/.git;config;IN_ACCESS
2026-09-04T07:38:28.243352Z;/home/runner/work/gson/gson/.git;HEAD;IN_ACCESS
2026-09-04T07:38:28.243848Z;/home/runner/work/gson/gson/.git;config;IN_ACCESS
2026-09-04T07:38:28.244306Z;/home/runner/work/gson/gson/.git;config;IN_ACCESS
2026-09-04T07:38:28.254004Z;/home/runner/work/gson/gson/.git;HEAD;IN_ACCESS
2026-09-04T07:38:28.254521Z;/home/runner/work/gson/gson/.git;config;IN_ACCESS
2026-09-04T07:38:28.255795Z;/home/runner/work/gson/gson/.git;HEAD;IN_ACCESS
2026-09-04T07:38:28.256521Z;/home/runner/work/gson/gson/.git;config;IN_ACCESS
2026-09-04T07:38:28.257337Z;/home/runner/work/gson/gson/.git;HEAD;IN_ACCESS
2026-09-04T07:38:28.257949Z;/home/runner/work/gson/gson/.git;config;IN_ACCESS
2026-09-04T07:38:28.258851Z;/home/runner/work/gson/gson/.git;HEAD;IN_ACCESS
2026-09-04T07:38:28.259699Z;/home/runner/work/gson/gson/.git;config;IN_ACCESS
2026-09-04T07:38:28.260566Z;/home/runner/work/gson/gson/.git;HEAD;IN_ACCESS
2026-09-04T07:38:28.261286Z;/home/runner/work/gson/gson/.git;config;IN_ACCESS
2026-09-04T07:38:28.263502Z;/home/runner/work/gson/gson/.git;HEAD;IN_ACCESS
2026-09-04T07:38:28.263992Z;/home/runner/work/gson/gson/.git;config;IN_ACCESS
2026-09-04T07:38:28.267961Z;/home/runner/work/gson/gson/.git;HEAD;IN_ACCESS
2026-09-04T07:38:28.269162Z;/home/runner/work/gson/gson/.git;config;IN_ACCESS
2026-09-04T07:38:28.272538Z;/home/runner/work/gson/gson/.git;HEAD;IN_ACCESS
2026-09-04T07:38:28.273117Z;/home/runner/work/gson/gson/.git;config;IN_ACCESS
2026-09-04T07:38:28.273648Z;/home/runner/work/gson/gson/.git;config.lock;IN_CREATE
2026-09-04T07:38:28.274049Z;/home/runner/work/gson/gson/.git;config;IN_ACCESS
2026-09-04T07:38:28.276483Z;/home/runner/work/gson/gson/.git;HEAD;IN_ACCESS
2026-09-04T07:38:28.276955Z;/home/runner/work/gson/gson/.git;config;IN_ACCESS
2026-09-04T07:38:28.277500Z;/home/runner/work/gson/gson/.git;config.lock;IN_CREATE
2026-09-04T07:38:28.278091Z;/home/runner/work/gson/gson/.git;config;IN_ACCESS
2026-09-04T07:38:28.280844Z;/home/runner/work/gson/gson/.git;HEAD;IN_ACCESS
2026-09-04T07:38:28.281591Z;/home/runner/work/gson/gson/.git;config;IN_ACCESS
2026-09-04T07:38:28.282166Z;/home/runner/work/gson/gson/.git;config.lock;IN_CREATE
2026-09-04T07:38:28.282892Z;/home/runner/work/gson/gson/.git;config;IN_ACCESS
2026-09-04T07:38:28.284917Z;/home/runner/work/gson/gson/.git;HEAD;IN_ACCESS
2026-09-04T07:38:28.285619Z;/home/runner/work/gson/gson/.git;config;IN_ACCESS
2026-09-04T07:38:28.286424Z;/home/runner/work/gson/gson/.git;config.lock;IN_CREATE
2026-09-04T07:38:28.287109Z;/home/runner/work/gson/gson/.git;config;IN_ACCESS
2026-09-04T07:38:28.289295Z;/home/runner/work/gson/gson/.git;HEAD;IN_ACCESS
2026-09-04T07:38:28.289930Z;/home/runner/work/gson/gson/.git;config;IN_ACCESS
2026-09-04T07:38:28.290380Z;/home/runner/work/gson/gson/.git;config;IN_ACCESS
2026-09-04T07:38:28.291106Z;/home/runner/work/gson/gson/.git;HEAD;IN_ACCESS
2026-09-04T07:38:28.292049Z;/home/runner/work/gson/gson/.git;config;IN_ACCESS
2026-09-04T07:38:28.292536Z;/home/runner/work/gson/gson/.git;config;IN_ACCESS
2026-09-04T07:38:28.301945Z;/home/runner/work/gson/gson/.git;HEAD;IN_ACCESS
2026-09-04T07:38:28.302459Z;/home/runner/work/gson/gson/.git;config;IN_ACCESS
2026-09-04T07:38:28.303033Z;/home/runner/work/gson/gson/.git;config;IN_ACCESS
2026-09-04T07:38:28.303398Z;/home/runner/work/gson/gson/.git;HEAD;IN_ACCESS
2026-09-04T07:38:28.305411Z;/home/runner/work/gson/gson/.git;FETCH_HEAD;IN_CREATE
2026-09-04T07:38:28.306118Z;/home/runner/work/gson/gson/.git;refs;IN_ACCESS,IN_ISDIR
2026-09-04T07:38:28.306640Z;/home/runner/work/gson/gson/.git/refs;;IN_ACCESS,IN_ISDIR
2026-09-04T07:38:28.307618Z;/home/runner/work/gson/gson/.git;refs;IN_ACCESS,IN_ISDIR
2026-09-04T07:38:28.308443Z;/home/runner/work/gson/gson/.git/refs;;IN_ACCESS,IN_ISDIR
2026-09-04T07:38:28.308997Z;/home/runner/work/gson/gson/.git/refs;heads;IN_ACCESS,IN_ISDIR
2026-09-04T07:38:28.309638Z;/home/runner/work/gson/gson/.git/refs/heads;;IN_ACCESS,IN_ISDIR
2026-09-04T07:38:28.310454Z;/home/runner/work/gson/gson/.git/refs;heads;IN_ACCESS,IN_ISDIR
2026-09-04T07:38:28.310940Z;/home/runner/work/gson/gson/.git/refs/heads;;IN_ACCESS,IN_ISDIR
2026-09-04T07:38:28.311605Z;/home/runner/work/gson/gson/.git/refs;tags;IN_ACCESS,IN_ISDIR
2026-09-04T07:38:28.312092Z;/home/runner/work/gson/gson/.git/refs/tags;;IN_ACCESS,IN_ISDIR
2026-09-04T07:38:28.313484Z;/home/runner/work/gson/gson/.git/refs;tags;IN_ACCESS,IN_ISDIR
2026-09-04T07:38:28.314063Z;/home/runner/work/gson/gson/.git/refs/tags;;IN_ACCESS,IN_ISDIR
2026-09-04T07:38:28.810631Z;/home/runner/work/gson/gson/.git;shallow.lock;IN_CREATE
2026-09-04T07:38:28.812297Z;/home/runner/work/gson/gson/.git;HEAD;IN_ACCESS
2026-09-04T07:38:28.812714Z;/home/runner/work/gson/gson/.git;config;IN_ACCESS
2026-09-04T07:38:28.813262Z;/home/runner/work/gson/gson/.git;config;IN_ACCESS
2026-09-04T07:38:28.813734Z;/home/runner/work/gson/gson/.git/objects/pack;tmp_pack_TWdKLE;IN_CREATE
2026-09-04T07:38:28.815895Z;/home/runner/work/gson/gson/.git/objects;pack;IN_ACCESS,IN_ISDIR
2026-09-04T07:38:28.819265Z;/home/runner/work/gson/gson/.git/objects/pack;;IN_ACCESS,IN_ISDIR
2026-09-04T07:38:28.819779Z;/home/runner/work/gson/gson/.git/objects;pack;IN_ACCESS,IN_ISDIR
2026-09-04T07:38:28.820972Z;/home/runner/work/gson/gson/.git/objects/pack;;IN_ACCESS,IN_ISDIR
2026-09-04T07:38:28.916636Z;/home/runner/work/gson/gson/.git/objects/pack;tmp_pack_TWdKLE;IN_ACCESS
2026-09-04T07:38:28.917276Z;/home/runner/work/gson/gson/.git/objects/pack;tmp_idx_KxfmY5;IN_CREATE
2026-09-04T07:38:28.917838Z;/home/runner/work/gson/gson/.git/objects/pack;tmp_rev_pUCrYI;IN_CREATE
2026-09-04T07:38:28.918988Z;/home/runner/work/gson/gson/.git/objects/pack;pack-989db3583f14715d46439243a85d86235c71bcc4.keep;IN_CREATE
2026-09-04T07:38:28.919467Z;/home/runner/work/gson/gson/.git/objects/pack;pack-989db3583f14715d46439243a85d86235c71bcc4.pack;IN_CREATE
2026-09-04T07:38:28.919892Z;/home/runner/work/gson/gson/.git/objects/pack;tmp_pack_TWdKLE;IN_DELETE
2026-09-04T07:38:28.920346Z;/home/runner/work/gson/gson/.git/objects/pack;pack-989db3583f14715d46439243a85d86235c71bcc4.rev;IN_CREATE
2026-09-04T07:38:28.920751Z;/home/runner/work/gson/gson/.git/objects/pack;tmp_rev_pUCrYI;IN_DELETE
2026-09-04T07:38:28.921246Z;/home/runner/work/gson/gson/.git/objects/pack;pack-989db3583f14715d46439243a85d86235c71bcc4.idx;IN_CREATE
2026-09-04T07:38:28.921619Z;/home/runner/work/gson/gson/.git/objects/pack;tmp_idx_KxfmY5;IN_DELETE
2026-09-04T07:38:28.922050Z;/home/runner/work/gson/gson/.git/objects;pack;IN_ACCESS,IN_ISDIR
2026-09-04T07:38:28.922411Z;/home/runner/work/gson/gson/.git/objects/pack;;IN_ACCESS,IN_ISDIR
2026-09-04T07:38:28.922807Z;/home/runner/work/gson/gson/.git/objects;pack;IN_ACCESS,IN_ISDIR
2026-09-04T07:38:28.923271Z;/home/runner/work/gson/gson/.git/objects/pack;;IN_ACCESS,IN_ISDIR
2026-09-04T07:38:28.923777Z;/home/runner/work/gson/gson/.git;HEAD;IN_ACCESS
2026-09-04T07:38:28.924186Z;/home/runner/work/gson/gson/.git;config;IN_ACCESS
2026-09-04T07:38:28.924632Z;/home/runner/work/gson/gson/.git;refs;IN_ACCESS,IN_ISDIR
2026-09-04T07:38:28.925017Z;/home/runner/work/gson/gson/.git/refs;;IN_ACCESS,IN_ISDIR
2026-09-04T07:38:28.925633Z;/home/runner/work/gson/gson/.git;refs;IN_ACCESS,IN_ISDIR
2026-09-04T07:38:28.928870Z;/home/runner/work/gson/gson/.git/refs;;IN_ACCESS,IN_ISDIR
2026-09-04T07:38:28.930663Z;/home/runner/work/gson/gson/.git;shallow.lock;IN_ACCESS
2026-09-04T07:38:28.931204Z;/home/runner/work/gson/gson/.git/objects;pack;IN_ACCESS,IN_ISDIR
2026-09-04T07:38:28.931750Z;/home/runner/work/gson/gson/.git/objects/pack;;IN_ACCESS,IN_ISDIR
2026-09-04T07:38:28.932193Z;/home/runner/work/gson/gson/.git/objects;pack;IN_ACCESS,IN_ISDIR
2026-09-04T07:38:28.932658Z;/home/runner/work/gson/gson/.git/objects/pack;;IN_ACCESS,IN_ISDIR
2026-09-04T07:38:28.933107Z;/home/runner/work/gson/gson/.git/objects/pack;pack-989db3583f14715d46439243a85d86235c71bcc4.pack;IN_ACCESS
2026-09-04T07:38:28.933483Z;/home/runner/work/gson/gson/.git;shallow;IN_ACCESS
2026-09-04T07:38:28.933877Z;/home/runner/work/gson/gson/.git/objects/pack;pack-989db3583f14715d46439243a85d86235c71bcc4.pack;IN_ACCESS
2026-09-04T07:38:28.934410Z;/home/runner/work/gson/gson/.git/objects/pack;pack-989db3583f14715d46439243a85d86235c71bcc4.keep;IN_DELETE
2026-09-04T07:38:28.935117Z;/home/runner/work/gson/gson/.git;HEAD;IN_ACCESS
2026-09-04T07:38:28.935632Z;/home/runner/work/gson/gson/.git/refs;remotes;IN_CREATE,IN_ISDIR
2026-09-04T07:38:28.936221Z;/home/runner/work/gson/gson/.git;logs;IN_CREATE,IN_ISDIR
2026-09-04T07:38:28.936650Z;/home/runner/work/gson/gson/.git;HEAD;IN_ACCESS
2026-09-04T07:38:28.937144Z;/home/runner/work/gson/gson/.git;config;IN_ACCESS
2026-09-04T07:38:28.937578Z;/home/runner/work/gson/gson/.git;HEAD;IN_ACCESS
2026-09-04T07:38:28.938606Z;/home/runner/work/gson/gson/.git;config;IN_ACCESS
2026-09-04T07:38:28.939281Z;/home/runner/work/gson/gson/.git;refs;IN_ACCESS,IN_ISDIR
2026-09-04T07:38:28.939641Z;/home/runner/work/gson/gson/.git/refs;;IN_ACCESS,IN_ISDIR
2026-09-04T07:38:28.940082Z;/home/runner/work/gson/gson/.git;refs;IN_ACCESS,IN_ISDIR
2026-09-04T07:38:28.940468Z;/home/runner/work/gson/gson/.git/refs;;IN_ACCESS,IN_ISDIR
2026-09-04T07:38:28.940830Z;/home/runner/work/gson/gson/.git/refs;heads;IN_ACCESS,IN_ISDIR
2026-09-04T07:38:28.941198Z;/home/runner/work/gson/gson/.git/refs/heads;;IN_ACCESS,IN_ISDIR
2026-09-04T07:38:28.941683Z;/home/runner/work/gson/gson/.git/refs;heads;IN_ACCESS,IN_ISDIR
2026-09-04T07:38:28.942369Z;/home/runner/work/gson/gson/.git/refs/heads;;IN_ACCESS,IN_ISDIR
2026-09-04T07:38:28.942783Z;/home/runner/work/gson/gson/.git/refs;remotes;IN_ACCESS,IN_ISDIR
2026-09-04T07:38:28.943206Z;/home/runner/work/gson/gson/.git/refs;tags;IN_ACCESS,IN_ISDIR
2026-09-04T07:38:28.943774Z;/home/runner/work/gson/gson/.git/refs/tags;;IN_ACCESS,IN_ISDIR
2026-09-04T07:38:28.944296Z;/home/runner/work/gson/gson/.git/refs;tags;IN_ACCESS,IN_ISDIR
2026-09-04T07:38:28.944765Z;/home/runner/work/gson/gson/.git/refs/tags;;IN_ACCESS,IN_ISDIR
2026-09-04T07:38:28.945312Z;/home/runner/work/gson/gson/.git;HEAD;IN_ACCESS
2026-09-04T07:38:28.945765Z;/home/runner/work/gson/gson/.git/refs;remotes;IN_ACCESS,IN_ISDIR
2026-09-04T07:38:28.946137Z;/home/runner/work/gson/gson/.git;logs;IN_ACCESS,IN_ISDIR
2026-09-04T07:38:28.946489Z;/home/runner/work/gson/gson/.git;HEAD;IN_ACCESS
2026-09-04T07:38:28.946837Z;/home/runner/work/gson/gson/.git;config;IN_ACCESS
2026-09-04T07:38:28.947250Z;/home/runner/work/gson/gson/.git/refs/remotes/origin;optcd-run;IN_ACCESS
2026-09-04T07:38:28.947661Z;/home/runner/work/gson/gson/.git;HEAD;IN_ACCESS
2026-09-04T07:38:28.948032Z;/home/runner/work/gson/gson/.git;config;IN_ACCESS
2026-09-04T07:38:28.948393Z;/home/runner/work/gson/gson/.git;config.lock;IN_CREATE
2026-09-04T07:38:28.948925Z;/home/runner/work/gson/gson/.git;config;IN_ACCESS
2026-09-04T07:38:28.949404Z;/home/runner/work/gson/gson/.git;config.worktree.lock;IN_CREATE
2026-09-04T07:38:28.950041Z;/home/runner/work/gson/gson/.git;config;IN_ACCESS
2026-09-04T07:38:28.950481Z;/home/runner/work/gson/gson/.git;config.worktree;IN_ACCESS
2026-09-04T07:38:28.950888Z;/home/runner/work/gson/gson/.git;config.worktree.lock;IN_CREATE
2026-09-04T07:38:28.951291Z;/home/runner/work/gson/gson/.git;config.worktree;IN_ACCESS
2026-09-04T07:38:28.951748Z;/home/runner/work/gson/gson/.git;config;IN_ACCESS
2026-09-04T07:38:28.952243Z;/home/runner/work/gson/gson/.git;config.worktree;IN_ACCESS
2026-09-04T07:38:28.952659Z;/home/runner/work/gson/gson/.git;config.worktree.lock;IN_CREATE
2026-09-04T07:38:28.953103Z;/home/runner/work/gson/gson/.git;config.worktree;IN_ACCESS
2026-09-04T07:38:28.953600Z;/home/runner/work/gson/gson/.git;HEAD;IN_ACCESS
2026-09-04T07:38:28.954196Z;/home/runner/work/gson/gson/.git;config;IN_ACCESS
2026-09-04T07:38:28.954663Z;/home/runner/work/gson/gson/.git;config.worktree;IN_ACCESS
2026-09-04T07:38:28.955213Z;/home/runner/work/gson/gson/.git;config;IN_ACCESS
2026-09-04T07:38:28.955609Z;/home/runner/work/gson/gson/.git;config.worktree;IN_ACCESS
2026-09-04T07:38:28.956084Z;/home/runner/work/gson/gson/.git;config.lock;IN_CREATE
2026-09-04T07:38:28.956498Z;/home/runner/work/gson/gson/.git;config;IN_ACCESS
2026-09-04T07:38:28.956851Z;/home/runner/work/gson/gson/.git;HEAD;IN_ACCESS
2026-09-04T07:38:28.957301Z;/home/runner/work/gson/gson/.git;config;IN_ACCESS
2026-09-04T07:38:28.958151Z;/home/runner/work/gson/gson/.git/refs/remotes/origin;optcd-run;IN_ACCESS
2026-09-04T07:38:28.958864Z;/home/runner/work/gson/gson/.git;refs;IN_ACCESS,IN_ISDIR
2026-09-04T07:38:28.959596Z;/home/runner/work/gson/gson/.git/refs;;IN_ACCESS,IN_ISDIR
2026-09-04T07:38:28.960104Z;/home/runner/work/gson/gson/.git;refs;IN_ACCESS,IN_ISDIR
2026-09-04T07:38:28.960971Z;/home/runner/work/gson/gson/.git/refs;;IN_ACCESS,IN_ISDIR
2026-09-04T07:38:28.961569Z;/home/runner/work/gson/gson/.git/objects;pack;IN_ACCESS,IN_ISDIR
2026-09-04T07:38:28.962013Z;/home/runner/work/gson/gson/.git/objects/pack;;IN_ACCESS,IN_ISDIR
2026-09-04T07:38:28.962400Z;/home/runner/work/gson/gson/.git/objects;pack;IN_ACCESS,IN_ISDIR
2026-09-04T07:38:28.962853Z;/home/runner/work/gson/gson/.git/objects/pack;;IN_ACCESS,IN_ISDIR
2026-09-04T07:38:28.963322Z;/home/runner/work/gson/gson/.git/objects/pack;pack-989db3583f14715d46439243a85d86235c71bcc4.pack;IN_ACCESS
2026-09-04T07:38:28.963827Z;/home/runner/work/gson/gson/.git;shallow;IN_ACCESS
2026-09-04T07:38:28.964478Z;/home/runner/work/gson/gson/.git;HEAD;IN_ACCESS
2026-09-04T07:38:28.964900Z;/home/runner/work/gson/gson/.git;index.lock;IN_CREATE
2026-09-04T07:38:28.965464Z;/home/runner/work/gson/gson/.git/info;exclude;IN_ACCESS
2026-09-04T07:38:28.965879Z;/home/runner/work/gson/gson;.git-blame-ignore-revs;IN_CREATE
2026-09-04T07:38:28.966525Z;/home/runner/work/gson/gson;.github;IN_CREATE,IN_ISDIR
2026-09-04T07:38:28.967001Z;/home/runner/work/gson/gson;.gitignore;IN_CREATE
2026-09-04T07:38:28.967452Z;/home/runner/work/gson/gson;.mvn;IN_CREATE,IN_ISDIR
2026-09-04T07:38:28.967965Z;/home/runner/work/gson/gson;CHANGELOG.md;IN_CREATE
2026-09-04T07:38:28.968400Z;/home/runner/work/gson/gson;GsonDesignDocument.md;IN_CREATE
2026-09-04T07:38:28.968956Z;/home/runner/work/gson/gson;LICENSE;IN_CREATE
2026-09-04T07:38:28.969415Z;/home/runner/work/gson/gson;README.md;IN_CREATE
2026-09-04T07:38:28.969829Z;/home/runner/work/gson/gson;ReleaseProcess.md;IN_CREATE
2026-09-04T07:38:28.970296Z;/home/runner/work/gson/gson;Troubleshooting.md;IN_CREATE
2026-09-04T07:38:28.970803Z;/home/runner/work/gson/gson;UserGuide.md;IN_CREATE
2026-09-04T07:38:28.971828Z;/home/runner/work/gson/gson;extras;IN_CREATE,IN_ISDIR
2026-09-04T07:38:28.973615Z;/home/runner/work/gson/gson;gson;IN_CREATE,IN_ISDIR
2026-09-04T07:38:28.974365Z;/home/runner/work/gson/gson;.github;IN_ACCESS,IN_ISDIR
2026-09-04T07:38:28.974933Z;/home/runner/work/gson/gson;.mvn;IN_ACCESS,IN_ISDIR
2026-09-04T07:38:28.975437Z;/home/runner/work/gson/gson;extras;IN_ACCESS,IN_ISDIR
2026-09-04T07:38:28.976039Z;/home/runner/work/gson/gson;gson;IN_ACCESS,IN_ISDIR
2026-09-04T07:38:28.978713Z;/home/runner/work/gson/gson/gson/src/test/java/com/google/gson;integration;IN_CREATE,IN_ISDIR
2026-09-04T07:38:28.979389Z;/home/runner/work/gson/gson/gson/src/test/java/com/google/gson;integration;IN_ACCESS,IN_ISDIR
2026-09-04T07:38:28.980121Z;/home/runner/work/gson/gson/gson/src/test/java/com/google/gson;internal;IN_CREATE,IN_ISDIR
2026-09-04T07:38:28.980671Z;/home/runner/work/gson/gson/gson/src/test/java/com/google/gson;internal;IN_ACCESS,IN_ISDIR
2026-09-04T07:38:28.981229Z;/home/runner/work/gson/gson/gson/src/test/java/com/google/gson/internal/bind;JsonTreeReaderTest.java;IN_CREATE
2026-09-04T07:38:28.981779Z;/home/runner/work/gson/gson/gson/src/test/java/com/google/gson/internal/bind;JsonTreeWriterTest.java;IN_CREATE
2026-09-04T07:38:28.982325Z;/home/runner/work/gson/gson/gson/src/test/java/com/google/gson/internal/bind;RecursiveTypesResolveTest.java;IN_CREATE
2026-09-04T07:38:28.983001Z;/home/runner/work/gson/gson/gson/src/test/java/com/google/gson/internal/bind;util;IN_CREATE,IN_ISDIR
2026-09-04T07:38:28.983651Z;/home/runner/work/gson/gson/gson/src/test/java/com/google/gson/internal;reflect;IN_CREATE,IN_ISDIR
2026-09-04T07:38:28.984231Z;/home/runner/work/gson/gson/gson/src/test/java/com/google/gson/internal;sql;IN_CREATE,IN_ISDIR
2026-09-04T07:38:28.984858Z;/home/runner/work/gson/gson/gson/src/test/java/com/google/gson;metrics;IN_CREATE,IN_ISDIR
2026-09-04T07:38:28.985515Z;/home/runner/work/gson/gson/gson/src/test/java/com/google/gson;reflect;IN_CREATE,IN_ISDIR
2026-09-04T07:38:28.986133Z;/home/runner/work/gson/gson/gson/src/test/java/com/google/gson;stream;IN_CREATE,IN_ISDIR
2026-09-04T07:38:28.986640Z;/home/runner/work/gson/gson/gson/src/test;resources;IN_CREATE,IN_ISDIR
2026-09-04T07:38:28.987414Z;/home/runner/work/gson/gson;metrics;IN_CREATE,IN_ISDIR
2026-09-04T07:38:28.987935Z;/home/runner/work/gson/gson/gson/src/test/java/com/google/gson/internal/bind;util;IN_ACCESS,IN_ISDIR
2026-09-04T07:38:28.988422Z;/home/runner/work/gson/gson;pom.xml;IN_CREATE
2026-09-04T07:38:28.989255Z;/home/runner/work/gson/gson/gson/src/test/java/com/google/gson/internal;reflect;IN_ACCESS,IN_ISDIR
2026-09-04T07:38:28.990264Z;/home/runner/work/gson/gson;proto;IN_CREATE,IN_ISDIR
2026-09-04T07:38:28.990875Z;/home/runner/work/gson/gson/gson/src/test/java/com/google/gson/internal;sql;IN_ACCESS,IN_ISDIR
2026-09-04T07:38:28.991452Z;/home/runner/work/gson/gson/gson/src/test/java/com/google/gson;metrics;IN_ACCESS,IN_ISDIR
2026-09-04T07:38:28.991931Z;/home/runner/work/gson/gson/gson/src/test/java/com/google/gson;reflect;IN_ACCESS,IN_ISDIR
2026-09-04T07:38:28.992353Z;/home/runner/work/gson/gson/gson/src/test/java/com/google/gson;stream;IN_ACCESS,IN_ISDIR
2026-09-04T07:38:28.993051Z;/home/runner/work/gson/gson/gson/src/test;resources;IN_ACCESS,IN_ISDIR
2026-09-04T07:38:28.994051Z;/home/runner/work/gson/gson;test-graal-native-image;IN_CREATE,IN_ISDIR
2026-09-04T07:38:28.994750Z;/home/runner/work/gson/gson;metrics;IN_ACCESS,IN_ISDIR
2026-09-04T07:38:28.995695Z;/home/runner/work/gson/gson;test-jpms;IN_CREATE,IN_ISDIR
2026-09-04T07:38:28.996659Z;/home/runner/work/gson/gson;test-shrinker;IN_CREATE,IN_ISDIR
2026-09-04T07:38:28.997194Z;/home/runner/work/gson/gson;proto;IN_ACCESS,IN_ISDIR
2026-09-04T07:38:28.997626Z;/home/runner/work/gson/gson/.git/refs/remotes/origin;optcd-run;IN_ACCESS
2026-09-04T07:38:28.998096Z;/home/runner/work/gson/gson/.git;HEAD;IN_ACCESS
2026-09-04T07:38:28.998494Z;/home/runner/work/gson/gson/.git/refs/heads;optcd-run.lock;IN_CREATE
2026-09-04T07:38:28.998922Z;/home/runner/work/gson/gson/.git/logs/refs;heads;IN_CREATE,IN_ISDIR
2026-09-04T07:38:28.999469Z;/home/runner/work/gson/gson/.git;config.lock;IN_CREATE
2026-09-04T07:38:28.999932Z;/home/runner/work/gson/gson/.git;config;IN_ACCESS
2026-09-04T07:38:29.000412Z;/home/runner/work/gson/gson/.git;config.lock;IN_CREATE
2026-09-04T07:38:29.000956Z;/home/runner/work/gson/gson/.git;config;IN_ACCESS
2026-09-04T07:38:29.001386Z;/home/runner/work/gson/gson/.git;config.lock;IN_DELETE
2026-09-04T07:38:29.001886Z;/home/runner/work/gson/gson/.git;config.lock;IN_CREATE
2026-09-04T07:38:29.002254Z;/home/runner/work/gson/gson/.git;config;IN_ACCESS
2026-09-04T07:38:29.002659Z;/home/runner/work/gson/gson/.git/refs/heads;optcd-run;IN_ACCESS
2026-09-04T07:38:29.003037Z;/home/runner/work/gson/gson;test-graal-native-image;IN_ACCESS,IN_ISDIR
2026-09-04T07:38:29.003387Z;/home/runner/work/gson/gson/.git;config;IN_ACCESS
2026-09-04T07:38:29.003731Z;/home/runner/work/gson/gson;test-graal-native-image;IN_ACCESS,IN_ISDIR
2026-09-04T07:38:29.004121Z;/home/runner/work/gson/gson/.git;HEAD;IN_ACCESS
2026-09-04T07:38:29.005408Z;/home/runner/work/gson/gson/.git;HEAD.lock;IN_CREATE
2026-09-04T07:38:29.006135Z;/home/runner/work/gson/gson/.git;HEAD;IN_ACCESS
2026-09-04T07:38:29.006641Z;/home/runner/work/gson/gson/.git/refs/heads;optcd-run;IN_ACCESS
2026-09-04T07:38:29.007265Z;/home/runner/work/gson/gson/.git/logs;HEAD;IN_CREATE
2026-09-04T07:38:29.007821Z;/home/runner/work/gson/gson/.git;HEAD;IN_ACCESS
2026-09-04T07:38:29.008226Z;/home/runner/work/gson/gson/.git;AUTO_MERGE.lock;IN_CREATE
2026-09-04T07:38:29.008628Z;/home/runner/work/gson/gson/.git;packed-refs.lock;IN_CREATE
2026-09-04T07:38:29.009026Z;/home/runner/work/gson/gson/.git;AUTO_MERGE.lock;IN_DELETE
2026-09-04T07:38:29.011617Z;/home/runner/work/gson/gson/.git;packed-refs.lock;IN_DELETE
2026-09-04T07:38:29.012133Z;/home/runner/work/gson/gson/.git;HEAD;IN_ACCESS
2026-09-04T07:38:29.012575Z;/home/runner/work/gson/gson/.git;AUTO_MERGE.lock;IN_CREATE
2026-09-04T07:38:29.012997Z;/home/runner/work/gson/gson/.git;packed-refs.lock;IN_CREATE
2026-09-04T07:38:29.013409Z;/home/runner/work/gson/gson/.git;AUTO_MERGE.lock;IN_DELETE
2026-09-04T07:38:29.013968Z;/home/runner/work/gson/gson/.git;packed-refs.lock;IN_DELETE
2026-09-04T07:38:29.014359Z;/home/runner/work/gson/gson/.git/refs/heads;optcd-run;IN_ACCESS
2026-09-04T07:38:29.014782Z;/home/runner/work/gson/gson;test-jpms;IN_ACCESS,IN_ISDIR
2026-09-04T07:38:29.015394Z;/home/runner/work/gson/gson;test-shrinker;IN_ACCESS,IN_ISDIR
2026-09-04T07:38:29.015936Z;/home/runner/work/gson/gson/.git;HEAD;IN_ACCESS
2026-09-04T07:38:29.016318Z;/home/runner/work/gson/gson/.git;config;IN_ACCESS
2026-09-04T07:38:29.016821Z;/home/runner/work/gson/gson/.git/logs/refs;heads;IN_ACCESS,IN_ISDIR
2026-09-04T07:38:29.017189Z;/home/runner/work/gson/gson/.git;HEAD;IN_ACCESS
2026-09-04T07:38:29.017539Z;/home/runner/work/gson/gson/.git/refs/heads;optcd-run;IN_ACCESS
2026-09-04T07:38:29.017997Z;/home/runner/work/gson/gson/.git;refs;IN_ACCESS,IN_ISDIR
2026-09-04T07:38:29.018514Z;/home/runner/work/gson/gson/.git/refs;;IN_ACCESS,IN_ISDIR
2026-09-04T07:38:29.019144Z;/home/runner/work/gson/gson/.git;refs;IN_ACCESS,IN_ISDIR
2026-09-04T07:38:29.019660Z;/home/runner/work/gson/gson/.git/refs;;IN_ACCESS,IN_ISDIR
2026-09-04T07:38:29.020082Z;/home/runner/work/gson/gson/.git;shallow;IN_ACCESS
2026-09-04T07:38:29.020707Z;/home/runner/work/gson/gson/.git/objects;pack;IN_ACCESS,IN_ISDIR
2026-09-04T07:38:29.021915Z;/home/runner/work/gson/gson/.git/objects/pack;;IN_ACCESS,IN_ISDIR
2026-09-04T07:38:29.022363Z;/home/runner/work/gson/gson/.git/objects;pack;IN_ACCESS,IN_ISDIR
2026-09-04T07:38:29.022789Z;/home/runner/work/gson/gson/.git/objects/pack;;IN_ACCESS,IN_ISDIR
2026-09-04T07:38:29.023232Z;/home/runner/work/gson/gson/.git/objects/pack;pack-989db3583f14715d46439243a85d86235c71bcc4.pack;IN_ACCESS
2026-09-04T07:38:29.023630Z;/home/runner/work/gson/gson/.git;HEAD;IN_ACCESS
2026-09-04T07:38:29.024009Z;/home/runner/work/gson/gson/.git;config;IN_ACCESS
2026-09-04T07:38:29.024546Z;/home/runner/work/gson/gson/.git;HEAD;IN_ACCESS
2026-09-04T07:38:29.025072Z;/home/runner/work/gson/gson/.git/refs/heads;optcd-run;IN_ACCESS
2026-09-04T07:38:29.025574Z;/home/runner/work/gson/gson/.git;refs;IN_ACCESS,IN_ISDIR
2026-09-04T07:38:29.026048Z;/home/runner/work/gson/gson/.git/refs;;IN_ACCESS,IN_ISDIR
2026-09-04T07:38:29.026521Z;/home/runner/work/gson/gson/.git;refs;IN_ACCESS,IN_ISDIR
2026-09-04T07:38:29.027113Z;/home/runner/work/gson/gson/.git/refs;;IN_ACCESS,IN_ISDIR
2026-09-04T07:38:29.027532Z;/home/runner/work/gson/gson/.git;shallow;IN_ACCESS
2026-09-04T07:38:29.027969Z;/home/runner/work/gson/gson/.git/objects;pack;IN_ACCESS,IN_ISDIR
2026-09-04T07:38:29.028374Z;/home/runner/work/gson/gson/.git/objects/pack;;IN_ACCESS,IN_ISDIR
2026-09-04T07:38:29.028739Z;/home/runner/work/gson/gson/.git/objects;pack;IN_ACCESS,IN_ISDIR
2026-09-04T07:38:29.029231Z;/home/runner/work/gson/gson/.git/objects/pack;;IN_ACCESS,IN_ISDIR
2026-09-04T07:38:29.029609Z;/home/runner/work/gson/gson/.git/objects/pack;pack-989db3583f14715d46439243a85d86235c71bcc4.pack;IN_ACCESS
2026-09-04T07:38:29.030010Z;/home/runner/work/gson/gson/.git;HEAD;IN_ACCESS
2026-09-04T07:38:29.030454Z;/home/runner/work/gson/gson/.git;config;IN_ACCESS
2026-09-04T07:38:29.030889Z;/home/runner/work/gson/gson/.git;HEAD;IN_ACCESS
2026-09-04T07:38:29.031320Z;/home/runner/work/gson/gson/.git;config;IN_ACCESS
2026-09-04T07:38:29.031873Z;/home/runner/work/gson/gson/.git;HEAD;IN_ACCESS
2026-09-04T07:38:29.032257Z;/home/runner/work/gson/gson/.git;config;IN_ACCESS
2026-09-04T07:38:29.032627Z;/home/runner/work/gson/gson/.git;HEAD;IN_ACCESS
2026-09-04T07:38:29.033025Z;/home/runner/work/gson/gson/.git;config;IN_ACCESS
2026-09-04T07:38:29.033461Z;/home/runner/work/gson/gson/.git;HEAD;IN_ACCESS
2026-09-04T07:38:29.034079Z;/home/runner/work/gson/gson/.git;config;IN_ACCESS
2026-09-04T07:38:29.034605Z;/home/runner/work/gson/gson/.git;HEAD;IN_ACCESS
2026-09-04T07:38:29.035014Z;/home/runner/work/gson/gson/.git;config;IN_ACCESS
2026-09-04T07:38:29.035344Z;/home/runner/work/gson/gson/.git;HEAD;IN_ACCESS
2026-09-04T07:38:29.035704Z;/home/runner/work/gson/gson/.git;config;IN_ACCESS
2026-09-04T07:38:29.039213Z;/home/runner/work/gson/gson/.git;HEAD;IN_ACCESS
2026-09-04T07:38:29.039887Z;/home/runner/work/gson/gson/.git;config;IN_ACCESS
2026-09-04T07:38:29.040341Z;/home/runner/work/gson/gson/.git;HEAD;IN_ACCESS
2026-09-04T07:38:29.041275Z;/home/runner/work/gson/gson/.git;config;IN_ACCESS
2026-09-04T07:38:29.043533Z;/home/runner/work/gson/gson/.git;HEAD;IN_ACCESS
2026-09-04T07:38:29.044080Z;/home/runner/work/gson/gson/.git;config;IN_ACCESS
2026-09-04T07:38:29.054092Z;/home/runner/work/gson/gson/.git;HEAD;IN_ACCESS
2026-09-04T07:38:29.054837Z;/home/runner/work/gson/gson/.git;config;IN_ACCESS
2026-09-04T07:38:29.055931Z;/home/runner/work/gson/gson/.git;HEAD;IN_ACCESS
2026-09-04T07:38:29.056618Z;/home/runner/work/gson/gson/.git;config;IN_ACCESS
2026-09-04T07:38:29.057473Z;/home/runner/work/gson/gson/.git;HEAD;IN_ACCESS
2026-09-04T07:38:29.057995Z;/home/runner/work/gson/gson/.git;config;IN_ACCESS
2026-09-04T07:38:29.058908Z;/home/runner/work/gson/gson/.git;HEAD;IN_ACCESS
2026-09-04T07:38:29.059543Z;/home/runner/work/gson/gson/.git;config;IN_ACCESS
2026-09-04T07:38:29.060289Z;/home/runner/work/gson/gson/.git;HEAD;IN_ACCESS
2026-09-04T07:38:29.060925Z;/home/runner/work/gson/gson/.git;config;IN_ACCESS
2026-09-04T07:38:29.063353Z;/home/runner/work/gson/gson/.git;HEAD;IN_ACCESS
2026-09-04T07:38:29.063936Z;/home/runner/work/gson/gson/.git;config;IN_ACCESS
2026-09-04T07:38:29.067406Z;/home/runner/work/gson/gson/.git;HEAD;IN_ACCESS
2026-09-04T07:38:29.069481Z;/home/runner/work/gson/gson/.git;config;IN_ACCESS
2026-09-04T07:38:29.070282Z;/home/runner/work/gson/gson/.git;config;IN_ACCESS
2026-09-04T07:38:29.072045Z;/home/runner/work/gson/gson/.git;HEAD;IN_ACCESS
2026-09-04T07:38:29.072588Z;/home/runner/work/gson/gson/.git;config;IN_ACCESS
2026-09-04T07:38:29.076418Z;/home/runner/work/gson/gson/.git;HEAD;IN_ACCESS
2026-09-04T07:38:29.076944Z;/home/runner/work/gson/gson/.git;config;IN_ACCESS
2026-09-04T07:38:29.077497Z;/home/runner/work/gson/gson/.git;config.lock;IN_CREATE
2026-09-04T07:38:29.078029Z;/home/runner/work/gson/gson/.git;config;IN_ACCESS
2026-09-04T07:38:29.080684Z;/home/runner/work/gson/gson/.git;HEAD;IN_ACCESS
2026-09-04T07:38:29.081369Z;/home/runner/work/gson/gson/.git;config;IN_ACCESS
2026-09-04T07:38:29.084483Z;/home/runner/work/gson/gson/.git;HEAD;IN_ACCESS
2026-09-04T07:38:29.084984Z;/home/runner/work/gson/gson/.git;config;IN_ACCESS
2026-09-04T07:38:29.085622Z;/home/runner/work/gson/gson/.git;config.lock;IN_CREATE
2026-09-04T07:38:29.086129Z;/home/runner/work/gson/gson/.git;config;IN_ACCESS
2026-09-04T07:38:29.089131Z;/home/runner/work/gson/gson/.git;HEAD;IN_ACCESS
2026-09-04T07:38:29.091599Z;/home/runner/work/gson/gson/.git;config;IN_ACCESS
2026-09-04T07:38:29.095605Z;/home/runner/work/gson/gson/.git;HEAD;IN_ACCESS
2026-09-04T07:38:29.096058Z;/home/runner/work/gson/gson/.git;config;IN_ACCESS
2026-09-04T07:38:29.096663Z;/home/runner/work/gson/gson/.git;config.lock;IN_CREATE
2026-09-04T07:38:29.097663Z;/home/runner/work/gson/gson/.git;config;IN_ACCESS
2026-09-04T07:38:29.100311Z;/home/runner/work/gson/gson/.git;HEAD;IN_ACCESS
2026-09-04T07:38:29.100895Z;/home/runner/work/gson/gson/.git;config;IN_ACCESS
2026-09-04T07:38:29.103953Z;/home/runner/work/gson/gson/.git;HEAD;IN_ACCESS
2026-09-04T07:38:29.104455Z;/home/runner/work/gson/gson/.git;config;IN_ACCESS
2026-09-04T07:38:29.105095Z;/home/runner/work/gson/gson/.git;config;IN_ACCESS
2026-09-04T07:38:29.105570Z;/home/runner/work/gson/gson/.git;config.lock;IN_CREATE
2026-09-04T07:38:29.105966Z;/home/runner/work/gson/gson/.git;config;IN_ACCESS
2026-09-04T07:38:29.108075Z;/home/runner/work/gson/gson/.git;HEAD;IN_ACCESS
2026-09-04T07:38:29.108489Z;/home/runner/work/gson/gson/.git;config;IN_ACCESS
2026-09-04T07:38:29.118671Z;/home/runner/work/gson/gson/.git;HEAD;IN_ACCESS
2026-09-04T07:38:29.119222Z;/home/runner/work/gson/gson/.git;config;IN_ACCESS
2026-09-04T07:38:29.119832Z;/home/runner/work/gson/gson/.git;config;IN_ACCESS
2026-09-04T07:38:29.120458Z;/home/runner/work/gson/gson/.git;HEAD;IN_ACCESS
2026-09-04T07:38:29.120903Z;/home/runner/work/gson/gson/.git;config;IN_ACCESS
2026-09-04T07:38:29.121951Z;/home/runner/work/gson/gson/.git;HEAD;IN_ACCESS
2026-09-04T07:38:29.122379Z;/home/runner/work/gson/gson/.git;config;IN_ACCESS
2026-09-04T07:38:29.123430Z;/home/runner/work/gson/gson/.git;HEAD;IN_ACCESS
2026-09-04T07:38:29.124008Z;/home/runner/work/gson/gson/.git;config;IN_ACCESS
2026-09-04T07:38:29.124964Z;/home/runner/work/gson/gson/.git;HEAD;IN_ACCESS
2026-09-04T07:38:29.125406Z;/home/runner/work/gson/gson/.git;config;IN_ACCESS
2026-09-04T07:38:29.128153Z;/home/runner/work/gson/gson/.git;HEAD;IN_ACCESS
2026-09-04T07:38:29.128608Z;/home/runner/work/gson/gson/.git;config;IN_ACCESS
2026-09-04T07:38:29.151776Z;/home/runner/work/gson/gson;optcd-3.txt;IN_CREATE
2026-09-04T07:38:29.356616Z;/home/runner/work/gson/gson;;IN_ACCESS,IN_ISDIR
2026-09-04T07:38:29.359031Z;/home/runner/work/gson/gson;.git;IN_ACCESS,IN_ISDIR
2026-09-04T07:38:29.359531Z;/home/runner/work/gson/gson/.git;;IN_ACCESS,IN_ISDIR
2026-09-04T07:38:29.360232Z;/home/runner/work/gson/gson;.git;IN_ACCESS,IN_ISDIR
2026-09-04T07:38:29.360725Z;/home/runner/work/gson/gson/.git;;IN_ACCESS,IN_ISDIR
2026-09-04T07:38:29.361285Z;/home/runner/work/gson/gson/.git;hooks;IN_ACCESS,IN_ISDIR
2026-09-04T07:38:29.361918Z;/home/runner/work/gson/gson/.git/hooks;;IN_ACCESS,IN_ISDIR
2026-09-04T07:38:29.362461Z;/home/runner/work/gson/gson/.git;hooks;IN_ACCESS,IN_ISDIR
2026-09-04T07:38:29.362975Z;/home/runner/work/gson/gson/.git/hooks;;IN_ACCESS,IN_ISDIR
2026-09-04T07:38:29.363482Z;/home/runner/work/gson/gson/.git;info;IN_ACCESS,IN_ISDIR
2026-09-04T07:38:29.364029Z;/home/runner/work/gson/gson/.git/info;;IN_ACCESS,IN_ISDIR
2026-09-04T07:38:29.364488Z;/home/runner/work/gson/gson/.git;info;IN_ACCESS,IN_ISDIR
2026-09-04T07:38:29.364945Z;/home/runner/work/gson/gson/.git/info;;IN_ACCESS,IN_ISDIR
2026-09-04T07:38:29.365360Z;/home/runner/work/gson/gson/.git;logs;IN_ACCESS,IN_ISDIR
2026-09-04T07:38:29.365745Z;/home/runner/work/gson/gson/.git/logs;;IN_ACCESS,IN_ISDIR
2026-09-04T07:38:29.366276Z;/home/runner/work/gson/gson/.git;logs;IN_ACCESS,IN_ISDIR
2026-09-04T07:38:29.366739Z;/home/runner/work/gson/gson/.git/logs;;IN_ACCESS,IN_ISDIR
2026-09-04T07:38:29.373527Z;/home/runner/work/gson/gson/.git/logs;refs;IN_ACCESS,IN_ISDIR
2026-09-04T07:38:29.374161Z;/home/runner/work/gson/gson/.git/logs/refs;;IN_ACCESS,IN_ISDIR
2026-09-04T07:38:29.374761Z;/home/runner/work/gson/gson/.git/logs;refs;IN_ACCESS,IN_ISDIR
2026-09-04T07:38:29.375319Z;/home/runner/work/gson/gson/.git/logs/refs;;IN_ACCESS,IN_ISDIR
2026-09-04T07:38:29.375893Z;/home/runner/work/gson/gson/.git/logs/refs;heads;IN_ACCESS,IN_ISDIR
2026-09-04T07:38:29.376613Z;/home/runner/work/gson/gson/.git/logs/refs/heads;;IN_ACCESS,IN_ISDIR
2026-09-04T07:38:29.377114Z;/home/runner/work/gson/gson/.git/logs/refs;heads;IN_ACCESS,IN_ISDIR
2026-09-04T07:38:29.377651Z;/home/runner/work/gson/gson/.git/logs/refs/heads;;IN_ACCESS,IN_ISDIR
2026-09-04T07:38:29.378128Z;/home/runner/work/gson/gson/.git/logs/refs;remotes;IN_ACCESS,IN_ISDIR
2026-09-04T07:38:29.378631Z;/home/runner/work/gson/gson/.git/logs/refs/remotes;;IN_ACCESS,IN_ISDIR
2026-09-04T07:38:29.379192Z;/home/runner/work/gson/gson/.git/logs/refs;remotes;IN_ACCESS,IN_ISDIR
2026-09-04T07:38:29.379739Z;/home/runner/work/gson/gson/.git/logs/refs/remotes;;IN_ACCESS,IN_ISDIR
2026-09-04T07:38:29.380359Z;/home/runner/work/gson/gson/.git/logs/refs/remotes;origin;IN_ACCESS,IN_ISDIR
2026-09-04T07:38:29.380861Z;/home/runner/work/gson/gson/.git/logs/refs/remotes/origin;;IN_ACCESS,IN_ISDIR
2026-09-04T07:38:29.381348Z;/home/runner/work/gson/gson/.git/logs/refs/remotes;origin;IN_ACCESS,IN_ISDIR
2026-09-04T07:38:29.381804Z;/home/runner/work/gson/gson/.git/logs/refs/remotes/origin;;IN_ACCESS,IN_ISDIR
2026-09-04T07:38:29.382520Z;/home/runner/work/gson/gson/.git;objects;IN_ACCESS,IN_ISDIR
2026-09-04T07:38:29.383110Z;/home/runner/work/gson/gson/.git/objects;;IN_ACCESS,IN_ISDIR
2026-09-04T07:38:29.383575Z;/home/runner/work/gson/gson/.git;objects;IN_ACCESS,IN_ISDIR
2026-09-04T07:38:29.384015Z;/home/runner/work/gson/gson/.git/objects;;IN_ACCESS,IN_ISDIR
2026-09-04T07:38:29.384469Z;/home/runner/work/gson/gson/.git/objects;info;IN_ACCESS,IN_ISDIR
2026-09-04T07:38:29.384964Z;/home/runner/work/gson/gson/.git/objects/info;;IN_ACCESS,IN_ISDIR
2026-09-04T07:38:29.385459Z;/home/runner/work/gson/gson/.git/objects;info;IN_ACCESS,IN_ISDIR
2026-09-04T07:38:29.385924Z;/home/runner/work/gson/gson/.git/objects/info;;IN_ACCESS,IN_ISDIR
2026-09-04T07:38:29.386395Z;/home/runner/work/gson/gson/.git/objects;pack;IN_ACCESS,IN_ISDIR
2026-09-04T07:38:29.386856Z;/home/runner/work/gson/gson/.git/objects/pack;;IN_ACCESS,IN_ISDIR
2026-09-04T07:38:29.387696Z;/home/runner/work/gson/gson/.git/objects;pack;IN_ACCESS,IN_ISDIR
2026-09-04T07:38:29.388166Z;/home/runner/work/gson/gson/.git/objects/pack;;IN_ACCESS,IN_ISDIR
2026-09-04T07:38:29.388620Z;/home/runner/work/gson/gson/.git;refs;IN_ACCESS,IN_ISDIR
2026-09-04T07:38:29.389166Z;/home/runner/work/gson/gson/.git/refs;;IN_ACCESS,IN_ISDIR
2026-09-04T07:38:29.389608Z;/home/runner/work/gson/gson/.git;refs;IN_ACCESS,IN_ISDIR
2026-09-04T07:38:29.390207Z;/home/runner/work/gson/gson/.git/refs;;IN_ACCESS,IN_ISDIR
2026-09-04T07:38:29.390627Z;/home/runner/work/gson/gson/.git/refs;heads;IN_ACCESS,IN_ISDIR
2026-09-04T07:38:29.391278Z;/home/runner/work/gson/gson/.git/refs/heads;;IN_ACCESS,IN_ISDIR
2026-09-04T07:38:29.391759Z;/home/runner/work/gson/gson/.git/refs;heads;IN_ACCESS,IN_ISDIR
2026-09-04T07:38:29.392225Z;/home/runner/work/gson/gson/.git/refs/heads;;IN_ACCESS,IN_ISDIR
2026-09-04T07:38:29.392785Z;/home/runner/work/gson/gson/.git/refs;remotes;IN_ACCESS,IN_ISDIR
2026-09-04T07:38:29.393237Z;/home/runner/work/gson/gson/.git/refs/remotes;;IN_ACCESS,IN_ISDIR
2026-09-04T07:38:29.393863Z;/home/runner/work/gson/gson/.git/refs;remotes;IN_ACCESS,IN_ISDIR
2026-09-04T07:38:29.394225Z;/home/runner/work/gson/gson/.git/refs/remotes;;IN_ACCESS,IN_ISDIR
2026-09-04T07:38:29.394589Z;/home/runner/work/gson/gson/.git/refs/remotes;origin;IN_ACCESS,IN_ISDIR
2026-09-04T07:38:29.395139Z;/home/runner/work/gson/gson/.git/refs/remotes/origin;;IN_ACCESS,IN_ISDIR
2026-09-04T07:38:29.395644Z;/home/runner/work/gson/gson/.git/refs/remotes;origin;IN_ACCESS,IN_ISDIR
2026-09-04T07:38:29.396201Z;/home/runner/work/gson/gson/.git/refs/remotes/origin;;IN_ACCESS,IN_ISDIR
2026-09-04T07:38:29.396640Z;/home/runner/work/gson/gson/.git/refs;tags;IN_ACCESS,IN_ISDIR
2026-09-04T07:38:29.397053Z;/home/runner/work/gson/gson/.git/refs/tags;;IN_ACCESS,IN_ISDIR
2026-09-04T07:38:29.397512Z;/home/runner/work/gson/gson/.git/refs;tags;IN_ACCESS,IN_ISDIR
2026-09-04T07:38:29.398145Z;/home/runner/work/gson/gson/.git/refs/tags;;IN_ACCESS,IN_ISDIR
2026-09-04T07:38:29.399001Z;/home/runner/work/gson/gson;.github;IN_ACCESS,IN_ISDIR
2026-09-04T07:38:29.399451Z;/home/runner/work/gson/gson/.github;;IN_ACCESS,IN_ISDIR
2026-09-04T07:38:29.399998Z;/home/runner/work/gson/gson;.github;IN_ACCESS,IN_ISDIR
2026-09-04T07:38:29.400502Z;/home/runner/work/gson/gson/.github;;IN_ACCESS,IN_ISDIR
2026-09-04T07:38:29.400993Z;/home/runner/work/gson/gson/.github;ISSUE_TEMPLATE;IN_ACCESS,IN_ISDIR
2026-09-04T07:38:29.401421Z;/home/runner/work/gson/gson/.github/ISSUE_TEMPLATE;;IN_ACCESS,IN_ISDIR
2026-09-04T07:38:29.401936Z;/home/runner/work/gson/gson/.github;ISSUE_TEMPLATE;IN_ACCESS,IN_ISDIR
2026-09-04T07:38:29.402428Z;/home/runner/work/gson/gson/.github/ISSUE_TEMPLATE;;IN_ACCESS,IN_ISDIR
2026-09-04T07:38:29.402894Z;/home/runner/work/gson/gson/.github;workflows;IN_ACCESS,IN_ISDIR
2026-09-04T07:38:29.403385Z;/home/runner/work/gson/gson/.github/workflows;;IN_ACCESS,IN_ISDIR
2026-09-04T07:38:29.403873Z;/home/runner/work/gson/gson/.github;workflows;IN_ACCESS,IN_ISDIR
2026-09-04T07:38:29.404309Z;/home/runner/work/gson/gson/.github/workflows;;IN_ACCESS,IN_ISDIR
2026-09-04T07:38:29.404756Z;/home/runner/work/gson/gson;.mvn;IN_ACCESS,IN_ISDIR
2026-09-04T07:38:29.405160Z;/home/runner/work/gson/gson/.mvn;;IN_ACCESS,IN_ISDIR
2026-09-04T07:38:29.405691Z;/home/runner/work/gson/gson;.mvn;IN_ACCESS,IN_ISDIR
2026-09-04T07:38:29.406178Z;/home/runner/work/gson/gson/.mvn;;IN_ACCESS,IN_ISDIR
2026-09-04T07:38:29.406660Z;/home/runner/work/gson/gson;extras;IN_ACCESS,IN_ISDIR
2026-09-04T07:38:29.407115Z;/home/runner/work/gson/gson/extras;;IN_ACCESS,IN_ISDIR
2026-09-04T07:38:29.407625Z;/home/runner/work/gson/gson;extras;IN_ACCESS,IN_ISDIR
2026-09-04T07:38:29.408151Z;/home/runner/work/gson/gson/extras;;IN_ACCESS,IN_ISDIR
2026-09-04T07:38:29.408600Z;/home/runner/work/gson/gson/extras;pom.xml;IN_ACCESS
2026-09-04T07:38:29.409023Z;/home/runner/work/gson/gson/extras;src;IN_ACCESS,IN_ISDIR
2026-09-04T07:38:29.409438Z;/home/runner/work/gson/gson/extras/src;;IN_ACCESS,IN_ISDIR
2026-09-04T07:38:29.409830Z;/home/runner/work/gson/gson/extras;src;IN_ACCESS,IN_ISDIR
2026-09-04T07:38:29.410255Z;/home/runner/work/gson/gson/extras/src;;IN_ACCESS,IN_ISDIR
2026-09-04T07:38:29.410755Z;/home/runner/work/gson/gson/extras/src;main;IN_ACCESS,IN_ISDIR
2026-09-04T07:38:29.411157Z;/home/runner/work/gson/gson/extras/src/main;;IN_ACCESS,IN_ISDIR
2026-09-04T07:38:29.411657Z;/home/runner/work/gson/gson/extras/src;main;IN_ACCESS,IN_ISDIR
2026-09-04T07:38:29.412046Z;/home/runner/work/gson/gson/extras/src/main;;IN_ACCESS,IN_ISDIR
2026-09-04T07:38:29.412603Z;/home/runner/work/gson/gson/extras/src/main;java;IN_ACCESS,IN_ISDIR
2026-09-04T07:38:29.413240Z;/home/runner/work/gson/gson/extras/src/main/java;;IN_ACCESS,IN_ISDIR
2026-09-04T07:38:29.413935Z;/home/runner/work/gson/gson/extras/src/main;java;IN_ACCESS,IN_ISDIR
2026-09-04T07:38:29.415497Z;/home/runner/work/gson/gson/extras/src/main/java;;IN_ACCESS,IN_ISDIR
2026-09-04T07:38:29.416239Z;/home/runner/work/gson/gson/extras/src/main/java;com;IN_ACCESS,IN_ISDIR
2026-09-04T07:38:29.416838Z;/home/runner/work/gson/gson/extras/src/main/java/com;;IN_ACCESS,IN_ISDIR
2026-09-04T07:38:29.417250Z;/home/runner/work/gson/gson/extras/src/main/java;com;IN_ACCESS,IN_ISDIR
2026-09-04T07:38:29.417822Z;/home/runner/work/gson/gson/extras/src/main/java/com;;IN_ACCESS,IN_ISDIR
2026-09-04T07:38:29.418258Z;/home/runner/work/gson/gson/extras/src/main/java/com;google;IN_ACCESS,IN_ISDIR
2026-09-04T07:38:29.418888Z;/home/runner/work/gson/gson/extras/src/main/java/com/google;;IN_ACCESS,IN_ISDIR
2026-09-04T07:38:29.419350Z;/home/runner/work/gson/gson/extras/src/main/java/com;google;IN_ACCESS,IN_ISDIR
2026-09-04T07:38:29.420524Z;/home/runner/work/gson/gson/extras/src/main/java/com/google;;IN_ACCESS,IN_ISDIR
2026-09-04T07:38:29.421281Z;/home/runner/work/gson/gson/extras/src/main/java/com/google;gson;IN_ACCESS,IN_ISDIR
2026-09-04T07:38:29.421733Z;/home/runner/work/gson/gson/extras/src/main/java/com/google/gson;;IN_ACCESS,IN_ISDIR
2026-09-04T07:38:29.422207Z;/home/runner/work/gson/gson/extras/src/main/java/com/google;gson;IN_ACCESS,IN_ISDIR
2026-09-04T07:38:29.422755Z;/home/runner/work/gson/gson/extras/src/main/java/com/google/gson;;IN_ACCESS,IN_ISDIR
2026-09-04T07:38:29.423210Z;/home/runner/work/gson/gson/extras/src/main/java/com/google/gson;extras;IN_ACCESS,IN_ISDIR
2026-09-04T07:38:29.423634Z;/home/runner/work/gson/gson/extras/src/main/java/com/google/gson/extras;;IN_ACCESS,IN_ISDIR
2026-09-04T07:38:29.424107Z;/home/runner/work/gson/gson/extras/src/main/java/com/google/gson;extras;IN_ACCESS,IN_ISDIR
2026-09-04T07:38:29.424626Z;/home/runner/work/gson/gson/extras/src/main/java/com/google/gson/extras;;IN_ACCESS,IN_ISDIR
2026-09-04T07:38:29.425187Z;/home/runner/work/gson/gson/extras/src/main/java/com/google/gson/extras;examples;IN_ACCESS,IN_ISDIR
2026-09-04T07:38:29.425604Z;/home/runner/work/gson/gson/extras/src/main/java/com/google/gson/extras/examples;;IN_ACCESS,IN_ISDIR
2026-09-04T07:38:29.426043Z;/home/runner/work/gson/gson/extras/src/main/java/com/google/gson/extras;examples;IN_ACCESS,IN_ISDIR
2026-09-04T07:38:29.426496Z;/home/runner/work/gson/gson/extras/src/main/java/com/google/gson/extras/examples;;IN_ACCESS,IN_ISDIR
2026-09-04T07:38:29.426911Z;/home/runner/work/gson/gson/extras/src/main/java/com/google/gson/extras/examples;rawcollections;IN_ACCESS,IN_ISDIR
2026-09-04T07:38:29.427374Z;/home/runner/work/gson/gson/extras/src/main/java/com/google/gson/extras/examples/rawcollections;;IN_ACCESS,IN_ISDIR
2026-09-04T07:38:29.427790Z;/home/runner/work/gson/gson/extras/src/main/java/com/google/gson/extras/examples;rawcollections;IN_ACCESS,IN_ISDIR
2026-09-04T07:38:29.428280Z;/home/runner/work/gson/gson/extras/src/main/java/com/google/gson/extras/examples/rawcollections;;IN_ACCESS,IN_ISDIR
2026-09-04T07:38:29.428712Z;/home/runner/work/gson/gson/extras/src/main/java/com/google/gson;interceptors;IN_ACCESS,IN_ISDIR
2026-09-04T07:38:29.429456Z;/home/runner/work/gson/gson/extras/src/main/java/com/google/gson/interceptors;;IN_ACCESS,IN_ISDIR
2026-09-04T07:38:29.429965Z;/home/runner/work/gson/gson/extras/src/main/java/com/google/gson;interceptors;IN_ACCESS,IN_ISDIR
2026-09-04T07:38:29.430360Z;/home/runner/work/gson/gson/extras/src/main/java/com/google/gson/interceptors;;IN_ACCESS,IN_ISDIR
2026-09-04T07:38:29.430811Z;/home/runner/work/gson/gson/extras/src/main/java/com/google/gson;typeadapters;IN_ACCESS,IN_ISDIR
2026-09-04T07:38:29.431258Z;/home/runner/work/gson/gson/extras/src/main/java/com/google/gson/typeadapters;;IN_ACCESS,IN_ISDIR
2026-09-04T07:38:29.431723Z;/home/runner/work/gson/gson/extras/src/main/java/com/google/gson;typeadapters;IN_ACCESS,IN_ISDIR
2026-09-04T07:38:29.432305Z;/home/runner/work/gson/gson/extras/src/main/java/com/google/gson/typeadapters;;IN_ACCESS,IN_ISDIR
2026-09-04T07:38:29.433067Z;/home/runner/work/gson/gson/extras/src;test;IN_ACCESS,IN_ISDIR
2026-09-04T07:38:29.433490Z;/home/runner/work/gson/gson/extras/src/test;;IN_ACCESS,IN_ISDIR
2026-09-04T07:38:29.434024Z;/home/runner/work/gson/gson/extras/src;test;IN_ACCESS,IN_ISDIR
2026-09-04T07:38:29.434502Z;/home/runner/work/gson/gson/extras/src/test;;IN_ACCESS,IN_ISDIR
2026-09-04T07:38:29.434994Z;/home/runner/work/gson/gson/extras/src/test;java;IN_ACCESS,IN_ISDIR
2026-09-04T07:38:29.435462Z;/home/runner/work/gson/gson/extras/src/test/java;;IN_ACCESS,IN_ISDIR
2026-09-04T07:38:29.435909Z;/home/runner/work/gson/gson/extras/src/test;java;IN_ACCESS,IN_ISDIR
2026-09-04T07:38:29.436361Z;/home/runner/work/gson/gson/extras/src/test/java;;IN_ACCESS,IN_ISDIR
2026-09-04T07:38:29.436801Z;/home/runner/work/gson/gson/extras/src/test/java;com;IN_ACCESS,IN_ISDIR
2026-09-04T07:38:29.437262Z;/home/runner/work/gson/gson/extras/src/test/java/com;;IN_ACCESS,IN_ISDIR
2026-09-04T07:38:29.437678Z;/home/runner/work/gson/gson/extras/src/test/java;com;IN_ACCESS,IN_ISDIR
2026-09-04T07:38:29.438115Z;/home/runner/work/gson/gson/extras/src/test/java/com;;IN_ACCESS,IN_ISDIR
2026-09-04T07:38:29.438537Z;/home/runner/work/gson/gson/extras/src/test/java/com;google;IN_ACCESS,IN_ISDIR
2026-09-04T07:38:29.438941Z;/home/runner/work/gson/gson/extras/src/test/java/com/google;;IN_ACCESS,IN_ISDIR
2026-09-04T07:38:29.439428Z;/home/runner/work/gson/gson/extras/src/test/java/com;google;IN_ACCESS,IN_ISDIR
2026-09-04T07:38:29.440030Z;/home/runner/work/gson/gson/extras/src/test/java/com/google;;IN_ACCESS,IN_ISDIR
2026-09-04T07:38:29.440455Z;/home/runner/work/gson/gson/extras/src/test/java/com/google;gson;IN_ACCESS,IN_ISDIR
2026-09-04T07:38:29.440916Z;/home/runner/work/gson/gson/extras/src/test/java/com/google/gson;;IN_ACCESS,IN_ISDIR
2026-09-04T07:38:29.441388Z;/home/runner/work/gson/gson/extras/src/test/java/com/google;gson;IN_ACCESS,IN_ISDIR
2026-09-04T07:38:29.441841Z;/home/runner/work/gson/gson/extras/src/test/java/com/google/gson;;IN_ACCESS,IN_ISDIR
2026-09-04T07:38:29.442202Z;/home/runner/work/gson/gson/extras/src/test/java/com/google/gson;interceptors;IN_ACCESS,IN_ISDIR
2026-09-04T07:38:29.442648Z;/home/runner/work/gson/gson/extras/src/test/java/com/google/gson/interceptors;;IN_ACCESS,IN_ISDIR
2026-09-04T07:38:29.443077Z;/home/runner/work/gson/gson/extras/src/test/java/com/google/gson;interceptors;IN_ACCESS,IN_ISDIR
2026-09-04T07:38:29.443466Z;/home/runner/work/gson/gson/extras/src/test/java/com/google/gson/interceptors;;IN_ACCESS,IN_ISDIR
2026-09-04T07:38:29.443974Z;/home/runner/work/gson/gson/extras/src/test/java/com/google/gson;typeadapters;IN_ACCESS,IN_ISDIR
2026-09-04T07:38:29.444603Z;/home/runner/work/gson/gson/extras/src/test/java/com/google/gson/typeadapters;;IN_ACCESS,IN_ISDIR
2026-09-04T07:38:29.445202Z;/home/runner/work/gson/gson/extras/src/test/java/com/google/gson;typeadapters;IN_ACCESS,IN_ISDIR
2026-09-04T07:38:29.445782Z;/home/runner/work/gson/gson/extras/src/test/java/com/google/gson/typeadapters;;IN_ACCESS,IN_ISDIR
2026-09-04T07:38:29.446629Z;/home/runner/work/gson/gson;gson;IN_ACCESS,IN_ISDIR
2026-09-04T07:38:29.447209Z;/home/runner/work/gson/gson/gson;;IN_ACCESS,IN_ISDIR
2026-09-04T07:38:29.447631Z;/home/runner/work/gson/gson;gson;IN_ACCESS,IN_ISDIR
2026-09-04T07:38:29.448062Z;/home/runner/work/gson/gson/gson;;IN_ACCESS,IN_ISDIR
2026-09-04T07:38:29.448478Z;/home/runner/work/gson/gson/gson;pom.xml;IN_ACCESS
2026-09-04T07:38:29.448885Z;/home/runner/work/gson/gson/gson;src;IN_ACCESS,IN_ISDIR
2026-09-04T07:38:29.449397Z;/home/runner/work/gson/gson/gson/src;;IN_ACCESS,IN_ISDIR
2026-09-04T07:38:29.449876Z;/home/runner/work/gson/gson/gson;src;IN_ACCESS,IN_ISDIR
2026-09-04T07:38:29.450308Z;/home/runner/work/gson/gson/gson/src;;IN_ACCESS,IN_ISDIR
2026-09-04T07:38:29.450710Z;/home/runner/work/gson/gson/gson/src;main;IN_ACCESS,IN_ISDIR
2026-09-04T07:38:29.451239Z;/home/runner/work/gson/gson/gson/src/main;;IN_ACCESS,IN_ISDIR
2026-09-04T07:38:29.451701Z;/home/runner/work/gson/gson/gson/src;main;IN_ACCESS,IN_ISDIR
2026-09-04T07:38:29.452498Z;/home/runner/work/gson/gson/gson/src/main;;IN_ACCESS,IN_ISDIR
2026-09-04T07:38:29.452895Z;/home/runner/work/gson/gson/gson/src/main;java;IN_ACCESS,IN_ISDIR
2026-09-04T07:38:29.453341Z;/home/runner/work/gson/gson/gson/src/main/java;;IN_ACCESS,IN_ISDIR
2026-09-04T07:38:29.453820Z;/home/runner/work/gson/gson/gson/src/main;java;IN_ACCESS,IN_ISDIR
2026-09-04T07:38:29.454333Z;/home/runner/work/gson/gson/gson/src/main/java;;IN_ACCESS,IN_ISDIR
2026-09-04T07:38:29.454856Z;/home/runner/work/gson/gson/gson/src/main/java;com;IN_ACCESS,IN_ISDIR
2026-09-04T07:38:29.455259Z;/home/runner/work/gson/gson/gson/src/main/java/com;;IN_ACCESS,IN_ISDIR
2026-09-04T07:38:29.455742Z;/home/runner/work/gson/gson/gson/src/main/java;com;IN_ACCESS,IN_ISDIR
2026-09-04T07:38:29.456140Z;/home/runner/work/gson/gson/gson/src/main/java/com;;IN_ACCESS,IN_ISDIR
2026-09-04T07:38:29.456690Z;/home/runner/work/gson/gson/gson/src/main/java/com;google;IN_ACCESS,IN_ISDIR
2026-09-04T07:38:29.457122Z;/home/runner/work/gson/gson/gson/src/main/java/com/google;;IN_ACCESS,IN_ISDIR
2026-09-04T07:38:29.457561Z;/home/runner/work/gson/gson/gson/src/main/java/com;google;IN_ACCESS,IN_ISDIR
2026-09-04T07:38:29.457990Z;/home/runner/work/gson/gson/gson/src/main/java/com/google;;IN_ACCESS,IN_ISDIR
2026-09-04T07:38:29.458485Z;/home/runner/work/gson/gson/gson/src/main/java/com/google;gson;IN_ACCESS,IN_ISDIR
2026-09-04T07:38:29.459239Z;/home/runner/work/gson/gson/gson/src/main/java/com/google/gson;;IN_ACCESS,IN_ISDIR
2026-09-04T07:38:29.460280Z;/home/runner/work/gson/gson/gson/src/main/java/com/google;gson;IN_ACCESS,IN_ISDIR
2026-09-04T07:38:29.461054Z;/home/runner/work/gson/gson/gson/src/main/java/com/google/gson;;IN_ACCESS,IN_ISDIR
2026-09-04T07:38:29.461622Z;/home/runner/work/gson/gson/gson/src/main/java/com/google/gson;annotations;IN_ACCESS,IN_ISDIR
2026-09-04T07:38:29.462193Z;/home/runner/work/gson/gson/gson/src/main/java/com/google/gson/annotations;;IN_ACCESS,IN_ISDIR
2026-09-04T07:38:29.462842Z;/home/runner/work/gson/gson/gson/src/main/java/com/google/gson;annotations;IN_ACCESS,IN_ISDIR
2026-09-04T07:38:29.463308Z;/home/runner/work/gson/gson/gson/src/main/java/com/google/gson/annotations;;IN_ACCESS,IN_ISDIR
2026-09-04T07:38:29.463781Z;/home/runner/work/gson/gson/gson/src/main/java/com/google/gson;internal;IN_ACCESS,IN_ISDIR
2026-09-04T07:38:29.464511Z;/home/runner/work/gson/gson/gson/src/main/java/com/google/gson/internal;;IN_ACCESS,IN_ISDIR
2026-09-04T07:38:29.465019Z;/home/runner/work/gson/gson/gson/src/main/java/com/google/gson;internal;IN_ACCESS,IN_ISDIR
2026-09-04T07:38:29.465487Z;/home/runner/work/gson/gson/gson/src/main/java/com/google/gson/internal;;IN_ACCESS,IN_ISDIR
2026-09-04T07:38:29.465982Z;/home/runner/work/gson/gson/gson/src/main/java/com/google/gson/internal;bind;IN_ACCESS,IN_ISDIR
2026-09-04T07:38:29.466380Z;/home/runner/work/gson/gson/gson/src/main/java/com/google/gson/internal/bind;;IN_ACCESS,IN_ISDIR
2026-09-04T07:38:29.466800Z;/home/runner/work/gson/gson/gson/src/main/java/com/google/gson/internal;bind;IN_ACCESS,IN_ISDIR
2026-09-04T07:38:29.467329Z;/home/runner/work/gson/gson/gson/src/main/java/com/google/gson/internal/bind;;IN_ACCESS,IN_ISDIR
2026-09-04T07:38:29.467781Z;/home/runner/work/gson/gson/gson/src/main/java/com/google/gson/internal/bind;util;IN_ACCESS,IN_ISDIR
2026-09-04T07:38:29.468366Z;/home/runner/work/gson/gson/gson/src/main/java/com/google/gson/internal/bind/util;;IN_ACCESS,IN_ISDIR
2026-09-04T07:38:29.468797Z;/home/runner/work/gson/gson/gson/src/main/java/com/google/gson/internal/bind;util;IN_ACCESS,IN_ISDIR
2026-09-04T07:38:29.469312Z;/home/runner/work/gson/gson/gson/src/main/java/com/google/gson/internal/bind/util;;IN_ACCESS,IN_ISDIR
2026-09-04T07:38:29.469821Z;/home/runner/work/gson/gson/gson/src/main/java/com/google/gson/internal;reflect;IN_ACCESS,IN_ISDIR
2026-09-04T07:38:29.470285Z;/home/runner/work/gson/gson/gson/src/main/java/com/google/gson/internal/reflect;;IN_ACCESS,IN_ISDIR
2026-09-04T07:38:29.471140Z;/home/runner/work/gson/gson/gson/src/main/java/com/google/gson/internal;reflect;IN_ACCESS,IN_ISDIR
2026-09-04T07:38:29.471745Z;/home/runner/work/gson/gson/gson/src/main/java/com/google/gson/internal/reflect;;IN_ACCESS,IN_ISDIR
2026-09-04T07:38:29.472253Z;/home/runner/work/gson/gson/gson/src/main/java/com/google/gson/internal;sql;IN_ACCESS,IN_ISDIR
2026-09-04T07:38:29.472781Z;/home/runner/work/gson/gson/gson/src/main/java/com/google/gson/internal/sql;;IN_ACCESS,IN_ISDIR
2026-09-04T07:38:29.473358Z;/home/runner/work/gson/gson/gson/src/main/java/com/google/gson/internal;sql;IN_ACCESS,IN_ISDIR
2026-09-04T07:38:29.473749Z;/home/runner/work/gson/gson/gson/src/main/java/com/google/gson/internal/sql;;IN_ACCESS,IN_ISDIR
2026-09-04T07:38:29.474137Z;/home/runner/work/gson/gson/gson/src/main/java/com/google/gson;reflect;IN_ACCESS,IN_ISDIR
2026-09-04T07:38:29.474541Z;/home/runner/work/gson/gson/gson/src/main/java/com/google/gson/reflect;;IN_ACCESS,IN_ISDIR
2026-09-04T07:38:29.474929Z;/home/runner/work/gson/gson/gson/src/main/java/com/google/gson;reflect;IN_ACCESS,IN_ISDIR
2026-09-04T07:38:29.477737Z;/home/runner/work/gson/gson/gson/src/main/java/com/google/gson/reflect;;IN_ACCESS,IN_ISDIR
2026-09-04T07:38:29.478379Z;/home/runner/work/gson/gson/gson/src/main/java/com/google/gson;stream;IN_ACCESS,IN_ISDIR
2026-09-04T07:38:29.478865Z;/home/runner/work/gson/gson/gson/src/main/java/com/google/gson/stream;;IN_ACCESS,IN_ISDIR
2026-09-04T07:38:29.479281Z;/home/runner/work/gson/gson/gson/src/main/java/com/google/gson;stream;IN_ACCESS,IN_ISDIR
2026-09-04T07:38:29.479706Z;/home/runner/work/gson/gson/gson/src/main/java/com/google/gson/stream;;IN_ACCESS,IN_ISDIR
2026-09-04T07:38:29.482608Z;/home/runner/work/gson/gson/gson/src/main;java-templates;IN_ACCESS,IN_ISDIR
2026-09-04T07:38:29.483053Z;/home/runner/work/gson/gson/gson/src/main/java-templates;;IN_ACCESS,IN_ISDIR
2026-09-04T07:38:29.483443Z;/home/runner/work/gson/gson/gson/src/main;java-templates;IN_ACCESS,IN_ISDIR
2026-09-04T07:38:29.483882Z;/home/runner/work/gson/gson/gson/src/main/java-templates;;IN_ACCESS,IN_ISDIR
2026-09-04T07:38:29.484323Z;/home/runner/work/gson/gson/gson/src/main/java-templates;com;IN_ACCESS,IN_ISDIR
2026-09-04T07:38:29.484739Z;/home/runner/work/gson/gson/gson/src/main/java-templates/com;;IN_ACCESS,IN_ISDIR
2026-09-04T07:38:29.485305Z;/home/runner/work/gson/gson/gson/src/main/java-templates;com;IN_ACCESS,IN_ISDIR
2026-09-04T07:38:29.485739Z;/home/runner/work/gson/gson/gson/src/main/java-templates/com;;IN_ACCESS,IN_ISDIR
2026-09-04T07:38:29.486353Z;/home/runner/work/gson/gson/gson/src/main/java-templates/com;google;IN_ACCESS,IN_ISDIR
2026-09-04T07:38:29.486764Z;/home/runner/work/gson/gson/gson/src/main/java-templates/com/google;;IN_ACCESS,IN_ISDIR
2026-09-04T07:38:29.487163Z;/home/runner/work/gson/gson/gson/src/main/java-templates/com;google;IN_ACCESS,IN_ISDIR
2026-09-04T07:38:29.487648Z;/home/runner/work/gson/gson/gson/src/main/java-templates/com/google;;IN_ACCESS,IN_ISDIR
2026-09-04T07:38:29.488024Z;/home/runner/work/gson/gson/gson/src/main/java-templates/com/google;gson;IN_ACCESS,IN_ISDIR
2026-09-04T07:38:29.488453Z;/home/runner/work/gson/gson/gson/src/main/java-templates/com/google/gson;;IN_ACCESS,IN_ISDIR
2026-09-04T07:38:29.488883Z;/home/runner/work/gson/gson/gson/src/main/java-templates/com/google;gson;IN_ACCESS,IN_ISDIR
2026-09-04T07:38:29.489254Z;/home/runner/work/gson/gson/gson/src/main/java-templates/com/google/gson;;IN_ACCESS,IN_ISDIR
2026-09-04T07:38:29.489773Z;/home/runner/work/gson/gson/gson/src/main/java-templates/com/google/gson;internal;IN_ACCESS,IN_ISDIR
2026-09-04T07:38:29.490135Z;/home/runner/work/gson/gson/gson/src/main/java-templates/com/google/gson/internal;;IN_ACCESS,IN_ISDIR
2026-09-04T07:38:29.490487Z;/home/runner/work/gson/gson/gson/src/main/java-templates/com/google/gson;internal;IN_ACCESS,IN_ISDIR
2026-09-04T07:38:29.490837Z;/home/runner/work/gson/gson/gson/src/main/java-templates/com/google/gson/internal;;IN_ACCESS,IN_ISDIR
2026-09-04T07:38:29.491236Z;/home/runner/work/gson/gson/gson/src/main;resources;IN_ACCESS,IN_ISDIR
2026-09-04T07:38:29.491724Z;/home/runner/work/gson/gson/gson/src/main/resources;;IN_ACCESS,IN_ISDIR
2026-09-04T07:38:29.492402Z;/home/runner/work/gson/gson/gson/src/main;resources;IN_ACCESS,IN_ISDIR
2026-09-04T07:38:29.492841Z;/home/runner/work/gson/gson/gson/src/main/resources;;IN_ACCESS,IN_ISDIR
2026-09-04T07:38:29.493293Z;/home/runner/work/gson/gson/gson/src/main/resources;META-INF;IN_ACCESS,IN_ISDIR
2026-09-04T07:38:29.493729Z;/home/runner/work/gson/gson/gson/src/main/resources/META-INF;;IN_ACCESS,IN_ISDIR
2026-09-04T07:38:29.494214Z;/home/runner/work/gson/gson/gson/src/main/resources;META-INF;IN_ACCESS,IN_ISDIR
2026-09-04T07:38:29.494645Z;/home/runner/work/gson/gson/gson/src/main/resources/META-INF;;IN_ACCESS,IN_ISDIR
2026-09-04T07:38:29.495113Z;/home/runner/work/gson/gson/gson/src/main/resources/META-INF;proguard;IN_ACCESS,IN_ISDIR
2026-09-04T07:38:29.495589Z;/home/runner/work/gson/gson/gson/src/main/resources/META-INF/proguard;;IN_ACCESS,IN_ISDIR
2026-09-04T07:38:29.496010Z;/home/runner/work/gson/gson/gson/src/main/resources/META-INF;proguard;IN_ACCESS,IN_ISDIR
2026-09-04T07:38:29.496520Z;/home/runner/work/gson/gson/gson/src/main/resources/META-INF/proguard;;IN_ACCESS,IN_ISDIR
2026-09-04T07:38:29.496990Z;/home/runner/work/gson/gson/gson/src;test;IN_ACCESS,IN_ISDIR
2026-09-04T07:38:29.497371Z;/home/runner/work/gson/gson/gson/src/test;;IN_ACCESS,IN_ISDIR
2026-09-04T07:38:29.497722Z;/home/runner/work/gson/gson/gson/src;test;IN_ACCESS,IN_ISDIR
2026-09-04T07:38:29.498179Z;/home/runner/work/gson/gson/gson/src/test;;IN_ACCESS,IN_ISDIR
2026-09-04T07:38:29.498532Z;/home/runner/work/gson/gson/gson/src/test;java;IN_ACCESS,IN_ISDIR
2026-09-04T07:38:29.498976Z;/home/runner/work/gson/gson/gson/src/test/java;;IN_ACCESS,IN_ISDIR
2026-09-04T07:38:29.499310Z;/home/runner/work/gson/gson/gson/src/test;java;IN_ACCESS,IN_ISDIR
2026-09-04T07:38:29.499632Z;/home/runner/work/gson/gson/gson/src/test/java;;IN_ACCESS,IN_ISDIR
2026-09-04T07:38:29.499953Z;/home/runner/work/gson/gson/gson/src/test/java;com;IN_ACCESS,IN_ISDIR
2026-09-04T07:38:29.500275Z;/home/runner/work/gson/gson/gson/src/test/java/com;;IN_ACCESS,IN_ISDIR
2026-09-04T07:38:29.500735Z;/home/runner/work/gson/gson/gson/src/test/java;com;IN_ACCESS,IN_ISDIR
2026-09-04T07:38:29.501102Z;/home/runner/work/gson/gson/gson/src/test/java/com;;IN_ACCESS,IN_ISDIR
2026-09-04T07:38:29.501428Z;/home/runner/work/gson/gson/gson/src/test/java/com;google;IN_ACCESS,IN_ISDIR
2026-09-04T07:38:29.501762Z;/home/runner/work/gson/gson/gson/src/test/java/com/google;;IN_ACCESS,IN_ISDIR
2026-09-04T07:38:29.502083Z;/home/runner/work/gson/gson/gson/src/test/java/com;google;IN_ACCESS,IN_ISDIR
2026-09-04T07:38:29.502466Z;/home/runner/work/gson/gson/gson/src/test/java/com/google;;IN_ACCESS,IN_ISDIR
2026-09-04T07:38:29.502812Z;/home/runner/work/gson/gson/gson/src/test/java/com/google;gson;IN_ACCESS,IN_ISDIR
2026-09-04T07:38:29.503130Z;/home/runner/work/gson/gson/gson/src/test/java/com/google/gson;;IN_ACCESS,IN_ISDIR
2026-09-04T07:38:29.503461Z;/home/runner/work/gson/gson/gson/src/test/java/com/google;gson;IN_ACCESS,IN_ISDIR
2026-09-04T07:38:29.503803Z;/home/runner/work/gson/gson/gson/src/test/java/com/google/gson;;IN_ACCESS,IN_ISDIR
2026-09-04T07:38:29.504134Z;/home/runner/work/gson/gson/gson/src/test/java/com/google/gson;common;IN_ACCESS,IN_ISDIR
2026-09-04T07:38:29.504614Z;/home/runner/work/gson/gson/gson/src/test/java/com/google/gson;functional;IN_ACCESS,IN_ISDIR
2026-09-04T07:38:29.504959Z;/home/runner/work/gson/gson/gson/src/test/java/com/google/gson;integration;IN_ACCESS,IN_ISDIR
2026-09-04T07:38:29.505320Z;/home/runner/work/gson/gson/gson/src/test/java/com/google/gson/integration;;IN_ACCESS,IN_ISDIR
2026-09-04T07:38:29.505670Z;/home/runner/work/gson/gson/gson/src/test/java/com/google/gson;integration;IN_ACCESS,IN_ISDIR
2026-09-04T07:38:29.506012Z;/home/runner/work/gson/gson/gson/src/test/java/com/google/gson/integration;;IN_ACCESS,IN_ISDIR
2026-09-04T07:38:29.506410Z;/home/runner/work/gson/gson/gson/src/test/java/com/google/gson;internal;IN_ACCESS,IN_ISDIR
2026-09-04T07:38:29.506761Z;/home/runner/work/gson/gson/gson/src/test/java/com/google/gson/internal;;IN_ACCESS,IN_ISDIR
2026-09-04T07:38:29.507956Z;/home/runner/work/gson/gson/gson/src/test/java/com/google/gson;internal;IN_ACCESS,IN_ISDIR
2026-09-04T07:38:29.508636Z;/home/runner/work/gson/gson/gson/src/test/java/com/google/gson/internal;;IN_ACCESS,IN_ISDIR
2026-09-04T07:38:29.509121Z;/home/runner/work/gson/gson/gson/src/test/java/com/google/gson/internal;bind;IN_ACCESS,IN_ISDIR
2026-09-04T07:38:29.509514Z;/home/runner/work/gson/gson/gson/src/test/java/com/google/gson/internal/bind;;IN_ACCESS,IN_ISDIR
2026-09-04T07:38:29.509959Z;/home/runner/work/gson/gson/gson/src/test/java/com/google/gson/internal;bind;IN_ACCESS,IN_ISDIR
2026-09-04T07:38:29.510382Z;/home/runner/work/gson/gson/gson/src/test/java/com/google/gson/internal/bind;;IN_ACCESS,IN_ISDIR
2026-09-04T07:38:29.510767Z;/home/runner/work/gson/gson/gson/src/test/java/com/google/gson/internal/bind;util;IN_ACCESS,IN_ISDIR
2026-09-04T07:38:29.511155Z;/home/runner/work/gson/gson/gson/src/test/java/com/google/gson/internal/bind/util;;IN_ACCESS,IN_ISDIR
2026-09-04T07:38:29.511638Z;/home/runner/work/gson/gson/gson/src/test/java/com/google/gson/internal/bind;util;IN_ACCESS,IN_ISDIR
2026-09-04T07:38:29.512106Z;/home/runner/work/gson/gson/gson/src/test/java/com/google/gson/internal/bind/util;;IN_ACCESS,IN_ISDIR
2026-09-04T07:38:29.512468Z;/home/runner/work/gson/gson/gson/src/test/java/com/google/gson/internal;reflect;IN_ACCESS,IN_ISDIR
2026-09-04T07:38:29.512824Z;/home/runner/work/gson/gson/gson/src/test/java/com/google/gson/internal/reflect;;IN_ACCESS,IN_ISDIR
2026-09-04T07:38:29.513174Z;/home/runner/work/gson/gson/gson/src/test/java/com/google/gson/internal;reflect;IN_ACCESS,IN_ISDIR
2026-09-04T07:38:29.513624Z;/home/runner/work/gson/gson/gson/src/test/java/com/google/gson/internal/reflect;;IN_ACCESS,IN_ISDIR
2026-09-04T07:38:29.513975Z;/home/runner/work/gson/gson/gson/src/test/java/com/google/gson/internal;sql;IN_ACCESS,IN_ISDIR
2026-09-04T07:38:29.514370Z;/home/runner/work/gson/gson/gson/src/test/java/com/google/gson/internal/sql;;IN_ACCESS,IN_ISDIR
2026-09-04T07:38:29.514773Z;/home/runner/work/gson/gson/gson/src/test/java/com/google/gson/internal;sql;IN_ACCESS,IN_ISDIR
2026-09-04T07:38:29.515166Z;/home/runner/work/gson/gson/gson/src/test/java/com/google/gson/internal/sql;;IN_ACCESS,IN_ISDIR
2026-09-04T07:38:29.515624Z;/home/runner/work/gson/gson/gson/src/test/java/com/google/gson;metrics;IN_ACCESS,IN_ISDIR
2026-09-04T07:38:29.516034Z;/home/runner/work/gson/gson/gson/src/test/java/com/google/gson/metrics;;IN_ACCESS,IN_ISDIR
2026-09-04T07:38:29.516584Z;/home/runner/work/gson/gson/gson/src/test/java/com/google/gson;metrics;IN_ACCESS,IN_ISDIR
2026-09-04T07:38:29.517032Z;/home/runner/work/gson/gson/gson/src/test/java/com/google/gson/metrics;;IN_ACCESS,IN_ISDIR
2026-09-04T07:38:29.517448Z;/home/runner/work/gson/gson/gson/src/test/java/com/google/gson;reflect;IN_ACCESS,IN_ISDIR
2026-09-04T07:38:29.517816Z;/home/runner/work/gson/gson/gson/src/test/java/com/google/gson/reflect;;IN_ACCESS,IN_ISDIR
2026-09-04T07:38:29.518287Z;/home/runner/work/gson/gson/gson/src/test/java/com/google/gson;reflect;IN_ACCESS,IN_ISDIR
2026-09-04T07:38:29.518656Z;/home/runner/work/gson/gson/gson/src/test/java/com/google/gson/reflect;;IN_ACCESS,IN_ISDIR
2026-09-04T07:38:29.519015Z;/home/runner/work/gson/gson/gson/src/test/java/com/google/gson;stream;IN_ACCESS,IN_ISDIR
2026-09-04T07:38:29.519369Z;/home/runner/work/gson/gson/gson/src/test/java/com/google/gson/stream;;IN_ACCESS,IN_ISDIR
2026-09-04T07:38:29.519739Z;/home/runner/work/gson/gson/gson/src/test/java/com/google/gson;stream;IN_ACCESS,IN_ISDIR
2026-09-04T07:38:29.520232Z;/home/runner/work/gson/gson/gson/src/test/java/com/google/gson/stream;;IN_ACCESS,IN_ISDIR
2026-09-04T07:38:29.520596Z;/home/runner/work/gson/gson/gson/src/test;resources;IN_ACCESS,IN_ISDIR
2026-09-04T07:38:29.520956Z;/home/runner/work/gson/gson/gson/src/test/resources;;IN_ACCESS,IN_ISDIR
2026-09-04T07:38:29.521325Z;/home/runner/work/gson/gson/gson/src/test;resources;IN_ACCESS,IN_ISDIR
2026-09-04T07:38:29.521663Z;/home/runner/work/gson/gson/gson/src/test/resources;;IN_ACCESS,IN_ISDIR
2026-09-04T07:38:29.522076Z;/home/runner/work/gson/gson;metrics;IN_ACCESS,IN_ISDIR
2026-09-04T07:38:29.522565Z;/home/runner/work/gson/gson/metrics;;IN_ACCESS,IN_ISDIR
2026-09-04T07:38:29.523187Z;/home/runner/work/gson/gson;metrics;IN_ACCESS,IN_ISDIR
2026-09-04T07:38:29.523642Z;/home/runner/work/gson/gson/metrics;;IN_ACCESS,IN_ISDIR
2026-09-04T07:38:29.524046Z;/home/runner/work/gson/gson/metrics;pom.xml;IN_ACCESS
2026-09-04T07:38:29.524531Z;/home/runner/work/gson/gson/metrics;src;IN_ACCESS,IN_ISDIR
2026-09-04T07:38:29.524892Z;/home/runner/work/gson/gson/metrics/src;;IN_ACCESS,IN_ISDIR
2026-09-04T07:38:29.525262Z;/home/runner/work/gson/gson/metrics;src;IN_ACCESS,IN_ISDIR
2026-09-04T07:38:29.525631Z;/home/runner/work/gson/gson/metrics/src;;IN_ACCESS,IN_ISDIR
2026-09-04T07:38:29.525992Z;/home/runner/work/gson/gson/metrics/src;main;IN_ACCESS,IN_ISDIR
2026-09-04T07:38:29.526440Z;/home/runner/work/gson/gson/metrics/src/main;;IN_ACCESS,IN_ISDIR
2026-09-04T07:38:29.526803Z;/home/runner/work/gson/gson/metrics/src;main;IN_ACCESS,IN_ISDIR
2026-09-04T07:38:29.527190Z;/home/runner/work/gson/gson/metrics/src/main;;IN_ACCESS,IN_ISDIR
2026-09-04T07:38:29.527552Z;/home/runner/work/gson/gson/metrics/src/main;java;IN_ACCESS,IN_ISDIR
2026-09-04T07:38:29.527904Z;/home/runner/work/gson/gson/metrics/src/main/java;;IN_ACCESS,IN_ISDIR
2026-09-04T07:38:29.528337Z;/home/runner/work/gson/gson/metrics/src/main;java;IN_ACCESS,IN_ISDIR
2026-09-04T07:38:29.528695Z;/home/runner/work/gson/gson/metrics/src/main/java;;IN_ACCESS,IN_ISDIR
2026-09-04T07:38:29.529052Z;/home/runner/work/gson/gson/metrics/src/main/java;com;IN_ACCESS,IN_ISDIR
2026-09-04T07:38:29.529407Z;/home/runner/work/gson/gson/metrics/src/main/java/com;;IN_ACCESS,IN_ISDIR
2026-09-04T07:38:29.529758Z;/home/runner/work/gson/gson/metrics/src/main/java;com;IN_ACCESS,IN_ISDIR
2026-09-04T07:38:29.530116Z;/home/runner/work/gson/gson/metrics/src/main/java/com;;IN_ACCESS,IN_ISDIR
2026-09-04T07:38:29.530520Z;/home/runner/work/gson/gson/metrics/src/main/java/com;google;IN_ACCESS,IN_ISDIR
2026-09-04T07:38:29.530903Z;/home/runner/work/gson/gson/metrics/src/main/java/com/google;;IN_ACCESS,IN_ISDIR
2026-09-04T07:38:29.531299Z;/home/runner/work/gson/gson/metrics/src/main/java/com;google;IN_ACCESS,IN_ISDIR
2026-09-04T07:38:29.531687Z;/home/runner/work/gson/gson/metrics/src/main/java/com/google;;IN_ACCESS,IN_ISDIR
2026-09-04T07:38:29.532046Z;/home/runner/work/gson/gson/metrics/src/main/java/com/google;gson;IN_ACCESS,IN_ISDIR
2026-09-04T07:38:29.532504Z;/home/runner/work/gson/gson/metrics/src/main/java/com/google/gson;;IN_ACCESS,IN_ISDIR
2026-09-04T07:38:29.532860Z;/home/runner/work/gson/gson/metrics/src/main/java/com/google;gson;IN_ACCESS,IN_ISDIR
2026-09-04T07:38:29.533219Z;/home/runner/work/gson/gson/metrics/src/main/java/com/google/gson;;IN_ACCESS,IN_ISDIR
2026-09-04T07:38:29.533572Z;/home/runner/work/gson/gson/metrics/src/main/java/com/google/gson;metrics;IN_ACCESS,IN_ISDIR
2026-09-04T07:38:29.533923Z;/home/runner/work/gson/gson/metrics/src/main/java/com/google/gson/metrics;;IN_ACCESS,IN_ISDIR
2026-09-04T07:38:29.534355Z;/home/runner/work/gson/gson/metrics/src/main/java/com/google/gson;metrics;IN_ACCESS,IN_ISDIR
2026-09-04T07:38:29.534713Z;/home/runner/work/gson/gson/metrics/src/main/java/com/google/gson/metrics;;IN_ACCESS,IN_ISDIR
2026-09-04T07:38:29.535170Z;/home/runner/work/gson/gson/metrics/src/main;resources;IN_ACCESS,IN_ISDIR
2026-09-04T07:38:29.535743Z;/home/runner/work/gson/gson/metrics/src/main/resources;;IN_ACCESS,IN_ISDIR
2026-09-04T07:38:29.536116Z;/home/runner/work/gson/gson/metrics/src/main;resources;IN_ACCESS,IN_ISDIR
2026-09-04T07:38:29.536491Z;/home/runner/work/gson/gson/metrics/src/main/resources;;IN_ACCESS,IN_ISDIR
2026-09-04T07:38:29.536966Z;/home/runner/work/gson/gson;pom.xml;IN_ACCESS
2026-09-04T07:38:29.537327Z;/home/runner/work/gson/gson;proto;IN_ACCESS,IN_ISDIR
2026-09-04T07:38:29.537694Z;/home/runner/work/gson/gson/proto;;IN_ACCESS,IN_ISDIR
2026-09-04T07:38:29.538052Z;/home/runner/work/gson/gson;proto;IN_ACCESS,IN_ISDIR
2026-09-04T07:38:29.538666Z;/home/runner/work/gson/gson/proto;;IN_ACCESS,IN_ISDIR
2026-09-04T07:38:29.539174Z;/home/runner/work/gson/gson/proto;pom.xml;IN_ACCESS
2026-09-04T07:38:29.539666Z;/home/runner/work/gson/gson/proto;src;IN_ACCESS,IN_ISDIR
2026-09-04T07:38:29.540070Z;/home/runner/work/gson/gson/proto/src;;IN_ACCESS,IN_ISDIR
2026-09-04T07:38:29.540454Z;/home/runner/work/gson/gson/proto;src;IN_ACCESS,IN_ISDIR
2026-09-04T07:38:29.540963Z;/home/runner/work/gson/gson/proto/src;;IN_ACCESS,IN_ISDIR
2026-09-04T07:38:29.541337Z;/home/runner/work/gson/gson/proto/src;main;IN_ACCESS,IN_ISDIR
2026-09-04T07:38:29.541698Z;/home/runner/work/gson/gson/proto/src/main;;IN_ACCESS,IN_ISDIR
2026-09-04T07:38:29.542050Z;/home/runner/work/gson/gson/proto/src;main;IN_ACCESS,IN_ISDIR
2026-09-04T07:38:29.542426Z;/home/runner/work/gson/gson/proto/src/main;;IN_ACCESS,IN_ISDIR
2026-09-04T07:38:29.542774Z;/home/runner/work/gson/gson/proto/src/main;java;IN_ACCESS,IN_ISDIR
2026-09-04T07:38:29.543193Z;/home/runner/work/gson/gson/proto/src/main/java;;IN_ACCESS,IN_ISDIR
2026-09-04T07:38:29.543574Z;/home/runner/work/gson/gson/proto/src/main;java;IN_ACCESS,IN_ISDIR
2026-09-04T07:38:29.544004Z;/home/runner/work/gson/gson/proto/src/main/java;;IN_ACCESS,IN_ISDIR
2026-09-04T07:38:29.544390Z;/home/runner/work/gson/gson/proto/src/main/java;com;IN_ACCESS,IN_ISDIR
2026-09-04T07:38:29.544744Z;/home/runner/work/gson/gson/proto/src/main/java/com;;IN_ACCESS,IN_ISDIR
2026-09-04T07:38:29.545174Z;/home/runner/work/gson/gson/proto/src/main/java;com;IN_ACCESS,IN_ISDIR
2026-09-04T07:38:29.545560Z;/home/runner/work/gson/gson/proto/src/main/java/com;;IN_ACCESS,IN_ISDIR
2026-09-04T07:38:29.545904Z;/home/runner/work/gson/gson/proto/src/main/java/com;google;IN_ACCESS,IN_ISDIR
2026-09-04T07:38:29.546243Z;/home/runner/work/gson/gson/proto/src/main/java/com/google;;IN_ACCESS,IN_ISDIR
2026-09-04T07:38:29.546601Z;/home/runner/work/gson/gson/proto/src/main/java/com;google;IN_ACCESS,IN_ISDIR
2026-09-04T07:38:29.547047Z;/home/runner/work/gson/gson/proto/src/main/java/com/google;;IN_ACCESS,IN_ISDIR
2026-09-04T07:38:29.547417Z;/home/runner/work/gson/gson/proto/src/main/java/com/google;gson;IN_ACCESS,IN_ISDIR
2026-09-04T07:38:29.547760Z;/home/runner/work/gson/gson/proto/src/main/java/com/google/gson;;IN_ACCESS,IN_ISDIR
2026-09-04T07:38:29.548108Z;/home/runner/work/gson/gson/proto/src/main/java/com/google;gson;IN_ACCESS,IN_ISDIR
2026-09-04T07:38:29.548510Z;/home/runner/work/gson/gson/proto/src/main/java/com/google/gson;;IN_ACCESS,IN_ISDIR
2026-09-04T07:38:29.548887Z;/home/runner/work/gson/gson/proto/src/main/java/com/google/gson;protobuf;IN_ACCESS,IN_ISDIR
2026-09-04T07:38:29.549334Z;/home/runner/work/gson/gson/proto/src/main/java/com/google/gson/protobuf;;IN_ACCESS,IN_ISDIR
2026-09-04T07:38:29.549688Z;/home/runner/work/gson/gson/proto/src/main/java/com/google/gson;protobuf;IN_ACCESS,IN_ISDIR
2026-09-04T07:38:29.550035Z;/home/runner/work/gson/gson/proto/src/main/java/com/google/gson/protobuf;;IN_ACCESS,IN_ISDIR
2026-09-04T07:38:29.550385Z;/home/runner/work/gson/gson/proto/src;test;IN_ACCESS,IN_ISDIR
2026-09-04T07:38:29.550729Z;/home/runner/work/gson/gson/proto/src/test;;IN_ACCESS,IN_ISDIR
2026-09-04T07:38:29.551215Z;/home/runner/work/gson/gson/proto/src;test;IN_ACCESS,IN_ISDIR
2026-09-04T07:38:29.551614Z;/home/runner/work/gson/gson/proto/src/test;;IN_ACCESS,IN_ISDIR
2026-09-04T07:38:29.552006Z;/home/runner/work/gson/gson/proto/src/test;java;IN_ACCESS,IN_ISDIR
2026-09-04T07:38:29.552387Z;/home/runner/work/gson/gson/proto/src/test/java;;IN_ACCESS,IN_ISDIR
2026-09-04T07:38:29.552827Z;/home/runner/work/gson/gson/proto/src/test;java;IN_ACCESS,IN_ISDIR
2026-09-04T07:38:29.553349Z;/home/runner/work/gson/gson/proto/src/test/java;;IN_ACCESS,IN_ISDIR
2026-09-04T07:38:29.553760Z;/home/runner/work/gson/gson/proto/src/test/java;com;IN_ACCESS,IN_ISDIR
2026-09-04T07:38:29.554160Z;/home/runner/work/gson/gson/proto/src/test/java/com;;IN_ACCESS,IN_ISDIR
2026-09-04T07:38:29.555534Z;/home/runner/work/gson/gson/proto/src/test/java;com;IN_ACCESS,IN_ISDIR
2026-09-04T07:38:29.556600Z;/home/runner/work/gson/gson/proto/src/test/java/com;;IN_ACCESS,IN_ISDIR
2026-09-04T07:38:29.557062Z;/home/runner/work/gson/gson/proto/src/test/java/com;google;IN_ACCESS,IN_ISDIR
2026-09-04T07:38:29.557632Z;/home/runner/work/gson/gson/proto/src/test/java/com/google;;IN_ACCESS,IN_ISDIR
2026-09-04T07:38:29.558215Z;/home/runner/work/gson/gson/proto/src/test/java/com;google;IN_ACCESS,IN_ISDIR
2026-09-04T07:38:29.558746Z;/home/runner/work/gson/gson/proto/src/test/java/com/google;;IN_ACCESS,IN_ISDIR
2026-09-04T07:38:29.559278Z;/home/runner/work/gson/gson/proto/src/test/java/com/google;gson;IN_ACCESS,IN_ISDIR
2026-09-04T07:38:29.559786Z;/home/runner/work/gson/gson/proto/src/test/java/com/google/gson;;IN_ACCESS,IN_ISDIR
2026-09-04T07:38:29.560235Z;/home/runner/work/gson/gson/proto/src/test/java/com/google;gson;IN_ACCESS,IN_ISDIR
2026-09-04T07:38:29.560714Z;/home/runner/work/gson/gson/proto/src/test/java/com/google/gson;;IN_ACCESS,IN_ISDIR
2026-09-04T07:38:29.561257Z;/home/runner/work/gson/gson/proto/src/test/java/com/google/gson;protobuf;IN_ACCESS,IN_ISDIR
2026-09-04T07:38:29.561663Z;/home/runner/work/gson/gson/proto/src/test/java/com/google/gson/protobuf;;IN_ACCESS,IN_ISDIR
2026-09-04T07:38:29.562097Z;/home/runner/work/gson/gson/proto/src/test/java/com/google/gson;protobuf;IN_ACCESS,IN_ISDIR
2026-09-04T07:38:29.562517Z;/home/runner/work/gson/gson/proto/src/test/java/com/google/gson/protobuf;;IN_ACCESS,IN_ISDIR
2026-09-04T07:38:29.562991Z;/home/runner/work/gson/gson/proto/src/test/java/com/google/gson/protobuf;functional;IN_ACCESS,IN_ISDIR
2026-09-04T07:38:29.563546Z;/home/runner/work/gson/gson/proto/src/test/java/com/google/gson/protobuf/functional;;IN_ACCESS,IN_ISDIR
2026-09-04T07:38:29.564028Z;/home/runner/work/gson/gson/proto/src/test/java/com/google/gson/protobuf;functional;IN_ACCESS,IN_ISDIR
2026-09-04T07:38:29.564455Z;/home/runner/work/gson/gson/proto/src/test/java/com/google/gson/protobuf/functional;;IN_ACCESS,IN_ISDIR
2026-09-04T07:38:29.564883Z;/home/runner/work/gson/gson/proto/src/test;protobuf;IN_ACCESS,IN_ISDIR
2026-09-04T07:38:29.565347Z;/home/runner/work/gson/gson/proto/src/test/protobuf;;IN_ACCESS,IN_ISDIR
2026-09-04T07:38:29.565876Z;/home/runner/work/gson/gson/proto/src/test;protobuf;IN_ACCESS,IN_ISDIR
2026-09-04T07:38:29.566400Z;/home/runner/work/gson/gson/proto/src/test/protobuf;;IN_ACCESS,IN_ISDIR
2026-09-04T07:38:29.566835Z;/home/runner/work/gson/gson;test-graal-native-image;IN_ACCESS,IN_ISDIR
2026-09-04T07:38:29.567261Z;/home/runner/work/gson/gson/test-graal-native-image;;IN_ACCESS,IN_ISDIR
2026-09-04T07:38:29.567712Z;/home/runner/work/gson/gson;test-graal-native-image;IN_ACCESS,IN_ISDIR
2026-09-04T07:38:29.568171Z;/home/runner/work/gson/gson/test-graal-native-image;;IN_ACCESS,IN_ISDIR
2026-09-04T07:38:29.568583Z;/home/runner/work/gson/gson/test-graal-native-image;pom.xml;IN_ACCESS
2026-09-04T07:38:29.568934Z;/home/runner/work/gson/gson/test-graal-native-image;src;IN_ACCESS,IN_ISDIR
2026-09-04T07:38:29.569267Z;/home/runner/work/gson/gson/test-graal-native-image/src;;IN_ACCESS,IN_ISDIR
2026-09-04T07:38:29.569612Z;/home/runner/work/gson/gson/test-graal-native-image;src;IN_ACCESS,IN_ISDIR
2026-09-04T07:38:29.570136Z;/home/runner/work/gson/gson/test-graal-native-image/src;;IN_ACCESS,IN_ISDIR
2026-09-04T07:38:29.570543Z;/home/runner/work/gson/gson/test-graal-native-image/src;test;IN_ACCESS,IN_ISDIR
2026-09-04T07:38:29.570932Z;/home/runner/work/gson/gson/test-graal-native-image/src/test;;IN_ACCESS,IN_ISDIR
2026-09-04T07:38:29.571291Z;/home/runner/work/gson/gson/test-graal-native-image/src;test;IN_ACCESS,IN_ISDIR
2026-09-04T07:38:29.571690Z;/home/runner/work/gson/gson/test-graal-native-image/src/test;;IN_ACCESS,IN_ISDIR
2026-09-04T07:38:29.572056Z;/home/runner/work/gson/gson/test-graal-native-image/src/test;java;IN_ACCESS,IN_ISDIR
2026-09-04T07:38:29.572416Z;/home/runner/work/gson/gson/test-graal-native-image/src/test/java;;IN_ACCESS,IN_ISDIR
2026-09-04T07:38:29.572765Z;/home/runner/work/gson/gson/test-graal-native-image/src/test;java;IN_ACCESS,IN_ISDIR
2026-09-04T07:38:29.573122Z;/home/runner/work/gson/gson/test-graal-native-image/src/test/java;;IN_ACCESS,IN_ISDIR
2026-09-04T07:38:29.573463Z;/home/runner/work/gson/gson/test-graal-native-image/src/test/java;com;IN_ACCESS,IN_ISDIR
2026-09-04T07:38:29.573907Z;/home/runner/work/gson/gson/test-graal-native-image/src/test/java/com;;IN_ACCESS,IN_ISDIR
2026-09-04T07:38:29.574277Z;/home/runner/work/gson/gson/test-graal-native-image/src/test/java;com;IN_ACCESS,IN_ISDIR
2026-09-04T07:38:29.574661Z;/home/runner/work/gson/gson/test-graal-native-image/src/test/java/com;;IN_ACCESS,IN_ISDIR
2026-09-04T07:38:29.575064Z;/home/runner/work/gson/gson/test-graal-native-image/src/test/java/com;google;IN_ACCESS,IN_ISDIR
2026-09-04T07:38:29.575449Z;/home/runner/work/gson/gson/test-graal-native-image/src/test/java/com/google;;IN_ACCESS,IN_ISDIR
2026-09-04T07:38:29.575796Z;/home/runner/work/gson/gson/test-graal-native-image/src/test/java/com;google;IN_ACCESS,IN_ISDIR
2026-09-04T07:38:29.576131Z;/home/runner/work/gson/gson/test-graal-native-image/src/test/java/com/google;;IN_ACCESS,IN_ISDIR
2026-09-04T07:38:29.576483Z;/home/runner/work/gson/gson/test-graal-native-image/src/test/java/com/google;gson;IN_ACCESS,IN_ISDIR
2026-09-04T07:38:29.576838Z;/home/runner/work/gson/gson/test-graal-native-image/src/test/java/com/google/gson;;IN_ACCESS,IN_ISDIR
2026-09-04T07:38:29.577192Z;/home/runner/work/gson/gson/test-graal-native-image/src/test/java/com/google;gson;IN_ACCESS,IN_ISDIR
2026-09-04T07:38:29.577553Z;/home/runner/work/gson/gson/test-graal-native-image/src/test/java/com/google/gson;;IN_ACCESS,IN_ISDIR
2026-09-04T07:38:29.577908Z;/home/runner/work/gson/gson/test-graal-native-image/src/test/java/com/google/gson;native_test;IN_ACCESS,IN_ISDIR
2026-09-04T07:38:29.578271Z;/home/runner/work/gson/gson/test-graal-native-image/src/test/java/com/google/gson/native_test;;IN_ACCESS,IN_ISDIR
2026-09-04T07:38:29.578606Z;/home/runner/work/gson/gson/test-graal-native-image/src/test/java/com/google/gson;native_test;IN_ACCESS,IN_ISDIR
2026-09-04T07:38:29.578992Z;/home/runner/work/gson/gson/test-graal-native-image/src/test/java/com/google/gson/native_test;;IN_ACCESS,IN_ISDIR
2026-09-04T07:38:29.579366Z;/home/runner/work/gson/gson/test-graal-native-image/src/test;resources;IN_ACCESS,IN_ISDIR
2026-09-04T07:38:29.579736Z;/home/runner/work/gson/gson/test-graal-native-image/src/test/resources;;IN_ACCESS,IN_ISDIR
2026-09-04T07:38:29.580145Z;/home/runner/work/gson/gson/test-graal-native-image/src/test;resources;IN_ACCESS,IN_ISDIR
2026-09-04T07:38:29.580498Z;/home/runner/work/gson/gson/test-graal-native-image/src/test/resources;;IN_ACCESS,IN_ISDIR
2026-09-04T07:38:29.580839Z;/home/runner/work/gson/gson/test-graal-native-image/src/test/resources;META-INF;IN_ACCESS,IN_ISDIR
2026-09-04T07:38:29.581181Z;/home/runner/work/gson/gson/test-graal-native-image/src/test/resources/META-INF;;IN_ACCESS,IN_ISDIR
2026-09-04T07:38:29.581527Z;/home/runner/work/gson/gson/test-graal-native-image/src/test/resources;META-INF;IN_ACCESS,IN_ISDIR
2026-09-04T07:38:29.581881Z;/home/runner/work/gson/gson/test-graal-native-image/src/test/resources/META-INF;;IN_ACCESS,IN_ISDIR
2026-09-04T07:38:29.582255Z;/home/runner/work/gson/gson/test-graal-native-image/src/test/resources/META-INF;native-image;IN_ACCESS,IN_ISDIR
2026-09-04T07:38:29.582613Z;/home/runner/work/gson/gson/test-graal-native-image/src/test/resources/META-INF/native-image;;IN_ACCESS,IN_ISDIR
2026-09-04T07:38:29.583008Z;/home/runner/work/gson/gson/test-graal-native-image/src/test/resources/META-INF;native-image;IN_ACCESS,IN_ISDIR
2026-09-04T07:38:29.583394Z;/home/runner/work/gson/gson/test-graal-native-image/src/test/resources/META-INF/native-image;;IN_ACCESS,IN_ISDIR
2026-09-04T07:38:29.583742Z;/home/runner/work/gson/gson;test-jpms;IN_ACCESS,IN_ISDIR
2026-09-04T07:38:29.584086Z;/home/runner/work/gson/gson/test-jpms;;IN_ACCESS,IN_ISDIR
2026-09-04T07:38:29.584451Z;/home/runner/work/gson/gson;test-jpms;IN_ACCESS,IN_ISDIR
2026-09-04T07:38:29.584789Z;/home/runner/work/gson/gson/test-jpms;;IN_ACCESS,IN_ISDIR
2026-09-04T07:38:29.585122Z;/home/runner/work/gson/gson/test-jpms;pom.xml;IN_ACCESS
2026-09-04T07:38:29.585477Z;/home/runner/work/gson/gson/test-jpms;src;IN_ACCESS,IN_ISDIR
2026-09-04T07:38:29.591225Z;/home/runner/work/gson/gson/test-jpms/src;;IN_ACCESS,IN_ISDIR
2026-09-04T07:38:29.591792Z;/home/runner/work/gson/gson/test-jpms;src;IN_ACCESS,IN_ISDIR
2026-09-04T07:38:29.592178Z;/home/runner/work/gson/gson/test-jpms/src;;IN_ACCESS,IN_ISDIR
2026-09-04T07:38:29.592562Z;/home/runner/work/gson/gson/test-jpms/src;main;IN_ACCESS,IN_ISDIR
2026-09-04T07:38:29.592930Z;/home/runner/work/gson/gson/test-jpms/src/main;;IN_ACCESS,IN_ISDIR
2026-09-04T07:38:29.593328Z;/home/runner/work/gson/gson/test-jpms/src;main;IN_ACCESS,IN_ISDIR
2026-09-04T07:38:29.593689Z;/home/runner/work/gson/gson/test-jpms/src/main;;IN_ACCESS,IN_ISDIR
2026-09-04T07:38:29.594072Z;/home/runner/work/gson/gson/test-jpms/src/main;java;IN_ACCESS,IN_ISDIR
2026-09-04T07:38:29.594409Z;/home/runner/work/gson/gson/test-jpms/src/main/java;;IN_ACCESS,IN_ISDIR
2026-09-04T07:38:29.594800Z;/home/runner/work/gson/gson/test-jpms/src/main;java;IN_ACCESS,IN_ISDIR
2026-09-04T07:38:29.595155Z;/home/runner/work/gson/gson/test-jpms/src/main/java;;IN_ACCESS,IN_ISDIR
2026-09-04T07:38:29.595522Z;/home/runner/work/gson/gson/test-jpms/src;test;IN_ACCESS,IN_ISDIR
2026-09-04T07:38:29.595874Z;/home/runner/work/gson/gson/test-jpms/src/test;;IN_ACCESS,IN_ISDIR
2026-09-04T07:38:29.596270Z;/home/runner/work/gson/gson/test-jpms/src;test;IN_ACCESS,IN_ISDIR
2026-09-04T07:38:29.596657Z;/home/runner/work/gson/gson/test-jpms/src/test;;IN_ACCESS,IN_ISDIR
2026-09-04T07:38:29.597098Z;/home/runner/work/gson/gson/test-jpms/src/test;java;IN_ACCESS,IN_ISDIR
2026-09-04T07:38:29.597494Z;/home/runner/work/gson/gson/test-jpms/src/test/java;;IN_ACCESS,IN_ISDIR
2026-09-04T07:38:29.597895Z;/home/runner/work/gson/gson/test-jpms/src/test;java;IN_ACCESS,IN_ISDIR
2026-09-04T07:38:29.598279Z;/home/runner/work/gson/gson/test-jpms/src/test/java;;IN_ACCESS,IN_ISDIR
2026-09-04T07:38:29.598652Z;/home/runner/work/gson/gson/test-jpms/src/test/java;com;IN_ACCESS,IN_ISDIR
2026-09-04T07:38:29.599081Z;/home/runner/work/gson/gson/test-jpms/src/test/java/com;;IN_ACCESS,IN_ISDIR
2026-09-04T07:38:29.599467Z;/home/runner/work/gson/gson/test-jpms/src/test/java;com;IN_ACCESS,IN_ISDIR
2026-09-04T07:38:29.599844Z;/home/runner/work/gson/gson/test-jpms/src/test/java/com;;IN_ACCESS,IN_ISDIR
2026-09-04T07:38:29.600213Z;/home/runner/work/gson/gson/test-jpms/src/test/java/com;google;IN_ACCESS,IN_ISDIR
2026-09-04T07:38:29.600635Z;/home/runner/work/gson/gson/test-jpms/src/test/java/com/google;;IN_ACCESS,IN_ISDIR
2026-09-04T07:38:29.600994Z;/home/runner/work/gson/gson/test-jpms/src/test/java/com;google;IN_ACCESS,IN_ISDIR
2026-09-04T07:38:29.601562Z;/home/runner/work/gson/gson/test-jpms/src/test/java/com/google;;IN_ACCESS,IN_ISDIR
2026-09-04T07:38:29.601997Z;/home/runner/work/gson/gson/test-jpms/src/test/java/com/google;gson;IN_ACCESS,IN_ISDIR
2026-09-04T07:38:29.602368Z;/home/runner/work/gson/gson/test-jpms/src/test/java/com/google/gson;;IN_ACCESS,IN_ISDIR
2026-09-04T07:38:29.602782Z;/home/runner/work/gson/gson/test-jpms/src/test/java/com/google;gson;IN_ACCESS,IN_ISDIR
2026-09-04T07:38:29.603157Z;/home/runner/work/gson/gson/test-jpms/src/test/java/com/google/gson;;IN_ACCESS,IN_ISDIR
2026-09-04T07:38:29.603532Z;/home/runner/work/gson/gson/test-jpms/src/test/java/com/google/gson;jpms_test;IN_ACCESS,IN_ISDIR
2026-09-04T07:38:29.603917Z;/home/runner/work/gson/gson/test-jpms/src/test/java/com/google/gson/jpms_test;;IN_ACCESS,IN_ISDIR
2026-09-04T07:38:29.604298Z;/home/runner/work/gson/gson/test-jpms/src/test/java/com/google/gson;jpms_test;IN_ACCESS,IN_ISDIR
2026-09-04T07:38:29.604804Z;/home/runner/work/gson/gson/test-jpms/src/test/java/com/google/gson/jpms_test;;IN_ACCESS,IN_ISDIR
2026-09-04T07:38:29.605254Z;/home/runner/work/gson/gson/test-jpms/src/test/java/com/google/gson/jpms_test;opened;IN_ACCESS,IN_ISDIR
2026-09-04T07:38:29.605683Z;/home/runner/work/gson/gson/test-jpms/src/test/java/com/google/gson/jpms_test/opened;;IN_ACCESS,IN_ISDIR
2026-09-04T07:38:29.606090Z;/home/runner/work/gson/gson/test-jpms/src/test/java/com/google/gson/jpms_test;opened;IN_ACCESS,IN_ISDIR
2026-09-04T07:38:29.606487Z;/home/runner/work/gson/gson/test-jpms/src/test/java/com/google/gson/jpms_test/opened;;IN_ACCESS,IN_ISDIR
2026-09-04T07:38:29.607026Z;/home/runner/work/gson/gson;test-shrinker;IN_ACCESS,IN_ISDIR
2026-09-04T07:38:29.607463Z;/home/runner/work/gson/gson/test-shrinker;;IN_ACCESS,IN_ISDIR
2026-09-04T07:38:29.607995Z;/home/runner/work/gson/gson;test-shrinker;IN_ACCESS,IN_ISDIR
2026-09-04T07:38:29.608366Z;/home/runner/work/gson/gson/test-shrinker;;IN_ACCESS,IN_ISDIR
2026-09-04T07:38:29.608722Z;/home/runner/work/gson/gson/test-shrinker;pom.xml;IN_ACCESS
2026-09-04T07:38:29.609094Z;/home/runner/work/gson/gson/test-shrinker;src;IN_ACCESS,IN_ISDIR
2026-09-04T07:38:29.609484Z;/home/runner/work/gson/gson/test-shrinker/src;;IN_ACCESS,IN_ISDIR
2026-09-04T07:38:29.609891Z;/home/runner/work/gson/gson/test-shrinker;src;IN_ACCESS,IN_ISDIR
2026-09-04T07:38:29.610287Z;/home/runner/work/gson/gson/test-shrinker/src;;IN_ACCESS,IN_ISDIR
2026-09-04T07:38:29.610641Z;/home/runner/work/gson/gson/test-shrinker/src;main;IN_ACCESS,IN_ISDIR
2026-09-04T07:38:29.610989Z;/home/runner/work/gson/gson/test-shrinker/src/main;;IN_ACCESS,IN_ISDIR
2026-09-04T07:38:29.611356Z;/home/runner/work/gson/gson/test-shrinker/src;main;IN_ACCESS,IN_ISDIR
2026-09-04T07:38:29.611747Z;/home/runner/work/gson/gson/test-shrinker/src/main;;IN_ACCESS,IN_ISDIR
2026-09-04T07:38:29.612121Z;/home/runner/work/gson/gson/test-shrinker/src/main;java;IN_ACCESS,IN_ISDIR
2026-09-04T07:38:29.612535Z;/home/runner/work/gson/gson/test-shrinker/src/main/java;;IN_ACCESS,IN_ISDIR
2026-09-04T07:38:29.612899Z;/home/runner/work/gson/gson/test-shrinker/src/main;java;IN_ACCESS,IN_ISDIR
2026-09-04T07:38:29.613265Z;/home/runner/work/gson/gson/test-shrinker/src/main/java;;IN_ACCESS,IN_ISDIR
2026-09-04T07:38:29.613716Z;/home/runner/work/gson/gson/test-shrinker/src/main/java;com;IN_ACCESS,IN_ISDIR
2026-09-04T07:38:29.614084Z;/home/runner/work/gson/gson/test-shrinker/src/main/java/com;;IN_ACCESS,IN_ISDIR
2026-09-04T07:38:29.614450Z;/home/runner/work/gson/gson/test-shrinker/src/main/java;com;IN_ACCESS,IN_ISDIR
2026-09-04T07:38:29.614790Z;/home/runner/work/gson/gson/test-shrinker/src/main/java/com;;IN_ACCESS,IN_ISDIR
2026-09-04T07:38:29.615189Z;/home/runner/work/gson/gson/test-shrinker/src/main/java/com;example;IN_ACCESS,IN_ISDIR
2026-09-04T07:38:29.615616Z;/home/runner/work/gson/gson/test-shrinker/src/main/java/com/example;;IN_ACCESS,IN_ISDIR
2026-09-04T07:38:29.616023Z;/home/runner/work/gson/gson/test-shrinker/src/main/java/com;example;IN_ACCESS,IN_ISDIR
2026-09-04T07:38:29.616431Z;/home/runner/work/gson/gson/test-shrinker/src/main/java/com/example;;IN_ACCESS,IN_ISDIR
2026-09-04T07:38:29.616827Z;/home/runner/work/gson/gson/test-shrinker/src;test;IN_ACCESS,IN_ISDIR
2026-09-04T07:38:29.617389Z;/home/runner/work/gson/gson/test-shrinker/src/test;;IN_ACCESS,IN_ISDIR
2026-09-04T07:38:29.617782Z;/home/runner/work/gson/gson/test-shrinker/src;test;IN_ACCESS,IN_ISDIR
2026-09-04T07:38:29.618129Z;/home/runner/work/gson/gson/test-shrinker/src/test;;IN_ACCESS,IN_ISDIR
2026-09-04T07:38:29.618532Z;/home/runner/work/gson/gson/test-shrinker/src/test;java;IN_ACCESS,IN_ISDIR
2026-09-04T07:38:29.618997Z;/home/runner/work/gson/gson/test-shrinker/src/test/java;;IN_ACCESS,IN_ISDIR
2026-09-04T07:38:29.619352Z;/home/runner/work/gson/gson/test-shrinker/src/test;java;IN_ACCESS,IN_ISDIR
2026-09-04T07:38:29.619695Z;/home/runner/work/gson/gson/test-shrinker/src/test/java;;IN_ACCESS,IN_ISDIR
2026-09-04T07:38:29.620067Z;/home/runner/work/gson/gson/test-shrinker/src/test/java;com;IN_ACCESS,IN_ISDIR
2026-09-04T07:38:29.620508Z;/home/runner/work/gson/gson/test-shrinker/src/test/java/com;;IN_ACCESS,IN_ISDIR
2026-09-04T07:38:29.620892Z;/home/runner/work/gson/gson/test-shrinker/src/test/java;com;IN_ACCESS,IN_ISDIR
2026-09-04T07:38:29.621237Z;/home/runner/work/gson/gson/test-shrinker/src/test/java/com;;IN_ACCESS,IN_ISDIR
2026-09-04T07:38:29.621580Z;/home/runner/work/gson/gson/test-shrinker/src/test/java/com;google;IN_ACCESS,IN_ISDIR
2026-09-04T07:38:29.621934Z;/home/runner/work/gson/gson/test-shrinker/src/test/java/com/google;;IN_ACCESS,IN_ISDIR
2026-09-04T07:38:29.622323Z;/home/runner/work/gson/gson/test-shrinker/src/test/java/com;google;IN_ACCESS,IN_ISDIR
2026-09-04T07:38:29.622782Z;/home/runner/work/gson/gson/test-shrinker/src/test/java/com/google;;IN_ACCESS,IN_ISDIR
2026-09-04T07:38:29.623174Z;/home/runner/work/gson/gson/test-shrinker/src/test/java/com/google;gson;IN_ACCESS,IN_ISDIR
2026-09-04T07:38:29.623521Z;/home/runner/work/gson/gson/test-shrinker/src/test/java/com/google/gson;;IN_ACCESS,IN_ISDIR
2026-09-04T07:38:29.623867Z;/home/runner/work/gson/gson/test-shrinker/src/test/java/com/google;gson;IN_ACCESS,IN_ISDIR
2026-09-04T07:38:29.624242Z;/home/runner/work/gson/gson/test-shrinker/src/test/java/com/google/gson;;IN_ACCESS,IN_ISDIR
2026-09-04T07:38:29.624615Z;/home/runner/work/gson/gson/test-shrinker/src/test/java/com/google/gson;it;IN_ACCESS,IN_ISDIR
2026-09-04T07:38:29.624981Z;/home/runner/work/gson/gson/test-shrinker/src/test/java/com/google/gson/it;;IN_ACCESS,IN_ISDIR
2026-09-04T07:38:29.625350Z;/home/runner/work/gson/gson/test-shrinker/src/test/java/com/google/gson;it;IN_ACCESS,IN_ISDIR
2026-09-04T07:38:29.625729Z;/home/runner/work/gson/gson/test-shrinker/src/test/java/com/google/gson/it;;IN_ACCESS,IN_ISDIR
2026-09-04T07:38:29.719130Z;/home/runner/work/gson/gson;;IN_ACCESS,IN_ISDIR
2026-09-04T07:38:29.719679Z;/home/runner/work/gson/gson;.git;IN_ACCESS,IN_ISDIR
2026-09-04T07:38:29.720079Z;/home/runner/work/gson/gson/.git;;IN_ACCESS,IN_ISDIR
2026-09-04T07:38:29.720470Z;/home/runner/work/gson/gson;.git;IN_ACCESS,IN_ISDIR
2026-09-04T07:38:29.720847Z;/home/runner/work/gson/gson/.git;;IN_ACCESS,IN_ISDIR
2026-09-04T07:38:29.721673Z;/home/runner/work/gson/gson/.git;hooks;IN_ACCESS,IN_ISDIR
2026-09-04T07:38:29.722067Z;/home/runner/work/gson/gson/.git/hooks;;IN_ACCESS,IN_ISDIR
2026-09-04T07:38:29.722457Z;/home/runner/work/gson/gson/.git;hooks;IN_ACCESS,IN_ISDIR
2026-09-04T07:38:29.722844Z;/home/runner/work/gson/gson/.git/hooks;;IN_ACCESS,IN_ISDIR
2026-09-04T07:38:29.723236Z;/home/runner/work/gson/gson/.git;info;IN_ACCESS,IN_ISDIR
2026-09-04T07:38:29.723829Z;/home/runner/work/gson/gson/.git/info;;IN_ACCESS,IN_ISDIR
2026-09-04T07:38:29.724291Z;/home/runner/work/gson/gson/.git;info;IN_ACCESS,IN_ISDIR
2026-09-04T07:38:29.724677Z;/home/runner/work/gson/gson/.git/info;;IN_ACCESS,IN_ISDIR
2026-09-04T07:38:29.725062Z;/home/runner/work/gson/gson/.git;logs;IN_ACCESS,IN_ISDIR
2026-09-04T07:38:29.725425Z;/home/runner/work/gson/gson/.git/logs;;IN_ACCESS,IN_ISDIR
2026-09-04T07:38:29.725976Z;/home/runner/work/gson/gson/.git;logs;IN_ACCESS,IN_ISDIR
2026-09-04T07:38:29.726341Z;/home/runner/work/gson/gson/.git/logs;;IN_ACCESS,IN_ISDIR
2026-09-04T07:38:29.726755Z;/home/runner/work/gson/gson/.git/logs;refs;IN_ACCESS,IN_ISDIR
2026-09-04T07:38:29.727134Z;/home/runner/work/gson/gson/.git/logs/refs;;IN_ACCESS,IN_ISDIR
2026-09-04T07:38:29.727579Z;/home/runner/work/gson/gson/.git/logs;refs;IN_ACCESS,IN_ISDIR
2026-09-04T07:38:29.728225Z;/home/runner/work/gson/gson/.git/logs/refs;;IN_ACCESS,IN_ISDIR
2026-09-04T07:38:29.728671Z;/home/runner/work/gson/gson/.git/logs/refs;heads;IN_ACCESS,IN_ISDIR
2026-09-04T07:38:29.729031Z;/home/runner/work/gson/gson/.git/logs/refs/heads;;IN_ACCESS,IN_ISDIR
2026-09-04T07:38:29.729423Z;/home/runner/work/gson/gson/.git/logs/refs;heads;IN_ACCESS,IN_ISDIR
2026-09-04T07:38:29.729786Z;/home/runner/work/gson/gson/.git/logs/refs/heads;;IN_ACCESS,IN_ISDIR
2026-09-04T07:38:29.730142Z;/home/runner/work/gson/gson/.git/logs/refs;remotes;IN_ACCESS,IN_ISDIR
2026-09-04T07:38:29.730507Z;/home/runner/work/gson/gson/.git/logs/refs/remotes;;IN_ACCESS,IN_ISDIR
2026-09-04T07:38:29.730901Z;/home/runner/work/gson/gson/.git/logs/refs;remotes;IN_ACCESS,IN_ISDIR
2026-09-04T07:38:29.731300Z;/home/runner/work/gson/gson/.git/logs/refs/remotes;;IN_ACCESS,IN_ISDIR
2026-09-04T07:38:29.731672Z;/home/runner/work/gson/gson/.git/logs/refs/remotes;origin;IN_ACCESS,IN_ISDIR
2026-09-04T07:38:29.732029Z;/home/runner/work/gson/gson/.git/logs/refs/remotes/origin;;IN_ACCESS,IN_ISDIR
2026-09-04T07:38:29.732395Z;/home/runner/work/gson/gson/.git/logs/refs/remotes;origin;IN_ACCESS,IN_ISDIR
2026-09-04T07:38:29.732796Z;/home/runner/work/gson/gson/.git/logs/refs/remotes/origin;;IN_ACCESS,IN_ISDIR
2026-09-04T07:38:29.733173Z;/home/runner/work/gson/gson/.git;objects;IN_ACCESS,IN_ISDIR
2026-09-04T07:38:29.733832Z;/home/runner/work/gson/gson/.git/objects;;IN_ACCESS,IN_ISDIR
2026-09-04T07:38:29.734207Z;/home/runner/work/gson/gson/.git;objects;IN_ACCESS,IN_ISDIR
2026-09-04T07:38:29.734610Z;/home/runner/work/gson/gson/.git/objects;;IN_ACCESS,IN_ISDIR
2026-09-04T07:38:29.735010Z;/home/runner/work/gson/gson/.git/objects;info;IN_ACCESS,IN_ISDIR
2026-09-04T07:38:29.735395Z;/home/runner/work/gson/gson/.git/objects/info;;IN_ACCESS,IN_ISDIR
2026-09-04T07:38:29.735780Z;/home/runner/work/gson/gson/.git/objects;info;IN_ACCESS,IN_ISDIR
2026-09-04T07:38:29.736159Z;/home/runner/work/gson/gson/.git/objects/info;;IN_ACCESS,IN_ISDIR
2026-09-04T07:38:29.736535Z;/home/runner/work/gson/gson/.git/objects;pack;IN_ACCESS,IN_ISDIR
2026-09-04T07:38:29.736930Z;/home/runner/work/gson/gson/.git/objects/pack;;IN_ACCESS,IN_ISDIR
2026-09-04T07:38:29.737319Z;/home/runner/work/gson/gson/.git/objects;pack;IN_ACCESS,IN_ISDIR
2026-09-04T07:38:29.737697Z;/home/runner/work/gson/gson/.git/objects/pack;;IN_ACCESS,IN_ISDIR
2026-09-04T07:38:29.738071Z;/home/runner/work/gson/gson/.git;refs;IN_ACCESS,IN_ISDIR
2026-09-04T07:38:29.738454Z;/home/runner/work/gson/gson/.git/refs;;IN_ACCESS,IN_ISDIR
2026-09-04T07:38:29.738873Z;/home/runner/work/gson/gson/.git;refs;IN_ACCESS,IN_ISDIR
2026-09-04T07:38:29.739221Z;/home/runner/work/gson/gson/.git/refs;;IN_ACCESS,IN_ISDIR
2026-09-04T07:38:29.739636Z;/home/runner/work/gson/gson/.git/refs;heads;IN_ACCESS,IN_ISDIR
2026-09-04T07:38:29.739987Z;/home/runner/work/gson/gson/.git/refs/heads;;IN_ACCESS,IN_ISDIR
2026-09-04T07:38:29.740412Z;/home/runner/work/gson/gson/.git/refs;heads;IN_ACCESS,IN_ISDIR
2026-09-04T07:38:29.740801Z;/home/runner/work/gson/gson/.git/refs/heads;;IN_ACCESS,IN_ISDIR
2026-09-04T07:38:29.741238Z;/home/runner/work/gson/gson/.git/refs;remotes;IN_ACCESS,IN_ISDIR
2026-09-04T07:38:29.741614Z;/home/runner/work/gson/gson/.git/refs/remotes;;IN_ACCESS,IN_ISDIR
2026-09-04T07:38:29.741961Z;/home/runner/work/gson/gson/.git/refs;remotes;IN_ACCESS,IN_ISDIR
2026-09-04T07:38:29.742337Z;/home/runner/work/gson/gson/.git/refs/remotes;;IN_ACCESS,IN_ISDIR
2026-09-04T07:38:29.742686Z;/home/runner/work/gson/gson/.git/refs/remotes;origin;IN_ACCESS,IN_ISDIR
2026-09-04T07:38:29.743044Z;/home/runner/work/gson/gson/.git/refs/remotes/origin;;IN_ACCESS,IN_ISDIR
2026-09-04T07:38:29.743588Z;/home/runner/work/gson/gson/.git/refs/remotes;origin;IN_ACCESS,IN_ISDIR
2026-09-04T07:38:29.744117Z;/home/runner/work/gson/gson/.git/refs/remotes/origin;;IN_ACCESS,IN_ISDIR
2026-09-04T07:38:29.744525Z;/home/runner/work/gson/gson/.git/refs;tags;IN_ACCESS,IN_ISDIR
2026-09-04T07:38:29.744949Z;/home/runner/work/gson/gson/.git/refs/tags;;IN_ACCESS,IN_ISDIR
2026-09-04T07:38:29.745420Z;/home/runner/work/gson/gson/.git/refs;tags;IN_ACCESS,IN_ISDIR
2026-09-04T07:38:29.745757Z;/home/runner/work/gson/gson/.git/refs/tags;;IN_ACCESS,IN_ISDIR
2026-09-04T07:38:29.746129Z;/home/runner/work/gson/gson;.github;IN_ACCESS,IN_ISDIR
2026-09-04T07:38:29.746585Z;/home/runner/work/gson/gson/.github;;IN_ACCESS,IN_ISDIR
2026-09-04T07:38:29.746964Z;/home/runner/work/gson/gson;.github;IN_ACCESS,IN_ISDIR
2026-09-04T07:38:29.747420Z;/home/runner/work/gson/gson/.github;;IN_ACCESS,IN_ISDIR
2026-09-04T07:38:29.747792Z;/home/runner/work/gson/gson/.github;ISSUE_TEMPLATE;IN_ACCESS,IN_ISDIR
2026-09-04T07:38:29.748160Z;/home/runner/work/gson/gson/.github/ISSUE_TEMPLATE;;IN_ACCESS,IN_ISDIR
2026-09-04T07:38:29.748534Z;/home/runner/work/gson/gson/.github;ISSUE_TEMPLATE;IN_ACCESS,IN_ISDIR
2026-09-04T07:38:29.748936Z;/home/runner/work/gson/gson/.github/ISSUE_TEMPLATE;;IN_ACCESS,IN_ISDIR
2026-09-04T07:38:29.749318Z;/home/runner/work/gson/gson/.github;workflows;IN_ACCESS,IN_ISDIR
2026-09-04T07:38:29.749703Z;/home/runner/work/gson/gson/.github/workflows;;IN_ACCESS,IN_ISDIR
2026-09-04T07:38:29.750074Z;/home/runner/work/gson/gson/.github;workflows;IN_ACCESS,IN_ISDIR
2026-09-04T07:38:29.750430Z;/home/runner/work/gson/gson/.github/workflows;;IN_ACCESS,IN_ISDIR
2026-09-04T07:38:29.750797Z;/home/runner/work/gson/gson;.mvn;IN_ACCESS,IN_ISDIR
2026-09-04T07:38:29.751314Z;/home/runner/work/gson/gson/.mvn;;IN_ACCESS,IN_ISDIR
2026-09-04T07:38:29.751967Z;/home/runner/work/gson/gson;.mvn;IN_ACCESS,IN_ISDIR
2026-09-04T07:38:29.752369Z;/home/runner/work/gson/gson/.mvn;;IN_ACCESS,IN_ISDIR
2026-09-04T07:38:29.752746Z;/home/runner/work/gson/gson;extras;IN_ACCESS,IN_ISDIR
2026-09-04T07:38:29.753108Z;/home/runner/work/gson/gson/extras;;IN_ACCESS,IN_ISDIR
2026-09-04T07:38:29.753468Z;/home/runner/work/gson/gson;extras;IN_ACCESS,IN_ISDIR
2026-09-04T07:38:29.753830Z;/home/runner/work/gson/gson/extras;;IN_ACCESS,IN_ISDIR
2026-09-04T07:38:29.754164Z;/home/runner/work/gson/gson/extras;src;IN_ACCESS,IN_ISDIR
2026-09-04T07:38:29.754498Z;/home/runner/work/gson/gson/extras/src;;IN_ACCESS,IN_ISDIR
2026-09-04T07:38:29.754831Z;/home/runner/work/gson/gson/extras;src;IN_ACCESS,IN_ISDIR
2026-09-04T07:38:29.755174Z;/home/runner/work/gson/gson/extras/src;;IN_ACCESS,IN_ISDIR
2026-09-04T07:38:29.755540Z;/home/runner/work/gson/gson/extras/src;main;IN_ACCESS,IN_ISDIR
2026-09-04T07:38:29.755909Z;/home/runner/work/gson/gson/extras/src/main;;IN_ACCESS,IN_ISDIR
2026-09-04T07:38:29.756274Z;/home/runner/work/gson/gson/extras/src;main;IN_ACCESS,IN_ISDIR
2026-09-04T07:38:29.756646Z;/home/runner/work/gson/gson/extras/src/main;;IN_ACCESS,IN_ISDIR
2026-09-04T07:38:29.757001Z;/home/runner/work/gson/gson/extras/src/main;java;IN_ACCESS,IN_ISDIR
2026-09-04T07:38:29.757350Z;/home/runner/work/gson/gson/extras/src/main/java;;IN_ACCESS,IN_ISDIR
2026-09-04T07:38:29.757733Z;/home/runner/work/gson/gson/extras/src/main;java;IN_ACCESS,IN_ISDIR
2026-09-04T07:38:29.758063Z;/home/runner/work/gson/gson/extras/src/main/java;;IN_ACCESS,IN_ISDIR
2026-09-04T07:38:29.758429Z;/home/runner/work/gson/gson/extras/src/main/java;com;IN_ACCESS,IN_ISDIR
2026-09-04T07:38:29.758786Z;/home/runner/work/gson/gson/extras/src/main/java/com;;IN_ACCESS,IN_ISDIR
2026-09-04T07:38:29.759159Z;/home/runner/work/gson/gson/extras/src/main/java;com;IN_ACCESS,IN_ISDIR
2026-09-04T07:38:29.760352Z;/home/runner/work/gson/gson/extras/src/main/java/com;;IN_ACCESS,IN_ISDIR
2026-09-04T07:38:29.760827Z;/home/runner/work/gson/gson/extras/src/main/java/com;google;IN_ACCESS,IN_ISDIR
2026-09-04T07:38:29.761202Z;/home/runner/work/gson/gson/extras/src/main/java/com/google;;IN_ACCESS,IN_ISDIR
2026-09-04T07:38:29.761543Z;/home/runner/work/gson/gson/extras/src/main/java/com;google;IN_ACCESS,IN_ISDIR
2026-09-04T07:38:29.761999Z;/home/runner/work/gson/gson/extras/src/main/java/com/google;;IN_ACCESS,IN_ISDIR
2026-09-04T07:38:29.762452Z;/home/runner/work/gson/gson/extras/src/main/java/com/google;gson;IN_ACCESS,IN_ISDIR
2026-09-04T07:38:29.762828Z;/home/runner/work/gson/gson/extras/src/main/java/com/google/gson;;IN_ACCESS,IN_ISDIR
2026-09-04T07:38:29.763211Z;/home/runner/work/gson/gson/extras/src/main/java/com/google;gson;IN_ACCESS,IN_ISDIR
2026-09-04T07:38:29.763548Z;/home/runner/work/gson/gson/extras/src/main/java/com/google/gson;;IN_ACCESS,IN_ISDIR
2026-09-04T07:38:29.763893Z;/home/runner/work/gson/gson/extras/src/main/java/com/google/gson;extras;IN_ACCESS,IN_ISDIR
2026-09-04T07:38:29.764227Z;/home/runner/work/gson/gson/extras/src/main/java/com/google/gson/extras;;IN_ACCESS,IN_ISDIR
2026-09-04T07:38:29.764564Z;/home/runner/work/gson/gson/extras/src/main/java/com/google/gson;extras;IN_ACCESS,IN_ISDIR
2026-09-04T07:38:29.764882Z;/home/runner/work/gson/gson/extras/src/main/java/com/google/gson/extras;;IN_ACCESS,IN_ISDIR
2026-09-04T07:38:29.765200Z;/home/runner/work/gson/gson/extras/src/main/java/com/google/gson/extras;examples;IN_ACCESS,IN_ISDIR
2026-09-04T07:38:29.765525Z;/home/runner/work/gson/gson/extras/src/main/java/com/google/gson/extras/examples;;IN_ACCESS,IN_ISDIR
2026-09-04T07:38:29.765869Z;/home/runner/work/gson/gson/extras/src/main/java/com/google/gson/extras;examples;IN_ACCESS,IN_ISDIR
2026-09-04T07:38:29.766213Z;/home/runner/work/gson/gson/extras/src/main/java/com/google/gson/extras/examples;;IN_ACCESS,IN_ISDIR
2026-09-04T07:38:29.766571Z;/home/runner/work/gson/gson/extras/src/main/java/com/google/gson/extras/examples;rawcollections;IN_ACCESS,IN_ISDIR
2026-09-04T07:38:29.767163Z;/home/runner/work/gson/gson/extras/src/main/java/com/google/gson/extras/examples/rawcollections;;IN_ACCESS,IN_ISDIR
2026-09-04T07:38:29.767546Z;/home/runner/work/gson/gson/extras/src/main/java/com/google/gson/extras/examples;rawcollections;IN_ACCESS,IN_ISDIR
2026-09-04T07:38:29.767941Z;/home/runner/work/gson/gson/extras/src/main/java/com/google/gson/extras/examples/rawcollections;;IN_ACCESS,IN_ISDIR
2026-09-04T07:38:29.768337Z;/home/runner/work/gson/gson/extras/src/main/java/com/google/gson;interceptors;IN_ACCESS,IN_ISDIR
2026-09-04T07:38:29.768706Z;/home/runner/work/gson/gson/extras/src/main/java/com/google/gson/interceptors;;IN_ACCESS,IN_ISDIR
2026-09-04T07:38:29.769153Z;/home/runner/work/gson/gson/extras/src/main/java/com/google/gson;interceptors;IN_ACCESS,IN_ISDIR
2026-09-04T07:38:29.769566Z;/home/runner/work/gson/gson/extras/src/main/java/com/google/gson/interceptors;;IN_ACCESS,IN_ISDIR
2026-09-04T07:38:29.769932Z;/home/runner/work/gson/gson/extras/src/main/java/com/google/gson;typeadapters;IN_ACCESS,IN_ISDIR
2026-09-04T07:38:29.770365Z;/home/runner/work/gson/gson/extras/src/main/java/com/google/gson/typeadapters;;IN_ACCESS,IN_ISDIR
2026-09-04T07:38:29.770754Z;/home/runner/work/gson/gson/extras/src/main/java/com/google/gson;typeadapters;IN_ACCESS,IN_ISDIR
2026-09-04T07:38:29.771134Z;/home/runner/work/gson/gson/extras/src/main/java/com/google/gson/typeadapters;;IN_ACCESS,IN_ISDIR
2026-09-04T07:38:29.771604Z;/home/runner/work/gson/gson/extras/src;test;IN_ACCESS,IN_ISDIR
2026-09-04T07:38:29.772021Z;/home/runner/work/gson/gson/extras/src/test;;IN_ACCESS,IN_ISDIR
2026-09-04T07:38:29.772415Z;/home/runner/work/gson/gson/extras/src;test;IN_ACCESS,IN_ISDIR
2026-09-04T07:38:29.772782Z;/home/runner/work/gson/gson/extras/src/test;;IN_ACCESS,IN_ISDIR
2026-09-04T07:38:29.773166Z;/home/runner/work/gson/gson/extras/src/test;java;IN_ACCESS,IN_ISDIR
2026-09-04T07:38:29.773569Z;/home/runner/work/gson/gson/extras/src/test/java;;IN_ACCESS,IN_ISDIR
2026-09-04T07:38:29.773984Z;/home/runner/work/gson/gson/extras/src/test;java;IN_ACCESS,IN_ISDIR
2026-09-04T07:38:29.774351Z;/home/runner/work/gson/gson/extras/src/test/java;;IN_ACCESS,IN_ISDIR
2026-09-04T07:38:29.774768Z;/home/runner/work/gson/gson/extras/src/test/java;com;IN_ACCESS,IN_ISDIR
2026-09-04T07:38:29.775423Z;/home/runner/work/gson/gson/extras/src/test/java/com;;IN_ACCESS,IN_ISDIR
2026-09-04T07:38:29.775921Z;/home/runner/work/gson/gson/extras/src/test/java;com;IN_ACCESS,IN_ISDIR
2026-09-04T07:38:29.776331Z;/home/runner/work/gson/gson/extras/src/test/java/com;;IN_ACCESS,IN_ISDIR
2026-09-04T07:38:29.776776Z;/home/runner/work/gson/gson/extras/src/test/java/com;google;IN_ACCESS,IN_ISDIR
2026-09-04T07:38:29.777191Z;/home/runner/work/gson/gson/extras/src/test/java/com/google;;IN_ACCESS,IN_ISDIR
2026-09-04T07:38:29.777658Z;/home/runner/work/gson/gson/extras/src/test/java/com;google;IN_ACCESS,IN_ISDIR
2026-09-04T07:38:29.778055Z;/home/runner/work/gson/gson/extras/src/test/java/com/google;;IN_ACCESS,IN_ISDIR
2026-09-04T07:38:29.778490Z;/home/runner/work/gson/gson/extras/src/test/java/com/google;gson;IN_ACCESS,IN_ISDIR
2026-09-04T07:38:29.778913Z;/home/runner/work/gson/gson/extras/src/test/java/com/google/gson;;IN_ACCESS,IN_ISDIR
2026-09-04T07:38:29.779364Z;/home/runner/work/gson/gson/extras/src/test/java/com/google;gson;IN_ACCESS,IN_ISDIR
2026-09-04T07:38:29.779836Z;/home/runner/work/gson/gson/extras/src/test/java/com/google/gson;;IN_ACCESS,IN_ISDIR
2026-09-04T07:38:29.780240Z;/home/runner/work/gson/gson/extras/src/test/java/com/google/gson;interceptors;IN_ACCESS,IN_ISDIR
2026-09-04T07:38:29.780607Z;/home/runner/work/gson/gson/extras/src/test/java/com/google/gson/interceptors;;IN_ACCESS,IN_ISDIR
2026-09-04T07:38:29.780969Z;/home/runner/work/gson/gson/extras/src/test/java/com/google/gson;interceptors;IN_ACCESS,IN_ISDIR
2026-09-04T07:38:29.781339Z;/home/runner/work/gson/gson/extras/src/test/java/com/google/gson/interceptors;;IN_ACCESS,IN_ISDIR
2026-09-04T07:38:29.781729Z;/home/runner/work/gson/gson/extras/src/test/java/com/google/gson;typeadapters;IN_ACCESS,IN_ISDIR
2026-09-04T07:38:29.782243Z;/home/runner/work/gson/gson/extras/src/test/java/com/google/gson/typeadapters;;IN_ACCESS,IN_ISDIR
2026-09-04T07:38:29.782610Z;/home/runner/work/gson/gson/extras/src/test/java/com/google/gson;typeadapters;IN_ACCESS,IN_ISDIR
2026-09-04T07:38:29.783003Z;/home/runner/work/gson/gson/extras/src/test/java/com/google/gson/typeadapters;;IN_ACCESS,IN_ISDIR
2026-09-04T07:38:29.783360Z;/home/runner/work/gson/gson;gson;IN_ACCESS,IN_ISDIR
2026-09-04T07:38:29.783738Z;/home/runner/work/gson/gson/gson;;IN_ACCESS,IN_ISDIR
2026-09-04T07:38:29.784101Z;/home/runner/work/gson/gson;gson;IN_ACCESS,IN_ISDIR
2026-09-04T07:38:29.784454Z;/home/runner/work/gson/gson/gson;;IN_ACCESS,IN_ISDIR
2026-09-04T07:38:29.784832Z;/home/runner/work/gson/gson/gson;src;IN_ACCESS,IN_ISDIR
2026-09-04T07:38:29.785209Z;/home/runner/work/gson/gson/gson/src;;IN_ACCESS,IN_ISDIR
2026-09-04T07:38:29.785677Z;/home/runner/work/gson/gson/gson;src;IN_ACCESS,IN_ISDIR
2026-09-04T07:38:29.786058Z;/home/runner/work/gson/gson/gson/src;;IN_ACCESS,IN_ISDIR
2026-09-04T07:38:29.786398Z;/home/runner/work/gson/gson/gson/src;main;IN_ACCESS,IN_ISDIR
2026-09-04T07:38:29.786751Z;/home/runner/work/gson/gson/gson/src/main;;IN_ACCESS,IN_ISDIR
2026-09-04T07:38:29.787115Z;/home/runner/work/gson/gson/gson/src;main;IN_ACCESS,IN_ISDIR
2026-09-04T07:38:29.787709Z;/home/runner/work/gson/gson/gson/src/main;;IN_ACCESS,IN_ISDIR
2026-09-04T07:38:29.788204Z;/home/runner/work/gson/gson/gson/src/main;java;IN_ACCESS,IN_ISDIR
2026-09-04T07:38:29.788606Z;/home/runner/work/gson/gson/gson/src/main/java;;IN_ACCESS,IN_ISDIR
2026-09-04T07:38:29.788944Z;/home/runner/work/gson/gson/gson/src/main;java;IN_ACCESS,IN_ISDIR
2026-09-04T07:38:29.789317Z;/home/runner/work/gson/gson/gson/src/main/java;;IN_ACCESS,IN_ISDIR
2026-09-04T07:38:29.789664Z;/home/runner/work/gson/gson/gson/src/main/java;com;IN_ACCESS,IN_ISDIR
2026-09-04T07:38:29.790049Z;/home/runner/work/gson/gson/gson/src/main/java/com;;IN_ACCESS,IN_ISDIR
2026-09-04T07:38:29.790410Z;/home/runner/work/gson/gson/gson/src/main/java;com;IN_ACCESS,IN_ISDIR
2026-09-04T07:38:29.790863Z;/home/runner/work/gson/gson/gson/src/main/java/com;;IN_ACCESS,IN_ISDIR
2026-09-04T07:38:29.791278Z;/home/runner/work/gson/gson/gson/src/main/java/com;google;IN_ACCESS,IN_ISDIR
2026-09-04T07:38:29.791621Z;/home/runner/work/gson/gson/gson/src/main/java/com/google;;IN_ACCESS,IN_ISDIR
2026-09-04T07:38:29.792010Z;/home/runner/work/gson/gson/gson/src/main/java/com;google;IN_ACCESS,IN_ISDIR
2026-09-04T07:38:29.792400Z;/home/runner/work/gson/gson/gson/src/main/java/com/google;;IN_ACCESS,IN_ISDIR
2026-09-04T07:38:29.792740Z;/home/runner/work/gson/gson/gson/src/main/java/com/google;gson;IN_ACCESS,IN_ISDIR
2026-09-04T07:38:29.793071Z;/home/runner/work/gson/gson/gson/src/main/java/com/google/gson;;IN_ACCESS,IN_ISDIR
2026-09-04T07:38:29.793435Z;/home/runner/work/gson/gson/gson/src/main/java/com/google;gson;IN_ACCESS,IN_ISDIR
2026-09-04T07:38:29.793864Z;/home/runner/work/gson/gson/gson/src/main/java/com/google/gson;;IN_ACCESS,IN_ISDIR
2026-09-04T07:38:29.794239Z;/home/runner/work/gson/gson/gson/src/main/java/com/google/gson;annotations;IN_ACCESS,IN_ISDIR
2026-09-04T07:38:29.794585Z;/home/runner/work/gson/gson/gson/src/main/java/com/google/gson/annotations;;IN_ACCESS,IN_ISDIR
2026-09-04T07:38:29.794928Z;/home/runner/work/gson/gson/gson/src/main/java/com/google/gson;annotations;IN_ACCESS,IN_ISDIR
2026-09-04T07:38:29.795240Z;/home/runner/work/gson/gson/gson/src/main/java/com/google/gson/annotations;;IN_ACCESS,IN_ISDIR
2026-09-04T07:38:29.795544Z;/home/runner/work/gson/gson/gson/src/main/java/com/google/gson;internal;IN_ACCESS,IN_ISDIR
2026-09-04T07:38:29.795873Z;/home/runner/work/gson/gson/gson/src/main/java/com/google/gson/internal;;IN_ACCESS,IN_ISDIR
2026-09-04T07:38:29.796146Z;/home/runner/work/gson/gson/gson/src/main/java/com/google/gson;internal;IN_ACCESS,IN_ISDIR
2026-09-04T07:38:29.796450Z;/home/runner/work/gson/gson/gson/src/main/java/com/google/gson/internal;;IN_ACCESS,IN_ISDIR
2026-09-04T07:38:29.796754Z;/home/runner/work/gson/gson/gson/src/main/java/com/google/gson/internal;bind;IN_ACCESS,IN_ISDIR
2026-09-04T07:38:29.797156Z;/home/runner/work/gson/gson/gson/src/main/java/com/google/gson/internal/bind;;IN_ACCESS,IN_ISDIR
2026-09-04T07:38:29.797485Z;/home/runner/work/gson/gson/gson/src/main/java/com/google/gson/internal;bind;IN_ACCESS,IN_ISDIR
2026-09-04T07:38:29.797811Z;/home/runner/work/gson/gson/gson/src/main/java/com/google/gson/internal/bind;;IN_ACCESS,IN_ISDIR
2026-09-04T07:38:29.798113Z;/home/runner/work/gson/gson/gson/src/main/java/com/google/gson/internal/bind;util;IN_ACCESS,IN_ISDIR
2026-09-04T07:38:29.798426Z;/home/runner/work/gson/gson/gson/src/main/java/com/google/gson/internal/bind/util;;IN_ACCESS,IN_ISDIR
2026-09-04T07:38:29.798772Z;/home/runner/work/gson/gson/gson/src/main/java/com/google/gson/internal/bind;util;IN_ACCESS,IN_ISDIR
2026-09-04T07:38:29.799066Z;/home/runner/work/gson/gson/gson/src/main/java/com/google/gson/internal/bind/util;;IN_ACCESS,IN_ISDIR
2026-09-04T07:38:29.799365Z;/home/runner/work/gson/gson/gson/src/main/java/com/google/gson/internal;reflect;IN_ACCESS,IN_ISDIR
2026-09-04T07:38:29.799707Z;/home/runner/work/gson/gson/gson/src/main/java/com/google/gson/internal/reflect;;IN_ACCESS,IN_ISDIR
2026-09-04T07:38:29.800105Z;/home/runner/work/gson/gson/gson/src/main/java/com/google/gson/internal;reflect;IN_ACCESS,IN_ISDIR
2026-09-04T07:38:29.800426Z;/home/runner/work/gson/gson/gson/src/main/java/com/google/gson/internal/reflect;;IN_ACCESS,IN_ISDIR
2026-09-04T07:38:29.800733Z;/home/runner/work/gson/gson/gson/src/main/java/com/google/gson/internal;sql;IN_ACCESS,IN_ISDIR
2026-09-04T07:38:29.801013Z;/home/runner/work/gson/gson/gson/src/main/java/com/google/gson/internal/sql;;IN_ACCESS,IN_ISDIR
2026-09-04T07:38:29.801290Z;/home/runner/work/gson/gson/gson/src/main/java/com/google/gson/internal;sql;IN_ACCESS,IN_ISDIR
2026-09-04T07:38:29.801700Z;/home/runner/work/gson/gson/gson/src/main/java/com/google/gson/internal/sql;;IN_ACCESS,IN_ISDIR
2026-09-04T07:38:29.801987Z;/home/runner/work/gson/gson/gson/src/main/java/com/google/gson;reflect;IN_ACCESS,IN_ISDIR
2026-09-04T07:38:29.802267Z;/home/runner/work/gson/gson/gson/src/main/java/com/google/gson/reflect;;IN_ACCESS,IN_ISDIR
2026-09-04T07:38:29.802543Z;/home/runner/work/gson/gson/gson/src/main/java/com/google/gson;reflect;IN_ACCESS,IN_ISDIR
2026-09-04T07:38:29.802854Z;/home/runner/work/gson/gson/gson/src/main/java/com/google/gson/reflect;;IN_ACCESS,IN_ISDIR
2026-09-04T07:38:29.803132Z;/home/runner/work/gson/gson/gson/src/main/java/com/google/gson;stream;IN_ACCESS,IN_ISDIR
2026-09-04T07:38:29.803408Z;/home/runner/work/gson/gson/gson/src/main/java/com/google/gson/stream;;IN_ACCESS,IN_ISDIR
2026-09-04T07:38:29.803716Z;/home/runner/work/gson/gson/gson/src/main/java/com/google/gson;stream;IN_ACCESS,IN_ISDIR
2026-09-04T07:38:29.803995Z;/home/runner/work/gson/gson/gson/src/main/java/com/google/gson/stream;;IN_ACCESS,IN_ISDIR
2026-09-04T07:38:29.804260Z;/home/runner/work/gson/gson/gson/src/main;java-templates;IN_ACCESS,IN_ISDIR
2026-09-04T07:38:29.804524Z;/home/runner/work/gson/gson/gson/src/main/java-templates;;IN_ACCESS,IN_ISDIR
2026-09-04T07:38:29.804814Z;/home/runner/work/gson/gson/gson/src/main;java-templates;IN_ACCESS,IN_ISDIR
2026-09-04T07:38:29.805081Z;/home/runner/work/gson/gson/gson/src/main/java-templates;;IN_ACCESS,IN_ISDIR
2026-09-04T07:38:29.805368Z;/home/runner/work/gson/gson/gson/src/main/java-templates;com;IN_ACCESS,IN_ISDIR
2026-09-04T07:38:29.805661Z;/home/runner/work/gson/gson/gson/src/main/java-templates/com;;IN_ACCESS,IN_ISDIR
2026-09-04T07:38:29.805935Z;/home/runner/work/gson/gson/gson/src/main/java-templates;com;IN_ACCESS,IN_ISDIR
2026-09-04T07:38:29.806294Z;/home/runner/work/gson/gson/gson/src/main/java-templates/com;;IN_ACCESS,IN_ISDIR
2026-09-04T07:38:29.809685Z;/home/runner/work/gson/gson/gson/src/main/java-templates/com;google;IN_ACCESS,IN_ISDIR
2026-09-04T07:38:29.810043Z;/home/runner/work/gson/gson/gson/src/main/java-templates/com/google;;IN_ACCESS,IN_ISDIR
2026-09-04T07:38:29.810388Z;/home/runner/work/gson/gson/gson/src/main/java-templates/com;google;IN_ACCESS,IN_ISDIR
2026-09-04T07:38:29.812148Z;/home/runner/work/gson/gson/gson/src/main/java-templates/com/google;;IN_ACCESS,IN_ISDIR
2026-09-04T07:38:29.812720Z;/home/runner/work/gson/gson/gson/src/main/java-templates/com/google;gson;IN_ACCESS,IN_ISDIR
2026-09-04T07:38:29.813078Z;/home/runner/work/gson/gson/gson/src/main/java-templates/com/google/gson;;IN_ACCESS,IN_ISDIR
2026-09-04T07:38:29.813395Z;/home/runner/work/gson/gson/gson/src/main/java-templates/com/google;gson;IN_ACCESS,IN_ISDIR
2026-09-04T07:38:29.813697Z;/home/runner/work/gson/gson/gson/src/main/java-templates/com/google/gson;;IN_ACCESS,IN_ISDIR
2026-09-04T07:38:29.813988Z;/home/runner/work/gson/gson/gson/src/main/java-templates/com/google/gson;internal;IN_ACCESS,IN_ISDIR
2026-09-04T07:38:29.814276Z;/home/runner/work/gson/gson/gson/src/main/java-templates/com/google/gson/internal;;IN_ACCESS,IN_ISDIR
2026-09-04T07:38:29.814587Z;/home/runner/work/gson/gson/gson/src/main/java-templates/com/google/gson;internal;IN_ACCESS,IN_ISDIR
2026-09-04T07:38:29.814878Z;/home/runner/work/gson/gson/gson/src/main/java-templates/com/google/gson/internal;;IN_ACCESS,IN_ISDIR
2026-09-04T07:38:29.815167Z;/home/runner/work/gson/gson/gson/src/main;resources;IN_ACCESS,IN_ISDIR
2026-09-04T07:38:29.815453Z;/home/runner/work/gson/gson/gson/src/main/resources;;IN_ACCESS,IN_ISDIR
2026-09-04T07:38:29.815745Z;/home/runner/work/gson/gson/gson/src/main;resources;IN_ACCESS,IN_ISDIR
2026-09-04T07:38:29.816072Z;/home/runner/work/gson/gson/gson/src/main/resources;;IN_ACCESS,IN_ISDIR
2026-09-04T07:38:29.816398Z;/home/runner/work/gson/gson/gson/src/main/resources;META-INF;IN_ACCESS,IN_ISDIR
2026-09-04T07:38:29.816692Z;/home/runner/work/gson/gson/gson/src/main/resources/META-INF;;IN_ACCESS,IN_ISDIR
2026-09-04T07:38:29.816978Z;/home/runner/work/gson/gson/gson/src/main/resources;META-INF;IN_ACCESS,IN_ISDIR
2026-09-04T07:38:29.817269Z;/home/runner/work/gson/gson/gson/src/main/resources/META-INF;;IN_ACCESS,IN_ISDIR
2026-09-04T07:38:29.817566Z;/home/runner/work/gson/gson/gson/src/main/resources/META-INF;proguard;IN_ACCESS,IN_ISDIR
2026-09-04T07:38:29.817864Z;/home/runner/work/gson/gson/gson/src/main/resources/META-INF/proguard;;IN_ACCESS,IN_ISDIR
2026-09-04T07:38:29.818152Z;/home/runner/work/gson/gson/gson/src/main/resources/META-INF;proguard;IN_ACCESS,IN_ISDIR
2026-09-04T07:38:29.818437Z;/home/runner/work/gson/gson/gson/src/main/resources/META-INF/proguard;;IN_ACCESS,IN_ISDIR
2026-09-04T07:38:29.818738Z;/home/runner/work/gson/gson/gson/src;test;IN_ACCESS,IN_ISDIR
2026-09-04T07:38:29.819039Z;/home/runner/work/gson/gson/gson/src/test;;IN_ACCESS,IN_ISDIR
2026-09-04T07:38:29.819325Z;/home/runner/work/gson/gson/gson/src;test;IN_ACCESS,IN_ISDIR
2026-09-04T07:38:29.819616Z;/home/runner/work/gson/gson/gson/src/test;;IN_ACCESS,IN_ISDIR
2026-09-04T07:38:29.819907Z;/home/runner/work/gson/gson/gson/src/test;java;IN_ACCESS,IN_ISDIR
2026-09-04T07:38:29.820188Z;/home/runner/work/gson/gson/gson/src/test/java;;IN_ACCESS,IN_ISDIR
2026-09-04T07:38:29.820465Z;/home/runner/work/gson/gson/gson/src/test;java;IN_ACCESS,IN_ISDIR
2026-09-04T07:38:29.820757Z;/home/runner/work/gson/gson/gson/src/test/java;;IN_ACCESS,IN_ISDIR
2026-09-04T07:38:29.821046Z;/home/runner/work/gson/gson/gson/src/test/java;com;IN_ACCESS,IN_ISDIR
2026-09-04T07:38:29.821331Z;/home/runner/work/gson/gson/gson/src/test/java/com;;IN_ACCESS,IN_ISDIR
2026-09-04T07:38:29.821630Z;/home/runner/work/gson/gson/gson/src/test/java;com;IN_ACCESS,IN_ISDIR
2026-09-04T07:38:29.821926Z;/home/runner/work/gson/gson/gson/src/test/java/com;;IN_ACCESS,IN_ISDIR
2026-09-04T07:38:29.822357Z;/home/runner/work/gson/gson/gson/src/test/java/com;google;IN_ACCESS,IN_ISDIR
2026-09-04T07:38:29.822758Z;/home/runner/work/gson/gson/gson/src/test/java/com/google;;IN_ACCESS,IN_ISDIR
2026-09-04T07:38:29.823166Z;/home/runner/work/gson/gson/gson/src/test/java/com;google;IN_ACCESS,IN_ISDIR
2026-09-04T07:38:29.823499Z;/home/runner/work/gson/gson/gson/src/test/java/com/google;;IN_ACCESS,IN_ISDIR
2026-09-04T07:38:29.823844Z;/home/runner/work/gson/gson/gson/src/test/java/com/google;gson;IN_ACCESS,IN_ISDIR
2026-09-04T07:38:29.824180Z;/home/runner/work/gson/gson/gson/src/test/java/com/google/gson;;IN_ACCESS,IN_ISDIR
2026-09-04T07:38:29.824613Z;/home/runner/work/gson/gson/gson/src/test/java/com/google;gson;IN_ACCESS,IN_ISDIR
2026-09-04T07:38:29.824978Z;/home/runner/work/gson/gson/gson/src/test/java/com/google/gson;;IN_ACCESS,IN_ISDIR
2026-09-04T07:38:29.825378Z;/home/runner/work/gson/gson/gson/src/test/java/com/google/gson;common;IN_ACCESS,IN_ISDIR
2026-09-04T07:38:29.825731Z;/home/runner/work/gson/gson/gson/src/test/java/com/google/gson;functional;IN_ACCESS,IN_ISDIR
2026-09-04T07:38:29.826078Z;/home/runner/work/gson/gson/gson/src/test/java/com/google/gson;integration;IN_ACCESS,IN_ISDIR
2026-09-04T07:38:29.826395Z;/home/runner/work/gson/gson/gson/src/test/java/com/google/gson/integration;;IN_ACCESS,IN_ISDIR
2026-09-04T07:38:29.826695Z;/home/runner/work/gson/gson/gson/src/test/java/com/google/gson;integration;IN_ACCESS,IN_ISDIR
2026-09-04T07:38:29.826994Z;/home/runner/work/gson/gson/gson/src/test/java/com/google/gson/integration;;IN_ACCESS,IN_ISDIR
2026-09-04T07:38:29.827282Z;/home/runner/work/gson/gson/gson/src/test/java/com/google/gson;internal;IN_ACCESS,IN_ISDIR
2026-09-04T07:38:29.827646Z;/home/runner/work/gson/gson/gson/src/test/java/com/google/gson/internal;;IN_ACCESS,IN_ISDIR
2026-09-04T07:38:29.827999Z;/home/runner/work/gson/gson/gson/src/test/java/com/google/gson;internal;IN_ACCESS,IN_ISDIR
2026-09-04T07:38:29.828337Z;/home/runner/work/gson/gson/gson/src/test/java/com/google/gson/internal;;IN_ACCESS,IN_ISDIR
2026-09-04T07:38:29.828653Z;/home/runner/work/gson/gson/gson/src/test/java/com/google/gson/internal;bind;IN_ACCESS,IN_ISDIR
2026-09-04T07:38:29.828989Z;/home/runner/work/gson/gson/gson/src/test/java/com/google/gson/internal/bind;;IN_ACCESS,IN_ISDIR
2026-09-04T07:38:29.829286Z;/home/runner/work/gson/gson/gson/src/test/java/com/google/gson/internal;bind;IN_ACCESS,IN_ISDIR
2026-09-04T07:38:29.829592Z;/home/runner/work/gson/gson/gson/src/test/java/com/google/gson/internal/bind;;IN_ACCESS,IN_ISDIR
2026-09-04T07:38:29.829883Z;/home/runner/work/gson/gson/gson/src/test/java/com/google/gson/internal/bind;util;IN_ACCESS,IN_ISDIR
2026-09-04T07:38:29.830167Z;/home/runner/work/gson/gson/gson/src/test/java/com/google/gson/internal/bind/util;;IN_ACCESS,IN_ISDIR
2026-09-04T07:38:29.830582Z;/home/runner/work/gson/gson/gson/src/test/java/com/google/gson/internal/bind;util;IN_ACCESS,IN_ISDIR
2026-09-04T07:38:29.830915Z;/home/runner/work/gson/gson/gson/src/test/java/com/google/gson/internal/bind/util;;IN_ACCESS,IN_ISDIR
2026-09-04T07:38:29.831214Z;/home/runner/work/gson/gson/gson/src/test/java/com/google/gson/internal;reflect;IN_ACCESS,IN_ISDIR
2026-09-04T07:38:29.831537Z;/home/runner/work/gson/gson/gson/src/test/java/com/google/gson/internal/reflect;;IN_ACCESS,IN_ISDIR
2026-09-04T07:38:29.831893Z;/home/runner/work/gson/gson/gson/src/test/java/com/google/gson/internal;reflect;IN_ACCESS,IN_ISDIR
2026-09-04T07:38:29.832191Z;/home/runner/work/gson/gson/gson/src/test/java/com/google/gson/internal/reflect;;IN_ACCESS,IN_ISDIR
2026-09-04T07:38:29.832532Z;/home/runner/work/gson/gson/gson/src/test/java/com/google/gson/internal;sql;IN_ACCESS,IN_ISDIR
2026-09-04T07:38:29.832865Z;/home/runner/work/gson/gson/gson/src/test/java/com/google/gson/internal/sql;;IN_ACCESS,IN_ISDIR
2026-09-04T07:38:29.833186Z;/home/runner/work/gson/gson/gson/src/test/java/com/google/gson/internal;sql;IN_ACCESS,IN_ISDIR
2026-09-04T07:38:29.833574Z;/home/runner/work/gson/gson/gson/src/test/java/com/google/gson/internal/sql;;IN_ACCESS,IN_ISDIR
2026-09-04T07:38:29.833893Z;/home/runner/work/gson/gson/gson/src/test/java/com/google/gson;metrics;IN_ACCESS,IN_ISDIR
2026-09-04T07:38:29.834200Z;/home/runner/work/gson/gson/gson/src/test/java/com/google/gson/metrics;;IN_ACCESS,IN_ISDIR
2026-09-04T07:38:29.834539Z;/home/runner/work/gson/gson/gson/src/test/java/com/google/gson;metrics;IN_ACCESS,IN_ISDIR
2026-09-04T07:38:29.834893Z;/home/runner/work/gson/gson/gson/src/test/java/com/google/gson/metrics;;IN_ACCESS,IN_ISDIR
2026-09-04T07:38:29.835205Z;/home/runner/work/gson/gson/gson/src/test/java/com/google/gson;reflect;IN_ACCESS,IN_ISDIR
2026-09-04T07:38:29.835677Z;/home/runner/work/gson/gson/gson/src/test/java/com/google/gson/reflect;;IN_ACCESS,IN_ISDIR
2026-09-04T07:38:29.835972Z;/home/runner/work/gson/gson/gson/src/test/java/com/google/gson;reflect;IN_ACCESS,IN_ISDIR
2026-09-04T07:38:29.836340Z;/home/runner/work/gson/gson/gson/src/test/java/com/google/gson/reflect;;IN_ACCESS,IN_ISDIR
2026-09-04T07:38:29.836713Z;/home/runner/work/gson/gson/gson/src/test/java/com/google/gson;stream;IN_ACCESS,IN_ISDIR
2026-09-04T07:38:29.837056Z;/home/runner/work/gson/gson/gson/src/test/java/com/google/gson/stream;;IN_ACCESS,IN_ISDIR
2026-09-04T07:38:29.837406Z;/home/runner/work/gson/gson/gson/src/test/java/com/google/gson;stream;IN_ACCESS,IN_ISDIR
2026-09-04T07:38:29.837708Z;/home/runner/work/gson/gson/gson/src/test/java/com/google/gson/stream;;IN_ACCESS,IN_ISDIR
2026-09-04T07:38:29.838172Z;/home/runner/work/gson/gson/gson/src/test;resources;IN_ACCESS,IN_ISDIR
2026-09-04T07:38:29.838639Z;/home/runner/work/gson/gson/gson/src/test/resources;;IN_ACCESS,IN_ISDIR
2026-09-04T07:38:29.839073Z;/home/runner/work/gson/gson/gson/src/test;resources;IN_ACCESS,IN_ISDIR
2026-09-04T07:38:29.839411Z;/home/runner/work/gson/gson/gson/src/test/resources;;IN_ACCESS,IN_ISDIR
2026-09-04T07:38:29.839797Z;/home/runner/work/gson/gson;metrics;IN_ACCESS,IN_ISDIR
2026-09-04T07:38:29.840120Z;/home/runner/work/gson/gson/metrics;;IN_ACCESS,IN_ISDIR
2026-09-04T07:38:29.840432Z;/home/runner/work/gson/gson;metrics;IN_ACCESS,IN_ISDIR
2026-09-04T07:38:29.840737Z;/home/runner/work/gson/gson/metrics;;IN_ACCESS,IN_ISDIR
2026-09-04T07:38:29.841014Z;/home/runner/work/gson/gson/metrics;src;IN_ACCESS,IN_ISDIR
2026-09-04T07:38:29.841287Z;/home/runner/work/gson/gson/metrics/src;;IN_ACCESS,IN_ISDIR
2026-09-04T07:38:29.841581Z;/home/runner/work/gson/gson/metrics;src;IN_ACCESS,IN_ISDIR
2026-09-04T07:38:29.841857Z;/home/runner/work/gson/gson/metrics/src;;IN_ACCESS,IN_ISDIR
2026-09-04T07:38:29.842127Z;/home/runner/work/gson/gson/metrics/src;main;IN_ACCESS,IN_ISDIR
2026-09-04T07:38:29.842393Z;/home/runner/work/gson/gson/metrics/src/main;;IN_ACCESS,IN_ISDIR
2026-09-04T07:38:29.842672Z;/home/runner/work/gson/gson/metrics/src;main;IN_ACCESS,IN_ISDIR
2026-09-04T07:38:29.842947Z;/home/runner/work/gson/gson/metrics/src/main;;IN_ACCESS,IN_ISDIR
2026-09-04T07:38:29.843220Z;/home/runner/work/gson/gson/metrics/src/main;java;IN_ACCESS,IN_ISDIR
2026-09-04T07:38:29.843503Z;/home/runner/work/gson/gson/metrics/src/main/java;;IN_ACCESS,IN_ISDIR
2026-09-04T07:38:29.843772Z;/home/runner/work/gson/gson/metrics/src/main;java;IN_ACCESS,IN_ISDIR
2026-09-04T07:38:29.844051Z;/home/runner/work/gson/gson/metrics/src/main/java;;IN_ACCESS,IN_ISDIR
2026-09-04T07:38:29.844325Z;/home/runner/work/gson/gson/metrics/src/main/java;com;IN_ACCESS,IN_ISDIR
2026-09-04T07:38:29.844617Z;/home/runner/work/gson/gson/metrics/src/main/java/com;;IN_ACCESS,IN_ISDIR
2026-09-04T07:38:29.844912Z;/home/runner/work/gson/gson/metrics/src/main/java;com;IN_ACCESS,IN_ISDIR
2026-09-04T07:38:29.845202Z;/home/runner/work/gson/gson/metrics/src/main/java/com;;IN_ACCESS,IN_ISDIR
2026-09-04T07:38:29.845500Z;/home/runner/work/gson/gson/metrics/src/main/java/com;google;IN_ACCESS,IN_ISDIR
2026-09-04T07:38:29.845791Z;/home/runner/work/gson/gson/metrics/src/main/java/com/google;;IN_ACCESS,IN_ISDIR
2026-09-04T07:38:29.846087Z;/home/runner/work/gson/gson/metrics/src/main/java/com;google;IN_ACCESS,IN_ISDIR
2026-09-04T07:38:29.846384Z;/home/runner/work/gson/gson/metrics/src/main/java/com/google;;IN_ACCESS,IN_ISDIR
2026-09-04T07:38:29.846675Z;/home/runner/work/gson/gson/metrics/src/main/java/com/google;gson;IN_ACCESS,IN_ISDIR
2026-09-04T07:38:29.846951Z;/home/runner/work/gson/gson/metrics/src/main/java/com/google/gson;;IN_ACCESS,IN_ISDIR
2026-09-04T07:38:29.847220Z;/home/runner/work/gson/gson/metrics/src/main/java/com/google;gson;IN_ACCESS,IN_ISDIR
2026-09-04T07:38:29.847492Z;/home/runner/work/gson/gson/metrics/src/main/java/com/google/gson;;IN_ACCESS,IN_ISDIR
2026-09-04T07:38:29.847797Z;/home/runner/work/gson/gson/metrics/src/main/java/com/google/gson;metrics;IN_ACCESS,IN_ISDIR
2026-09-04T07:38:29.848319Z;/home/runner/work/gson/gson/metrics/src/main/java/com/google/gson/metrics;;IN_ACCESS,IN_ISDIR
2026-09-04T07:38:29.848622Z;/home/runner/work/gson/gson/metrics/src/main/java/com/google/gson;metrics;IN_ACCESS,IN_ISDIR
2026-09-04T07:38:29.848927Z;/home/runner/work/gson/gson/metrics/src/main/java/com/google/gson/metrics;;IN_ACCESS,IN_ISDIR
2026-09-04T07:38:29.849232Z;/home/runner/work/gson/gson/metrics/src/main;resources;IN_ACCESS,IN_ISDIR
2026-09-04T07:38:29.849553Z;/home/runner/work/gson/gson/metrics/src/main/resources;;IN_ACCESS,IN_ISDIR
2026-09-04T07:38:29.849939Z;/home/runner/work/gson/gson/metrics/src/main;resources;IN_ACCESS,IN_ISDIR
2026-09-04T07:38:29.850253Z;/home/runner/work/gson/gson/metrics/src/main/resources;;IN_ACCESS,IN_ISDIR
2026-09-04T07:38:29.850589Z;/home/runner/work/gson/gson;proto;IN_ACCESS,IN_ISDIR
2026-09-04T07:38:29.850895Z;/home/runner/work/gson/gson/proto;;IN_ACCESS,IN_ISDIR
2026-09-04T07:38:29.851195Z;/home/runner/work/gson/gson;proto;IN_ACCESS,IN_ISDIR
2026-09-04T07:38:29.851521Z;/home/runner/work/gson/gson/proto;;IN_ACCESS,IN_ISDIR
2026-09-04T07:38:29.851846Z;/home/runner/work/gson/gson/proto;src;IN_ACCESS,IN_ISDIR
2026-09-04T07:38:29.852157Z;/home/runner/work/gson/gson/proto/src;;IN_ACCESS,IN_ISDIR
2026-09-04T07:38:29.852449Z;/home/runner/work/gson/gson/proto;src;IN_ACCESS,IN_ISDIR
2026-09-04T07:38:29.852768Z;/home/runner/work/gson/gson/proto/src;;IN_ACCESS,IN_ISDIR
2026-09-04T07:38:29.853134Z;/home/runner/work/gson/gson/proto/src;main;IN_ACCESS,IN_ISDIR
2026-09-04T07:38:29.853533Z;/home/runner/work/gson/gson/proto/src/main;;IN_ACCESS,IN_ISDIR
2026-09-04T07:38:29.853930Z;/home/runner/work/gson/gson/proto/src;main;IN_ACCESS,IN_ISDIR
2026-09-04T07:38:29.854270Z;/home/runner/work/gson/gson/proto/src/main;;IN_ACCESS,IN_ISDIR
2026-09-04T07:38:29.854592Z;/home/runner/work/gson/gson/proto/src/main;java;IN_ACCESS,IN_ISDIR
2026-09-04T07:38:29.854901Z;/home/runner/work/gson/gson/proto/src/main/java;;IN_ACCESS,IN_ISDIR
2026-09-04T07:38:29.855206Z;/home/runner/work/gson/gson/proto/src/main;java;IN_ACCESS,IN_ISDIR
2026-09-04T07:38:29.855509Z;/home/runner/work/gson/gson/proto/src/main/java;;IN_ACCESS,IN_ISDIR
2026-09-04T07:38:29.855836Z;/home/runner/work/gson/gson/proto/src/main/java;com;IN_ACCESS,IN_ISDIR
2026-09-04T07:38:29.856164Z;/home/runner/work/gson/gson/proto/src/main/java/com;;IN_ACCESS,IN_ISDIR
2026-09-04T07:38:29.856493Z;/home/runner/work/gson/gson/proto/src/main/java;com;IN_ACCESS,IN_ISDIR
2026-09-04T07:38:29.856777Z;/home/runner/work/gson/gson/proto/src/main/java/com;;IN_ACCESS,IN_ISDIR
2026-09-04T07:38:29.857059Z;/home/runner/work/gson/gson/proto/src/main/java/com;google;IN_ACCESS,IN_ISDIR
2026-09-04T07:38:29.857394Z;/home/runner/work/gson/gson/proto/src/main/java/com/google;;IN_ACCESS,IN_ISDIR
2026-09-04T07:38:29.857705Z;/home/runner/work/gson/gson/proto/src/main/java/com;google;IN_ACCESS,IN_ISDIR
2026-09-04T07:38:29.857983Z;/home/runner/work/gson/gson/proto/src/main/java/com/google;;IN_ACCESS,IN_ISDIR
2026-09-04T07:38:29.858241Z;/home/runner/work/gson/gson/proto/src/main/java/com/google;gson;IN_ACCESS,IN_ISDIR
2026-09-04T07:38:29.858598Z;/home/runner/work/gson/gson/proto/src/main/java/com/google/gson;;IN_ACCESS,IN_ISDIR
2026-09-04T07:38:29.858932Z;/home/runner/work/gson/gson/proto/src/main/java/com/google;gson;IN_ACCESS,IN_ISDIR
2026-09-04T07:38:29.859263Z;/home/runner/work/gson/gson/proto/src/main/java/com/google/gson;;IN_ACCESS,IN_ISDIR
2026-09-04T07:38:29.859600Z;/home/runner/work/gson/gson/proto/src/main/java/com/google/gson;protobuf;IN_ACCESS,IN_ISDIR
2026-09-04T07:38:29.859894Z;/home/runner/work/gson/gson/proto/src/main/java/com/google/gson/protobuf;;IN_ACCESS,IN_ISDIR
2026-09-04T07:38:29.860218Z;/home/runner/work/gson/gson/proto/src/main/java/com/google/gson;protobuf;IN_ACCESS,IN_ISDIR
2026-09-04T07:38:29.860540Z;/home/runner/work/gson/gson/proto/src/main/java/com/google/gson/protobuf;;IN_ACCESS,IN_ISDIR
2026-09-04T07:38:29.860875Z;/home/runner/work/gson/gson/proto/src;test;IN_ACCESS,IN_ISDIR
2026-09-04T07:38:29.861158Z;/home/runner/work/gson/gson/proto/src/test;;IN_ACCESS,IN_ISDIR
2026-09-04T07:38:29.861537Z;/home/runner/work/gson/gson/proto/src;test;IN_ACCESS,IN_ISDIR
2026-09-04T07:38:29.861844Z;/home/runner/work/gson/gson/proto/src/test;;IN_ACCESS,IN_ISDIR
2026-09-04T07:38:29.862126Z;/home/runner/work/gson/gson/proto/src/test;java;IN_ACCESS,IN_ISDIR
2026-09-04T07:38:29.862401Z;/home/runner/work/gson/gson/proto/src/test/java;;IN_ACCESS,IN_ISDIR
2026-09-04T07:38:29.862695Z;/home/runner/work/gson/gson/proto/src/test;java;IN_ACCESS,IN_ISDIR
2026-09-04T07:38:29.862984Z;/home/runner/work/gson/gson/proto/src/test/java;;IN_ACCESS,IN_ISDIR
2026-09-04T07:38:29.863264Z;/home/runner/work/gson/gson/proto/src/test/java;com;IN_ACCESS,IN_ISDIR
2026-09-04T07:38:29.863535Z;/home/runner/work/gson/gson/proto/src/test/java/com;;IN_ACCESS,IN_ISDIR
2026-09-04T07:38:29.863890Z;/home/runner/work/gson/gson/proto/src/test/java;com;IN_ACCESS,IN_ISDIR
2026-09-04T07:38:29.864173Z;/home/runner/work/gson/gson/proto/src/test/java/com;;IN_ACCESS,IN_ISDIR
2026-09-04T07:38:29.864457Z;/home/runner/work/gson/gson/proto/src/test/java/com;google;IN_ACCESS,IN_ISDIR
2026-09-04T07:38:29.864755Z;/home/runner/work/gson/gson/proto/src/test/java/com/google;;IN_ACCESS,IN_ISDIR
2026-09-04T07:38:29.865052Z;/home/runner/work/gson/gson/proto/src/test/java/com;google;IN_ACCESS,IN_ISDIR
2026-09-04T07:38:29.865331Z;/home/runner/work/gson/gson/proto/src/test/java/com/google;;IN_ACCESS,IN_ISDIR
2026-09-04T07:38:29.865616Z;/home/runner/work/gson/gson/proto/src/test/java/com/google;gson;IN_ACCESS,IN_ISDIR
2026-09-04T07:38:29.865899Z;/home/runner/work/gson/gson/proto/src/test/java/com/google/gson;;IN_ACCESS,IN_ISDIR
2026-09-04T07:38:29.866182Z;/home/runner/work/gson/gson/proto/src/test/java/com/google;gson;IN_ACCESS,IN_ISDIR
2026-09-04T07:38:29.866466Z;/home/runner/work/gson/gson/proto/src/test/java/com/google/gson;;IN_ACCESS,IN_ISDIR
2026-09-04T07:38:29.866761Z;/home/runner/work/gson/gson/proto/src/test/java/com/google/gson;protobuf;IN_ACCESS,IN_ISDIR
2026-09-04T07:38:29.867053Z;/home/runner/work/gson/gson/proto/src/test/java/com/google/gson/protobuf;;IN_ACCESS,IN_ISDIR
2026-09-04T07:38:29.867326Z;/home/runner/work/gson/gson/proto/src/test/java/com/google/gson;protobuf;IN_ACCESS,IN_ISDIR
2026-09-04T07:38:29.867615Z;/home/runner/work/gson/gson/proto/src/test/java/com/google/gson/protobuf;;IN_ACCESS,IN_ISDIR
2026-09-04T07:38:29.867888Z;/home/runner/work/gson/gson/proto/src/test/java/com/google/gson/protobuf;functional;IN_ACCESS,IN_ISDIR
2026-09-04T07:38:29.868158Z;/home/runner/work/gson/gson/proto/src/test/java/com/google/gson/protobuf/functional;;IN_ACCESS,IN_ISDIR
2026-09-04T07:38:29.868467Z;/home/runner/work/gson/gson/proto/src/test/java/com/google/gson/protobuf;functional;IN_ACCESS,IN_ISDIR
2026-09-04T07:38:29.868753Z;/home/runner/work/gson/gson/proto/src/test/java/com/google/gson/protobuf/functional;;IN_ACCESS,IN_ISDIR
2026-09-04T07:38:29.869044Z;/home/runner/work/gson/gson/proto/src/test;protobuf;IN_ACCESS,IN_ISDIR
2026-09-04T07:38:29.869326Z;/home/runner/work/gson/gson/proto/src/test/protobuf;;IN_ACCESS,IN_ISDIR
2026-09-04T07:38:29.869856Z;/home/runner/work/gson/gson/proto/src/test;protobuf;IN_ACCESS,IN_ISDIR
2026-09-04T07:38:29.870913Z;/home/runner/work/gson/gson/proto/src/test/protobuf;;IN_ACCESS,IN_ISDIR
2026-09-04T07:38:29.872326Z;/home/runner/work/gson/gson;test-graal-native-image;IN_ACCESS,IN_ISDIR
2026-09-04T07:38:29.872640Z;/home/runner/work/gson/gson/test-graal-native-image;;IN_ACCESS,IN_ISDIR
2026-09-04T07:38:29.872948Z;/home/runner/work/gson/gson;test-graal-native-image;IN_ACCESS,IN_ISDIR
2026-09-04T07:38:29.873223Z;/home/runner/work/gson/gson/test-graal-native-image;;IN_ACCESS,IN_ISDIR
2026-09-04T07:38:29.873501Z;/home/runner/work/gson/gson/test-graal-native-image;src;IN_ACCESS,IN_ISDIR
2026-09-04T07:38:29.873775Z;/home/runner/work/gson/gson/test-graal-native-image/src;;IN_ACCESS,IN_ISDIR
2026-09-04T07:38:29.874055Z;/home/runner/work/gson/gson/test-graal-native-image;src;IN_ACCESS,IN_ISDIR
2026-09-04T07:38:29.874337Z;/home/runner/work/gson/gson/test-graal-native-image/src;;IN_ACCESS,IN_ISDIR
2026-09-04T07:38:29.874618Z;/home/runner/work/gson/gson/test-graal-native-image/src;test;IN_ACCESS,IN_ISDIR
2026-09-04T07:38:29.875026Z;/home/runner/work/gson/gson/test-graal-native-image/src/test;;IN_ACCESS,IN_ISDIR
2026-09-04T07:38:29.875359Z;/home/runner/work/gson/gson/test-graal-native-image/src;test;IN_ACCESS,IN_ISDIR
2026-09-04T07:38:29.875684Z;/home/runner/work/gson/gson/test-graal-native-image/src/test;;IN_ACCESS,IN_ISDIR
2026-09-04T07:38:29.875971Z;/home/runner/work/gson/gson/test-graal-native-image/src/test;java;IN_ACCESS,IN_ISDIR
2026-09-04T07:38:29.876250Z;/home/runner/work/gson/gson/test-graal-native-image/src/test/java;;IN_ACCESS,IN_ISDIR
2026-09-04T07:38:29.876534Z;/home/runner/work/gson/gson/test-graal-native-image/src/test;java;IN_ACCESS,IN_ISDIR
2026-09-04T07:38:29.876837Z;/home/runner/work/gson/gson/test-graal-native-image/src/test/java;;IN_ACCESS,IN_ISDIR
2026-09-04T07:38:29.877112Z;/home/runner/work/gson/gson/test-graal-native-image/src/test/java;com;IN_ACCESS,IN_ISDIR
2026-09-04T07:38:29.877386Z;/home/runner/work/gson/gson/test-graal-native-image/src/test/java/com;;IN_ACCESS,IN_ISDIR
2026-09-04T07:38:29.877682Z;/home/runner/work/gson/gson/test-graal-native-image/src/test/java;com;IN_ACCESS,IN_ISDIR
2026-09-04T07:38:29.878015Z;/home/runner/work/gson/gson/test-graal-native-image/src/test/java/com;;IN_ACCESS,IN_ISDIR
2026-09-04T07:38:29.878298Z;/home/runner/work/gson/gson/test-graal-native-image/src/test/java/com;google;IN_ACCESS,IN_ISDIR
2026-09-04T07:38:29.878596Z;/home/runner/work/gson/gson/test-graal-native-image/src/test/java/com/google;;IN_ACCESS,IN_ISDIR
2026-09-04T07:38:29.878951Z;/home/runner/work/gson/gson/test-graal-native-image/src/test/java/com;google;IN_ACCESS,IN_ISDIR
2026-09-04T07:38:29.879244Z;/home/runner/work/gson/gson/test-graal-native-image/src/test/java/com/google;;IN_ACCESS,IN_ISDIR
2026-09-04T07:38:29.879540Z;/home/runner/work/gson/gson/test-graal-native-image/src/test/java/com/google;gson;IN_ACCESS,IN_ISDIR
2026-09-04T07:38:29.879830Z;/home/runner/work/gson/gson/test-graal-native-image/src/test/java/com/google/gson;;IN_ACCESS,IN_ISDIR
2026-09-04T07:38:29.880121Z;/home/runner/work/gson/gson/test-graal-native-image/src/test/java/com/google;gson;IN_ACCESS,IN_ISDIR
2026-09-04T07:38:29.880412Z;/home/runner/work/gson/gson/test-graal-native-image/src/test/java/com/google/gson;;IN_ACCESS,IN_ISDIR
2026-09-04T07:38:29.880727Z;/home/runner/work/gson/gson/test-graal-native-image/src/test/java/com/google/gson;native_test;IN_ACCESS,IN_ISDIR
2026-09-04T07:38:29.881031Z;/home/runner/work/gson/gson/test-graal-native-image/src/test/java/com/google/gson/native_test;;IN_ACCESS,IN_ISDIR
2026-09-04T07:38:29.881319Z;/home/runner/work/gson/gson/test-graal-native-image/src/test/java/com/google/gson;native_test;IN_ACCESS,IN_ISDIR
2026-09-04T07:38:29.881627Z;/home/runner/work/gson/gson/test-graal-native-image/src/test/java/com/google/gson/native_test;;IN_ACCESS,IN_ISDIR
2026-09-04T07:38:29.881961Z;/home/runner/work/gson/gson/test-graal-native-image/src/test;resources;IN_ACCESS,IN_ISDIR
2026-09-04T07:38:29.882255Z;/home/runner/work/gson/gson/test-graal-native-image/src/test/resources;;IN_ACCESS,IN_ISDIR
2026-09-04T07:38:29.882542Z;/home/runner/work/gson/gson/test-graal-native-image/src/test;resources;IN_ACCESS,IN_ISDIR
2026-09-04T07:38:29.882902Z;/home/runner/work/gson/gson/test-graal-native-image/src/test/resources;;IN_ACCESS,IN_ISDIR
2026-09-04T07:38:29.883258Z;/home/runner/work/gson/gson/test-graal-native-image/src/test/resources;META-INF;IN_ACCESS,IN_ISDIR
2026-09-04T07:38:29.883736Z;/home/runner/work/gson/gson/test-graal-native-image/src/test/resources/META-INF;;IN_ACCESS,IN_ISDIR
2026-09-04T07:38:29.884082Z;/home/runner/work/gson/gson/test-graal-native-image/src/test/resources;META-INF;IN_ACCESS,IN_ISDIR
2026-09-04T07:38:29.884397Z;/home/runner/work/gson/gson/test-graal-native-image/src/test/resources/META-INF;;IN_ACCESS,IN_ISDIR
2026-09-04T07:38:29.884727Z;/home/runner/work/gson/gson/test-graal-native-image/src/test/resources/META-INF;native-image;IN_ACCESS,IN_ISDIR
2026-09-04T07:38:29.885045Z;/home/runner/work/gson/gson/test-graal-native-image/src/test/resources/META-INF/native-image;;IN_ACCESS,IN_ISDIR
2026-09-04T07:38:29.885673Z;/home/runner/work/gson/gson/test-graal-native-image/src/test/resources/META-INF;native-image;IN_ACCESS,IN_ISDIR
2026-09-04T07:38:29.886141Z;/home/runner/work/gson/gson/test-graal-native-image/src/test/resources/META-INF/native-image;;IN_ACCESS,IN_ISDIR
2026-09-04T07:38:29.886485Z;/home/runner/work/gson/gson;test-jpms;IN_ACCESS,IN_ISDIR
2026-09-04T07:38:29.886772Z;/home/runner/work/gson/gson/test-jpms;;IN_ACCESS,IN_ISDIR
2026-09-04T07:38:29.887049Z;/home/runner/work/gson/gson;test-jpms;IN_ACCESS,IN_ISDIR
2026-09-04T07:38:29.887325Z;/home/runner/work/gson/gson/test-jpms;;IN_ACCESS,IN_ISDIR
2026-09-04T07:38:29.887612Z;/home/runner/work/gson/gson/test-jpms;src;IN_ACCESS,IN_ISDIR
2026-09-04T07:38:29.887877Z;/home/runner/work/gson/gson/test-jpms/src;;IN_ACCESS,IN_ISDIR
2026-09-04T07:38:29.888146Z;/home/runner/work/gson/gson/test-jpms;src;IN_ACCESS,IN_ISDIR
2026-09-04T07:38:29.888427Z;/home/runner/work/gson/gson/test-jpms/src;;IN_ACCESS,IN_ISDIR
2026-09-04T07:38:29.888711Z;/home/runner/work/gson/gson/test-jpms/src;main;IN_ACCESS,IN_ISDIR
2026-09-04T07:38:29.888993Z;/home/runner/work/gson/gson/test-jpms/src/main;;IN_ACCESS,IN_ISDIR
2026-09-04T07:38:29.889276Z;/home/runner/work/gson/gson/test-jpms/src;main;IN_ACCESS,IN_ISDIR
2026-09-04T07:38:29.889615Z;/home/runner/work/gson/gson/test-jpms/src/main;;IN_ACCESS,IN_ISDIR
2026-09-04T07:38:29.889947Z;/home/runner/work/gson/gson/test-jpms/src/main;java;IN_ACCESS,IN_ISDIR
2026-09-04T07:38:29.890236Z;/home/runner/work/gson/gson/test-jpms/src/main/java;;IN_ACCESS,IN_ISDIR
2026-09-04T07:38:29.890527Z;/home/runner/work/gson/gson/test-jpms/src/main;java;IN_ACCESS,IN_ISDIR
2026-09-04T07:38:29.890931Z;/home/runner/work/gson/gson/test-jpms/src/main/java;;IN_ACCESS,IN_ISDIR
2026-09-04T07:38:29.891255Z;/home/runner/work/gson/gson/test-jpms/src;test;IN_ACCESS,IN_ISDIR
2026-09-04T07:38:29.891541Z;/home/runner/work/gson/gson/test-jpms/src/test;;IN_ACCESS,IN_ISDIR
2026-09-04T07:38:29.891921Z;/home/runner/work/gson/gson/test-jpms/src;test;IN_ACCESS,IN_ISDIR
2026-09-04T07:38:29.892207Z;/home/runner/work/gson/gson/test-jpms/src/test;;IN_ACCESS,IN_ISDIR
2026-09-04T07:38:29.892521Z;/home/runner/work/gson/gson/test-jpms/src/test;java;IN_ACCESS,IN_ISDIR
2026-09-04T07:38:29.892829Z;/home/runner/work/gson/gson/test-jpms/src/test/java;;IN_ACCESS,IN_ISDIR
2026-09-04T07:38:29.893127Z;/home/runner/work/gson/gson/test-jpms/src/test;java;IN_ACCESS,IN_ISDIR
2026-09-04T07:38:29.893406Z;/home/runner/work/gson/gson/test-jpms/src/test/java;;IN_ACCESS,IN_ISDIR
2026-09-04T07:38:29.893686Z;/home/runner/work/gson/gson/test-jpms/src/test/java;com;IN_ACCESS,IN_ISDIR
2026-09-04T07:38:29.893965Z;/home/runner/work/gson/gson/test-jpms/src/test/java/com;;IN_ACCESS,IN_ISDIR
2026-09-04T07:38:29.894243Z;/home/runner/work/gson/gson/test-jpms/src/test/java;com;IN_ACCESS,IN_ISDIR
2026-09-04T07:38:29.894517Z;/home/runner/work/gson/gson/test-jpms/src/test/java/com;;IN_ACCESS,IN_ISDIR
2026-09-04T07:38:29.894791Z;/home/runner/work/gson/gson/test-jpms/src/test/java/com;google;IN_ACCESS,IN_ISDIR
2026-09-04T07:38:29.895071Z;/home/runner/work/gson/gson/test-jpms/src/test/java/com/google;;IN_ACCESS,IN_ISDIR
2026-09-04T07:38:29.895344Z;/home/runner/work/gson/gson/test-jpms/src/test/java/com;google;IN_ACCESS,IN_ISDIR
2026-09-04T07:38:29.895622Z;/home/runner/work/gson/gson/test-jpms/src/test/java/com/google;;IN_ACCESS,IN_ISDIR
2026-09-04T07:38:29.895910Z;/home/runner/work/gson/gson/test-jpms/src/test/java/com/google;gson;IN_ACCESS,IN_ISDIR
2026-09-04T07:38:29.896254Z;/home/runner/work/gson/gson/test-jpms/src/test/java/com/google/gson;;IN_ACCESS,IN_ISDIR
2026-09-04T07:38:29.896528Z;/home/runner/work/gson/gson/test-jpms/src/test/java/com/google;gson;IN_ACCESS,IN_ISDIR
2026-09-04T07:38:29.896831Z;/home/runner/work/gson/gson/test-jpms/src/test/java/com/google/gson;;IN_ACCESS,IN_ISDIR
2026-09-04T07:38:29.897109Z;/home/runner/work/gson/gson/test-jpms/src/test/java/com/google/gson;jpms_test;IN_ACCESS,IN_ISDIR
2026-09-04T07:38:29.897423Z;/home/runner/work/gson/gson/test-jpms/src/test/java/com/google/gson/jpms_test;;IN_ACCESS,IN_ISDIR
2026-09-04T07:38:29.897850Z;/home/runner/work/gson/gson/test-jpms/src/test/java/com/google/gson;jpms_test;IN_ACCESS,IN_ISDIR
2026-09-04T07:38:29.898120Z;/home/runner/work/gson/gson/test-jpms/src/test/java/com/google/gson/jpms_test;;IN_ACCESS,IN_ISDIR
2026-09-04T07:38:29.898421Z;/home/runner/work/gson/gson/test-jpms/src/test/java/com/google/gson/jpms_test;opened;IN_ACCESS,IN_ISDIR
2026-09-04T07:38:29.898719Z;/home/runner/work/gson/gson/test-jpms/src/test/java/com/google/gson/jpms_test/opened;;IN_ACCESS,IN_ISDIR
2026-09-04T07:38:29.899012Z;/home/runner/work/gson/gson/test-jpms/src/test/java/com/google/gson/jpms_test;opened;IN_ACCESS,IN_ISDIR
2026-09-04T07:38:29.899276Z;/home/runner/work/gson/gson/test-jpms/src/test/java/com/google/gson/jpms_test/opened;;IN_ACCESS,IN_ISDIR
2026-09-04T07:38:29.899535Z;/home/runner/work/gson/gson;test-shrinker;IN_ACCESS,IN_ISDIR
2026-09-04T07:38:29.899830Z;/home/runner/work/gson/gson/test-shrinker;;IN_ACCESS,IN_ISDIR
2026-09-04T07:38:29.900091Z;/home/runner/work/gson/gson;test-shrinker;IN_ACCESS,IN_ISDIR
2026-09-04T07:38:29.900358Z;/home/runner/work/gson/gson/test-shrinker;;IN_ACCESS,IN_ISDIR
2026-09-04T07:38:29.900680Z;/home/runner/work/gson/gson/test-shrinker;src;IN_ACCESS,IN_ISDIR
2026-09-04T07:38:29.900951Z;/home/runner/work/gson/gson/test-shrinker/src;;IN_ACCESS,IN_ISDIR
2026-09-04T07:38:29.901221Z;/home/runner/work/gson/gson/test-shrinker;src;IN_ACCESS,IN_ISDIR
2026-09-04T07:38:29.901734Z;/home/runner/work/gson/gson/test-shrinker/src;;IN_ACCESS,IN_ISDIR
2026-09-04T07:38:29.902094Z;/home/runner/work/gson/gson/test-shrinker/src;main;IN_ACCESS,IN_ISDIR
2026-09-04T07:38:29.902530Z;/home/runner/work/gson/gson/test-shrinker/src/main;;IN_ACCESS,IN_ISDIR
2026-09-04T07:38:29.902901Z;/home/runner/work/gson/gson/test-shrinker/src;main;IN_ACCESS,IN_ISDIR
2026-09-04T07:38:29.903220Z;/home/runner/work/gson/gson/test-shrinker/src/main;;IN_ACCESS,IN_ISDIR
2026-09-04T07:38:29.903561Z;/home/runner/work/gson/gson/test-shrinker/src/main;java;IN_ACCESS,IN_ISDIR
2026-09-04T07:38:29.903898Z;/home/runner/work/gson/gson/test-shrinker/src/main/java;;IN_ACCESS,IN_ISDIR
2026-09-04T07:38:29.904206Z;/home/runner/work/gson/gson/test-shrinker/src/main;java;IN_ACCESS,IN_ISDIR
2026-09-04T07:38:29.904514Z;/home/runner/work/gson/gson/test-shrinker/src/main/java;;IN_ACCESS,IN_ISDIR
2026-09-04T07:38:29.904845Z;/home/runner/work/gson/gson/test-shrinker/src/main/java;com;IN_ACCESS,IN_ISDIR
2026-09-04T07:38:29.905239Z;/home/runner/work/gson/gson/test-shrinker/src/main/java/com;;IN_ACCESS,IN_ISDIR
2026-09-04T07:38:29.905558Z;/home/runner/work/gson/gson/test-shrinker/src/main/java;com;IN_ACCESS,IN_ISDIR
2026-09-04T07:38:29.905870Z;/home/runner/work/gson/gson/test-shrinker/src/main/java/com;;IN_ACCESS,IN_ISDIR
2026-09-04T07:38:29.906177Z;/home/runner/work/gson/gson/test-shrinker/src/main/java/com;example;IN_ACCESS,IN_ISDIR
2026-09-04T07:38:29.906521Z;/home/runner/work/gson/gson/test-shrinker/src/main/java/com/example;;IN_ACCESS,IN_ISDIR
2026-09-04T07:38:29.906839Z;/home/runner/work/gson/gson/test-shrinker/src/main/java/com;example;IN_ACCESS,IN_ISDIR
2026-09-04T07:38:29.907144Z;/home/runner/work/gson/gson/test-shrinker/src/main/java/com/example;;IN_ACCESS,IN_ISDIR
2026-09-04T07:38:29.907441Z;/home/runner/work/gson/gson/test-shrinker/src;test;IN_ACCESS,IN_ISDIR
2026-09-04T07:38:29.907753Z;/home/runner/work/gson/gson/test-shrinker/src/test;;IN_ACCESS,IN_ISDIR
2026-09-04T07:38:29.908043Z;/home/runner/work/gson/gson/test-shrinker/src;test;IN_ACCESS,IN_ISDIR
2026-09-04T07:38:29.908365Z;/home/runner/work/gson/gson/test-shrinker/src/test;;IN_ACCESS,IN_ISDIR
2026-09-04T07:38:29.908679Z;/home/runner/work/gson/gson/test-shrinker/src/test;java;IN_ACCESS,IN_ISDIR
2026-09-04T07:38:29.909008Z;/home/runner/work/gson/gson/test-shrinker/src/test/java;;IN_ACCESS,IN_ISDIR
2026-09-04T07:38:29.909412Z;/home/runner/work/gson/gson/test-shrinker/src/test;java;IN_ACCESS,IN_ISDIR
2026-09-04T07:38:29.909840Z;/home/runner/work/gson/gson/test-shrinker/src/test/java;;IN_ACCESS,IN_ISDIR
2026-09-04T07:38:29.910374Z;/home/runner/work/gson/gson/test-shrinker/src/test/java;com;IN_ACCESS,IN_ISDIR
2026-09-04T07:38:29.910688Z;/home/runner/work/gson/gson/test-shrinker/src/test/java/com;;IN_ACCESS,IN_ISDIR
2026-09-04T07:38:29.910995Z;/home/runner/work/gson/gson/test-shrinker/src/test/java;com;IN_ACCESS,IN_ISDIR
2026-09-04T07:38:29.911297Z;/home/runner/work/gson/gson/test-shrinker/src/test/java/com;;IN_ACCESS,IN_ISDIR
2026-09-04T07:38:29.911609Z;/home/runner/work/gson/gson/test-shrinker/src/test/java/com;google;IN_ACCESS,IN_ISDIR
2026-09-04T07:38:29.911911Z;/home/runner/work/gson/gson/test-shrinker/src/test/java/com/google;;IN_ACCESS,IN_ISDIR
2026-09-04T07:38:29.912215Z;/home/runner/work/gson/gson/test-shrinker/src/test/java/com;google;IN_ACCESS,IN_ISDIR
2026-09-04T07:38:29.912542Z;/home/runner/work/gson/gson/test-shrinker/src/test/java/com/google;;IN_ACCESS,IN_ISDIR
2026-09-04T07:38:29.912888Z;/home/runner/work/gson/gson/test-shrinker/src/test/java/com/google;gson;IN_ACCESS,IN_ISDIR
2026-09-04T07:38:29.913215Z;/home/runner/work/gson/gson/test-shrinker/src/test/java/com/google/gson;;IN_ACCESS,IN_ISDIR
2026-09-04T07:38:29.913538Z;/home/runner/work/gson/gson/test-shrinker/src/test/java/com/google;gson;IN_ACCESS,IN_ISDIR
2026-09-04T07:38:29.913840Z;/home/runner/work/gson/gson/test-shrinker/src/test/java/com/google/gson;;IN_ACCESS,IN_ISDIR
2026-09-04T07:38:29.914143Z;/home/runner/work/gson/gson/test-shrinker/src/test/java/com/google/gson;it;IN_ACCESS,IN_ISDIR
2026-09-04T07:38:29.914444Z;/home/runner/work/gson/gson/test-shrinker/src/test/java/com/google/gson/it;;IN_ACCESS,IN_ISDIR
2026-09-04T07:38:29.914749Z;/home/runner/work/gson/gson/test-shrinker/src/test/java/com/google/gson;it;IN_ACCESS,IN_ISDIR
2026-09-04T07:38:29.915060Z;/home/runner/work/gson/gson/test-shrinker/src/test/java/com/google/gson/it;;IN_ACCESS,IN_ISDIR
2026-09-04T07:38:29.915437Z;/home/runner/work/gson/gson;optcd-4.txt;IN_CREATE
2026-09-04T07:38:29.915753Z;/home/runner/work/gson/gson/.mvn;jvm.config;IN_ACCESS
2026-09-04T07:38:36.167637Z;/home/runner/work/gson/gson;pom.xml;IN_ACCESS
2026-09-04T07:38:36.170042Z;/home/runner/work/gson/gson;pom.xml;IN_ACCESS
2026-09-04T07:38:36.172999Z;/home/runner/work/gson/gson;pom.xml;IN_ACCESS
2026-09-04T07:38:36.173631Z;/home/runner/work/gson/gson;pom.xml;IN_ACCESS
2026-09-04T07:38:36.174469Z;/home/runner/work/gson/gson;pom.xml;IN_ACCESS
2026-09-04T07:38:36.235586Z;/home/runner/work/gson/gson/gson;pom.xml;IN_ACCESS
2026-09-04T07:38:36.244745Z;/home/runner/work/gson/gson/gson;pom.xml;IN_ACCESS
2026-09-04T07:38:36.245700Z;/home/runner/work/gson/gson/gson;pom.xml;IN_ACCESS
2026-09-04T07:38:36.246387Z;/home/runner/work/gson/gson/gson;pom.xml;IN_ACCESS
2026-09-04T07:38:36.249361Z;/home/runner/work/gson/gson;pom.xml;IN_ACCESS
2026-09-04T07:38:36.249765Z;/home/runner/work/gson/gson;pom.xml;IN_ACCESS
2026-09-04T07:38:36.250546Z;/home/runner/work/gson/gson;pom.xml;IN_ACCESS
2026-09-04T07:38:36.250962Z;/home/runner/work/gson/gson;pom.xml;IN_ACCESS
2026-09-04T07:38:36.257524Z;/home/runner/work/gson/gson/test-jpms;pom.xml;IN_ACCESS
2026-09-04T07:38:36.260975Z;/home/runner/work/gson/gson/test-graal-native-image;pom.xml;IN_ACCESS
2026-09-04T07:38:36.261383Z;/home/runner/work/gson/gson/test-graal-native-image;pom.xml;IN_ACCESS
2026-09-04T07:38:36.264605Z;/home/runner/work/gson/gson/test-shrinker;pom.xml;IN_ACCESS
2026-09-04T07:38:36.264945Z;/home/runner/work/gson/gson/test-shrinker;pom.xml;IN_ACCESS
2026-09-04T07:38:36.265790Z;/home/runner/work/gson/gson/test-shrinker;pom.xml;IN_ACCESS
2026-09-04T07:38:36.268681Z;/home/runner/work/gson/gson/extras;pom.xml;IN_ACCESS
2026-09-04T07:38:36.271706Z;/home/runner/work/gson/gson/metrics;pom.xml;IN_ACCESS
2026-09-04T07:38:36.274438Z;/home/runner/work/gson/gson/proto;pom.xml;IN_ACCESS
2026-09-04T07:38:42.693850Z;/home/runner/work/gson/gson/gson;target;IN_CREATE,IN_ISDIR
2026-09-04T07:38:42.696115Z;/home/runner/work/gson/gson/gson;target;IN_ACCESS,IN_ISDIR
2026-09-04T07:38:42.696470Z;/home/runner/work/gson/gson/gson/src/main;java-templates;IN_ACCESS,IN_ISDIR
2026-09-04T07:38:42.696908Z;/home/runner/work/gson/gson/gson/src/main/java-templates;;IN_ACCESS,IN_ISDIR
2026-09-04T07:38:42.697407Z;/home/runner/work/gson/gson/gson/src/main;java-templates;IN_ACCESS,IN_ISDIR
2026-09-04T07:38:42.697777Z;/home/runner/work/gson/gson/gson/src/main/java-templates;;IN_ACCESS,IN_ISDIR
2026-09-04T07:38:42.698274Z;/home/runner/work/gson/gson/gson/src/main/java-templates;com;IN_ACCESS,IN_ISDIR
2026-09-04T07:38:42.698724Z;/home/runner/work/gson/gson/gson/src/main/java-templates/com;;IN_ACCESS,IN_ISDIR
2026-09-04T07:38:42.699081Z;/home/runner/work/gson/gson/gson/src/main/java-templates;com;IN_ACCESS,IN_ISDIR
2026-09-04T07:38:42.699457Z;/home/runner/work/gson/gson/gson/src/main/java-templates/com;;IN_ACCESS,IN_ISDIR
2026-09-04T07:38:42.700330Z;/home/runner/work/gson/gson/gson/src/main/java-templates/com;google;IN_ACCESS,IN_ISDIR
2026-09-04T07:38:42.700682Z;/home/runner/work/gson/gson/gson/src/main/java-templates/com/google;;IN_ACCESS,IN_ISDIR
2026-09-04T07:38:42.701007Z;/home/runner/work/gson/gson/gson/src/main/java-templates/com;google;IN_ACCESS,IN_ISDIR
2026-09-04T07:38:42.701394Z;/home/runner/work/gson/gson/gson/src/main/java-templates/com/google;;IN_ACCESS,IN_ISDIR
2026-09-04T07:38:42.701780Z;/home/runner/work/gson/gson/gson/src/main/java-templates/com/google;gson;IN_ACCESS,IN_ISDIR
2026-09-04T07:38:42.702179Z;/home/runner/work/gson/gson/gson/src/main/java-templates/com/google/gson;;IN_ACCESS,IN_ISDIR
2026-09-04T07:38:42.702539Z;/home/runner/work/gson/gson/gson/src/main/java-templates/com/google;gson;IN_ACCESS,IN_ISDIR
2026-09-04T07:38:42.702922Z;/home/runner/work/gson/gson/gson/src/main/java-templates/com/google/gson;;IN_ACCESS,IN_ISDIR
2026-09-04T07:38:42.703273Z;/home/runner/work/gson/gson/gson/src/main/java-templates/com/google/gson;internal;IN_ACCESS,IN_ISDIR
2026-09-04T07:38:42.703643Z;/home/runner/work/gson/gson/gson/src/main/java-templates/com/google/gson/internal;;IN_ACCESS,IN_ISDIR
2026-09-04T07:38:42.704000Z;/home/runner/work/gson/gson/gson/src/main/java-templates/com/google/gson;internal;IN_ACCESS,IN_ISDIR
2026-09-04T07:38:42.704348Z;/home/runner/work/gson/gson/gson/src/main/java-templates/com/google/gson/internal;;IN_ACCESS,IN_ISDIR
2026-09-04T07:38:42.704940Z;/home/runner/work/gson/gson/gson/target/templates-tmp4151517166;com;IN_CREATE,IN_ISDIR
2026-09-04T07:38:42.705380Z;/home/runner/work/gson/gson/gson/target/templates-tmp4151517166;com;IN_ACCESS,IN_ISDIR
2026-09-04T07:38:42.708601Z;/home/runner/work/gson/gson/gson/target/templates-tmp4151517166/com/google/gson/internal;GsonBuildConfig.java;IN_CREATE
2026-09-04T07:38:42.708960Z;/home/runner/work/gson/gson/gson/src/main/java-templates/com/google/gson/internal;GsonBuildConfig.java;IN_ACCESS
2026-09-04T07:38:42.712898Z;/home/runner/work/gson/gson/gson/target;templates-tmp4151517166;IN_ACCESS,IN_ISDIR
2026-09-04T07:38:42.713415Z;/home/runner/work/gson/gson/gson/target/templates-tmp4151517166;;IN_ACCESS,IN_ISDIR
2026-09-04T07:38:42.713866Z;/home/runner/work/gson/gson/gson/target;templates-tmp4151517166;IN_ACCESS,IN_ISDIR
2026-09-04T07:38:42.714264Z;/home/runner/work/gson/gson/gson/target/templates-tmp4151517166;;IN_ACCESS,IN_ISDIR
2026-09-04T07:38:42.714860Z;/home/runner/work/gson/gson/gson/target;generated-sources;IN_CREATE,IN_ISDIR
2026-09-04T07:38:42.715259Z;/home/runner/work/gson/gson/gson/target/templates-tmp4151517166;com;IN_ACCESS,IN_ISDIR
2026-09-04T07:38:42.715662Z;/home/runner/work/gson/gson/gson/target/templates-tmp4151517166/com;;IN_ACCESS,IN_ISDIR
2026-09-04T07:38:42.716016Z;/home/runner/work/gson/gson/gson/target/templates-tmp4151517166;com;IN_ACCESS,IN_ISDIR
2026-09-04T07:38:42.716406Z;/home/runner/work/gson/gson/gson/target/templates-tmp4151517166/com;;IN_ACCESS,IN_ISDIR
2026-09-04T07:38:42.716721Z;/home/runner/work/gson/gson/gson/target/templates-tmp4151517166/com;google;IN_ACCESS,IN_ISDIR
2026-09-04T07:38:42.717056Z;/home/runner/work/gson/gson/gson/target/templates-tmp4151517166/com/google;;IN_ACCESS,IN_ISDIR
2026-09-04T07:38:42.717370Z;/home/runner/work/gson/gson/gson/target/templates-tmp4151517166/com;google;IN_ACCESS,IN_ISDIR
2026-09-04T07:38:42.718193Z;/home/runner/work/gson/gson/gson/target/templates-tmp4151517166/com/google;;IN_ACCESS,IN_ISDIR
2026-09-04T07:38:42.718617Z;/home/runner/work/gson/gson/gson/target/templates-tmp4151517166/com/google;gson;IN_ACCESS,IN_ISDIR
2026-09-04T07:38:42.718970Z;/home/runner/work/gson/gson/gson/target/templates-tmp4151517166/com/google/gson;;IN_ACCESS,IN_ISDIR
2026-09-04T07:38:42.719262Z;/home/runner/work/gson/gson/gson/target/templates-tmp4151517166/com/google;gson;IN_ACCESS,IN_ISDIR
2026-09-04T07:38:42.719618Z;/home/runner/work/gson/gson/gson/target/templates-tmp4151517166/com/google/gson;;IN_ACCESS,IN_ISDIR
2026-09-04T07:38:42.719979Z;/home/runner/work/gson/gson/gson/target/templates-tmp4151517166/com/google/gson;internal;IN_ACCESS,IN_ISDIR
2026-09-04T07:38:42.720280Z;/home/runner/work/gson/gson/gson/target/templates-tmp4151517166/com/google/gson/internal;;IN_ACCESS,IN_ISDIR
2026-09-04T07:38:42.720594Z;/home/runner/work/gson/gson/gson/target/templates-tmp4151517166/com/google/gson;internal;IN_ACCESS,IN_ISDIR
2026-09-04T07:38:42.720980Z;/home/runner/work/gson/gson/gson/target/templates-tmp4151517166/com/google/gson/internal;;IN_ACCESS,IN_ISDIR
2026-09-04T07:38:42.721436Z;/home/runner/work/gson/gson/gson/target;generated-sources;IN_ACCESS,IN_ISDIR
2026-09-04T07:38:42.721835Z;/home/runner/work/gson/gson/gson/target/generated-sources/java-templates/com/google/gson/internal;GsonBuildConfig.java;IN_CREATE
2026-09-04T07:38:42.722431Z;/home/runner/work/gson/gson/gson/target/templates-tmp4151517166/com/google/gson/internal;GsonBuildConfig.java;IN_ACCESS
2026-09-04T07:38:42.722779Z;/home/runner/work/gson/gson/gson/target;templates-tmp4151517166;IN_ACCESS,IN_ISDIR
2026-09-04T07:38:42.723213Z;/home/runner/work/gson/gson/gson/target/templates-tmp4151517166;;IN_ACCESS,IN_ISDIR
2026-09-04T07:38:42.723628Z;/home/runner/work/gson/gson/gson/target;templates-tmp4151517166;IN_ACCESS,IN_ISDIR
2026-09-04T07:38:42.723990Z;/home/runner/work/gson/gson/gson/target/templates-tmp4151517166;;IN_ACCESS,IN_ISDIR
2026-09-04T07:38:42.724841Z;/home/runner/work/gson/gson/gson/target/templates-tmp4151517166;com;IN_ACCESS,IN_ISDIR
2026-09-04T07:38:42.725314Z;/home/runner/work/gson/gson/gson/target/templates-tmp4151517166/com;;IN_ACCESS,IN_ISDIR
2026-09-04T07:38:42.725722Z;/home/runner/work/gson/gson/gson/target/templates-tmp4151517166;com;IN_ACCESS,IN_ISDIR
2026-09-04T07:38:42.726113Z;/home/runner/work/gson/gson/gson/target/templates-tmp4151517166/com;;IN_ACCESS,IN_ISDIR
2026-09-04T07:38:42.727607Z;/home/runner/work/gson/gson/gson/target/templates-tmp4151517166/com;google;IN_ACCESS,IN_ISDIR
2026-09-04T07:38:42.727991Z;/home/runner/work/gson/gson/gson/target/templates-tmp4151517166/com/google;;IN_ACCESS,IN_ISDIR
2026-09-04T07:38:42.728360Z;/home/runner/work/gson/gson/gson/target/templates-tmp4151517166/com;google;IN_ACCESS,IN_ISDIR
2026-09-04T07:38:42.728703Z;/home/runner/work/gson/gson/gson/target/templates-tmp4151517166/com/google;;IN_ACCESS,IN_ISDIR
2026-09-04T07:38:42.729026Z;/home/runner/work/gson/gson/gson/target/templates-tmp4151517166/com/google;gson;IN_ACCESS,IN_ISDIR
2026-09-04T07:38:42.729335Z;/home/runner/work/gson/gson/gson/target/templates-tmp4151517166/com/google/gson;;IN_ACCESS,IN_ISDIR
2026-09-04T07:38:42.729642Z;/home/runner/work/gson/gson/gson/target/templates-tmp4151517166/com/google;gson;IN_ACCESS,IN_ISDIR
2026-09-04T07:38:42.729934Z;/home/runner/work/gson/gson/gson/target/templates-tmp4151517166/com/google/gson;;IN_ACCESS,IN_ISDIR
2026-09-04T07:38:42.730223Z;/home/runner/work/gson/gson/gson/target/templates-tmp4151517166/com/google/gson;internal;IN_ACCESS,IN_ISDIR
2026-09-04T07:38:42.730623Z;/home/runner/work/gson/gson/gson/target/templates-tmp4151517166/com/google/gson/internal;;IN_ACCESS,IN_ISDIR
2026-09-04T07:38:42.730958Z;/home/runner/work/gson/gson/gson/target/templates-tmp4151517166/com/google/gson;internal;IN_ACCESS,IN_ISDIR
2026-09-04T07:38:42.731361Z;/home/runner/work/gson/gson/gson/target/templates-tmp4151517166/com/google/gson/internal;;IN_ACCESS,IN_ISDIR
2026-09-04T07:38:42.731715Z;/home/runner/work/gson/gson/gson/target/templates-tmp4151517166/com/google/gson/internal;GsonBuildConfig.java;IN_DELETE
2026-09-04T07:38:42.732137Z;/home/runner/work/gson/gson/gson/target/templates-tmp4151517166/com/google/gson/internal;;IN_IGNORED
2026-09-04T07:38:42.732462Z;/home/runner/work/gson/gson/gson/target/templates-tmp4151517166/com/google/gson;internal;IN_DELETE,IN_ISDIR
2026-09-04T07:38:42.732796Z;/home/runner/work/gson/gson/gson/target/templates-tmp4151517166/com/google/gson;;IN_IGNORED
2026-09-04T07:38:42.733112Z;/home/runner/work/gson/gson/gson/target/templates-tmp4151517166/com/google;gson;IN_DELETE,IN_ISDIR
2026-09-04T07:38:42.733611Z;/home/runner/work/gson/gson/gson/target/templates-tmp4151517166/com/google;;IN_IGNORED
2026-09-04T07:38:42.734112Z;/home/runner/work/gson/gson/gson/target/templates-tmp4151517166/com;google;IN_DELETE,IN_ISDIR
2026-09-04T07:38:42.734495Z;/home/runner/work/gson/gson/gson/target/templates-tmp4151517166/com;;IN_IGNORED
2026-09-04T07:38:42.734865Z;/home/runner/work/gson/gson/gson/target/templates-tmp4151517166;com;IN_DELETE,IN_ISDIR
2026-09-04T07:38:42.735178Z;/home/runner/work/gson/gson/gson/target/templates-tmp4151517166;;IN_IGNORED
2026-09-04T07:38:42.735509Z;/home/runner/work/gson/gson/gson/target;templates-tmp4151517166;IN_DELETE,IN_ISDIR
2026-09-04T07:38:43.103107Z;/home/runner/work/gson/gson/gson/target;gson-subset-src;IN_CREATE,IN_ISDIR
2026-09-04T07:38:43.103905Z;/home/runner/work/gson/gson/gson/target;gson-subset-src;IN_ACCESS,IN_ISDIR
2026-09-04T07:38:43.104402Z;/home/runner/work/gson/gson/gson/src/main;java;IN_ACCESS,IN_ISDIR
2026-09-04T07:38:43.104748Z;/home/runner/work/gson/gson/gson/src/main/java;;IN_ACCESS,IN_ISDIR
2026-09-04T07:38:43.105074Z;/home/runner/work/gson/gson/gson/src/main;java;IN_ACCESS,IN_ISDIR
2026-09-04T07:38:43.105394Z;/home/runner/work/gson/gson/gson/src/main/java;;IN_ACCESS,IN_ISDIR
2026-09-04T07:38:43.105749Z;/home/runner/work/gson/gson/gson/src/main/java;com;IN_ACCESS,IN_ISDIR
2026-09-04T07:38:43.106103Z;/home/runner/work/gson/gson/gson/src/main/java/com;;IN_ACCESS,IN_ISDIR
2026-09-04T07:38:43.106448Z;/home/runner/work/gson/gson/gson/src/main/java;com;IN_ACCESS,IN_ISDIR
2026-09-04T07:38:43.106787Z;/home/runner/work/gson/gson/gson/src/main/java/com;;IN_ACCESS,IN_ISDIR
2026-09-04T07:38:43.107157Z;/home/runner/work/gson/gson/gson/src/main/java/com;google;IN_ACCESS,IN_ISDIR
2026-09-04T07:38:43.107496Z;/home/runner/work/gson/gson/gson/src/main/java/com/google;;IN_ACCESS,IN_ISDIR
2026-09-04T07:38:43.107915Z;/home/runner/work/gson/gson/gson/src/main/java/com;google;IN_ACCESS,IN_ISDIR
2026-09-04T07:38:43.108265Z;/home/runner/work/gson/gson/gson/src/main/java/com/google;;IN_ACCESS,IN_ISDIR
2026-09-04T07:38:43.108610Z;/home/runner/work/gson/gson/gson/src/main/java/com/google;gson;IN_ACCESS,IN_ISDIR
2026-09-04T07:38:43.108929Z;/home/runner/work/gson/gson/gson/src/main/java/com/google/gson;;IN_ACCESS,IN_ISDIR
2026-09-04T07:38:43.109273Z;/home/runner/work/gson/gson/gson/src/main/java/com/google;gson;IN_ACCESS,IN_ISDIR
2026-09-04T07:38:43.109768Z;/home/runner/work/gson/gson/gson/src/main/java/com/google/gson;;IN_ACCESS,IN_ISDIR
2026-09-04T07:38:43.110184Z;/home/runner/work/gson/gson/gson/src/main/java/com/google/gson;internal;IN_ACCESS,IN_ISDIR
2026-09-04T07:38:43.113609Z;/home/runner/work/gson/gson/gson/src/main/java/com/google/gson/internal;;IN_ACCESS,IN_ISDIR
2026-09-04T07:38:43.114114Z;/home/runner/work/gson/gson/gson/src/main/java/com/google/gson;internal;IN_ACCESS,IN_ISDIR
2026-09-04T07:38:43.114600Z;/home/runner/work/gson/gson/gson/src/main/java/com/google/gson/internal;;IN_ACCESS,IN_ISDIR
2026-09-04T07:38:43.115106Z;/home/runner/work/gson/gson/gson/src/main/java/com/google/gson/internal;bind;IN_ACCESS,IN_ISDIR
2026-09-04T07:38:43.115705Z;/home/runner/work/gson/gson/gson/src/main/java/com/google/gson/internal/bind;;IN_ACCESS,IN_ISDIR
2026-09-04T07:38:43.116218Z;/home/runner/work/gson/gson/gson/src/main/java/com/google/gson/internal;bind;IN_ACCESS,IN_ISDIR
2026-09-04T07:38:43.116689Z;/home/runner/work/gson/gson/gson/src/main/java/com/google/gson/internal/bind;;IN_ACCESS,IN_ISDIR
2026-09-04T07:38:43.117373Z;/home/runner/work/gson/gson/gson/src/main/java/com/google/gson;stream;IN_ACCESS,IN_ISDIR
2026-09-04T07:38:43.117806Z;/home/runner/work/gson/gson/gson/src/main/java/com/google/gson/stream;;IN_ACCESS,IN_ISDIR
2026-09-04T07:38:43.118204Z;/home/runner/work/gson/gson/gson/src/main/java/com/google/gson;stream;IN_ACCESS,IN_ISDIR
2026-09-04T07:38:43.118684Z;/home/runner/work/gson/gson/gson/src/main/java/com/google/gson/stream;;IN_ACCESS,IN_ISDIR
2026-09-04T07:38:43.119675Z;/home/runner/work/gson/gson/gson/target/gson-subset-src;com;IN_CREATE,IN_ISDIR
2026-09-04T07:38:43.120110Z;/home/runner/work/gson/gson/gson/src/main/java/com/google/gson;JsonNull.java;IN_ACCESS
2026-09-04T07:38:43.121166Z;/home/runner/work/gson/gson/gson/src/main/java/com/google/gson;JsonPrimitive.java;IN_ACCESS
2026-09-04T07:38:43.122545Z;/home/runner/work/gson/gson/gson/src/main/java/com/google/gson;FormattingStyle.java;IN_ACCESS
2026-09-04T07:38:43.122952Z;/home/runner/work/gson/gson/gson/src/main/java/com/google/gson;JsonParser.java;IN_ACCESS
2026-09-04T07:38:43.127106Z;/home/runner/work/gson/gson/gson/src/main/java/com/google/gson;TypeAdapter.java;IN_ACCESS
2026-09-04T07:38:43.127738Z;/home/runner/work/gson/gson/gson/src/main/java/com/google/gson/internal/bind;JsonTreeWriter.java;IN_ACCESS
2026-09-04T07:38:43.128154Z;/home/runner/work/gson/gson/gson/src/main/java/com/google/gson/internal/bind;JsonElementTypeAdapter.java;IN_ACCESS
2026-09-04T07:38:43.128531Z;/home/runner/work/gson/gson/gson/src/main/java/com/google/gson/internal/bind;JsonTreeReader.java;IN_ACCESS
2026-09-04T07:38:43.128924Z;/home/runner/work/gson/gson/gson/src/main/java/com/google/gson/internal;NumberLimits.java;IN_ACCESS
2026-09-04T07:38:43.129278Z;/home/runner/work/gson/gson/gson/src/main/java/com/google/gson/internal;NonNullElementWrapperList.java;IN_ACCESS
2026-09-04T07:38:43.129619Z;/home/runner/work/gson/gson/gson/src/main/java/com/google/gson/internal;LinkedTreeMap.java;IN_ACCESS
2026-09-04T07:38:43.129941Z;/home/runner/work/gson/gson/gson/src/main/java/com/google/gson/internal;Streams.java;IN_ACCESS
2026-09-04T07:38:43.130266Z;/home/runner/work/gson/gson/gson/src/main/java/com/google/gson/internal;TroubleshootingGuide.java;IN_ACCESS
2026-09-04T07:38:43.130613Z;/home/runner/work/gson/gson/gson/src/main/java/com/google/gson/internal;LazilyParsedNumber.java;IN_ACCESS
2026-09-04T07:38:43.130951Z;/home/runner/work/gson/gson/gson/src/main/java/com/google/gson/internal;JsonReaderInternalAccess.java;IN_ACCESS
2026-09-04T07:38:43.131305Z;/home/runner/work/gson/gson/gson/src/main/java/com/google/gson;JsonParseException.java;IN_ACCESS
2026-09-04T07:38:43.131623Z;/home/runner/work/gson/gson/gson/src/main/java/com/google/gson;JsonStreamParser.java;IN_ACCESS
2026-09-04T07:38:43.131961Z;/home/runner/work/gson/gson/gson/src/main/java/com/google/gson;JsonArray.java;IN_ACCESS
2026-09-04T07:38:43.132302Z;/home/runner/work/gson/gson/gson/src/main/java/com/google/gson;JsonObject.java;IN_ACCESS
2026-09-04T07:38:43.132696Z;/home/runner/work/gson/gson/gson/src/main/java/com/google/gson;JsonElement.java;IN_ACCESS
2026-09-04T07:38:43.133030Z;/home/runner/work/gson/gson/gson/src/main/java/com/google/gson;JsonSyntaxException.java;IN_ACCESS
2026-09-04T07:38:43.133374Z;/home/runner/work/gson/gson/gson/src/main/java/com/google/gson;Strictness.java;IN_ACCESS
2026-09-04T07:38:43.133718Z;/home/runner/work/gson/gson/gson/src/main/java/com/google/gson/stream;JsonScope.java;IN_ACCESS
2026-09-04T07:38:43.134059Z;/home/runner/work/gson/gson/gson/src/main/java/com/google/gson/stream;JsonToken.java;IN_ACCESS
2026-09-04T07:38:43.134387Z;/home/runner/work/gson/gson/gson/src/main/java/com/google/gson/stream;JsonReader.java;IN_ACCESS
2026-09-04T07:38:43.134754Z;/home/runner/work/gson/gson/gson/src/main/java/com/google/gson/stream;JsonWriter.java;IN_ACCESS
2026-09-04T07:38:43.135104Z;/home/runner/work/gson/gson/gson/target/gson-subset-src;com;IN_ACCESS,IN_ISDIR
2026-09-04T07:38:43.135510Z;/home/runner/work/gson/gson/gson/src/main/java/com/google/gson/stream;MalformedJsonException.java;IN_ACCESS
2026-09-04T07:38:43.136060Z;/home/runner/work/gson/gson/gson/src/main/java/com/google/gson/stream;package-info.java;IN_ACCESS
2026-09-04T07:38:43.136408Z;/home/runner/work/gson/gson/gson/src/main/java/com/google/gson;package-info.java;IN_ACCESS
2026-09-04T07:38:43.136733Z;/home/runner/work/gson/gson/gson/target/gson-subset-src/com/google/gson;JsonIOException.java;IN_CREATE
2026-09-04T07:38:43.137036Z;/home/runner/work/gson/gson/gson/src/main/java/com/google/gson;JsonIOException.java;IN_ACCESS
2026-09-04T07:38:43.137503Z;/home/runner/work/gson/gson/gson/target;classes;IN_CREATE,IN_ISDIR
2026-09-04T07:38:43.137813Z;/home/runner/work/gson/gson/gson/src/main;resources;IN_ACCESS,IN_ISDIR
2026-09-04T07:38:43.138134Z;/home/runner/work/gson/gson/gson/src/main/resources;;IN_ACCESS,IN_ISDIR
2026-09-04T07:38:43.138431Z;/home/runner/work/gson/gson/gson/src/main;resources;IN_ACCESS,IN_ISDIR
2026-09-04T07:38:43.138736Z;/home/runner/work/gson/gson/gson/src/main/resources;;IN_ACCESS,IN_ISDIR
2026-09-04T07:38:43.139064Z;/home/runner/work/gson/gson/gson/src/main/resources;META-INF;IN_ACCESS,IN_ISDIR
2026-09-04T07:38:43.139360Z;/home/runner/work/gson/gson/gson/src/main/resources/META-INF;;IN_ACCESS,IN_ISDIR
2026-09-04T07:38:43.139641Z;/home/runner/work/gson/gson/gson/src/main/resources;META-INF;IN_ACCESS,IN_ISDIR
2026-09-04T07:38:43.139923Z;/home/runner/work/gson/gson/gson/src/main/resources/META-INF;;IN_ACCESS,IN_ISDIR
2026-09-04T07:38:43.140205Z;/home/runner/work/gson/gson/gson/src/main/resources/META-INF;proguard;IN_ACCESS,IN_ISDIR
2026-09-04T07:38:43.140486Z;/home/runner/work/gson/gson/gson/src/main/resources/META-INF/proguard;;IN_ACCESS,IN_ISDIR
2026-09-04T07:38:43.140774Z;/home/runner/work/gson/gson/gson/src/main/resources/META-INF;proguard;IN_ACCESS,IN_ISDIR
2026-09-04T07:38:43.141287Z;/home/runner/work/gson/gson/gson/src/main/resources/META-INF/proguard;;IN_ACCESS,IN_ISDIR
2026-09-04T07:38:43.142025Z;/home/runner/work/gson/gson/gson/src/main/resources/META-INF/proguard;gson.pro;IN_ACCESS
2026-09-04T07:38:43.142467Z;/home/runner/work/gson/gson/gson/target;classes;IN_ACCESS,IN_ISDIR
2026-09-04T07:38:44.089149Z;/home/runner/work/gson/gson/gson/target/generated-sources;annotations;IN_CREATE,IN_ISDIR
2026-09-04T07:38:44.089895Z;/home/runner/work/gson/gson/gson/target/generated-sources;annotations;IN_ACCESS,IN_ISDIR
2026-09-04T07:38:45.208337Z;/home/runner/work/gson/gson/gson/target;gson-subset-src;IN_ACCESS,IN_ISDIR
2026-09-04T07:38:45.212466Z;/home/runner/work/gson/gson/gson/target/gson-subset-src;;IN_ACCESS,IN_ISDIR
2026-09-04T07:38:45.212961Z;/home/runner/work/gson/gson/gson/target;gson-subset-src;IN_ACCESS,IN_ISDIR
2026-09-04T07:38:45.213388Z;/home/runner/work/gson/gson/gson/target/gson-subset-src;;IN_ACCESS,IN_ISDIR
2026-09-04T07:38:45.213868Z;/home/runner/work/gson/gson/gson/target/gson-subset-src;com;IN_ACCESS,IN_ISDIR
2026-09-04T07:38:45.214250Z;/home/runner/work/gson/gson/gson/target/gson-subset-src/com;;IN_ACCESS,IN_ISDIR
2026-09-04T07:38:45.214848Z;/home/runner/work/gson/gson/gson/target/gson-subset-src;com;IN_ACCESS,IN_ISDIR
2026-09-04T07:38:45.215394Z;/home/runner/work/gson/gson/gson/target/gson-subset-src/com;;IN_ACCESS,IN_ISDIR
2026-09-04T07:38:45.215907Z;/home/runner/work/gson/gson/gson/target/gson-subset-src/com;google;IN_ACCESS,IN_ISDIR
2026-09-04T07:38:45.216380Z;/home/runner/work/gson/gson/gson/target/gson-subset-src/com/google;;IN_ACCESS,IN_ISDIR
2026-09-04T07:38:45.216821Z;/home/runner/work/gson/gson/gson/target/gson-subset-src/com;google;IN_ACCESS,IN_ISDIR
2026-09-04T07:38:45.217254Z;/home/runner/work/gson/gson/gson/target/gson-subset-src/com/google;;IN_ACCESS,IN_ISDIR
2026-09-04T07:38:45.217656Z;/home/runner/work/gson/gson/gson/target/gson-subset-src/com/google;gson;IN_ACCESS,IN_ISDIR
2026-09-04T07:38:45.218108Z;/home/runner/work/gson/gson/gson/target/gson-subset-src/com/google/gson;;IN_ACCESS,IN_ISDIR
2026-09-04T07:38:45.218503Z;/home/runner/work/gson/gson/gson/target/gson-subset-src/com/google;gson;IN_ACCESS,IN_ISDIR
2026-09-04T07:38:45.218880Z;/home/runner/work/gson/gson/gson/target/gson-subset-src/com/google/gson;;IN_ACCESS,IN_ISDIR
2026-09-04T07:38:45.219487Z;/home/runner/work/gson/gson/gson/target/gson-subset-src/com/google/gson;internal;IN_ACCESS,IN_ISDIR
2026-09-04T07:38:45.219858Z;/home/runner/work/gson/gson/gson/target/gson-subset-src/com/google/gson/internal;;IN_ACCESS,IN_ISDIR
2026-09-04T07:38:45.220263Z;/home/runner/work/gson/gson/gson/target/gson-subset-src/com/google/gson;internal;IN_ACCESS,IN_ISDIR
2026-09-04T07:38:45.220699Z;/home/runner/work/gson/gson/gson/target/gson-subset-src/com/google/gson/internal;;IN_ACCESS,IN_ISDIR
2026-09-04T07:38:45.221624Z;/home/runner/work/gson/gson/gson/target/gson-subset-src/com/google/gson/internal;bind;IN_ACCESS,IN_ISDIR
2026-09-04T07:38:45.222042Z;/home/runner/work/gson/gson/gson/target/gson-subset-src/com/google/gson/internal/bind;;IN_ACCESS,IN_ISDIR
2026-09-04T07:38:45.222531Z;/home/runner/work/gson/gson/gson/target/gson-subset-src/com/google/gson/internal;bind;IN_ACCESS,IN_ISDIR
2026-09-04T07:38:45.223039Z;/home/runner/work/gson/gson/gson/target/gson-subset-src/com/google/gson/internal/bind;;IN_ACCESS,IN_ISDIR
2026-09-04T07:38:45.223698Z;/home/runner/work/gson/gson/gson/target/gson-subset-src/com/google/gson;stream;IN_ACCESS,IN_ISDIR
2026-09-04T07:38:45.227610Z;/home/runner/work/gson/gson/gson/target/gson-subset-src/com/google/gson/stream;;IN_ACCESS,IN_ISDIR
2026-09-04T07:38:45.228104Z;/home/runner/work/gson/gson/gson/target/gson-subset-src/com/google/gson;stream;IN_ACCESS,IN_ISDIR
2026-09-04T07:38:45.228624Z;/home/runner/work/gson/gson/gson/target/gson-subset-src/com/google/gson/stream;;IN_ACCESS,IN_ISDIR
2026-09-04T07:38:45.229150Z;/home/runner/work/gson/gson/gson/target;gson-subset-src;IN_ACCESS,IN_ISDIR
2026-09-04T07:38:45.229670Z;/home/runner/work/gson/gson/gson/target/gson-subset-src;;IN_ACCESS,IN_ISDIR
2026-09-04T07:38:45.230201Z;/home/runner/work/gson/gson/gson/target;gson-subset-src;IN_ACCESS,IN_ISDIR
2026-09-04T07:38:45.231061Z;/home/runner/work/gson/gson/gson/target/gson-subset-src;;IN_ACCESS,IN_ISDIR
2026-09-04T07:38:45.231779Z;/home/runner/work/gson/gson/gson/target/gson-subset-src;com;IN_ACCESS,IN_ISDIR
2026-09-04T07:38:45.232182Z;/home/runner/work/gson/gson/gson/target/gson-subset-src/com;;IN_ACCESS,IN_ISDIR
2026-09-04T07:38:45.232800Z;/home/runner/work/gson/gson/gson/target/gson-subset-src;com;IN_ACCESS,IN_ISDIR
2026-09-04T07:38:45.233148Z;/home/runner/work/gson/gson/gson/target/gson-subset-src/com;;IN_ACCESS,IN_ISDIR
2026-09-04T07:38:45.233528Z;/home/runner/work/gson/gson/gson/target/gson-subset-src/com;google;IN_ACCESS,IN_ISDIR
2026-09-04T07:38:45.233873Z;/home/runner/work/gson/gson/gson/target/gson-subset-src/com/google;;IN_ACCESS,IN_ISDIR
2026-09-04T07:38:45.234218Z;/home/runner/work/gson/gson/gson/target/gson-subset-src/com;google;IN_ACCESS,IN_ISDIR
2026-09-04T07:38:45.234593Z;/home/runner/work/gson/gson/gson/target/gson-subset-src/com/google;;IN_ACCESS,IN_ISDIR
2026-09-04T07:38:45.235055Z;/home/runner/work/gson/gson/gson/target/gson-subset-src/com/google;gson;IN_ACCESS,IN_ISDIR
2026-09-04T07:38:45.235391Z;/home/runner/work/gson/gson/gson/target/gson-subset-src/com/google/gson;;IN_ACCESS,IN_ISDIR
2026-09-04T07:38:45.235854Z;/home/runner/work/gson/gson/gson/target/gson-subset-src/com/google;gson;IN_ACCESS,IN_ISDIR
2026-09-04T07:38:45.236359Z;/home/runner/work/gson/gson/gson/target/gson-subset-src/com/google/gson;;IN_ACCESS,IN_ISDIR
2026-09-04T07:38:45.237154Z;/home/runner/work/gson/gson/gson/target/gson-subset-src/com/google/gson;internal;IN_ACCESS,IN_ISDIR
2026-09-04T07:38:45.238128Z;/home/runner/work/gson/gson/gson/target/gson-subset-src/com/google/gson/internal;;IN_ACCESS,IN_ISDIR
2026-09-04T07:38:45.239126Z;/home/runner/work/gson/gson/gson/target/gson-subset-src/com/google/gson;internal;IN_ACCESS,IN_ISDIR
2026-09-04T07:38:45.239822Z;/home/runner/work/gson/gson/gson/target/gson-subset-src/com/google/gson/internal;;IN_ACCESS,IN_ISDIR
2026-09-04T07:38:45.240270Z;/home/runner/work/gson/gson/gson/target/gson-subset-src/com/google/gson/internal;bind;IN_ACCESS,IN_ISDIR
2026-09-04T07:38:45.240590Z;/home/runner/work/gson/gson/gson/target/gson-subset-src/com/google/gson/internal/bind;;IN_ACCESS,IN_ISDIR
2026-09-04T07:38:45.241024Z;/home/runner/work/gson/gson/gson/target/gson-subset-src/com/google/gson/internal;bind;IN_ACCESS,IN_ISDIR
2026-09-04T07:38:45.241338Z;/home/runner/work/gson/gson/gson/target/gson-subset-src/com/google/gson/internal/bind;;IN_ACCESS,IN_ISDIR
2026-09-04T07:38:45.241679Z;/home/runner/work/gson/gson/gson/target/gson-subset-src/com/google/gson;stream;IN_ACCESS,IN_ISDIR
2026-09-04T07:38:45.241996Z;/home/runner/work/gson/gson/gson/target/gson-subset-src/com/google/gson/stream;;IN_ACCESS,IN_ISDIR
2026-09-04T07:38:45.242309Z;/home/runner/work/gson/gson/gson/target/gson-subset-src/com/google/gson;stream;IN_ACCESS,IN_ISDIR
2026-09-04T07:38:45.242661Z;/home/runner/work/gson/gson/gson/target/gson-subset-src/com/google/gson/stream;;IN_ACCESS,IN_ISDIR
2026-09-04T07:38:45.243157Z;/home/runner/work/gson/gson/gson/target;maven-status;IN_CREATE,IN_ISDIR
2026-09-04T07:38:45.243500Z;/home/runner/work/gson/gson/gson/target/generated-sources;annotations;IN_ACCESS,IN_ISDIR
2026-09-04T07:38:45.243828Z;/home/runner/work/gson/gson/gson/target/generated-sources/annotations;;IN_ACCESS,IN_ISDIR
2026-09-04T07:38:45.244145Z;/home/runner/work/gson/gson/gson/target/generated-sources;annotations;IN_ACCESS,IN_ISDIR
2026-09-04T07:38:45.244465Z;/home/runner/work/gson/gson/gson/target/generated-sources/annotations;;IN_ACCESS,IN_ISDIR
2026-09-04T07:38:45.244811Z;/home/runner/work/gson/gson/gson/target/generated-sources/annotations;;IN_IGNORED
2026-09-04T07:38:45.245156Z;/home/runner/work/gson/gson/gson/target/generated-sources;annotations;IN_DELETE,IN_ISDIR
2026-09-04T07:38:45.245520Z;/home/runner/work/gson/gson/gson/target/generated-sources;annotations;IN_CREATE,IN_ISDIR
2026-09-04T07:38:45.245864Z;/home/runner/work/gson/gson/gson/target;classes;IN_ACCESS,IN_ISDIR
2026-09-04T07:38:45.246180Z;/home/runner/work/gson/gson/gson/target/classes;;IN_ACCESS,IN_ISDIR
2026-09-04T07:38:45.246518Z;/home/runner/work/gson/gson/gson/target;classes;IN_ACCESS,IN_ISDIR
2026-09-04T07:38:45.246829Z;/home/runner/work/gson/gson/gson/target/classes;;IN_ACCESS,IN_ISDIR
2026-09-04T07:38:45.247159Z;/home/runner/work/gson/gson/gson/target/classes;META-INF;IN_ACCESS,IN_ISDIR
2026-09-04T07:38:45.247502Z;/home/runner/work/gson/gson/gson/target/classes/META-INF;;IN_ACCESS,IN_ISDIR
2026-09-04T07:38:45.247827Z;/home/runner/work/gson/gson/gson/target/classes;META-INF;IN_ACCESS,IN_ISDIR
2026-09-04T07:38:45.248140Z;/home/runner/work/gson/gson/gson/target/classes/META-INF;;IN_ACCESS,IN_ISDIR
2026-09-04T07:38:45.248465Z;/home/runner/work/gson/gson/gson/target/classes/META-INF;proguard;IN_ACCESS,IN_ISDIR
2026-09-04T07:38:45.248801Z;/home/runner/work/gson/gson/gson/target/classes/META-INF/proguard;;IN_ACCESS,IN_ISDIR
2026-09-04T07:38:45.249112Z;/home/runner/work/gson/gson/gson/target/classes/META-INF;proguard;IN_ACCESS,IN_ISDIR
2026-09-04T07:38:45.249427Z;/home/runner/work/gson/gson/gson/target/classes/META-INF/proguard;;IN_ACCESS,IN_ISDIR
2026-09-04T07:38:45.249754Z;/home/runner/work/gson/gson/gson/target;maven-status;IN_ACCESS,IN_ISDIR
2026-09-04T07:38:45.250068Z;/home/runner/work/gson/gson/gson/target/generated-sources;annotations;IN_ACCESS,IN_ISDIR
2026-09-04T07:38:46.349926Z;/home/runner/work/gson/gson/gson/target/gson-subset-src/com/google/gson;FormattingStyle.java;IN_ACCESS
2026-09-04T07:38:46.374513Z;/home/runner/work/gson/gson/gson/target/gson-subset-src/com/google/gson;JsonArray.java;IN_ACCESS
2026-09-04T07:38:46.386047Z;/home/runner/work/gson/gson/gson/target/gson-subset-src/com/google/gson;JsonElement.java;IN_ACCESS
2026-09-04T07:38:46.392619Z;/home/runner/work/gson/gson/gson/target/gson-subset-src/com/google/gson;JsonIOException.java;IN_ACCESS
2026-09-04T07:38:46.392955Z;/home/runner/work/gson/gson/gson/target/gson-subset-src/com/google/gson;JsonNull.java;IN_ACCESS
2026-09-04T07:38:46.393269Z;/home/runner/work/gson/gson/gson/target/gson-subset-src/com/google/gson;JsonObject.java;IN_ACCESS
2026-09-04T07:38:46.396576Z;/home/runner/work/gson/gson/gson/target/gson-subset-src/com/google/gson;JsonParseException.java;IN_ACCESS
2026-09-04T07:38:46.397501Z;/home/runner/work/gson/gson/gson/target/gson-subset-src/com/google/gson;JsonParser.java;IN_ACCESS
2026-09-04T07:38:46.400733Z;/home/runner/work/gson/gson/gson/target/gson-subset-src/com/google/gson;JsonPrimitive.java;IN_ACCESS
2026-09-04T07:38:46.407144Z;/home/runner/work/gson/gson/gson/target/gson-subset-src/com/google/gson;JsonStreamParser.java;IN_ACCESS
2026-09-04T07:38:46.408795Z;/home/runner/work/gson/gson/gson/target/gson-subset-src/com/google/gson;JsonSyntaxException.java;IN_ACCESS
2026-09-04T07:38:46.409364Z;/home/runner/work/gson/gson/gson/target/gson-subset-src/com/google/gson;Strictness.java;IN_ACCESS
2026-09-04T07:38:46.410005Z;/home/runner/work/gson/gson/gson/target/gson-subset-src/com/google/gson;TypeAdapter.java;IN_ACCESS
2026-09-04T07:38:46.413948Z;/home/runner/work/gson/gson/gson/target/gson-subset-src/com/google/gson/internal;JsonReaderInternalAccess.java;IN_ACCESS
2026-09-04T07:38:46.414374Z;/home/runner/work/gson/gson/gson/target/gson-subset-src/com/google/gson/internal;LazilyParsedNumber.java;IN_ACCESS
2026-09-04T07:38:46.416041Z;/home/runner/work/gson/gson/gson/target/gson-subset-src/com/google/gson/internal;LinkedTreeMap.java;IN_ACCESS
2026-09-04T07:38:46.430161Z;/home/runner/work/gson/gson/gson/target/gson-subset-src/com/google/gson/internal;NonNullElementWrapperList.java;IN_ACCESS
2026-09-04T07:38:46.433662Z;/home/runner/work/gson/gson/gson/target/gson-subset-src/com/google/gson/internal;NumberLimits.java;IN_ACCESS
2026-09-04T07:38:46.434682Z;/home/runner/work/gson/gson/gson/target/gson-subset-src/com/google/gson/internal;Streams.java;IN_ACCESS
2026-09-04T07:38:46.438102Z;/home/runner/work/gson/gson/gson/target/gson-subset-src/com/google/gson/internal;TroubleshootingGuide.java;IN_ACCESS
2026-09-04T07:38:46.439762Z;/home/runner/work/gson/gson/gson/target/gson-subset-src/com/google/gson/internal/bind;JsonElementTypeAdapter.java;IN_ACCESS
2026-09-04T07:38:46.442812Z;/home/runner/work/gson/gson/gson/target/gson-subset-src/com/google/gson/internal/bind;JsonTreeReader.java;IN_ACCESS
2026-09-04T07:38:46.456777Z;/home/runner/work/gson/gson/gson/target/gson-subset-src/com/google/gson/internal/bind;JsonTreeWriter.java;IN_ACCESS
2026-09-04T07:38:46.460833Z;/home/runner/work/gson/gson/gson/target/gson-subset-src/com/google/gson;package-info.java;IN_ACCESS
2026-09-04T07:38:46.461212Z;/home/runner/work/gson/gson/gson/target/gson-subset-src/com/google/gson/stream;JsonReader.java;IN_ACCESS
2026-09-04T07:38:46.486090Z;/home/runner/work/gson/gson/gson/target/gson-subset-src/com/google/gson/stream;JsonScope.java;IN_ACCESS
2026-09-04T07:38:46.486697Z;/home/runner/work/gson/gson/gson/target/gson-subset-src/com/google/gson/stream;JsonToken.java;IN_ACCESS
2026-09-04T07:38:46.487201Z;/home/runner/work/gson/gson/gson/target/gson-subset-src/com/google/gson/stream;JsonWriter.java;IN_ACCESS
2026-09-04T07:38:46.494956Z;/home/runner/work/gson/gson/gson/target/gson-subset-src/com/google/gson/stream;MalformedJsonException.java;IN_ACCESS
2026-09-04T07:38:46.495375Z;/home/runner/work/gson/gson/gson/target/gson-subset-src/com/google/gson/stream;package-info.java;IN_ACCESS
2026-09-04T07:38:46.505180Z;/home/runner/work/gson/gson/gson/target/gson-subset-src/com/google;gson;IN_ACCESS,IN_ISDIR
2026-09-04T07:38:46.505542Z;/home/runner/work/gson/gson/gson/target/gson-subset-src/com/google/gson;;IN_ACCESS,IN_ISDIR
2026-09-04T07:38:46.505858Z;/home/runner/work/gson/gson/gson/target/gson-subset-src/com/google;gson;IN_ACCESS,IN_ISDIR
2026-09-04T07:38:46.506739Z;/home/runner/work/gson/gson/gson/target/gson-subset-src/com/google/gson;;IN_ACCESS,IN_ISDIR
2026-09-04T07:38:46.512078Z;/home/runner/work/gson/gson/gson/target/gson-subset-src/com/google/gson;internal;IN_ACCESS,IN_ISDIR
2026-09-04T07:38:46.513821Z;/home/runner/work/gson/gson/gson/target/gson-subset-src/com/google/gson/internal;;IN_ACCESS,IN_ISDIR
2026-09-04T07:38:46.514117Z;/home/runner/work/gson/gson/gson/target/gson-subset-src/com/google/gson;internal;IN_ACCESS,IN_ISDIR
2026-09-04T07:38:46.514409Z;/home/runner/work/gson/gson/gson/target/gson-subset-src/com/google/gson/internal;;IN_ACCESS,IN_ISDIR
2026-09-04T07:38:46.514890Z;/home/runner/work/gson/gson/gson/target/gson-subset-src/com/google/gson/internal;bind;IN_ACCESS,IN_ISDIR
2026-09-04T07:38:46.515248Z;/home/runner/work/gson/gson/gson/target/gson-subset-src/com/google/gson/internal/bind;;IN_ACCESS,IN_ISDIR
2026-09-04T07:38:46.515590Z;/home/runner/work/gson/gson/gson/target/gson-subset-src/com/google/gson/internal;bind;IN_ACCESS,IN_ISDIR
2026-09-04T07:38:46.515906Z;/home/runner/work/gson/gson/gson/target/gson-subset-src/com/google/gson/internal/bind;;IN_ACCESS,IN_ISDIR
2026-09-04T07:38:46.516399Z;/home/runner/work/gson/gson/gson/target/gson-subset-src/com/google/gson;stream;IN_ACCESS,IN_ISDIR
2026-09-04T07:38:46.517013Z;/home/runner/work/gson/gson/gson/target/gson-subset-src/com/google/gson/stream;;IN_ACCESS,IN_ISDIR
2026-09-04T07:38:46.517382Z;/home/runner/work/gson/gson/gson/target/gson-subset-src/com/google/gson;stream;IN_ACCESS,IN_ISDIR
2026-09-04T07:38:46.517715Z;/home/runner/work/gson/gson/gson/target/gson-subset-src/com/google/gson/stream;;IN_ACCESS,IN_ISDIR
2026-09-04T07:38:46.524313Z;/home/runner/work/gson/gson/gson/target/gson-subset-src/com;google;IN_ACCESS,IN_ISDIR
2026-09-04T07:38:46.525849Z;/home/runner/work/gson/gson/gson/target/gson-subset-src/com/google;;IN_ACCESS,IN_ISDIR
2026-09-04T07:38:46.526168Z;/home/runner/work/gson/gson/gson/target/gson-subset-src/com;google;IN_ACCESS,IN_ISDIR
2026-09-04T07:38:46.526488Z;/home/runner/work/gson/gson/gson/target/gson-subset-src/com/google;;IN_ACCESS,IN_ISDIR
2026-09-04T07:38:46.526819Z;/home/runner/work/gson/gson/gson/target/gson-subset-src;com;IN_ACCESS,IN_ISDIR
2026-09-04T07:38:46.527139Z;/home/runner/work/gson/gson/gson/target/gson-subset-src/com;;IN_ACCESS,IN_ISDIR
2026-09-04T07:38:46.527448Z;/home/runner/work/gson/gson/gson/target/gson-subset-src;com;IN_ACCESS,IN_ISDIR
2026-09-04T07:38:46.527788Z;/home/runner/work/gson/gson/gson/target/gson-subset-src/com;;IN_ACCESS,IN_ISDIR
2026-09-04T07:38:47.778702Z;/home/runner/work/gson/gson/gson/target;classes;IN_ACCESS,IN_ISDIR
2026-09-04T07:38:47.779261Z;/home/runner/work/gson/gson/gson/target/classes;;IN_ACCESS,IN_ISDIR
2026-09-04T07:38:47.780818Z;/home/runner/work/gson/gson/gson/target;classes;IN_ACCESS,IN_ISDIR
2026-09-04T07:38:47.781149Z;/home/runner/work/gson/gson/gson/target/classes;;IN_ACCESS,IN_ISDIR
2026-09-04T07:38:47.782814Z;/home/runner/work/gson/gson;;IN_ACCESS,IN_ISDIR
2026-09-04T07:38:47.784834Z;/home/runner/work/gson/gson/gson/target;gson-subset-src;IN_ACCESS,IN_ISDIR
2026-09-04T07:38:47.785164Z;/home/runner/work/gson/gson/gson/target/gson-subset-src;;IN_ACCESS,IN_ISDIR
2026-09-04T07:38:47.786817Z;/home/runner/work/gson/gson/gson/target;gson-subset-src;IN_ACCESS,IN_ISDIR
2026-09-04T07:38:47.787171Z;/home/runner/work/gson/gson/gson/target/gson-subset-src;;IN_ACCESS,IN_ISDIR
2026-09-04T07:38:50.088633Z;/home/runner/work/gson/gson/gson/target/classes;com;IN_CREATE,IN_ISDIR
2026-09-04T07:38:50.089197Z;/home/runner/work/gson/gson/gson/target/classes;com;IN_ACCESS,IN_ISDIR
2026-09-04T07:38:50.089746Z;/home/runner/work/gson/gson/gson/target/classes/com;google;IN_CREATE,IN_ISDIR
2026-09-04T07:38:50.090507Z;/home/runner/work/gson/gson/gson/target/classes/com;google;IN_ACCESS,IN_ISDIR
2026-09-04T07:38:50.091804Z;/home/runner/work/gson/gson/gson/target/classes/com/google/gson;stream;IN_CREATE,IN_ISDIR
2026-09-04T07:38:50.093821Z;/home/runner/work/gson/gson/gson/target/classes/com/google/gson;stream;IN_ACCESS,IN_ISDIR
2026-09-04T07:38:50.097736Z;/home/runner/work/gson/gson/gson/target/classes/com/google/gson;FormattingStyle.class;IN_CREATE
2026-09-04T07:38:50.103724Z;/home/runner/work/gson/gson/gson/target/classes/com/google/gson;JsonArray.class;IN_CREATE
2026-09-04T07:38:50.108226Z;/home/runner/work/gson/gson/gson/target/classes/com/google/gson;JsonElement.class;IN_CREATE
2026-09-04T07:38:50.111780Z;/home/runner/work/gson/gson/gson/target/classes/com/google/gson;JsonObject.class;IN_CREATE
2026-09-04T07:38:50.118454Z;/home/runner/work/gson/gson/gson/target/classes/com/google/gson;JsonPrimitive.class;IN_CREATE
2026-09-04T07:38:50.119857Z;/home/runner/work/gson/gson/gson/target/classes/com/google/gson;JsonNull.class;IN_CREATE
2026-09-04T07:38:50.122310Z;/home/runner/work/gson/gson/gson/target/classes/com/google/gson;internal;IN_CREATE,IN_ISDIR
2026-09-04T07:38:50.122733Z;/home/runner/work/gson/gson/gson/target/classes/com/google/gson;internal;IN_ACCESS,IN_ISDIR
2026-09-04T07:38:50.123075Z;/home/runner/work/gson/gson/gson/target/classes/com/google/gson/internal;LinkedTreeMap$Node.class;IN_CREATE
2026-09-04T07:38:50.124725Z;/home/runner/work/gson/gson/gson/target/classes/com/google/gson/internal;LinkedTreeMap$LinkedTreeMapIterator.class;IN_CREATE
2026-09-04T07:38:50.125870Z;/home/runner/work/gson/gson/gson/target/classes/com/google/gson/internal;LinkedTreeMap$EntrySet$1.class;IN_CREATE
2026-09-04T07:38:50.127104Z;/home/runner/work/gson/gson/gson/target/classes/com/google/gson/internal;LinkedTreeMap$EntrySet.class;IN_CREATE
2026-09-04T07:38:50.127940Z;/home/runner/work/gson/gson/gson/target/classes/com/google/gson/internal;LinkedTreeMap$KeySet$1.class;IN_CREATE
2026-09-04T07:38:50.128741Z;/home/runner/work/gson/gson/gson/target/classes/com/google/gson/internal;LinkedTreeMap$KeySet.class;IN_CREATE
2026-09-04T07:38:50.136406Z;/home/runner/work/gson/gson/gson/target/classes/com/google/gson/internal;LinkedTreeMap.class;IN_CREATE
2026-09-04T07:38:50.138667Z;/home/runner/work/gson/gson/gson/target/classes/com/google/gson;JsonIOException.class;IN_CREATE
2026-09-04T07:38:50.141617Z;/home/runner/work/gson/gson/gson/target/classes/com/google/gson;JsonParseException.class;IN_CREATE
2026-09-04T07:38:50.142005Z;/home/runner/work/gson/gson/gson/target/classes/com/google/gson;JsonParser.class;IN_CREATE
2026-09-04T07:38:50.142904Z;/home/runner/work/gson/gson/gson/target/classes/com/google/gson;JsonSyntaxException.class;IN_CREATE
2026-09-04T07:38:50.143865Z;/home/runner/work/gson/gson/gson/target/classes/com/google/gson/stream;JsonReader$1.class;IN_CREATE
2026-09-04T07:38:50.162854Z;/home/runner/work/gson/gson/gson/target/classes/com/google/gson/stream;JsonReader.class;IN_CREATE
2026-09-04T07:38:50.166287Z;/home/runner/work/gson/gson/gson/target/classes/com/google/gson;Strictness.class;IN_CREATE
2026-09-04T07:38:50.167378Z;/home/runner/work/gson/gson/gson/target/classes/com/google/gson/stream;JsonToken.class;IN_CREATE
2026-09-04T07:38:50.167985Z;/home/runner/work/gson/gson/gson/target/classes/com/google/gson/stream;MalformedJsonException.class;IN_CREATE
2026-09-04T07:38:50.169338Z;/home/runner/work/gson/gson/gson/target/classes/com/google/gson;JsonStreamParser.class;IN_CREATE
2026-09-04T07:38:50.172623Z;/home/runner/work/gson/gson/gson/target/classes/com/google/gson;TypeAdapter$NullSafeTypeAdapter.class;IN_CREATE
2026-09-04T07:38:50.173031Z;/home/runner/work/gson/gson/gson/target/classes/com/google/gson;TypeAdapter$1.class;IN_CREATE
2026-09-04T07:38:50.173366Z;/home/runner/work/gson/gson/gson/target/classes/com/google/gson;TypeAdapter.class;IN_CREATE
2026-09-04T07:38:50.174791Z;/home/runner/work/gson/gson/gson/target/classes/com/google/gson/stream;JsonScope.class;IN_CREATE
2026-09-04T07:38:50.185630Z;/home/runner/work/gson/gson/gson/target/classes/com/google/gson/stream;JsonWriter.class;IN_CREATE
2026-09-04T07:38:50.187968Z;/home/runner/work/gson/gson/gson/target/classes/com/google/gson/internal;JsonReaderInternalAccess.class;IN_CREATE
2026-09-04T07:38:50.189252Z;/home/runner/work/gson/gson/gson/target/classes/com/google/gson/internal;LazilyParsedNumber.class;IN_CREATE
2026-09-04T07:38:50.193422Z;/home/runner/work/gson/gson/gson/target/classes/com/google/gson/internal;NonNullElementWrapperList.class;IN_CREATE
2026-09-04T07:38:50.193908Z;/home/runner/work/gson/gson/gson/target/classes/com/google/gson/internal;NumberLimits.class;IN_CREATE
2026-09-04T07:38:50.198609Z;/home/runner/work/gson/gson/gson/target/classes/com/google/gson/internal;Streams$AppendableWriter$CurrentWrite.class;IN_CREATE
2026-09-04T07:38:50.199037Z;/home/runner/work/gson/gson/gson/target/classes/com/google/gson/internal;Streams$AppendableWriter.class;IN_CREATE
2026-09-04T07:38:50.200851Z;/home/runner/work/gson/gson/gson/target/classes/com/google/gson/internal;Streams$1.class;IN_CREATE
2026-09-04T07:38:50.203907Z;/home/runner/work/gson/gson/gson/target/classes/com/google/gson/internal;Streams.class;IN_CREATE
2026-09-04T07:38:50.205835Z;/home/runner/work/gson/gson/gson/target/classes/com/google/gson/internal;TroubleshootingGuide.class;IN_CREATE
2026-09-04T07:38:50.206325Z;/home/runner/work/gson/gson/gson/target/classes/com/google/gson/internal;bind;IN_CREATE,IN_ISDIR
2026-09-04T07:38:50.208860Z;/home/runner/work/gson/gson/gson/target/classes/com/google/gson/internal;bind;IN_ACCESS,IN_ISDIR
2026-09-04T07:38:50.209180Z;/home/runner/work/gson/gson/gson/target/classes/com/google/gson/internal/bind;JsonTreeWriter$1.class;IN_CREATE
2026-09-04T07:38:50.211633Z;/home/runner/work/gson/gson/gson/target/classes/com/google/gson/internal/bind;JsonTreeWriter.class;IN_CREATE
2026-09-04T07:38:50.221184Z;/home/runner/work/gson/gson/gson/target;classes;IN_ACCESS,IN_ISDIR
2026-09-04T07:38:50.221640Z;/home/runner/work/gson/gson/gson/target/classes;;IN_ACCESS,IN_ISDIR
2026-09-04T07:38:50.221959Z;/home/runner/work/gson/gson/gson/target;classes;IN_ACCESS,IN_ISDIR
2026-09-04T07:38:50.222266Z;/home/runner/work/gson/gson/gson/target/classes;;IN_ACCESS,IN_ISDIR
2026-09-04T07:38:50.222585Z;/home/runner/work/gson/gson/gson/target/classes;com;IN_ACCESS,IN_ISDIR
2026-09-04T07:38:50.223003Z;/home/runner/work/gson/gson/gson/target/classes/com;;IN_ACCESS,IN_ISDIR
2026-09-04T07:38:50.225841Z;/home/runner/work/gson/gson/gson/target/classes;com;IN_ACCESS,IN_ISDIR
2026-09-04T07:38:50.226203Z;/home/runner/work/gson/gson/gson/target/classes/com;;IN_ACCESS,IN_ISDIR
2026-09-04T07:38:50.226526Z;/home/runner/work/gson/gson/gson/target/classes/com;google;IN_ACCESS,IN_ISDIR
2026-09-04T07:38:50.228854Z;/home/runner/work/gson/gson/gson/target/classes/com/google;;IN_ACCESS,IN_ISDIR
2026-09-04T07:38:50.229276Z;/home/runner/work/gson/gson/gson/target/classes/com;google;IN_ACCESS,IN_ISDIR
2026-09-04T07:38:50.229589Z;/home/runner/work/gson/gson/gson/target/classes/com/google;;IN_ACCESS,IN_ISDIR
2026-09-04T07:38:50.229902Z;/home/runner/work/gson/gson/gson/target/classes/com/google;gson;IN_ACCESS,IN_ISDIR
2026-09-04T07:38:50.230254Z;/home/runner/work/gson/gson/gson/target/classes/com/google/gson;;IN_ACCESS,IN_ISDIR
2026-09-04T07:38:50.230596Z;/home/runner/work/gson/gson/gson/target/classes/com/google;gson;IN_ACCESS,IN_ISDIR
2026-09-04T07:38:50.230909Z;/home/runner/work/gson/gson/gson/target/classes/com/google/gson;;IN_ACCESS,IN_ISDIR
2026-09-04T07:38:50.233729Z;/home/runner/work/gson/gson/gson/target/classes/com/google/gson;internal;IN_ACCESS,IN_ISDIR
2026-09-04T07:38:50.234133Z;/home/runner/work/gson/gson/gson/target/classes/com/google/gson/internal;;IN_ACCESS,IN_ISDIR
2026-09-04T07:38:50.234520Z;/home/runner/work/gson/gson/gson/target/classes/com/google/gson;internal;IN_ACCESS,IN_ISDIR
2026-09-04T07:38:50.234860Z;/home/runner/work/gson/gson/gson/target/classes/com/google/gson/internal;;IN_ACCESS,IN_ISDIR
2026-09-04T07:38:50.235196Z;/home/runner/work/gson/gson/gson/target/classes/com/google/gson/internal;bind;IN_ACCESS,IN_ISDIR
2026-09-04T07:38:50.235512Z;/home/runner/work/gson/gson/gson/target/classes/com/google/gson/internal/bind;;IN_ACCESS,IN_ISDIR
2026-09-04T07:38:50.235826Z;/home/runner/work/gson/gson/gson/target/classes/com/google/gson/internal;bind;IN_ACCESS,IN_ISDIR
2026-09-04T07:38:50.236183Z;/home/runner/work/gson/gson/gson/target/classes/com/google/gson/internal/bind;;IN_ACCESS,IN_ISDIR
2026-09-04T07:38:50.236528Z;/home/runner/work/gson/gson/gson/target/classes/com/google/gson;stream;IN_ACCESS,IN_ISDIR
2026-09-04T07:38:50.236847Z;/home/runner/work/gson/gson/gson/target/classes/com/google/gson/stream;;IN_ACCESS,IN_ISDIR
2026-09-04T07:38:50.237143Z;/home/runner/work/gson/gson/gson/target/classes/com/google/gson;stream;IN_ACCESS,IN_ISDIR
2026-09-04T07:38:50.237487Z;/home/runner/work/gson/gson/gson/target/classes/com/google/gson/stream;;IN_ACCESS,IN_ISDIR
2026-09-04T07:38:50.237805Z;/home/runner/work/gson/gson/gson/target/classes;META-INF;IN_ACCESS,IN_ISDIR
2026-09-04T07:38:50.238186Z;/home/runner/work/gson/gson/gson/target/classes/META-INF;;IN_ACCESS,IN_ISDIR
2026-09-04T07:38:50.238457Z;/home/runner/work/gson/gson/gson/target/classes;META-INF;IN_ACCESS,IN_ISDIR
2026-09-04T07:38:50.238756Z;/home/runner/work/gson/gson/gson/target/classes/META-INF;;IN_ACCESS,IN_ISDIR
2026-09-04T07:38:50.239297Z;/home/runner/work/gson/gson/gson/target/classes/META-INF;proguard;IN_ACCESS,IN_ISDIR
2026-09-04T07:38:50.239626Z;/home/runner/work/gson/gson/gson/target/classes/META-INF/proguard;;IN_ACCESS,IN_ISDIR
2026-09-04T07:38:50.239911Z;/home/runner/work/gson/gson/gson/target/classes/META-INF;proguard;IN_ACCESS,IN_ISDIR
2026-09-04T07:38:50.240176Z;/home/runner/work/gson/gson/gson/target/classes/META-INF/proguard;;IN_ACCESS,IN_ISDIR
2026-09-04T07:38:50.240438Z;/home/runner/work/gson/gson/gson/target/maven-status/maven-compiler-plugin/compile/default-compile;createdFiles.lst;IN_CREATE
2026-09-04T07:38:52.332061Z;/home/runner/work/gson/gson/gson/target;classes;IN_ACCESS,IN_ISDIR
2026-09-04T07:38:52.333505Z;/home/runner/work/gson/gson/gson/target/classes;;IN_ACCESS,IN_ISDIR
2026-09-04T07:38:52.333870Z;/home/runner/work/gson/gson/gson/target/classes;com;IN_ACCESS,IN_ISDIR
2026-09-04T07:38:52.334415Z;/home/runner/work/gson/gson/gson/target/classes/com;;IN_ACCESS,IN_ISDIR
2026-09-04T07:38:52.334890Z;/home/runner/work/gson/gson/gson/target/classes/com;google;IN_ACCESS,IN_ISDIR
2026-09-04T07:38:52.335254Z;/home/runner/work/gson/gson/gson/target/classes/com/google;;IN_ACCESS,IN_ISDIR
2026-09-04T07:38:52.335642Z;/home/runner/work/gson/gson/gson/target/classes/com/google;gson;IN_ACCESS,IN_ISDIR
2026-09-04T07:38:52.336012Z;/home/runner/work/gson/gson/gson/target/classes/com/google/gson;;IN_ACCESS,IN_ISDIR
2026-09-04T07:38:52.336337Z;/home/runner/work/gson/gson/gson/target/classes/com/google/gson;internal;IN_ACCESS,IN_ISDIR
2026-09-04T07:38:52.336680Z;/home/runner/work/gson/gson/gson/target/classes/com/google/gson/internal;;IN_ACCESS,IN_ISDIR
2026-09-04T07:38:52.337051Z;/home/runner/work/gson/gson/gson/target/classes/com/google/gson/internal;bind;IN_ACCESS,IN_ISDIR
2026-09-04T07:38:52.337392Z;/home/runner/work/gson/gson/gson/target/classes/com/google/gson/internal/bind;;IN_ACCESS,IN_ISDIR
2026-09-04T07:38:52.337780Z;/home/runner/work/gson/gson/gson/target/classes/com/google/gson/internal;bind;IN_ACCESS,IN_ISDIR
2026-09-04T07:38:52.338297Z;/home/runner/work/gson/gson/gson/target/classes/com/google/gson/internal/bind;;IN_ACCESS,IN_ISDIR
2026-09-04T07:38:52.338675Z;/home/runner/work/gson/gson/gson/target/classes/com/google/gson;internal;IN_ACCESS,IN_ISDIR
2026-09-04T07:38:52.339076Z;/home/runner/work/gson/gson/gson/target/classes/com/google/gson/internal;;IN_ACCESS,IN_ISDIR
2026-09-04T07:38:52.339436Z;/home/runner/work/gson/gson/gson/target/classes/com/google/gson;stream;IN_ACCESS,IN_ISDIR
2026-09-04T07:38:52.339875Z;/home/runner/work/gson/gson/gson/target/classes/com/google/gson/stream;;IN_ACCESS,IN_ISDIR
2026-09-04T07:38:52.340280Z;/home/runner/work/gson/gson/gson/target/classes/com/google/gson;stream;IN_ACCESS,IN_ISDIR
2026-09-04T07:38:52.341528Z;/home/runner/work/gson/gson/gson/target/classes/com/google/gson/stream;;IN_ACCESS,IN_ISDIR
2026-09-04T07:38:52.342022Z;/home/runner/work/gson/gson/gson/target/classes/com/google;gson;IN_ACCESS,IN_ISDIR
2026-09-04T07:38:52.342480Z;/home/runner/work/gson/gson/gson/target/classes/com/google/gson;;IN_ACCESS,IN_ISDIR
2026-09-04T07:38:52.342974Z;/home/runner/work/gson/gson/gson/target/classes/com;google;IN_ACCESS,IN_ISDIR
2026-09-04T07:38:52.343408Z;/home/runner/work/gson/gson/gson/target/classes/com/google;;IN_ACCESS,IN_ISDIR
2026-09-04T07:38:52.343835Z;/home/runner/work/gson/gson/gson/target/classes;com;IN_ACCESS,IN_ISDIR
2026-09-04T07:38:52.344407Z;/home/runner/work/gson/gson/gson/target/classes/com;;IN_ACCESS,IN_ISDIR
2026-09-04T07:38:52.344891Z;/home/runner/work/gson/gson/gson/target/classes;META-INF;IN_ACCESS,IN_ISDIR
2026-09-04T07:38:52.345457Z;/home/runner/work/gson/gson/gson/target/classes/META-INF;;IN_ACCESS,IN_ISDIR
2026-09-04T07:38:52.345862Z;/home/runner/work/gson/gson/gson/target/classes/META-INF;proguard;IN_ACCESS,IN_ISDIR
2026-09-04T07:38:52.346430Z;/home/runner/work/gson/gson/gson/target/classes/META-INF/proguard;;IN_ACCESS,IN_ISDIR
2026-09-04T07:38:52.347051Z;/home/runner/work/gson/gson/gson/target/classes/META-INF;proguard;IN_ACCESS,IN_ISDIR
2026-09-04T07:38:52.347550Z;/home/runner/work/gson/gson/gson/target/classes/META-INF/proguard;;IN_ACCESS,IN_ISDIR
2026-09-04T07:38:52.347942Z;/home/runner/work/gson/gson/gson/target/classes;META-INF;IN_ACCESS,IN_ISDIR
2026-09-04T07:38:52.348297Z;/home/runner/work/gson/gson/gson/target/classes/META-INF;;IN_ACCESS,IN_ISDIR
2026-09-04T07:38:52.348917Z;/home/runner/work/gson/gson/gson/target;classes;IN_ACCESS,IN_ISDIR
2026-09-04T07:38:52.349310Z;/home/runner/work/gson/gson/gson/target/classes;;IN_ACCESS,IN_ISDIR
2026-09-04T07:38:52.349749Z;/home/runner/work/gson/gson/gson/target;classes;IN_ACCESS,IN_ISDIR
2026-09-04T07:38:52.350151Z;/home/runner/work/gson/gson/gson/target/classes;;IN_ACCESS,IN_ISDIR
2026-09-04T07:38:52.350537Z;/home/runner/work/gson/gson/gson/target/classes;com;IN_ACCESS,IN_ISDIR
2026-09-04T07:38:52.350942Z;/home/runner/work/gson/gson/gson/target/classes/com;;IN_ACCESS,IN_ISDIR
2026-09-04T07:38:52.351308Z;/home/runner/work/gson/gson/gson/target/classes/com;google;IN_ACCESS,IN_ISDIR
2026-09-04T07:38:52.351703Z;/home/runner/work/gson/gson/gson/target/classes/com/google;;IN_ACCESS,IN_ISDIR
2026-09-04T07:38:52.352138Z;/home/runner/work/gson/gson/gson/target/classes/com/google;gson;IN_ACCESS,IN_ISDIR
2026-09-04T07:38:52.352542Z;/home/runner/work/gson/gson/gson/target/classes/com/google/gson;;IN_ACCESS,IN_ISDIR
2026-09-04T07:38:52.352907Z;/home/runner/work/gson/gson/gson/target/classes/com/google/gson;internal;IN_ACCESS,IN_ISDIR
2026-09-04T07:38:52.353238Z;/home/runner/work/gson/gson/gson/target/classes/com/google/gson/internal;;IN_ACCESS,IN_ISDIR
2026-09-04T07:38:52.353576Z;/home/runner/work/gson/gson/gson/target/classes/com/google/gson/internal;bind;IN_ACCESS,IN_ISDIR
2026-09-04T07:38:52.353886Z;/home/runner/work/gson/gson/gson/target/classes/com/google/gson/internal/bind;;IN_ACCESS,IN_ISDIR
2026-09-04T07:38:52.354485Z;/home/runner/work/gson/gson/gson/target/classes/com/google/gson/internal;bind;IN_ACCESS,IN_ISDIR
2026-09-04T07:38:52.354813Z;/home/runner/work/gson/gson/gson/target/classes/com/google/gson/internal/bind;;IN_ACCESS,IN_ISDIR
2026-09-04T07:38:52.355133Z;/home/runner/work/gson/gson/gson/target/classes/com/google/gson;internal;IN_ACCESS,IN_ISDIR
2026-09-04T07:38:52.355432Z;/home/runner/work/gson/gson/gson/target/classes/com/google/gson/internal;;IN_ACCESS,IN_ISDIR
2026-09-04T07:38:52.355751Z;/home/runner/work/gson/gson/gson/target/classes/com/google/gson;stream;IN_ACCESS,IN_ISDIR
2026-09-04T07:38:52.356079Z;/home/runner/work/gson/gson/gson/target/classes/com/google/gson/stream;;IN_ACCESS,IN_ISDIR
2026-09-04T07:38:52.356645Z;/home/runner/work/gson/gson/gson/target/classes/com/google/gson;stream;IN_ACCESS,IN_ISDIR
2026-09-04T07:38:52.357150Z;/home/runner/work/gson/gson/gson/target/classes/com/google/gson/stream;;IN_ACCESS,IN_ISDIR
2026-09-04T07:38:52.357520Z;/home/runner/work/gson/gson/gson/target/classes/com/google;gson;IN_ACCESS,IN_ISDIR
2026-09-04T07:38:52.357889Z;/home/runner/work/gson/gson/gson/target/classes/com/google/gson;;IN_ACCESS,IN_ISDIR
2026-09-04T07:38:52.358250Z;/home/runner/work/gson/gson/gson/target/classes/com;google;IN_ACCESS,IN_ISDIR
2026-09-04T07:38:52.358594Z;/home/runner/work/gson/gson/gson/target/classes/com/google;;IN_ACCESS,IN_ISDIR
2026-09-04T07:38:52.358984Z;/home/runner/work/gson/gson/gson/target/classes;com;IN_ACCESS,IN_ISDIR
2026-09-04T07:38:52.359517Z;/home/runner/work/gson/gson/gson/target/classes/com;;IN_ACCESS,IN_ISDIR
2026-09-04T07:38:52.359952Z;/home/runner/work/gson/gson/gson/target/classes;META-INF;IN_ACCESS,IN_ISDIR
2026-09-04T07:38:52.360818Z;/home/runner/work/gson/gson/gson/target/classes/META-INF;;IN_ACCESS,IN_ISDIR
2026-09-04T07:38:52.361206Z;/home/runner/work/gson/gson/gson/target/classes/META-INF;proguard;IN_ACCESS,IN_ISDIR
2026-09-04T07:38:52.361553Z;/home/runner/work/gson/gson/gson/target/classes/META-INF/proguard;;IN_ACCESS,IN_ISDIR
2026-09-04T07:38:52.362012Z;/home/runner/work/gson/gson/gson/target/classes/META-INF;proguard;IN_ACCESS,IN_ISDIR
2026-09-04T07:38:52.362343Z;/home/runner/work/gson/gson/gson/target/classes/META-INF/proguard;;IN_ACCESS,IN_ISDIR
2026-09-04T07:38:52.362744Z;/home/runner/work/gson/gson/gson/target/classes;META-INF;IN_ACCESS,IN_ISDIR
2026-09-04T07:38:52.363111Z;/home/runner/work/gson/gson/gson/target/classes/META-INF;;IN_ACCESS,IN_ISDIR
2026-09-04T07:38:52.363530Z;/home/runner/work/gson/gson/gson/target;classes;IN_ACCESS,IN_ISDIR
2026-09-04T07:38:52.363865Z;/home/runner/work/gson/gson/gson/target/classes;;IN_ACCESS,IN_ISDIR
2026-09-04T07:38:52.365221Z;/home/runner/work/gson/gson/gson/target/classes/com/google/gson;package-info.class;IN_ACCESS
2026-09-04T07:38:52.373899Z;/home/runner/work/gson/gson/gson/target/classes/com/google/gson;FormattingStyle.class;IN_ACCESS
2026-09-04T07:38:52.384239Z;/home/runner/work/gson/gson/gson/target/classes/com/google/gson;JsonArray.class;IN_ACCESS
2026-09-04T07:38:52.388550Z;/home/runner/work/gson/gson/gson/target/classes/com/google/gson;JsonElement.class;IN_ACCESS
2026-09-04T07:38:52.389886Z;/home/runner/work/gson/gson/gson/target/classes/com/google/gson;JsonIOException.class;IN_ACCESS
2026-09-04T07:38:52.390516Z;/home/runner/work/gson/gson/gson/target/classes/com/google/gson;JsonNull.class;IN_ACCESS
2026-09-04T07:38:52.390854Z;/home/runner/work/gson/gson/gson/target/classes/com/google/gson;JsonObject.class;IN_ACCESS
2026-09-04T07:38:52.393252Z;/home/runner/work/gson/gson/gson/target/classes/com/google/gson;JsonParseException.class;IN_ACCESS
2026-09-04T07:38:52.393673Z;/home/runner/work/gson/gson/gson/target/classes/com/google/gson;JsonParser.class;IN_ACCESS
2026-09-04T07:38:52.395046Z;/home/runner/work/gson/gson/gson/target/classes/com/google/gson;JsonPrimitive.class;IN_ACCESS
2026-09-04T07:38:52.396164Z;/home/runner/work/gson/gson/gson/target/classes/com/google/gson;JsonStreamParser.class;IN_ACCESS
2026-09-04T07:38:52.397779Z;/home/runner/work/gson/gson/gson/target/classes/com/google/gson;JsonSyntaxException.class;IN_ACCESS
2026-09-04T07:38:52.398131Z;/home/runner/work/gson/gson/gson/target/classes/com/google/gson;Strictness.class;IN_ACCESS
2026-09-04T07:38:52.399830Z;/home/runner/work/gson/gson/gson/target/classes/com/google/gson;TypeAdapter$1.class;IN_ACCESS
2026-09-04T07:38:52.400230Z;/home/runner/work/gson/gson/gson/target/classes/com/google/gson;TypeAdapter$NullSafeTypeAdapter.class;IN_ACCESS
2026-09-04T07:38:52.401226Z;/home/runner/work/gson/gson/gson/target/classes/com/google/gson;TypeAdapter.class;IN_ACCESS
2026-09-04T07:38:52.401742Z;/home/runner/work/gson/gson/gson/target/classes/com/google/gson/internal;JsonReaderInternalAccess.class;IN_ACCESS
2026-09-04T07:38:52.402073Z;/home/runner/work/gson/gson/gson/target/classes/com/google/gson/internal;LazilyParsedNumber.class;IN_ACCESS
2026-09-04T07:38:52.402594Z;/home/runner/work/gson/gson/gson/target/classes/com/google/gson/internal;LinkedTreeMap$EntrySet$1.class;IN_ACCESS
2026-09-04T07:38:52.405952Z;/home/runner/work/gson/gson/gson/target/classes/com/google/gson/internal;LinkedTreeMap$EntrySet.class;IN_ACCESS
2026-09-04T07:38:52.406487Z;/home/runner/work/gson/gson/gson/target/classes/com/google/gson/internal;LinkedTreeMap$KeySet$1.class;IN_ACCESS
2026-09-04T07:38:52.406892Z;/home/runner/work/gson/gson/gson/target/classes/com/google/gson/internal;LinkedTreeMap$KeySet.class;IN_ACCESS
2026-09-04T07:38:52.407257Z;/home/runner/work/gson/gson/gson/target/classes/com/google/gson/internal;LinkedTreeMap$LinkedTreeMapIterator.class;IN_ACCESS
2026-09-04T07:38:52.407595Z;/home/runner/work/gson/gson/gson/target/classes/com/google/gson/internal;LinkedTreeMap$Node.class;IN_ACCESS
2026-09-04T07:38:52.410891Z;/home/runner/work/gson/gson/gson/target/classes/com/google/gson/internal;LinkedTreeMap.class;IN_ACCESS
2026-09-04T07:38:52.411752Z;/home/runner/work/gson/gson/gson/target/classes/com/google/gson/internal;NonNullElementWrapperList.class;IN_ACCESS
2026-09-04T07:38:52.413930Z;/home/runner/work/gson/gson/gson/target/classes/com/google/gson/internal;NumberLimits.class;IN_ACCESS
2026-09-04T07:38:52.414453Z;/home/runner/work/gson/gson/gson/target/classes/com/google/gson/internal;Streams$1.class;IN_ACCESS
2026-09-04T07:38:52.414815Z;/home/runner/work/gson/gson/gson/target/classes/com/google/gson/internal;Streams$AppendableWriter$CurrentWrite.class;IN_ACCESS
2026-09-04T07:38:52.416817Z;/home/runner/work/gson/gson/gson/target/classes/com/google/gson/internal;Streams$AppendableWriter.class;IN_ACCESS
2026-09-04T07:38:52.418453Z;/home/runner/work/gson/gson/gson/target/classes/com/google/gson/internal;Streams.class;IN_ACCESS
2026-09-04T07:38:52.418790Z;/home/runner/work/gson/gson/gson/target/classes/com/google/gson/internal;TroubleshootingGuide.class;IN_ACCESS
2026-09-04T07:38:52.419135Z;/home/runner/work/gson/gson/gson/target/classes/com/google/gson/internal/bind;JsonElementTypeAdapter$1.class;IN_ACCESS
2026-09-04T07:38:52.419799Z;/home/runner/work/gson/gson/gson/target/classes/com/google/gson/internal/bind;JsonElementTypeAdapter.class;IN_ACCESS
2026-09-04T07:38:52.420230Z;/home/runner/work/gson/gson/gson/target/classes/com/google/gson/internal/bind;JsonTreeReader$1.class;IN_ACCESS
2026-09-04T07:38:52.421062Z;/home/runner/work/gson/gson/gson/target/classes/com/google/gson/internal/bind;JsonTreeReader$2.class;IN_ACCESS
2026-09-04T07:38:52.421428Z;/home/runner/work/gson/gson/gson/target/classes/com/google/gson/internal/bind;JsonTreeReader.class;IN_ACCESS
2026-09-04T07:38:52.421927Z;/home/runner/work/gson/gson/gson/target/classes/com/google/gson/internal/bind;JsonTreeWriter$1.class;IN_ACCESS
2026-09-04T07:38:52.422230Z;/home/runner/work/gson/gson/gson/target/classes/com/google/gson/internal/bind;JsonTreeWriter.class;IN_ACCESS
2026-09-04T07:38:52.422515Z;/home/runner/work/gson/gson/gson/target/classes/com/google/gson/stream;package-info.class;IN_ACCESS
2026-09-04T07:38:52.422792Z;/home/runner/work/gson/gson/gson/target/classes/com/google/gson/stream;JsonReader$1.class;IN_ACCESS
2026-09-04T07:38:52.423066Z;/home/runner/work/gson/gson/gson/target/classes/com/google/gson/stream;JsonReader.class;IN_ACCESS
2026-09-04T07:38:52.423337Z;/home/runner/work/gson/gson/gson/target/classes/com/google/gson/stream;JsonScope.class;IN_ACCESS
2026-09-04T07:38:52.423656Z;/home/runner/work/gson/gson/gson/target/classes/com/google/gson/stream;JsonToken.class;IN_ACCESS
2026-09-04T07:38:52.423929Z;/home/runner/work/gson/gson/gson/target/classes/com/google/gson/stream;JsonWriter.class;IN_ACCESS
2026-09-04T07:38:52.424201Z;/home/runner/work/gson/gson/gson/target/classes/com/google/gson/stream;MalformedJsonException.class;IN_ACCESS
2026-09-04T07:38:52.649464Z;/home/runner/work/gson/gson/gson/target/classes/META-INF;MANIFEST.MF;IN_CREATE
2026-09-04T07:38:52.654948Z;/home/runner/work/gson/gson/gson/target;test-classes;IN_CREATE,IN_ISDIR
2026-09-04T07:38:52.655637Z;/home/runner/work/gson/gson/gson/target;test-classes;IN_ACCESS,IN_ISDIR
2026-09-04T07:38:52.656026Z;/home/runner/work/gson/gson/gson/src/test;resources;IN_ACCESS,IN_ISDIR
2026-09-04T07:38:52.656671Z;/home/runner/work/gson/gson/gson/src/test/resources;;IN_ACCESS,IN_ISDIR
2026-09-04T07:38:52.659811Z;/home/runner/work/gson/gson/gson/src/test;resources;IN_ACCESS,IN_ISDIR
2026-09-04T07:38:52.660141Z;/home/runner/work/gson/gson/gson/src/test/resources;;IN_ACCESS,IN_ISDIR
2026-09-04T07:38:52.661776Z;/home/runner/work/gson/gson/gson/target/test-classes;testcases-proguard.conf;IN_CREATE
2026-09-04T07:38:52.662081Z;/home/runner/work/gson/gson/gson/src/test/resources;testcases-proguard.conf;IN_ACCESS
2026-09-04T07:38:52.664730Z;/home/runner/work/gson/gson/gson/target;generated-test-sources;IN_CREATE,IN_ISDIR
2026-09-04T07:38:52.665513Z;/home/runner/work/gson/gson/gson/target;generated-test-sources;IN_ACCESS,IN_ISDIR
2026-09-04T07:38:52.670452Z;/home/runner/work/gson/gson/gson/src/test;java;IN_ACCESS,IN_ISDIR
2026-09-04T07:38:52.670844Z;/home/runner/work/gson/gson/gson/src/test/java;;IN_ACCESS,IN_ISDIR
2026-09-04T07:38:52.672826Z;/home/runner/work/gson/gson/gson/src/test;java;IN_ACCESS,IN_ISDIR
2026-09-04T07:38:52.673804Z;/home/runner/work/gson/gson/gson/src/test/java;;IN_ACCESS,IN_ISDIR
2026-09-04T07:38:52.675173Z;/home/runner/work/gson/gson/gson/src/test/java;com;IN_ACCESS,IN_ISDIR
2026-09-04T07:38:52.675515Z;/home/runner/work/gson/gson/gson/src/test/java/com;;IN_ACCESS,IN_ISDIR
2026-09-04T07:38:52.675853Z;/home/runner/work/gson/gson/gson/src/test/java;com;IN_ACCESS,IN_ISDIR
2026-09-04T07:38:52.676815Z;/home/runner/work/gson/gson/gson/src/test/java/com;;IN_ACCESS,IN_ISDIR
2026-09-04T07:38:52.677180Z;/home/runner/work/gson/gson/gson/src/test/java/com;google;IN_ACCESS,IN_ISDIR
2026-09-04T07:38:52.677496Z;/home/runner/work/gson/gson/gson/src/test/java/com/google;;IN_ACCESS,IN_ISDIR
2026-09-04T07:38:52.677901Z;/home/runner/work/gson/gson/gson/src/test/java/com;google;IN_ACCESS,IN_ISDIR
2026-09-04T07:38:52.678339Z;/home/runner/work/gson/gson/gson/src/test/java/com/google;;IN_ACCESS,IN_ISDIR
2026-09-04T07:38:52.678836Z;/home/runner/work/gson/gson/gson/src/test/java/com/google;gson;IN_ACCESS,IN_ISDIR
2026-09-04T07:38:52.679211Z;/home/runner/work/gson/gson/gson/src/test/java/com/google/gson;;IN_ACCESS,IN_ISDIR
2026-09-04T07:38:52.679584Z;/home/runner/work/gson/gson/gson/src/test/java/com/google;gson;IN_ACCESS,IN_ISDIR
2026-09-04T07:38:52.679955Z;/home/runner/work/gson/gson/gson/src/test/java/com/google/gson;;IN_ACCESS,IN_ISDIR
2026-09-04T07:38:52.680329Z;/home/runner/work/gson/gson/gson/src/test/java/com/google/gson;internal;IN_ACCESS,IN_ISDIR
2026-09-04T07:38:52.681280Z;/home/runner/work/gson/gson/gson/src/test/java/com/google/gson/internal;;IN_ACCESS,IN_ISDIR
2026-09-04T07:38:52.682179Z;/home/runner/work/gson/gson/gson/src/test/java/com/google/gson;internal;IN_ACCESS,IN_ISDIR
2026-09-04T07:38:52.682560Z;/home/runner/work/gson/gson/gson/src/test/java/com/google/gson/internal;;IN_ACCESS,IN_ISDIR
2026-09-04T07:38:52.682968Z;/home/runner/work/gson/gson/gson/src/test/java/com/google/gson/internal;bind;IN_ACCESS,IN_ISDIR
2026-09-04T07:38:52.683329Z;/home/runner/work/gson/gson/gson/src/test/java/com/google/gson/internal/bind;;IN_ACCESS,IN_ISDIR
2026-09-04T07:38:52.683675Z;/home/runner/work/gson/gson/gson/src/test/java/com/google/gson/internal;bind;IN_ACCESS,IN_ISDIR
2026-09-04T07:38:52.685084Z;/home/runner/work/gson/gson/gson/src/test/java/com/google/gson/internal/bind;;IN_ACCESS,IN_ISDIR
2026-09-04T07:38:52.685447Z;/home/runner/work/gson/gson/gson/src/test/java/com/google/gson;stream;IN_ACCESS,IN_ISDIR
2026-09-04T07:38:52.685819Z;/home/runner/work/gson/gson/gson/src/test/java/com/google/gson/stream;;IN_ACCESS,IN_ISDIR
2026-09-04T07:38:52.686131Z;/home/runner/work/gson/gson/gson/src/test/java/com/google/gson;stream;IN_ACCESS,IN_ISDIR
2026-09-04T07:38:52.686456Z;/home/runner/work/gson/gson/gson/src/test/java/com/google/gson/stream;;IN_ACCESS,IN_ISDIR
2026-09-04T07:38:52.686811Z;/home/runner/work/gson/gson/gson/target;classes;IN_ACCESS,IN_ISDIR
2026-09-04T07:38:52.687144Z;/home/runner/work/gson/gson/gson/target/classes;;IN_ACCESS,IN_ISDIR
2026-09-04T07:38:52.687468Z;/home/runner/work/gson/gson/gson/target/classes;com;IN_ACCESS,IN_ISDIR
2026-09-04T07:38:52.687950Z;/home/runner/work/gson/gson/gson/target/classes/com;;IN_ACCESS,IN_ISDIR
2026-09-04T07:38:52.688359Z;/home/runner/work/gson/gson/gson/target/classes/com;google;IN_ACCESS,IN_ISDIR
2026-09-04T07:38:52.688709Z;/home/runner/work/gson/gson/gson/target/classes/com/google;;IN_ACCESS,IN_ISDIR
2026-09-04T07:38:52.689036Z;/home/runner/work/gson/gson/gson/target/classes/com/google;gson;IN_ACCESS,IN_ISDIR
2026-09-04T07:38:52.689364Z;/home/runner/work/gson/gson/gson/target/classes/com/google/gson;;IN_ACCESS,IN_ISDIR
2026-09-04T07:38:52.689704Z;/home/runner/work/gson/gson/gson/src/test;java;IN_ACCESS,IN_ISDIR
2026-09-04T07:38:52.690065Z;/home/runner/work/gson/gson/gson/src/test/java;;IN_ACCESS,IN_ISDIR
2026-09-04T07:38:52.690431Z;/home/runner/work/gson/gson/gson/src/test;java;IN_ACCESS,IN_ISDIR
2026-09-04T07:38:52.690806Z;/home/runner/work/gson/gson/gson/src/test/java;;IN_ACCESS,IN_ISDIR
2026-09-04T07:38:52.691176Z;/home/runner/work/gson/gson/gson/src/test/java;com;IN_ACCESS,IN_ISDIR
2026-09-04T07:38:52.691671Z;/home/runner/work/gson/gson/gson/src/test/java/com;;IN_ACCESS,IN_ISDIR
2026-09-04T07:38:52.692040Z;/home/runner/work/gson/gson/gson/src/test/java;com;IN_ACCESS,IN_ISDIR
2026-09-04T07:38:52.692365Z;/home/runner/work/gson/gson/gson/src/test/java/com;;IN_ACCESS,IN_ISDIR
2026-09-04T07:38:52.692698Z;/home/runner/work/gson/gson/gson/src/test/java/com;google;IN_ACCESS,IN_ISDIR
2026-09-04T07:38:52.693009Z;/home/runner/work/gson/gson/gson/src/test/java/com/google;;IN_ACCESS,IN_ISDIR
2026-09-04T07:38:52.693319Z;/home/runner/work/gson/gson/gson/src/test/java/com;google;IN_ACCESS,IN_ISDIR
2026-09-04T07:38:52.693633Z;/home/runner/work/gson/gson/gson/src/test/java/com/google;;IN_ACCESS,IN_ISDIR
2026-09-04T07:38:52.693943Z;/home/runner/work/gson/gson/gson/src/test/java/com/google;gson;IN_ACCESS,IN_ISDIR
2026-09-04T07:38:52.694274Z;/home/runner/work/gson/gson/gson/src/test/java/com/google/gson;;IN_ACCESS,IN_ISDIR
2026-09-04T07:38:52.694589Z;/home/runner/work/gson/gson/gson/src/test/java/com/google;gson;IN_ACCESS,IN_ISDIR
2026-09-04T07:38:52.694924Z;/home/runner/work/gson/gson/gson/src/test/java/com/google/gson;;IN_ACCESS,IN_ISDIR
2026-09-04T07:38:52.695246Z;/home/runner/work/gson/gson/gson/src/test/java/com/google/gson;internal;IN_ACCESS,IN_ISDIR
2026-09-04T07:38:52.695565Z;/home/runner/work/gson/gson/gson/src/test/java/com/google/gson/internal;;IN_ACCESS,IN_ISDIR
2026-09-04T07:38:52.695923Z;/home/runner/work/gson/gson/gson/src/test/java/com/google/gson;internal;IN_ACCESS,IN_ISDIR
2026-09-04T07:38:52.696262Z;/home/runner/work/gson/gson/gson/src/test/java/com/google/gson/internal;;IN_ACCESS,IN_ISDIR
2026-09-04T07:38:52.696656Z;/home/runner/work/gson/gson/gson/src/test/java/com/google/gson/internal;bind;IN_ACCESS,IN_ISDIR
2026-09-04T07:38:52.697011Z;/home/runner/work/gson/gson/gson/src/test/java/com/google/gson/internal/bind;;IN_ACCESS,IN_ISDIR
2026-09-04T07:38:52.697337Z;/home/runner/work/gson/gson/gson/src/test/java/com/google/gson/internal;bind;IN_ACCESS,IN_ISDIR
2026-09-04T07:38:52.697663Z;/home/runner/work/gson/gson/gson/src/test/java/com/google/gson/internal/bind;;IN_ACCESS,IN_ISDIR
2026-09-04T07:38:52.697984Z;/home/runner/work/gson/gson/gson/src/test/java/com/google/gson;stream;IN_ACCESS,IN_ISDIR
2026-09-04T07:38:52.698300Z;/home/runner/work/gson/gson/gson/src/test/java/com/google/gson/stream;;IN_ACCESS,IN_ISDIR
2026-09-04T07:38:52.698626Z;/home/runner/work/gson/gson/gson/src/test/java/com/google/gson;stream;IN_ACCESS,IN_ISDIR
2026-09-04T07:38:52.698962Z;/home/runner/work/gson/gson/gson/src/test/java/com/google/gson/stream;;IN_ACCESS,IN_ISDIR
2026-09-04T07:38:52.699444Z;/home/runner/work/gson/gson/gson/target/maven-status/maven-compiler-plugin;testCompile;IN_CREATE,IN_ISDIR
2026-09-04T07:38:52.699780Z;/home/runner/work/gson/gson/gson/target/generated-test-sources;test-annotations;IN_ACCESS,IN_ISDIR
2026-09-04T07:38:52.700089Z;/home/runner/work/gson/gson/gson/target/generated-test-sources/test-annotations;;IN_ACCESS,IN_ISDIR
2026-09-04T07:38:52.700698Z;/home/runner/work/gson/gson/gson/target/generated-test-sources;test-annotations;IN_ACCESS,IN_ISDIR
2026-09-04T07:38:52.702418Z;/home/runner/work/gson/gson/gson/target/generated-test-sources/test-annotations;;IN_ACCESS,IN_ISDIR
2026-09-04T07:38:52.702799Z;/home/runner/work/gson/gson/gson/target/generated-test-sources/test-annotations;;IN_IGNORED
2026-09-04T07:38:52.703152Z;/home/runner/work/gson/gson/gson/target/generated-test-sources;test-annotations;IN_DELETE,IN_ISDIR
2026-09-04T07:38:52.703597Z;/home/runner/work/gson/gson/gson/target/generated-test-sources;test-annotations;IN_CREATE,IN_ISDIR
2026-09-04T07:38:52.704109Z;/home/runner/work/gson/gson/gson/target;test-classes;IN_ACCESS,IN_ISDIR
2026-09-04T07:38:52.704501Z;/home/runner/work/gson/gson/gson/target/test-classes;;IN_ACCESS,IN_ISDIR
2026-09-04T07:38:52.704855Z;/home/runner/work/gson/gson/gson/target;test-classes;IN_ACCESS,IN_ISDIR
2026-09-04T07:38:52.705242Z;/home/runner/work/gson/gson/gson/target/test-classes;;IN_ACCESS,IN_ISDIR
2026-09-04T07:38:52.705623Z;/home/runner/work/gson/gson/gson/target/maven-status/maven-compiler-plugin;testCompile;IN_ACCESS,IN_ISDIR
2026-09-04T07:38:52.706098Z;/home/runner/work/gson/gson/gson/target/generated-test-sources;test-annotations;IN_ACCESS,IN_ISDIR
2026-09-04T07:38:52.924877Z;/home/runner/work/gson/gson/gson/src/test/java/com/google/gson;JsonArrayAsListSuiteTest.java;IN_ACCESS
2026-09-04T07:38:52.926882Z;/home/runner/work/gson/gson/gson/src/test/java/com/google/gson;JsonArrayAsListTest.java;IN_ACCESS
2026-09-04T07:38:52.934619Z;/home/runner/work/gson/gson/gson/src/test/java/com/google/gson;JsonArrayTest.java;IN_ACCESS
2026-09-04T07:38:52.940737Z;/home/runner/work/gson/gson/gson/src/test/java/com/google/gson;JsonNullTest.java;IN_ACCESS
2026-09-04T07:38:52.941382Z;/home/runner/work/gson/gson/gson/src/test/java/com/google/gson;JsonObjectAsMapSuiteTest.java;IN_ACCESS
2026-09-04T07:38:52.942584Z;/home/runner/work/gson/gson/gson/src/test/java/com/google/gson;JsonObjectAsMapTest.java;IN_ACCESS
2026-09-04T07:38:52.946732Z;/home/runner/work/gson/gson/gson/src/test/java/com/google/gson;JsonObjectTest.java;IN_ACCESS
2026-09-04T07:38:52.950232Z;/home/runner/work/gson/gson/gson/src/test/java/com/google/gson;JsonParserParameterizedTest.java;IN_ACCESS
2026-09-04T07:38:52.950790Z;/home/runner/work/gson/gson/gson/src/test/java/com/google/gson;JsonPrimitiveTest.java;IN_ACCESS
2026-09-04T07:38:52.955605Z;/home/runner/work/gson/gson/gson/src/test/java/com/google/gson;JsonStreamParserTest.java;IN_ACCESS
2026-09-04T07:38:52.956654Z;/home/runner/work/gson/gson/gson/src/test/java/com/google/gson;SubsetTest.java;IN_ACCESS
2026-09-04T07:38:52.957164Z;/home/runner/work/gson/gson/gson/src/test/java/com/google/gson;TypeAdapterTest.java;IN_ACCESS
2026-09-04T07:38:52.958381Z;/home/runner/work/gson/gson/gson/src/test/java/com/google/gson/internal;LazilyParsedNumberTest.java;IN_ACCESS
2026-09-04T07:38:52.961015Z;/home/runner/work/gson/gson/gson/src/test/java/com/google/gson/internal;LinkedTreeMapSuiteTest.java;IN_ACCESS
2026-09-04T07:38:52.961648Z;/home/runner/work/gson/gson/gson/src/test/java/com/google/gson/internal;LinkedTreeMapTest.java;IN_ACCESS
2026-09-04T07:38:52.964195Z;/home/runner/work/gson/gson/gson/src/test/java/com/google/gson/internal;StreamsTest.java;IN_ACCESS
2026-09-04T07:38:52.965277Z;/home/runner/work/gson/gson/gson/src/test/java/com/google/gson/internal/bind;JsonTreeReaderTest.java;IN_ACCESS
2026-09-04T07:38:52.967908Z;/home/runner/work/gson/gson/gson/src/test/java/com/google/gson/internal/bind;JsonTreeWriterTest.java;IN_ACCESS
2026-09-04T07:38:52.970449Z;/home/runner/work/gson/gson/gson/src/test/java/com/google/gson/stream;JsonReaderPathTest.java;IN_ACCESS
2026-09-04T07:38:52.974475Z;/home/runner/work/gson/gson/gson/src/test/java/com/google/gson/stream;JsonReaderTest.java;IN_ACCESS
2026-09-04T07:38:53.000448Z;/home/runner/work/gson/gson/gson/src/test/java/com/google/gson/stream;JsonWriterTest.java;IN_ACCESS
2026-09-04T07:38:53.338641Z;/home/runner/work/gson/gson/gson/target/classes/com/google;gson;IN_ACCESS,IN_ISDIR
2026-09-04T07:38:53.339255Z;/home/runner/work/gson/gson/gson/target/classes/com/google/gson;;IN_ACCESS,IN_ISDIR
2026-09-04T07:38:53.340952Z;/home/runner/work/gson/gson/gson/target/classes/com/google;gson;IN_ACCESS,IN_ISDIR
2026-09-04T07:38:53.341300Z;/home/runner/work/gson/gson/gson/target/classes/com/google/gson;;IN_ACCESS,IN_ISDIR
2026-09-04T07:38:53.341631Z;/home/runner/work/gson/gson/gson/src/test/java/com/google;gson;IN_ACCESS,IN_ISDIR
2026-09-04T07:38:53.342486Z;/home/runner/work/gson/gson/gson/src/test/java/com/google/gson;;IN_ACCESS,IN_ISDIR
2026-09-04T07:38:53.345613Z;/home/runner/work/gson/gson/gson/src/test/java/com/google;gson;IN_ACCESS,IN_ISDIR
2026-09-04T07:38:53.345995Z;/home/runner/work/gson/gson/gson/src/test/java/com/google/gson;;IN_ACCESS,IN_ISDIR
2026-09-04T07:38:53.346383Z;/home/runner/work/gson/gson/gson/target/classes/com/google/gson;internal;IN_ACCESS,IN_ISDIR
2026-09-04T07:38:53.348713Z;/home/runner/work/gson/gson/gson/target/classes/com/google/gson/internal;;IN_ACCESS,IN_ISDIR
2026-09-04T07:38:53.349098Z;/home/runner/work/gson/gson/gson/target/classes/com/google/gson;internal;IN_ACCESS,IN_ISDIR
2026-09-04T07:38:53.349583Z;/home/runner/work/gson/gson/gson/target/classes/com/google/gson/internal;;IN_ACCESS,IN_ISDIR
2026-09-04T07:38:53.349932Z;/home/runner/work/gson/gson/gson/src/test/java/com/google/gson;internal;IN_ACCESS,IN_ISDIR
2026-09-04T07:38:53.352836Z;/home/runner/work/gson/gson/gson/src/test/java/com/google/gson/internal;;IN_ACCESS,IN_ISDIR
2026-09-04T07:38:53.353206Z;/home/runner/work/gson/gson/gson/src/test/java/com/google/gson;internal;IN_ACCESS,IN_ISDIR
2026-09-04T07:38:53.353576Z;/home/runner/work/gson/gson/gson/src/test/java/com/google/gson/internal;;IN_ACCESS,IN_ISDIR
2026-09-04T07:38:53.353927Z;/home/runner/work/gson/gson/gson/target/classes/com/google/gson/internal;bind;IN_ACCESS,IN_ISDIR
2026-09-04T07:38:53.354254Z;/home/runner/work/gson/gson/gson/target/classes/com/google/gson/internal/bind;;IN_ACCESS,IN_ISDIR
2026-09-04T07:38:53.354630Z;/home/runner/work/gson/gson/gson/target/classes/com/google/gson/internal;bind;IN_ACCESS,IN_ISDIR
2026-09-04T07:38:53.354976Z;/home/runner/work/gson/gson/gson/target/classes/com/google/gson/internal/bind;;IN_ACCESS,IN_ISDIR
2026-09-04T07:38:53.355332Z;/home/runner/work/gson/gson/gson/src/test/java/com/google/gson/internal;bind;IN_ACCESS,IN_ISDIR
2026-09-04T07:38:53.355728Z;/home/runner/work/gson/gson/gson/src/test/java/com/google/gson/internal/bind;;IN_ACCESS,IN_ISDIR
2026-09-04T07:38:53.356099Z;/home/runner/work/gson/gson/gson/src/test/java/com/google/gson/internal;bind;IN_ACCESS,IN_ISDIR
2026-09-04T07:38:53.356528Z;/home/runner/work/gson/gson/gson/src/test/java/com/google/gson/internal/bind;;IN_ACCESS,IN_ISDIR
2026-09-04T07:38:53.356920Z;/home/runner/work/gson/gson/gson/target/classes/com/google/gson;stream;IN_ACCESS,IN_ISDIR
2026-09-04T07:38:53.357271Z;/home/runner/work/gson/gson/gson/target/classes/com/google/gson/stream;;IN_ACCESS,IN_ISDIR
2026-09-04T07:38:53.360611Z;/home/runner/work/gson/gson/gson/target/classes/com/google/gson;stream;IN_ACCESS,IN_ISDIR
2026-09-04T07:38:53.361016Z;/home/runner/work/gson/gson/gson/target/classes/com/google/gson/stream;;IN_ACCESS,IN_ISDIR
2026-09-04T07:38:53.361379Z;/home/runner/work/gson/gson/gson/src/test/java/com/google/gson;stream;IN_ACCESS,IN_ISDIR
2026-09-04T07:38:53.361721Z;/home/runner/work/gson/gson/gson/src/test/java/com/google/gson/stream;;IN_ACCESS,IN_ISDIR
2026-09-04T07:38:53.362078Z;/home/runner/work/gson/gson/gson/src/test/java/com/google/gson;stream;IN_ACCESS,IN_ISDIR
2026-09-04T07:38:53.362429Z;/home/runner/work/gson/gson/gson/src/test/java/com/google/gson/stream;;IN_ACCESS,IN_ISDIR
2026-09-04T07:38:53.362768Z;/home/runner/work/gson/gson/gson/target/classes/com;google;IN_ACCESS,IN_ISDIR
2026-09-04T07:38:53.363110Z;/home/runner/work/gson/gson/gson/target/classes/com/google;;IN_ACCESS,IN_ISDIR
2026-09-04T07:38:53.363439Z;/home/runner/work/gson/gson/gson/target/classes/com;google;IN_ACCESS,IN_ISDIR
2026-09-04T07:38:53.365185Z;/home/runner/work/gson/gson/gson/target/classes/com/google;;IN_ACCESS,IN_ISDIR
2026-09-04T07:38:53.365535Z;/home/runner/work/gson/gson/gson/src/test/java/com;google;IN_ACCESS,IN_ISDIR
2026-09-04T07:38:53.365855Z;/home/runner/work/gson/gson/gson/src/test/java/com/google;;IN_ACCESS,IN_ISDIR
2026-09-04T07:38:53.366170Z;/home/runner/work/gson/gson/gson/src/test/java/com;google;IN_ACCESS,IN_ISDIR
2026-09-04T07:38:53.366683Z;/home/runner/work/gson/gson/gson/src/test/java/com/google;;IN_ACCESS,IN_ISDIR
2026-09-04T07:38:53.367493Z;/home/runner/work/gson/gson/gson/target/classes;com;IN_ACCESS,IN_ISDIR
2026-09-04T07:38:53.367898Z;/home/runner/work/gson/gson/gson/target/classes/com;;IN_ACCESS,IN_ISDIR
2026-09-04T07:38:53.368392Z;/home/runner/work/gson/gson/gson/target/classes;com;IN_ACCESS,IN_ISDIR
2026-09-04T07:38:53.368801Z;/home/runner/work/gson/gson/gson/target/classes/com;;IN_ACCESS,IN_ISDIR
2026-09-04T07:38:53.369286Z;/home/runner/work/gson/gson/gson/src/test/java;com;IN_ACCESS,IN_ISDIR
2026-09-04T07:38:53.369772Z;/home/runner/work/gson/gson/gson/src/test/java/com;;IN_ACCESS,IN_ISDIR
2026-09-04T07:38:53.370701Z;/home/runner/work/gson/gson/gson/src/test/java;com;IN_ACCESS,IN_ISDIR
2026-09-04T07:38:53.371163Z;/home/runner/work/gson/gson/gson/src/test/java/com;;IN_ACCESS,IN_ISDIR
2026-09-04T07:38:53.389912Z;/home/runner/work/gson/gson/gson/target/classes/com/google/gson;JsonElement.class;IN_ACCESS
2026-09-04T07:38:53.395893Z;/home/runner/work/gson/gson/gson/src/test/java/com/google/gson;common;IN_ACCESS,IN_ISDIR
2026-09-04T07:38:53.396293Z;/home/runner/work/gson/gson/gson/src/test/java/com/google/gson;common;IN_ACCESS,IN_ISDIR
2026-09-04T07:38:53.480679Z;/home/runner/work/gson/gson/gson/target/classes/com/google/gson/internal/bind;JsonElementTypeAdapter.class;IN_ACCESS
2026-09-04T07:38:53.481133Z;/home/runner/work/gson/gson/gson/target/classes/com/google/gson;TypeAdapter.class;IN_ACCESS
2026-09-04T07:38:53.481647Z;/home/runner/work/gson/gson/gson/target/classes/com/google/gson/internal;LazilyParsedNumber.class;IN_ACCESS
2026-09-04T07:38:53.484627Z;/home/runner/work/gson/gson/gson/target/classes/com/google/gson;JsonStreamParser.class;IN_ACCESS
2026-09-04T07:38:53.486623Z;/home/runner/work/gson/gson/gson/target/classes/com/google/gson/stream;JsonReader.class;IN_ACCESS
2026-09-04T07:38:53.486958Z;/home/runner/work/gson/gson/gson/target/classes/com/google/gson/stream;JsonWriter.class;IN_ACCESS
2026-09-04T07:38:53.506802Z;/home/runner/work/gson/gson/gson/target/classes/com/google/gson;JsonArray.class;IN_ACCESS
2026-09-04T07:38:53.507173Z;/home/runner/work/gson/gson/gson/target/classes/com/google/gson;JsonNull.class;IN_ACCESS
2026-09-04T07:38:53.512472Z;/home/runner/work/gson/gson/gson/target/classes/com/google/gson;JsonObject.class;IN_ACCESS
2026-09-04T07:38:53.512935Z;/home/runner/work/gson/gson/gson/target/classes/com/google/gson/stream;JsonToken.class;IN_ACCESS
2026-09-04T07:38:53.514251Z;/home/runner/work/gson/gson/gson/target/classes/com/google/gson/stream;MalformedJsonException.class;IN_ACCESS
2026-09-04T07:38:53.515949Z;/home/runner/work/gson/gson/gson/target/classes/com/google/gson;Strictness.class;IN_ACCESS
2026-09-04T07:38:53.516396Z;/home/runner/work/gson/gson/gson/target/classes/com/google/gson/internal;JsonReaderInternalAccess.class;IN_ACCESS
2026-09-04T07:38:53.516816Z;/home/runner/work/gson/gson/gson/target/classes/com/google/gson/internal;Streams.class;IN_ACCESS
2026-09-04T07:38:53.517188Z;/home/runner/work/gson/gson/gson/target/classes/com/google/gson/internal/bind;JsonTreeReader.class;IN_ACCESS
2026-09-04T07:38:53.517577Z;/home/runner/work/gson/gson/gson/target/classes/com/google/gson;FormattingStyle.class;IN_ACCESS
2026-09-04T07:38:53.550673Z;/home/runner/work/gson/gson/gson/target/classes/com/google/gson;JsonPrimitive.class;IN_ACCESS
2026-09-04T07:38:53.738669Z;/home/runner/work/gson/gson/gson/target/classes/com/google/gson;JsonParser.class;IN_ACCESS
2026-09-04T07:38:54.095599Z;/home/runner/work/gson/gson/gson/target/classes/com/google/gson;JsonParseException.class;IN_ACCESS
2026-09-04T07:38:54.096582Z;/home/runner/work/gson/gson/gson/target/classes/com/google/gson;JsonIOException.class;IN_ACCESS
2026-09-04T07:38:54.099697Z;/home/runner/work/gson/gson/gson/target/classes/com/google/gson;JsonSyntaxException.class;IN_ACCESS
2026-09-04T07:38:54.130244Z;/home/runner/work/gson/gson/gson/target/classes/com/google/gson/internal;LinkedTreeMap.class;IN_ACCESS
2026-09-04T07:38:54.243399Z;/home/runner/work/gson/gson/gson/target/classes/com/google/gson/internal/bind;JsonTreeWriter.class;IN_ACCESS
2026-09-04T07:38:55.158675Z;/home/runner/work/gson/gson/gson/target/classes/com/google/gson;package-info.class;IN_ACCESS
2026-09-04T07:38:55.267718Z;/home/runner/work/gson/gson/gson/target;test-classes;IN_ACCESS,IN_ISDIR
2026-09-04T07:38:55.268219Z;/home/runner/work/gson/gson/gson/target/test-classes;;IN_ACCESS,IN_ISDIR
2026-09-04T07:38:55.268605Z;/home/runner/work/gson/gson/gson/target;test-classes;IN_ACCESS,IN_ISDIR
2026-09-04T07:38:55.270128Z;/home/runner/work/gson/gson/gson/target/test-classes;;IN_ACCESS,IN_ISDIR
2026-09-04T07:38:55.270522Z;/home/runner/work/gson/gson/gson/target;classes;IN_ACCESS,IN_ISDIR
2026-09-04T07:38:55.270902Z;/home/runner/work/gson/gson/gson/target/classes;;IN_ACCESS,IN_ISDIR
2026-09-04T07:38:55.271364Z;/home/runner/work/gson/gson/gson/target;classes;IN_ACCESS,IN_ISDIR
2026-09-04T07:38:55.271715Z;/home/runner/work/gson/gson/gson/target/classes;;IN_ACCESS,IN_ISDIR
2026-09-04T07:38:55.272058Z;/home/runner/work/gson/gson;;IN_ACCESS,IN_ISDIR
2026-09-04T07:38:55.272400Z;/home/runner/work/gson/gson/gson/src/test;java;IN_ACCESS,IN_ISDIR
2026-09-04T07:38:55.272719Z;/home/runner/work/gson/gson/gson/src/test/java;;IN_ACCESS,IN_ISDIR
2026-09-04T07:38:55.273076Z;/home/runner/work/gson/gson/gson/src/test;java;IN_ACCESS,IN_ISDIR
2026-09-04T07:38:55.273415Z;/home/runner/work/gson/gson/gson/src/test/java;;IN_ACCESS,IN_ISDIR
2026-09-04T07:38:56.701023Z;/home/runner/work/gson/gson/gson/target/classes/com/google/gson;TypeAdapter$NullSafeTypeAdapter.class;IN_ACCESS
2026-09-04T07:38:57.017357Z;/home/runner/work/gson/gson/gson/target/classes/com/google/gson/stream;package-info.class;IN_ACCESS
2026-09-04T07:38:58.890769Z;/home/runner/work/gson/gson/gson/target/test-classes;com;IN_CREATE,IN_ISDIR
2026-09-04T07:38:58.891530Z;/home/runner/work/gson/gson/gson/target/test-classes;com;IN_ACCESS,IN_ISDIR
2026-09-04T07:38:58.891948Z;/home/runner/work/gson/gson/gson/target/test-classes/com/google/gson;JsonArrayAsListSuiteTest.class;IN_CREATE
2026-09-04T07:38:58.897627Z;/home/runner/work/gson/gson/gson/target/test-classes/com/google/gson;JsonArrayAsListTest.class;IN_CREATE
2026-09-04T07:38:58.902264Z;/home/runner/work/gson/gson/gson/target/test-classes/com/google/gson;JsonArrayTest.class;IN_CREATE
2026-09-04T07:38:58.903875Z;/home/runner/work/gson/gson/gson/target/test-classes/com/google/gson;JsonNullTest.class;IN_CREATE
2026-09-04T07:38:58.904780Z;/home/runner/work/gson/gson/gson/target/test-classes/com/google/gson;JsonObjectAsMapSuiteTest$MapGenerator.class;IN_CREATE
2026-09-04T07:38:58.905598Z;/home/runner/work/gson/gson/gson/target/test-classes/com/google/gson;JsonObjectAsMapSuiteTest.class;IN_CREATE
2026-09-04T07:38:58.908873Z;/home/runner/work/gson/gson/gson/target/test-classes/com/google/gson;JsonObjectAsMapTest.class;IN_CREATE
2026-09-04T07:38:58.914637Z;/home/runner/work/gson/gson/gson/target/test-classes/com/google/gson;JsonObjectTest.class;IN_CREATE
2026-09-04T07:38:58.915118Z;/home/runner/work/gson/gson/gson/target/test-classes/com/google/gson;JsonParserParameterizedTest.class;IN_CREATE
2026-09-04T07:38:58.917053Z;/home/runner/work/gson/gson/gson/target/test-classes/com/google/gson;JsonPrimitiveTest.class;IN_CREATE
2026-09-04T07:38:58.919534Z;/home/runner/work/gson/gson/gson/target/test-classes/com/google/gson;JsonStreamParserTest.class;IN_CREATE
2026-09-04T07:38:58.922970Z;/home/runner/work/gson/gson/gson/target/test-classes/com/google/gson;SubsetTest.class;IN_CREATE
2026-09-04T07:38:58.924828Z;/home/runner/work/gson/gson/gson/target/test-classes/com/google/gson;TypeAdapterTest$1.class;IN_CREATE
2026-09-04T07:38:58.925159Z;/home/runner/work/gson/gson/gson/target/test-classes/com/google/gson;TypeAdapterTest$2.class;IN_CREATE
2026-09-04T07:38:58.926843Z;/home/runner/work/gson/gson/gson/target/test-classes/com/google/gson;TypeAdapterTest$3.class;IN_CREATE
2026-09-04T07:38:58.928180Z;/home/runner/work/gson/gson/gson/target/test-classes/com/google/gson;TypeAdapterTest.class;IN_CREATE
2026-09-04T07:38:58.929022Z;/home/runner/work/gson/gson/gson/target/test-classes/com/google/gson;internal;IN_CREATE,IN_ISDIR
2026-09-04T07:38:58.931634Z;/home/runner/work/gson/gson/gson/target/test-classes/com/google/gson;internal;IN_ACCESS,IN_ISDIR
2026-09-04T07:38:58.932145Z;/home/runner/work/gson/gson/gson/target/test-classes/com/google/gson/internal;StreamsTest$TestAppendable.class;IN_CREATE
2026-09-04T07:38:58.934046Z;/home/runner/work/gson/gson/gson/target/test-classes/com/google/gson/internal;StreamsTest.class;IN_CREATE
2026-09-04T07:38:58.934619Z;/home/runner/work/gson/gson/gson/target/test-classes/com/google/gson/internal;bind;IN_CREATE,IN_ISDIR
2026-09-04T07:38:58.935039Z;/home/runner/work/gson/gson/gson/target/test-classes/com/google/gson/internal;bind;IN_ACCESS,IN_ISDIR
2026-09-04T07:38:58.936604Z;/home/runner/work/gson/gson/gson/target/test-classes/com/google/gson/internal/bind;JsonTreeWriterTest.class;IN_CREATE
2026-09-04T07:38:58.937739Z;/home/runner/work/gson/gson/gson/target/test-classes/com/google/gson;stream;IN_CREATE,IN_ISDIR
2026-09-04T07:38:58.938213Z;/home/runner/work/gson/gson/gson/target/test-classes/com/google/gson;stream;IN_ACCESS,IN_ISDIR
2026-09-04T07:38:58.938619Z;/home/runner/work/gson/gson/gson/target/test-classes/com/google/gson/stream;JsonReaderPathTest$Factory$2.class;IN_CREATE
2026-09-04T07:38:58.938997Z;/home/runner/work/gson/gson/gson/target/test-classes/com/google/gson/stream;JsonReaderPathTest$Factory.class;IN_CREATE
2026-09-04T07:38:58.940430Z;/home/runner/work/gson/gson/gson/target/test-classes/com/google/gson/stream;JsonReaderPathTest.class;IN_CREATE
2026-09-04T07:38:58.941117Z;/home/runner/work/gson/gson/gson/target/test-classes/com/google/gson/stream;JsonReaderTest$ChunkLimitingReader.class;IN_CREATE
2026-09-04T07:38:58.942084Z;/home/runner/work/gson/gson/gson/target/test-classes/com/google/gson/stream;JsonReaderTest$1.class;IN_CREATE
2026-09-04T07:38:58.956445Z;/home/runner/work/gson/gson/gson/target/test-classes/com/google/gson/stream;JsonReaderTest.class;IN_CREATE
2026-09-04T07:38:58.963971Z;/home/runner/work/gson/gson/gson/target/test-classes/com/google/gson/stream;JsonWriterTest.class;IN_CREATE
2026-09-04T07:38:58.965892Z;/home/runner/work/gson/gson/gson/target/test-classes/com/google/gson;common;IN_CREATE,IN_ISDIR
2026-09-04T07:38:58.966450Z;/home/runner/work/gson/gson/gson/target/test-classes/com/google/gson;common;IN_ACCESS,IN_ISDIR
2026-09-04T07:38:58.966908Z;/home/runner/work/gson/gson/gson/target;test-classes;IN_ACCESS,IN_ISDIR
2026-09-04T07:38:58.967267Z;/home/runner/work/gson/gson/gson/target/test-classes;;IN_ACCESS,IN_ISDIR
2026-09-04T07:38:58.967660Z;/home/runner/work/gson/gson/gson/target;test-classes;IN_ACCESS,IN_ISDIR
2026-09-04T07:38:58.968039Z;/home/runner/work/gson/gson/gson/target/test-classes;;IN_ACCESS,IN_ISDIR
2026-09-04T07:38:58.968416Z;/home/runner/work/gson/gson/gson/target/test-classes;com;IN_ACCESS,IN_ISDIR
2026-09-04T07:38:58.968769Z;/home/runner/work/gson/gson/gson/target/test-classes/com;;IN_ACCESS,IN_ISDIR
2026-09-04T07:38:58.969128Z;/home/runner/work/gson/gson/gson/target/test-classes;com;IN_ACCESS,IN_ISDIR
2026-09-04T07:38:58.969587Z;/home/runner/work/gson/gson/gson/target/test-classes/com;;IN_ACCESS,IN_ISDIR
2026-09-04T07:38:58.970021Z;/home/runner/work/gson/gson/gson/target/test-classes/com;google;IN_ACCESS,IN_ISDIR
2026-09-04T07:38:58.970699Z;/home/runner/work/gson/gson/gson/target/test-classes/com/google;;IN_ACCESS,IN_ISDIR
2026-09-04T07:38:58.971098Z;/home/runner/work/gson/gson/gson/target/test-classes/com;google;IN_ACCESS,IN_ISDIR
2026-09-04T07:38:58.971414Z;/home/runner/work/gson/gson/gson/target/test-classes/com/google;;IN_ACCESS,IN_ISDIR
2026-09-04T07:38:58.971756Z;/home/runner/work/gson/gson/gson/target/test-classes/com/google;gson;IN_ACCESS,IN_ISDIR
2026-09-04T07:38:58.972134Z;/home/runner/work/gson/gson/gson/target/test-classes/com/google/gson;;IN_ACCESS,IN_ISDIR
2026-09-04T07:38:58.972611Z;/home/runner/work/gson/gson/gson/target/test-classes/com/google;gson;IN_ACCESS,IN_ISDIR
2026-09-04T07:38:58.972905Z;/home/runner/work/gson/gson/gson/target/test-classes/com/google/gson;;IN_ACCESS,IN_ISDIR
2026-09-04T07:38:58.973184Z;/home/runner/work/gson/gson/gson/target/test-classes/com/google/gson;internal;IN_ACCESS,IN_ISDIR
2026-09-04T07:38:58.973464Z;/home/runner/work/gson/gson/gson/target/test-classes/com/google/gson/internal;;IN_ACCESS,IN_ISDIR
2026-09-04T07:38:58.973781Z;/home/runner/work/gson/gson/gson/target/test-classes/com/google/gson;internal;IN_ACCESS,IN_ISDIR
2026-09-04T07:38:58.974792Z;/home/runner/work/gson/gson/gson/target/test-classes/com/google/gson/internal;;IN_ACCESS,IN_ISDIR
2026-09-04T07:38:58.975783Z;/home/runner/work/gson/gson/gson/target/test-classes/com/google/gson/internal;bind;IN_ACCESS,IN_ISDIR
2026-09-04T07:38:58.976171Z;/home/runner/work/gson/gson/gson/target/test-classes/com/google/gson/internal/bind;;IN_ACCESS,IN_ISDIR
2026-09-04T07:38:58.976624Z;/home/runner/work/gson/gson/gson/target/test-classes/com/google/gson/internal;bind;IN_ACCESS,IN_ISDIR
2026-09-04T07:38:58.977770Z;/home/runner/work/gson/gson/gson/target/test-classes/com/google/gson/internal/bind;;IN_ACCESS,IN_ISDIR
2026-09-04T07:38:58.978067Z;/home/runner/work/gson/gson/gson/target/test-classes/com/google/gson;stream;IN_ACCESS,IN_ISDIR
2026-09-04T07:38:58.978768Z;/home/runner/work/gson/gson/gson/target/test-classes/com/google/gson/stream;;IN_ACCESS,IN_ISDIR
2026-09-04T07:38:58.979111Z;/home/runner/work/gson/gson/gson/target/test-classes/com/google/gson;stream;IN_ACCESS,IN_ISDIR
2026-09-04T07:38:58.980758Z;/home/runner/work/gson/gson/gson/target/test-classes/com/google/gson/stream;;IN_ACCESS,IN_ISDIR
2026-09-04T07:38:58.981748Z;/home/runner/work/gson/gson/gson/target/test-classes/com/google/gson;common;IN_ACCESS,IN_ISDIR
2026-09-04T07:38:58.982359Z;/home/runner/work/gson/gson/gson/target/test-classes/com/google/gson/common;;IN_ACCESS,IN_ISDIR
2026-09-04T07:38:58.982888Z;/home/runner/work/gson/gson/gson/target/test-classes/com/google/gson;common;IN_ACCESS,IN_ISDIR
2026-09-04T07:38:58.983178Z;/home/runner/work/gson/gson/gson/target/test-classes/com/google/gson/common;;IN_ACCESS,IN_ISDIR
2026-09-04T07:38:58.983794Z;/home/runner/work/gson/gson/gson/target/maven-status/maven-compiler-plugin/testCompile/default-testCompile;createdFiles.lst;IN_CREATE
2026-09-04T07:39:02.323085Z;/home/runner/work/gson/gson/gson/target;test-classes;IN_ACCESS,IN_ISDIR
2026-09-04T07:39:02.325285Z;/home/runner/work/gson/gson/gson/target/test-classes;;IN_ACCESS,IN_ISDIR
2026-09-04T07:39:02.325778Z;/home/runner/work/gson/gson/gson/target;test-classes;IN_ACCESS,IN_ISDIR
2026-09-04T07:39:02.326131Z;/home/runner/work/gson/gson/gson/target/test-classes;;IN_ACCESS,IN_ISDIR
2026-09-04T07:39:02.326507Z;/home/runner/work/gson/gson/gson/target/test-classes;com;IN_ACCESS,IN_ISDIR
2026-09-04T07:39:02.326882Z;/home/runner/work/gson/gson/gson/target/test-classes/com;;IN_ACCESS,IN_ISDIR
2026-09-04T07:39:02.327286Z;/home/runner/work/gson/gson/gson/target/test-classes;com;IN_ACCESS,IN_ISDIR
2026-09-04T07:39:02.327637Z;/home/runner/work/gson/gson/gson/target/test-classes/com;;IN_ACCESS,IN_ISDIR
2026-09-04T07:39:02.327995Z;/home/runner/work/gson/gson/gson/target/test-classes/com;google;IN_ACCESS,IN_ISDIR
2026-09-04T07:39:02.328763Z;/home/runner/work/gson/gson/gson/target/test-classes/com/google;;IN_ACCESS,IN_ISDIR
2026-09-04T07:39:02.329127Z;/home/runner/work/gson/gson/gson/target/test-classes/com;google;IN_ACCESS,IN_ISDIR
2026-09-04T07:39:02.329464Z;/home/runner/work/gson/gson/gson/target/test-classes/com/google;;IN_ACCESS,IN_ISDIR
2026-09-04T07:39:02.329799Z;/home/runner/work/gson/gson/gson/target/test-classes/com/google;gson;IN_ACCESS,IN_ISDIR
2026-09-04T07:39:02.330979Z;/home/runner/work/gson/gson/gson/target/test-classes/com/google/gson;;IN_ACCESS,IN_ISDIR
2026-09-04T07:39:02.331509Z;/home/runner/work/gson/gson/gson/target/test-classes/com/google;gson;IN_ACCESS,IN_ISDIR
2026-09-04T07:39:02.331854Z;/home/runner/work/gson/gson/gson/target/test-classes/com/google/gson;;IN_ACCESS,IN_ISDIR
2026-09-04T07:39:02.332169Z;/home/runner/work/gson/gson/gson/target/test-classes/com/google/gson;internal;IN_ACCESS,IN_ISDIR
2026-09-04T07:39:02.332482Z;/home/runner/work/gson/gson/gson/target/test-classes/com/google/gson/internal;;IN_ACCESS,IN_ISDIR
2026-09-04T07:39:02.332804Z;/home/runner/work/gson/gson/gson/target/test-classes/com/google/gson;internal;IN_ACCESS,IN_ISDIR
2026-09-04T07:39:02.333807Z;/home/runner/work/gson/gson/gson/target/test-classes/com/google/gson/internal;;IN_ACCESS,IN_ISDIR
2026-09-04T07:39:02.334126Z;/home/runner/work/gson/gson/gson/target/test-classes/com/google/gson/internal;bind;IN_ACCESS,IN_ISDIR
2026-09-04T07:39:02.334454Z;/home/runner/work/gson/gson/gson/target/test-classes/com/google/gson/internal/bind;;IN_ACCESS,IN_ISDIR
2026-09-04T07:39:02.334816Z;/home/runner/work/gson/gson/gson/target/test-classes/com/google/gson/internal;bind;IN_ACCESS,IN_ISDIR
2026-09-04T07:39:02.335157Z;/home/runner/work/gson/gson/gson/target/test-classes/com/google/gson/internal/bind;;IN_ACCESS,IN_ISDIR
2026-09-04T07:39:02.335611Z;/home/runner/work/gson/gson/gson/target/test-classes/com/google/gson;stream;IN_ACCESS,IN_ISDIR
2026-09-04T07:39:02.335928Z;/home/runner/work/gson/gson/gson/target/test-classes/com/google/gson/stream;;IN_ACCESS,IN_ISDIR
2026-09-04T07:39:02.336296Z;/home/runner/work/gson/gson/gson/target/test-classes/com/google/gson;stream;IN_ACCESS,IN_ISDIR
2026-09-04T07:39:02.336715Z;/home/runner/work/gson/gson/gson/target/test-classes/com/google/gson/stream;;IN_ACCESS,IN_ISDIR
2026-09-04T07:39:02.337036Z;/home/runner/work/gson/gson/gson/target/test-classes/com/google/gson;common;IN_ACCESS,IN_ISDIR
2026-09-04T07:39:02.339882Z;/home/runner/work/gson/gson/gson/target/test-classes/com/google/gson/common;;IN_ACCESS,IN_ISDIR
2026-09-04T07:39:02.340409Z;/home/runner/work/gson/gson/gson/target/test-classes/com/google/gson;common;IN_ACCESS,IN_ISDIR
2026-09-04T07:39:02.340901Z;/home/runner/work/gson/gson/gson/target/test-classes/com/google/gson/common;;IN_ACCESS,IN_ISDIR
2026-09-04T07:39:02.341469Z;/home/runner/work/gson/gson/gson/target;surefire;IN_CREATE,IN_ISDIR
2026-09-04T07:39:02.341910Z;/home/runner/work/gson/gson/gson/target;surefire;IN_ACCESS,IN_ISDIR
2026-09-04T07:39:02.510696Z;/home/runner/work/gson/gson/gson/target/surefire;surefire-20260904073902510_1tmp;IN_CREATE
2026-09-04T07:39:02.512762Z;/home/runner/work/gson/gson/gson/target/surefire;surefire_0-20260904073902510_2tmp;IN_CREATE
2026-09-04T07:39:02.513682Z;/home/runner/work/gson/gson/gson/target/surefire;surefirebooter-20260904073902510_3.jar;IN_CREATE
2026-09-04T07:39:02.562743Z;/home/runner/work/gson/gson/gson/target/surefire;surefirebooter-20260904073902510_3.jar;IN_ACCESS
2026-09-04T07:39:02.604697Z;/home/runner/work/gson/gson/gson/target/surefire;surefirebooter-20260904073902510_3.jar;IN_ACCESS
2026-09-04T07:39:02.606344Z;/home/runner/work/gson/gson/gson/target/surefire;surefirebooter-20260904073902510_3.jar;IN_ACCESS
2026-09-04T07:39:02.606751Z;/home/runner/work/gson/gson/gson/target/surefire;surefirebooter-20260904073902510_3.jar;IN_ACCESS
2026-09-04T07:39:02.607169Z;/home/runner/work/gson/gson/gson/target/surefire;surefirebooter-20260904073902510_3.jar;IN_ACCESS
2026-09-04T07:39:02.626290Z;/home/runner/work/gson/gson/gson/target/surefire;surefire-20260904073902510_1tmp;IN_ACCESS
2026-09-04T07:39:02.628461Z;/home/runner/work/gson/gson/gson/target/surefire;surefire_0-20260904073902510_2tmp;IN_ACCESS
2026-09-04T07:39:02.645010Z;/home/runner/work/gson/gson/gson/target;surefire-reports;IN_CREATE,IN_ISDIR
2026-09-04T07:39:02.645408Z;/home/runner/work/gson/gson/gson/target;surefire-reports;IN_ACCESS,IN_ISDIR
2026-09-04T07:39:02.812127Z;/home/runner/work/gson/gson/gson/target/test-classes/com/google/gson;JsonPrimitiveTest.class;IN_ACCESS
2026-09-04T07:39:02.813206Z;/home/runner/work/gson/gson/gson/target/classes/com/google/gson/internal;LazilyParsedNumber.class;IN_ACCESS
2026-09-04T07:39:02.813908Z;/home/runner/work/gson/gson/gson/target/classes/com/google/gson;JsonPrimitive.class;IN_ACCESS
2026-09-04T07:39:02.814360Z;/home/runner/work/gson/gson/gson/target/classes/com/google/gson;JsonElement.class;IN_ACCESS
2026-09-04T07:39:02.826198Z;/home/runner/work/gson/gson/gson/target/test-classes/com/google/gson;JsonArrayAsListTest.class;IN_ACCESS
2026-09-04T07:39:02.826913Z;/home/runner/work/gson/gson/gson/target/test-classes/com/google/gson;JsonArrayTest.class;IN_ACCESS
2026-09-04T07:39:02.827392Z;/home/runner/work/gson/gson/gson/target/classes/com/google/gson;JsonNull.class;IN_ACCESS
2026-09-04T07:39:02.827823Z;/home/runner/work/gson/gson/gson/target/classes/com/google/gson;JsonArray.class;IN_ACCESS
2026-09-04T07:39:02.828256Z;/home/runner/work/gson/gson/gson/target/classes/com/google/gson;JsonObject.class;IN_ACCESS
2026-09-04T07:39:02.828728Z;/home/runner/work/gson/gson/gson/target/test-classes/com/google/gson;JsonObjectTest.class;IN_ACCESS
2026-09-04T07:39:02.829210Z;/home/runner/work/gson/gson/gson/target/test-classes/com/google/gson;JsonObjectAsMapSuiteTest.class;IN_ACCESS
2026-09-04T07:39:02.830103Z;/home/runner/work/gson/gson/gson/target/test-classes/com/google/gson/internal/bind;JsonTreeReaderTest.class;IN_ACCESS
2026-09-04T07:39:02.830546Z;/home/runner/work/gson/gson/gson/target/classes/com/google/gson/stream;MalformedJsonException.class;IN_ACCESS
2026-09-04T07:39:02.831033Z;/home/runner/work/gson/gson/gson/target/test-classes/com/google/gson/internal/bind;JsonTreeReaderTest$1CustomSubclass.class;IN_ACCESS
2026-09-04T07:39:02.831473Z;/home/runner/work/gson/gson/gson/target/classes/com/google/gson/internal/bind;JsonTreeReader.class;IN_ACCESS
2026-09-04T07:39:02.831853Z;/home/runner/work/gson/gson/gson/target/classes/com/google/gson/stream;JsonReader.class;IN_ACCESS
2026-09-04T07:39:02.832273Z;/home/runner/work/gson/gson/gson/target/test-classes/com/google/gson/internal/bind;JsonTreeWriterTest.class;IN_ACCESS
2026-09-04T07:39:02.832817Z;/home/runner/work/gson/gson/gson/target/classes/com/google/gson/internal/bind;JsonTreeWriter.class;IN_ACCESS
2026-09-04T07:39:02.833223Z;/home/runner/work/gson/gson/gson/target/classes/com/google/gson/stream;JsonWriter.class;IN_ACCESS
2026-09-04T07:39:02.833655Z;/home/runner/work/gson/gson/gson/target/test-classes/com/google/gson/internal;LinkedTreeMapTest.class;IN_ACCESS
2026-09-04T07:39:02.834159Z;/home/runner/work/gson/gson/gson/target/classes/com/google/gson/internal;LinkedTreeMap.class;IN_ACCESS
2026-09-04T07:39:02.834699Z;/home/runner/work/gson/gson/gson/target/test-classes/com/google/gson/internal;LinkedTreeMapSuiteTest.class;IN_ACCESS
2026-09-04T07:39:02.835120Z;/home/runner/work/gson/gson/gson/target/test-classes/com/google/gson/internal;StreamsTest.class;IN_ACCESS
2026-09-04T07:39:02.835494Z;/home/runner/work/gson/gson/gson/target/test-classes/com/google/gson/internal;LazilyParsedNumberTest.class;IN_ACCESS
2026-09-04T07:39:02.835867Z;/home/runner/work/gson/gson/gson/target/test-classes/com/google/gson;JsonNullTest.class;IN_ACCESS
2026-09-04T07:39:02.836274Z;/home/runner/work/gson/gson/gson/target/test-classes/com/google/gson;SubsetTest.class;IN_ACCESS
2026-09-04T07:39:02.836684Z;/home/runner/work/gson/gson/gson/target/test-classes/com/google/gson;JsonArrayAsListSuiteTest.class;IN_ACCESS
2026-09-04T07:39:02.837316Z;/home/runner/work/gson/gson/gson/target/test-classes/com/google/gson;TypeAdapterTest.class;IN_ACCESS
2026-09-04T07:39:02.837691Z;/home/runner/work/gson/gson/gson/target/classes/com/google/gson;TypeAdapter.class;IN_ACCESS
2026-09-04T07:39:02.838301Z;/home/runner/work/gson/gson/gson/target/test-classes/com/google/gson;TypeAdapterTest$1.class;IN_ACCESS
2026-09-04T07:39:02.838713Z;/home/runner/work/gson/gson/gson/target/test-classes/com/google/gson;TypeAdapterTest$3.class;IN_ACCESS
2026-09-04T07:39:02.839058Z;/home/runner/work/gson/gson/gson/target/test-classes/com/google/gson;TypeAdapterTest$2.class;IN_ACCESS
2026-09-04T07:39:02.839396Z;/home/runner/work/gson/gson/gson/target/classes/com/google/gson;JsonIOException.class;IN_ACCESS
2026-09-04T07:39:02.839708Z;/home/runner/work/gson/gson/gson/target/classes/com/google/gson;JsonParseException.class;IN_ACCESS
2026-09-04T07:39:02.840057Z;/home/runner/work/gson/gson/gson/target/test-classes/com/google/gson;JsonParserParameterizedTest.class;IN_ACCESS
2026-09-04T07:39:02.840409Z;/home/runner/work/gson/gson/gson/target/classes/com/google/gson/internal/bind;JsonElementTypeAdapter.class;IN_ACCESS
2026-09-04T07:39:02.844996Z;/home/runner/work/gson/gson/gson/target/test-classes/com/google/gson;JsonStreamParserTest.class;IN_ACCESS
2026-09-04T07:39:02.845421Z;/home/runner/work/gson/gson/gson/target/test-classes/com/google/gson/stream;JsonReaderPathTest.class;IN_ACCESS
2026-09-04T07:39:02.845884Z;/home/runner/work/gson/gson/gson/target/test-classes/com/google/gson/stream;JsonReaderPathTest.class;IN_ACCESS
2026-09-04T07:39:02.846343Z;/home/runner/work/gson/gson/gson/target/test-classes/com/google/gson/stream;JsonWriterTest.class;IN_ACCESS
2026-09-04T07:39:02.847144Z;/home/runner/work/gson/gson/gson/target/test-classes/com/google/gson/stream;JsonReaderTest.class;IN_ACCESS
2026-09-04T07:39:02.847528Z;/home/runner/work/gson/gson/gson/target/test-classes/com/google/gson/stream;JsonReaderTest.class;IN_ACCESS
2026-09-04T07:39:02.848597Z;/home/runner/work/gson/gson/gson/target/test-classes/com/google/gson/stream;JsonReaderTest$ChunkLimitingReader.class;IN_ACCESS
2026-09-04T07:39:02.849408Z;/home/runner/work/gson/gson/gson/target/test-classes/com/google/gson;JsonObjectAsMapTest.class;IN_ACCESS
2026-09-04T07:39:02.988898Z;/home/runner/work/gson/gson/gson/target/classes/com/google/gson/internal;Streams.class;IN_ACCESS
2026-09-04T07:39:02.989421Z;/home/runner/work/gson/gson/gson/target/classes/com/google/gson;JsonSyntaxException.class;IN_ACCESS
2026-09-04T07:39:02.989782Z;/home/runner/work/gson/gson/gson/target/classes/com/google/gson/internal;Streams$AppendableWriter.class;IN_ACCESS
2026-09-04T07:39:02.990107Z;/home/runner/work/gson/gson/gson/target/classes/com/google/gson/internal;Streams$AppendableWriter$CurrentWrite.class;IN_ACCESS
2026-09-04T07:39:02.990461Z;/home/runner/work/gson/gson/gson/target/classes/com/google/gson;Strictness.class;IN_ACCESS
2026-09-04T07:39:02.990917Z;/home/runner/work/gson/gson/gson/target/classes/com/google/gson;FormattingStyle.class;IN_ACCESS
2026-09-04T07:39:02.991305Z;/home/runner/work/gson/gson/gson/target/classes/com/google/gson;TypeAdapter$NullSafeTypeAdapter.class;IN_ACCESS
2026-09-04T07:39:03.023341Z;/home/runner/work/gson/gson/gson/target/test-classes/com/google/gson/common;MoreAsserts.class;IN_ACCESS
2026-09-04T07:39:03.024530Z;/home/runner/work/gson/gson/gson/target/classes/com/google/gson;JsonParser.class;IN_ACCESS
2026-09-04T07:39:03.024944Z;/home/runner/work/gson/gson/gson/target/classes/com/google/gson/internal;JsonReaderInternalAccess.class;IN_ACCESS
2026-09-04T07:39:03.025492Z;/home/runner/work/gson/gson/gson/target/classes/com/google/gson/stream;JsonReader$1.class;IN_ACCESS
2026-09-04T07:39:03.025862Z;/home/runner/work/gson/gson/gson/target/classes/com/google/gson/stream;JsonToken.class;IN_ACCESS
2026-09-04T07:39:03.026223Z;/home/runner/work/gson/gson/gson/target/classes/com/google/gson/internal/bind;JsonElementTypeAdapter$1.class;IN_ACCESS
2026-09-04T07:39:03.029665Z;/home/runner/work/gson/gson/gson/target/classes/com/google/gson/internal;NumberLimits.class;IN_ACCESS
2026-09-04T07:39:03.039515Z;/home/runner/work/gson/gson/gson/target/classes/com/google/gson/internal;NonNullElementWrapperList.class;IN_ACCESS
2026-09-04T07:39:03.042863Z;/home/runner/work/gson/gson/gson/target/surefire-reports;com.google.gson.JsonPrimitiveTest.txt;IN_CREATE
2026-09-04T07:39:03.044960Z;/home/runner/work/gson/gson/gson/target/surefire-reports;TEST-com.google.gson.JsonPrimitiveTest.xml;IN_CREATE
2026-09-04T07:39:03.069869Z;/home/runner/work/gson/gson/gson/target/surefire-reports;com.google.gson.JsonArrayAsListTest.txt;IN_CREATE
2026-09-04T07:39:03.073718Z;/home/runner/work/gson/gson/gson/target/surefire-reports;TEST-com.google.gson.JsonArrayAsListTest.xml;IN_CREATE
2026-09-04T07:39:03.074114Z;/home/runner/work/gson/gson/gson/target/classes/com/google/gson/internal;LinkedTreeMap$Node.class;IN_ACCESS
2026-09-04T07:39:03.074438Z;/home/runner/work/gson/gson/gson/target/classes/com/google/gson/internal;LinkedTreeMap$EntrySet.class;IN_ACCESS
2026-09-04T07:39:03.074785Z;/home/runner/work/gson/gson/gson/target/classes/com/google/gson/internal;LinkedTreeMap$EntrySet$1.class;IN_ACCESS
2026-09-04T07:39:03.075104Z;/home/runner/work/gson/gson/gson/target/classes/com/google/gson/internal;LinkedTreeMap$LinkedTreeMapIterator.class;IN_ACCESS
2026-09-04T07:39:03.101838Z;/home/runner/work/gson/gson/gson/target/surefire-reports;com.google.gson.JsonArrayTest.txt;IN_CREATE
2026-09-04T07:39:03.102440Z;/home/runner/work/gson/gson/gson/target/surefire-reports;TEST-com.google.gson.JsonArrayTest.xml;IN_CREATE
2026-09-04T07:39:03.110596Z;/home/runner/work/gson/gson/gson/target/classes/com/google/gson/internal;LinkedTreeMap$KeySet.class;IN_ACCESS
2026-09-04T07:39:03.111016Z;/home/runner/work/gson/gson/gson/target/classes/com/google/gson/internal;LinkedTreeMap$KeySet$1.class;IN_ACCESS
2026-09-04T07:39:03.118719Z;/home/runner/work/gson/gson/gson/target/surefire-reports;com.google.gson.JsonObjectTest.txt;IN_CREATE
2026-09-04T07:39:03.119427Z;/home/runner/work/gson/gson/gson/target/surefire-reports;TEST-com.google.gson.JsonObjectTest.xml;IN_CREATE
2026-09-04T07:39:03.120854Z;/home/runner/work/gson/gson/gson/target/test-classes/com/google/gson;JsonObjectAsMapSuiteTest$MapGenerator.class;IN_ACCESS
2026-09-04T07:39:03.730892Z;/home/runner/work/gson/gson/gson/target/surefire-reports;com.google.gson.JsonObjectAsMapSuiteTest.txt;IN_CREATE
2026-09-04T07:39:03.733349Z;/home/runner/work/gson/gson/gson/target/classes/com/google/gson/internal/bind;JsonTreeReader$1.class;IN_ACCESS
2026-09-04T07:39:03.737517Z;/home/runner/work/gson/gson/gson/target/classes/com/google/gson/internal/bind;JsonTreeReader$2.class;IN_ACCESS
2026-09-04T07:39:03.737883Z;/home/runner/work/gson/gson/gson/target/surefire-reports;TEST-com.google.gson.JsonObjectAsMapSuiteTest.xml;IN_CREATE
2026-09-04T07:39:03.762070Z;/home/runner/work/gson/gson/gson/target/classes/com/google/gson/internal/bind;JsonTreeWriter$1.class;IN_ACCESS
2026-09-04T07:39:03.783445Z;/home/runner/work/gson/gson/gson/target/surefire-reports;com.google.gson.internal.bind.JsonTreeReaderTest.txt;IN_CREATE
2026-09-04T07:39:03.787757Z;/home/runner/work/gson/gson/gson/target/surefire-reports;TEST-com.google.gson.internal.bind.JsonTreeReaderTest.xml;IN_CREATE
2026-09-04T07:39:03.793026Z;/home/runner/work/gson/gson/gson/target/surefire-reports;com.google.gson.internal.bind.JsonTreeWriterTest.txt;IN_CREATE
2026-09-04T07:39:03.793404Z;/home/runner/work/gson/gson/gson/target/surefire-reports;TEST-com.google.gson.internal.bind.JsonTreeWriterTest.xml;IN_CREATE
2026-09-04T07:39:03.858451Z;/home/runner/work/gson/gson/gson/target/surefire-reports;com.google.gson.internal.LinkedTreeMapTest.txt;IN_CREATE
2026-09-04T07:39:03.859777Z;/home/runner/work/gson/gson/gson/target/surefire-reports;TEST-com.google.gson.internal.LinkedTreeMapTest.xml;IN_CREATE
2026-09-04T07:39:03.860186Z;/home/runner/work/gson/gson/gson/target/test-classes/com/google/gson/internal;LinkedTreeMapSuiteTest$MapGenerator.class;IN_ACCESS
2026-09-04T07:39:04.443397Z;/home/runner/work/gson/gson/gson/target/surefire-reports;com.google.gson.internal.LinkedTreeMapSuiteTest.txt;IN_CREATE
2026-09-04T07:39:04.444271Z;/home/runner/work/gson/gson/gson/target/test-classes/com/google/gson/internal;StreamsTest$TestAppendable.class;IN_ACCESS
2026-09-04T07:39:04.444669Z;/home/runner/work/gson/gson/gson/target/test-classes/com/google/gson/internal;StreamsTest$TestAppendable.class;IN_ACCESS
2026-09-04T07:39:04.450943Z;/home/runner/work/gson/gson/gson/target/surefire-reports;TEST-com.google.gson.internal.LinkedTreeMapSuiteTest.xml;IN_CREATE
2026-09-04T07:39:04.485586Z;/home/runner/work/gson/gson/gson/target/test-classes/com/google/gson;JsonArrayAsListSuiteTest$ListGenerator.class;IN_ACCESS
2026-09-04T07:39:04.486859Z;/home/runner/work/gson/gson/gson/target/test-classes/com/google/gson;JsonArrayAsListSuiteTest$ListGenerator.class;IN_ACCESS
2026-09-04T07:39:04.606696Z;/home/runner/work/gson/gson/gson/target/surefire-reports;com.google.gson.internal.StreamsTest.txt;IN_CREATE
2026-09-04T07:39:04.607260Z;/home/runner/work/gson/gson/gson/target/surefire-reports;TEST-com.google.gson.internal.StreamsTest.xml;IN_CREATE
2026-09-04T07:39:04.608010Z;/home/runner/work/gson/gson/gson/target/surefire-reports;com.google.gson.internal.LazilyParsedNumberTest.txt;IN_CREATE
2026-09-04T07:39:04.612617Z;/home/runner/work/gson/gson/gson/target/surefire-reports;TEST-com.google.gson.internal.LazilyParsedNumberTest.xml;IN_CREATE
2026-09-04T07:39:04.612984Z;/home/runner/work/gson/gson/gson/target/surefire-reports;com.google.gson.JsonNullTest.txt;IN_CREATE
2026-09-04T07:39:04.613285Z;/home/runner/work/gson/gson/gson/target/surefire-reports;TEST-com.google.gson.JsonNullTest.xml;IN_CREATE
2026-09-04T07:39:04.618617Z;/home/runner/work/gson/gson/gson/target/surefire-reports;com.google.gson.SubsetTest.txt;IN_CREATE
2026-09-04T07:39:04.619068Z;/home/runner/work/gson/gson/gson/target/surefire-reports;TEST-com.google.gson.SubsetTest.xml;IN_CREATE
2026-09-04T07:39:05.017479Z;/home/runner/work/gson/gson/gson/target/surefire-reports;com.google.gson.JsonArrayAsListSuiteTest.txt;IN_CREATE
2026-09-04T07:39:05.020094Z;/home/runner/work/gson/gson/gson/target/surefire-reports;TEST-com.google.gson.JsonArrayAsListSuiteTest.xml;IN_CREATE
2026-09-04T07:39:05.038886Z;/home/runner/work/gson/gson/gson/target/classes/com/google/gson;JsonStreamParser.class;IN_ACCESS
2026-09-04T07:39:05.041169Z;/home/runner/work/gson/gson/gson/target/classes/com/google/gson/internal;TroubleshootingGuide.class;IN_ACCESS
2026-09-04T07:39:05.044368Z;/home/runner/work/gson/gson/gson/target/surefire-reports;com.google.gson.TypeAdapterTest.txt;IN_CREATE
2026-09-04T07:39:05.046190Z;/home/runner/work/gson/gson/gson/target/surefire-reports;TEST-com.google.gson.TypeAdapterTest.xml;IN_CREATE
2026-09-04T07:39:05.046932Z;/home/runner/work/gson/gson/gson/target/test-classes/com/google/gson/stream;JsonReaderPathTest$Factory.class;IN_ACCESS
2026-09-04T07:39:05.047330Z;/home/runner/work/gson/gson/gson/target/test-classes/com/google/gson/stream;JsonReaderPathTest$Factory$1.class;IN_ACCESS
2026-09-04T07:39:05.047654Z;/home/runner/work/gson/gson/gson/target/test-classes/com/google/gson/stream;JsonReaderPathTest$Factory$2.class;IN_ACCESS
2026-09-04T07:39:05.048652Z;/home/runner/work/gson/gson/gson/target/surefire-reports;com.google.gson.JsonParserParameterizedTest.txt;IN_CREATE
2026-09-04T07:39:05.049014Z;/home/runner/work/gson/gson/gson/target/surefire-reports;TEST-com.google.gson.JsonParserParameterizedTest.xml;IN_CREATE
2026-09-04T07:39:05.050111Z;/home/runner/work/gson/gson/gson/target/surefire-reports;com.google.gson.JsonStreamParserTest.txt;IN_CREATE
2026-09-04T07:39:05.052885Z;/home/runner/work/gson/gson/gson/target/surefire-reports;TEST-com.google.gson.JsonStreamParserTest.xml;IN_CREATE
2026-09-04T07:39:05.066850Z;/home/runner/work/gson/gson/gson/target/surefire-reports;com.google.gson.stream.JsonReaderPathTest.txt;IN_CREATE
2026-09-04T07:39:05.069271Z;/home/runner/work/gson/gson/gson/target/surefire-reports;TEST-com.google.gson.stream.JsonReaderPathTest.xml;IN_CREATE
2026-09-04T07:39:05.092845Z;/home/runner/work/gson/gson/gson/target/surefire-reports;com.google.gson.stream.JsonWriterTest.txt;IN_CREATE
2026-09-04T07:39:05.093760Z;/home/runner/work/gson/gson/gson/target/surefire-reports;TEST-com.google.gson.stream.JsonWriterTest.xml;IN_CREATE
2026-09-04T07:39:05.149367Z;/home/runner/work/gson/gson/gson/target/test-classes/com/google/gson/stream;JsonReaderTest$1.class;IN_ACCESS
2026-09-04T07:39:05.186686Z;/home/runner/work/gson/gson/gson/target/surefire-reports;com.google.gson.stream.JsonReaderTest.txt;IN_CREATE
2026-09-04T07:39:05.187265Z;/home/runner/work/gson/gson/gson/target/surefire-reports;TEST-com.google.gson.stream.JsonReaderTest.xml;IN_CREATE
2026-09-04T07:39:05.193031Z;/home/runner/work/gson/gson/gson/target/surefire-reports;com.google.gson.JsonObjectAsMapTest.txt;IN_CREATE
2026-09-04T07:39:05.193484Z;/home/runner/work/gson/gson/gson/target/surefire-reports;TEST-com.google.gson.JsonObjectAsMapTest.xml;IN_CREATE
2026-09-04T07:39:05.234434Z;/home/runner/work/gson/gson/gson/target;surefire;IN_ACCESS,IN_ISDIR
2026-09-04T07:39:05.234965Z;/home/runner/work/gson/gson/gson/target/surefire;;IN_ACCESS,IN_ISDIR
2026-09-04T07:39:05.235384Z;/home/runner/work/gson/gson/gson/target;surefire;IN_ACCESS,IN_ISDIR
2026-09-04T07:39:05.235931Z;/home/runner/work/gson/gson/gson/target/surefire;;IN_ACCESS,IN_ISDIR
2026-09-04T07:39:05.236345Z;/home/runner/work/gson/gson/gson/target/surefire;surefirebooter-20260904073902510_3.jar;IN_DELETE
2026-09-04T07:39:05.236709Z;/home/runner/work/gson/gson/gson/target/surefire;surefire_0-20260904073902510_2tmp;IN_DELETE
2026-09-04T07:39:05.237121Z;/home/runner/work/gson/gson/gson/target/surefire;surefire-20260904073902510_1tmp;IN_DELETE
2026-09-04T07:39:05.237447Z;/home/runner/work/gson/gson/gson/target/surefire;;IN_IGNORED
2026-09-04T07:39:05.237819Z;/home/runner/work/gson/gson/gson/target;surefire;IN_DELETE,IN_ISDIR
2026-09-04T07:39:05.277971Z;/home/runner/work/gson/gson;optcd-5.txt;IN_CREATE
