2026-09-04T07:38:17.3797697Z Current runner version: '2.337.0'
2026-09-04T07:38:17.3822642Z ##[group]Runner Image Provisioner
2026-09-04T07:38:17.3823662Z Hosted Compute Agent
2026-09-04T07:38:17.3824270Z Version: 20260819.586
2026-09-04T07:38:17.3825133Z Commit: 3cc4a88dfa507ef76119ad1bb3eccc6378bb2b76
2026-09-04T07:38:17.3825904Z Build Date: 2026-08-18T23:20:18Z
2026-09-04T07:38:17.3826622Z Worker ID: {dcc1b205-2b0d-4688-bc5a-379eeb32e645}
2026-09-04T07:38:17.3827523Z Azure Region: centralus
2026-09-04T07:38:17.3828139Z ##[endgroup]
2026-09-04T07:38:17.3829904Z ##[group]Operating System
2026-09-04T07:38:17.3830570Z Ubuntu
2026-09-04T07:38:17.3831162Z 24.04.4
2026-09-04T07:38:17.3831747Z LTS
2026-09-04T07:38:17.3832292Z ##[endgroup]
2026-09-04T07:38:17.3833166Z ##[group]Runner Image
2026-09-04T07:38:17.3833890Z Image: ubuntu-24.04
2026-09-04T07:38:17.3834736Z Version: 20260823.283.1
2026-09-04T07:38:17.3836029Z Included Software: https://github.com/actions/runner-images/blob/ubuntu24/20260823.283/images/ubuntu/Ubuntu2404-Readme.md
2026-09-04T07:38:17.3837552Z Image Release: https://github.com/actions/runner-images/releases/tag/ubuntu24%2F20260823.283
2026-09-04T07:38:17.3838620Z ##[endgroup]
2026-09-04T07:38:17.3839853Z ##[group]GITHUB_TOKEN Permissions
2026-09-04T07:38:17.3842120Z Contents: read
2026-09-04T07:38:17.3842726Z Metadata: read
2026-09-04T07:38:17.3843429Z ##[endgroup]
2026-09-04T07:38:17.3845990Z Secret source: Actions
2026-09-04T07:38:17.3847546Z Prepare workflow directory
2026-09-04T07:38:17.4237230Z Prepare all required actions
2026-09-04T07:38:17.4284920Z Getting action download info
2026-09-04T07:38:17.7043682Z Download action repository 'actions/setup-python@v5' (SHA:a26af69be951a213d495a4c3e4e4022e16d87065)
2026-09-04T07:38:17.9044174Z Download action repository 'actions/checkout@3d3c42e5aac5ba805825da76410c181273ba90b1' (SHA:3d3c42e5aac5ba805825da76410c181273ba90b1)
2026-09-04T07:38:17.9426386Z Download action repository 'actions/setup-java@03ad4de0992f5dab5e18fcb136590ce7c4a0ac95' (SHA:03ad4de0992f5dab5e18fcb136590ce7c4a0ac95)
2026-09-04T07:38:18.4969703Z Download action repository 'actions/upload-artifact@v4' (SHA:ea165f8d65b6e75b540449e92b4886f43607fa02)
2026-09-04T07:38:18.7240464Z Complete job name: build (25)
2026-09-04T07:38:18.7943986Z Node 20 is being deprecated. This workflow is running with Node 24 by default. If you need to temporarily use Node 20, you can set the ACTIONS_ALLOW_USE_UNSECURE_NODE_VERSION=true environment variable. For more information see: https://github.blog/changelog/2025-09-19-deprecation-of-node-20-on-github-actions-runners/
2026-09-04T07:38:18.7953197Z ##[group]Run actions/setup-python@v5
2026-09-04T07:38:18.7954089Z with:
2026-09-04T07:38:18.7954887Z   python-version: 3.10
2026-09-04T07:38:18.7955419Z   check-latest: false
2026-09-04T07:38:18.7959447Z   token: ***
2026-09-04T07:38:18.7959943Z   update-environment: true
2026-09-04T07:38:18.7960499Z   allow-prereleases: false
2026-09-04T07:38:18.7961034Z   freethreaded: false
2026-09-04T07:38:18.7961729Z env:
2026-09-04T07:38:18.7962358Z   MAVEN_ARGS: --show-version --batch-mode --no-transfer-progress
2026-09-04T07:38:18.7963118Z ##[endgroup]
2026-09-04T07:38:18.9440606Z ##[group]Installed versions
2026-09-04T07:38:18.9487081Z (node:2127) [DEP0040] DeprecationWarning: The `punycode` module is deprecated. Please use a userland alternative instead.
2026-09-04T07:38:18.9488758Z (Use `node --trace-deprecation ...` to show where the warning was created)
2026-09-04T07:38:18.9489726Z Successfully set up CPython (3.10.21)
2026-09-04T07:38:18.9491139Z ##[endgroup]
2026-09-04T07:38:18.9766461Z ##[group]Run python -m pip install --upgrade pip
2026-09-04T07:38:18.9767619Z [36;1mpython -m pip install --upgrade pip[0m
2026-09-04T07:38:18.9768568Z [36;1mpip install inotify[0m
2026-09-04T07:38:18.9995179Z shell: /usr/bin/bash -e {0}
2026-09-04T07:38:18.9995822Z env:
2026-09-04T07:38:18.9996412Z   MAVEN_ARGS: --show-version --batch-mode --no-transfer-progress
2026-09-04T07:38:18.9997248Z   pythonLocation: /opt/hostedtoolcache/Python/3.10.21/x64
2026-09-04T07:38:18.9998442Z   PKG_CONFIG_PATH: /opt/hostedtoolcache/Python/3.10.21/x64/lib/pkgconfig
2026-09-04T07:38:18.9999243Z   Python_ROOT_DIR: /opt/hostedtoolcache/Python/3.10.21/x64
2026-09-04T07:38:18.9999964Z   Python2_ROOT_DIR: /opt/hostedtoolcache/Python/3.10.21/x64
2026-09-04T07:38:19.0000732Z   Python3_ROOT_DIR: /opt/hostedtoolcache/Python/3.10.21/x64
2026-09-04T07:38:19.0001514Z   LD_LIBRARY_PATH: /opt/hostedtoolcache/Python/3.10.21/x64/lib
2026-09-04T07:38:19.0002160Z ##[endgroup]
2026-09-04T07:38:21.3646216Z Requirement already satisfied: pip in /opt/hostedtoolcache/Python/3.10.21/x64/lib/python3.10/site-packages (26.2.1)
2026-09-04T07:38:22.5583848Z Collecting inotify
2026-09-04T07:38:22.6445278Z   Downloading inotify-0.2.12-py2.py3-none-any.whl.metadata (7.2 kB)
2026-09-04T07:38:22.6761650Z Collecting build (from inotify)
2026-09-04T07:38:22.6923958Z   Downloading build-1.6.0-py3-none-any.whl.metadata (5.6 kB)
2026-09-04T07:38:22.7255528Z Collecting packaging>=24.0 (from build->inotify)
2026-09-04T07:38:22.7416336Z   Downloading packaging-26.3-py3-none-any.whl.metadata (3.5 kB)
2026-09-04T07:38:22.7635234Z Collecting pyproject_hooks (from build->inotify)
2026-09-04T07:38:22.7793271Z   Downloading pyproject_hooks-1.2.0-py3-none-any.whl.metadata (1.3 kB)
2026-09-04T07:38:22.8300510Z Collecting tomli>=1.1.0 (from build->inotify)
2026-09-04T07:38:22.8464507Z   Downloading tomli-2.4.1-py3-none-any.whl.metadata (10 kB)
2026-09-04T07:38:22.8691472Z Downloading inotify-0.2.12-py2.py3-none-any.whl (20 kB)
2026-09-04T07:38:22.8916100Z Downloading build-1.6.0-py3-none-any.whl (31 kB)
2026-09-04T07:38:22.9143933Z Downloading packaging-26.3-py3-none-any.whl (129 kB)
2026-09-04T07:38:22.9514515Z Downloading tomli-2.4.1-py3-none-any.whl (14 kB)
2026-09-04T07:38:22.9692168Z Downloading pyproject_hooks-1.2.0-py3-none-any.whl (10 kB)
2026-09-04T07:38:23.0317194Z Installing collected packages: tomli, pyproject_hooks, packaging, build, inotify
2026-09-04T07:38:23.1571139Z 
2026-09-04T07:38:23.1585962Z Successfully installed build-1.6.0 inotify-0.2.12 packaging-26.3 pyproject_hooks-1.2.0 tomli-2.4.1
2026-09-04T07:38:23.2058715Z ##[group]Run python3 -c "
2026-09-04T07:38:23.2059065Z [36;1mpython3 -c "[0m
2026-09-04T07:38:23.2059326Z [36;1mimport inotify.adapters[0m
2026-09-04T07:38:23.2059619Z [36;1mimport inotify.constants[0m
2026-09-04T07:38:23.2059892Z [36;1mimport os[0m
2026-09-04T07:38:23.2060172Z [36;1mfrom datetime import datetime, timezone[0m
2026-09-04T07:38:23.2060664Z [36;1mwith open('/home/runner/inotifywait-log-build (25).csv', 'w') as log_file:[0m
2026-09-04T07:38:23.2061412Z [36;1m  i = inotify.adapters.InotifyTree('/home/runner/work/gson/gson', inotify.constants.IN_CREATE | inotify.constants.IN_ACCESS)[0m
2026-09-04T07:38:23.2062081Z [36;1m  for event in i.event_gen(yield_nones=False):[0m
2026-09-04T07:38:23.2062435Z [36;1m    (_, type_names, path, filename) = event[0m
2026-09-04T07:38:23.2062872Z [36;1m    now = datetime.now(timezone.utc).strftime('%Y-%m-%dT%H:%M:%S.%f') + 'Z'[0m
2026-09-04T07:38:23.2063366Z [36;1m    events = ','.join(type_names)[0m
2026-09-04T07:38:23.2063800Z [36;1m    log_file.write(f'{now};{path};{filename};{events}\n')[0m
2026-09-04T07:38:23.2064156Z [36;1m    log_file.flush()[0m
2026-09-04T07:38:23.2064429Z [36;1m    os.fsync(log_file.fileno())[0m
2026-09-04T07:38:23.2065217Z [36;1m" &[0m
2026-09-04T07:38:23.2108850Z shell: /usr/bin/bash -e {0}
2026-09-04T07:38:23.2109146Z env:
2026-09-04T07:38:23.2109463Z   MAVEN_ARGS: --show-version --batch-mode --no-transfer-progress
2026-09-04T07:38:23.2109915Z   pythonLocation: /opt/hostedtoolcache/Python/3.10.21/x64
2026-09-04T07:38:23.2110362Z   PKG_CONFIG_PATH: /opt/hostedtoolcache/Python/3.10.21/x64/lib/pkgconfig
2026-09-04T07:38:23.2110823Z   Python_ROOT_DIR: /opt/hostedtoolcache/Python/3.10.21/x64
2026-09-04T07:38:23.2111219Z   Python2_ROOT_DIR: /opt/hostedtoolcache/Python/3.10.21/x64
2026-09-04T07:38:23.2111624Z   Python3_ROOT_DIR: /opt/hostedtoolcache/Python/3.10.21/x64
2026-09-04T07:38:23.2112018Z   LD_LIBRARY_PATH: /opt/hostedtoolcache/Python/3.10.21/x64/lib
2026-09-04T07:38:23.2112594Z ##[endgroup]
2026-09-04T07:38:28.2278711Z ##[group]Run actions/checkout@3d3c42e5aac5ba805825da76410c181273ba90b1
2026-09-04T07:38:28.2279130Z with:
2026-09-04T07:38:28.2279366Z   persist-credentials: false
2026-09-04T07:38:28.2279638Z   repository: atanuroy911/gson
2026-09-04T07:38:28.2282087Z   token: ***
2026-09-04T07:38:28.2282312Z   ssh-strict: true
2026-09-04T07:38:28.2282533Z   ssh-user: git
2026-09-04T07:38:28.2282741Z   clean: true
2026-09-04T07:38:28.2282967Z   sparse-checkout-cone-mode: true
2026-09-04T07:38:28.2283240Z   fetch-depth: 1
2026-09-04T07:38:28.2283455Z   fetch-tags: false
2026-09-04T07:38:28.2283678Z   show-progress: true
2026-09-04T07:38:28.2283904Z   lfs: false
2026-09-04T07:38:28.2284109Z   submodules: false
2026-09-04T07:38:28.2284341Z   set-safe-directory: true
2026-09-04T07:38:28.2284775Z   allow-unsafe-pr-checkout: false
2026-09-04T07:38:28.2285047Z env:
2026-09-04T07:38:28.2285337Z   MAVEN_ARGS: --show-version --batch-mode --no-transfer-progress
2026-09-04T07:38:28.2285830Z   pythonLocation: /opt/hostedtoolcache/Python/3.10.21/x64
2026-09-04T07:38:28.2286271Z   PKG_CONFIG_PATH: /opt/hostedtoolcache/Python/3.10.21/x64/lib/pkgconfig
2026-09-04T07:38:28.2286697Z   Python_ROOT_DIR: /opt/hostedtoolcache/Python/3.10.21/x64
2026-09-04T07:38:28.2287083Z   Python2_ROOT_DIR: /opt/hostedtoolcache/Python/3.10.21/x64
2026-09-04T07:38:28.2287460Z   Python3_ROOT_DIR: /opt/hostedtoolcache/Python/3.10.21/x64
2026-09-04T07:38:28.2287837Z   LD_LIBRARY_PATH: /opt/hostedtoolcache/Python/3.10.21/x64/lib
2026-09-04T07:38:28.2288164Z ##[endgroup]
2026-09-04T07:38:28.3141211Z Syncing repository: atanuroy911/gson
2026-09-04T07:38:28.3142037Z ##[group]Getting Git version info
2026-09-04T07:38:28.3142448Z Working directory is '/home/runner/work/gson/gson'
2026-09-04T07:38:28.3165557Z [command]/usr/bin/git version
2026-09-04T07:38:28.3256488Z git version 2.55.0
2026-09-04T07:38:28.3277935Z ##[endgroup]
2026-09-04T07:38:28.3287966Z Temporarily overriding HOME='/home/runner/work/_temp/e01f87a0-f382-4a6e-8239-b53f470f4878' before making global git config changes
2026-09-04T07:38:28.3289180Z Adding repository directory to the temporary git global config as a safe directory
2026-09-04T07:38:28.3293611Z [command]/usr/bin/git config --global --add safe.directory /home/runner/work/gson/gson
2026-09-04T07:38:28.3337885Z Deleting the contents of '/home/runner/work/gson/gson'
2026-09-04T07:38:28.3344999Z ##[group]Determining repository object format
2026-09-04T07:38:28.3346525Z ##[endgroup]
2026-09-04T07:38:28.3347110Z ##[group]Initializing the repository
2026-09-04T07:38:28.3352653Z [command]/usr/bin/git init /home/runner/work/gson/gson
2026-09-04T07:38:28.3445905Z hint: Using 'master' as the name for the initial branch. This default branch name
2026-09-04T07:38:28.3447363Z hint: will change to "main" in Git 3.0. To configure the initial branch name
2026-09-04T07:38:28.3448675Z hint: to use in all of your new repositories, which will suppress this warning,
2026-09-04T07:38:28.3449656Z hint: call:
2026-09-04T07:38:28.3450211Z hint:
2026-09-04T07:38:28.3450920Z hint: 	git config --global init.defaultBranch <name>
2026-09-04T07:38:28.3451665Z hint:
2026-09-04T07:38:28.3452347Z hint: Names commonly chosen instead of 'master' are 'main', 'trunk' and
2026-09-04T07:38:28.3453431Z hint: 'development'. The just-created branch can be renamed via this command:
2026-09-04T07:38:28.3454318Z hint:
2026-09-04T07:38:28.3455177Z hint: 	git branch -m <name>
2026-09-04T07:38:28.3455831Z hint:
2026-09-04T07:38:28.3456607Z hint: Disable this message with "git config set advice.defaultBranchName false"
2026-09-04T07:38:28.3457753Z Initialized empty Git repository in /home/runner/work/gson/gson/.git/
2026-09-04T07:38:28.3469060Z [command]/usr/bin/git remote add origin https://github.com/atanuroy911/gson
2026-09-04T07:38:28.3522821Z ##[endgroup]
2026-09-04T07:38:28.3523440Z ##[group]Disabling automatic garbage collection
2026-09-04T07:38:28.3526909Z [command]/usr/bin/git config --local gc.auto 0
2026-09-04T07:38:28.3579347Z ##[endgroup]
2026-09-04T07:38:28.3580331Z ##[group]Setting up auth
2026-09-04T07:38:28.3580895Z Removing SSH command configuration
2026-09-04T07:38:28.3581641Z [command]/usr/bin/git config --local --name-only --get-regexp core\.sshCommand
2026-09-04T07:38:28.3610050Z [command]/usr/bin/git submodule foreach --recursive sh -c "git config --local --name-only --get-regexp 'core\.sshCommand' && git config --local --unset-all 'core.sshCommand' || :"
2026-09-04T07:38:28.3960795Z Removing HTTP extra header
2026-09-04T07:38:28.3966439Z [command]/usr/bin/git config --local --name-only --get-regexp http\.https\:\/\/github\.com\/\.extraheader
2026-09-04T07:38:28.4010740Z [command]/usr/bin/git submodule foreach --recursive sh -c "git config --local --name-only --get-regexp 'http\.https\:\/\/github\.com\/\.extraheader' && git config --local --unset-all 'http.https://github.com/.extraheader' || :"
2026-09-04T07:38:28.4275112Z Removing includeIf entries pointing to credentials config files
2026-09-04T07:38:28.4282791Z [command]/usr/bin/git config --local --name-only --get-regexp ^includeIf\.gitdir:
2026-09-04T07:38:28.4323457Z [command]/usr/bin/git submodule foreach --recursive git config --local --show-origin --name-only --get-regexp remote.origin.url
2026-09-04T07:38:28.4585009Z [command]/usr/bin/git config --file /home/runner/work/_temp/git-credentials-31a61918-f89b-4811-82fa-0c42d2c8958b.config http.https://github.com/.extraheader AUTHORIZATION: basic ***
2026-09-04T07:38:28.4630229Z [command]/usr/bin/git config --local includeIf.gitdir:/home/runner/work/gson/gson/.git.path /home/runner/work/_temp/git-credentials-31a61918-f89b-4811-82fa-0c42d2c8958b.config
2026-09-04T07:38:28.4669214Z [command]/usr/bin/git config --local includeIf.gitdir:/home/runner/work/gson/gson/.git/worktrees/*.path /home/runner/work/_temp/git-credentials-31a61918-f89b-4811-82fa-0c42d2c8958b.config
2026-09-04T07:38:28.4711880Z [command]/usr/bin/git config --local includeIf.gitdir:/github/workspace/.git.path /github/runner_temp/git-credentials-31a61918-f89b-4811-82fa-0c42d2c8958b.config
2026-09-04T07:38:28.4753321Z [command]/usr/bin/git config --local includeIf.gitdir:/github/workspace/.git/worktrees/*.path /github/runner_temp/git-credentials-31a61918-f89b-4811-82fa-0c42d2c8958b.config
2026-09-04T07:38:28.4788488Z ##[endgroup]
2026-09-04T07:38:28.4789062Z ##[group]Fetching the repository
2026-09-04T07:38:28.4796204Z [command]/usr/bin/git -c protocol.version=2 fetch --no-tags --prune --no-recurse-submodules --depth=1 origin +4dd947df69aa3ea7d3a11b253ef1ecb587454312:refs/remotes/origin/optcd-run
2026-09-04T07:38:29.0894124Z From https://github.com/atanuroy911/gson
2026-09-04T07:38:29.0903178Z  * [new ref]         4dd947df69aa3ea7d3a11b253ef1ecb587454312 -> origin/optcd-run
2026-09-04T07:38:29.0905368Z [command]/usr/bin/git branch --list --remote origin/optcd-run
2026-09-04T07:38:29.0931629Z   origin/optcd-run
2026-09-04T07:38:29.0941578Z [command]/usr/bin/git rev-parse refs/remotes/origin/optcd-run
2026-09-04T07:38:29.0977790Z 4dd947df69aa3ea7d3a11b253ef1ecb587454312
2026-09-04T07:38:29.0983246Z ##[endgroup]
2026-09-04T07:38:29.0985206Z ##[group]Determining the checkout info
2026-09-04T07:38:29.0986047Z ##[endgroup]
2026-09-04T07:38:29.0997935Z [command]/usr/bin/git sparse-checkout disable
2026-09-04T07:38:29.1047172Z [command]/usr/bin/git config --local --unset-all extensions.worktreeConfig
2026-09-04T07:38:29.1086793Z ##[group]Checking out the ref
2026-09-04T07:38:29.1090499Z [command]/usr/bin/git checkout --progress --force -B optcd-run refs/remotes/origin/optcd-run
2026-09-04T07:38:29.1510722Z Switched to a new branch 'optcd-run'
2026-09-04T07:38:29.1512162Z branch 'optcd-run' set up to track 'origin/optcd-run'.
2026-09-04T07:38:29.1514778Z ##[endgroup]
2026-09-04T07:38:29.1571011Z [command]/usr/bin/git log -1 --format=%H
2026-09-04T07:38:29.1610360Z 4dd947df69aa3ea7d3a11b253ef1ecb587454312
2026-09-04T07:38:29.1628383Z ##[group]Removing auth
2026-09-04T07:38:29.1628933Z Removing SSH command configuration
2026-09-04T07:38:29.1630263Z [command]/usr/bin/git config --local --name-only --get-regexp core\.sshCommand
2026-09-04T07:38:29.1671782Z [command]/usr/bin/git submodule foreach --recursive sh -c "git config --local --name-only --get-regexp 'core\.sshCommand' && git config --local --unset-all 'core.sshCommand' || :"
2026-09-04T07:38:29.1934812Z Removing HTTP extra header
2026-09-04T07:38:29.1935592Z [command]/usr/bin/git config --local --name-only --get-regexp http\.https\:\/\/github\.com\/\.extraheader
2026-09-04T07:38:29.1969816Z [command]/usr/bin/git submodule foreach --recursive sh -c "git config --local --name-only --get-regexp 'http\.https\:\/\/github\.com\/\.extraheader' && git config --local --unset-all 'http.https://github.com/.extraheader' || :"
2026-09-04T07:38:29.2220703Z Removing includeIf entries pointing to credentials config files
2026-09-04T07:38:29.2223979Z [command]/usr/bin/git config --local --name-only --get-regexp ^includeIf\.gitdir:
2026-09-04T07:38:29.2257227Z includeif.gitdir:/home/runner/work/gson/gson/.git.path
2026-09-04T07:38:29.2258175Z includeif.gitdir:/home/runner/work/gson/gson/.git/worktrees/*.path
2026-09-04T07:38:29.2258955Z includeif.gitdir:/github/workspace/.git.path
2026-09-04T07:38:29.2259655Z includeif.gitdir:/github/workspace/.git/worktrees/*.path
2026-09-04T07:38:29.2266681Z [command]/usr/bin/git config --local --get-all includeif.gitdir:/home/runner/work/gson/gson/.git.path
2026-09-04T07:38:29.2296314Z /home/runner/work/_temp/git-credentials-31a61918-f89b-4811-82fa-0c42d2c8958b.config
2026-09-04T07:38:29.2306674Z [command]/usr/bin/git config --local --unset includeif.gitdir:/home/runner/work/gson/gson/.git.path \/home\/runner\/work\/_temp\/git\-credentials\-31a61918\-f89b\-4811\-82fa\-0c42d2c8958b\.config
2026-09-04T07:38:29.2348715Z [command]/usr/bin/git config --local --get-all includeif.gitdir:/home/runner/work/gson/gson/.git/worktrees/*.path
2026-09-04T07:38:29.2381475Z /home/runner/work/_temp/git-credentials-31a61918-f89b-4811-82fa-0c42d2c8958b.config
2026-09-04T07:38:29.2389719Z [command]/usr/bin/git config --local --unset includeif.gitdir:/home/runner/work/gson/gson/.git/worktrees/*.path \/home\/runner\/work\/_temp\/git\-credentials\-31a61918\-f89b\-4811\-82fa\-0c42d2c8958b\.config
2026-09-04T07:38:29.2432612Z [command]/usr/bin/git config --local --get-all includeif.gitdir:/github/workspace/.git.path
2026-09-04T07:38:29.2485820Z /github/runner_temp/git-credentials-31a61918-f89b-4811-82fa-0c42d2c8958b.config
2026-09-04T07:38:29.2524536Z [command]/usr/bin/git config --local --unset includeif.gitdir:/github/workspace/.git.path \/github\/runner_temp\/git\-credentials\-31a61918\-f89b\-4811\-82fa\-0c42d2c8958b\.config
2026-09-04T07:38:29.2567292Z [command]/usr/bin/git config --local --get-all includeif.gitdir:/github/workspace/.git/worktrees/*.path
2026-09-04T07:38:29.2595568Z /github/runner_temp/git-credentials-31a61918-f89b-4811-82fa-0c42d2c8958b.config
2026-09-04T07:38:29.2602900Z [command]/usr/bin/git config --local --unset includeif.gitdir:/github/workspace/.git/worktrees/*.path \/github\/runner_temp\/git\-credentials\-31a61918\-f89b\-4811\-82fa\-0c42d2c8958b\.config
2026-09-04T07:38:29.2644211Z [command]/usr/bin/git submodule foreach --recursive git config --local --show-origin --name-only --get-regexp remote.origin.url
2026-09-04T07:38:29.2891821Z Removing credentials config '/home/runner/work/_temp/git-credentials-31a61918-f89b-4811-82fa-0c42d2c8958b.config'
2026-09-04T07:38:29.2903437Z ##[endgroup]
2026-09-04T07:38:29.3026202Z ##[group]Run touch optcd-3.txt
2026-09-04T07:38:29.3026514Z [36;1mtouch optcd-3.txt[0m
2026-09-04T07:38:29.3067090Z shell: /usr/bin/bash -e {0}
2026-09-04T07:38:29.3067361Z env:
2026-09-04T07:38:29.3067666Z   MAVEN_ARGS: --show-version --batch-mode --no-transfer-progress
2026-09-04T07:38:29.3068112Z   pythonLocation: /opt/hostedtoolcache/Python/3.10.21/x64
2026-09-04T07:38:29.3068565Z   PKG_CONFIG_PATH: /opt/hostedtoolcache/Python/3.10.21/x64/lib/pkgconfig
2026-09-04T07:38:29.3069000Z   Python_ROOT_DIR: /opt/hostedtoolcache/Python/3.10.21/x64
2026-09-04T07:38:29.3069571Z   Python2_ROOT_DIR: /opt/hostedtoolcache/Python/3.10.21/x64
2026-09-04T07:38:29.3069978Z   Python3_ROOT_DIR: /opt/hostedtoolcache/Python/3.10.21/x64
2026-09-04T07:38:29.3070378Z   LD_LIBRARY_PATH: /opt/hostedtoolcache/Python/3.10.21/x64/lib
2026-09-04T07:38:29.3070711Z ##[endgroup]
2026-09-04T07:38:29.3311489Z ##[group]Run actions/setup-java@03ad4de0992f5dab5e18fcb136590ce7c4a0ac95
2026-09-04T07:38:29.3311886Z with:
2026-09-04T07:38:29.3312097Z   distribution: temurin
2026-09-04T07:38:29.3312325Z   java-version: 25
2026-09-04T07:38:29.3312533Z   cache: maven
2026-09-04T07:38:29.3312737Z   java-package: jdk
2026-09-04T07:38:29.3312966Z   check-latest: false
2026-09-04T07:38:29.3313274Z   set-default: true
2026-09-04T07:38:29.3313491Z   verify-signature: false
2026-09-04T07:38:29.3313719Z   server-id: github
2026-09-04T07:38:29.3313931Z   server-username: GITHUB_ACTOR
2026-09-04T07:38:29.3314186Z   server-password: GITHUB_TOKEN
2026-09-04T07:38:29.3314438Z   overwrite-settings: true
2026-09-04T07:38:29.3314833Z   job-status: success
2026-09-04T07:38:29.3317234Z   token: ***
2026-09-04T07:38:29.3317460Z   show-download-progress: false
2026-09-04T07:38:29.3317705Z env:
2026-09-04T07:38:29.3317982Z   MAVEN_ARGS: --show-version --batch-mode --no-transfer-progress
2026-09-04T07:38:29.3318426Z   pythonLocation: /opt/hostedtoolcache/Python/3.10.21/x64
2026-09-04T07:38:29.3318850Z   PKG_CONFIG_PATH: /opt/hostedtoolcache/Python/3.10.21/x64/lib/pkgconfig
2026-09-04T07:38:29.3319267Z   Python_ROOT_DIR: /opt/hostedtoolcache/Python/3.10.21/x64
2026-09-04T07:38:29.3319638Z   Python2_ROOT_DIR: /opt/hostedtoolcache/Python/3.10.21/x64
2026-09-04T07:38:29.3319999Z   Python3_ROOT_DIR: /opt/hostedtoolcache/Python/3.10.21/x64
2026-09-04T07:38:29.3320367Z   LD_LIBRARY_PATH: /opt/hostedtoolcache/Python/3.10.21/x64/lib
2026-09-04T07:38:29.3320690Z ##[endgroup]
2026-09-04T07:38:29.4779164Z ##[group]Installed distributions
2026-09-04T07:38:29.4946424Z Resolved Java 25.0.4+1 from tool-cache
2026-09-04T07:38:29.4947250Z Setting Java 25.0.4+1 as the default
2026-09-04T07:38:29.4957642Z Creating toolchains.xml for JDK version 25 from temurin
2026-09-04T07:38:29.5027716Z Writing to /home/runner/.m2/toolchains.xml
2026-09-04T07:38:29.5028451Z 
2026-09-04T07:38:29.5028779Z Java configuration:
2026-09-04T07:38:29.5029191Z   Distribution: temurin
2026-09-04T07:38:29.5029745Z   Version: 25.0.4+1
2026-09-04T07:38:29.5030857Z   Path: /opt/hostedtoolcache/Java_Temurin-Hotspot_jdk/25.0.4-1/x64
2026-09-04T07:38:29.5031456Z 
2026-09-04T07:38:29.5032052Z ##[endgroup]
2026-09-04T07:38:29.5051885Z Creating settings.xml with server-id: github
2026-09-04T07:38:29.5085716Z Writing to /home/runner/.m2/settings.xml
2026-09-04T07:38:29.7478073Z maven cache is not found
2026-09-04T07:38:29.8229427Z ##[group]Run touch optcd-4.txt
2026-09-04T07:38:29.8229892Z [36;1mtouch optcd-4.txt[0m
2026-09-04T07:38:29.8282387Z shell: /usr/bin/bash -e {0}
2026-09-04T07:38:29.8282709Z env:
2026-09-04T07:38:29.8283054Z   MAVEN_ARGS: --show-version --batch-mode --no-transfer-progress
2026-09-04T07:38:29.8283612Z   pythonLocation: /opt/hostedtoolcache/Python/3.10.21/x64
2026-09-04T07:38:29.8284309Z   PKG_CONFIG_PATH: /opt/hostedtoolcache/Python/3.10.21/x64/lib/pkgconfig
2026-09-04T07:38:29.8285092Z   Python_ROOT_DIR: /opt/hostedtoolcache/Python/3.10.21/x64
2026-09-04T07:38:29.8285546Z   Python2_ROOT_DIR: /opt/hostedtoolcache/Python/3.10.21/x64
2026-09-04T07:38:29.8286031Z   Python3_ROOT_DIR: /opt/hostedtoolcache/Python/3.10.21/x64
2026-09-04T07:38:29.8286626Z   LD_LIBRARY_PATH: /opt/hostedtoolcache/Python/3.10.21/x64/lib
2026-09-04T07:38:29.8287300Z   JAVA_HOME: /opt/hostedtoolcache/Java_Temurin-Hotspot_jdk/25.0.4-1/x64
2026-09-04T07:38:29.8287959Z   JAVA_HOME_25_X64: /opt/hostedtoolcache/Java_Temurin-Hotspot_jdk/25.0.4-1/x64
2026-09-04T07:38:29.8288426Z ##[endgroup]
2026-09-04T07:38:29.8406375Z ##[group]Run mvn verify javadoc:jar -Denforcer.fail=false --projects '!test-shrinker'
2026-09-04T07:38:29.8406969Z [36;1mmvn verify javadoc:jar -Denforcer.fail=false --projects '!test-shrinker'[0m
2026-09-04T07:38:29.8445854Z shell: /usr/bin/bash -e {0}
2026-09-04T07:38:29.8446116Z env:
2026-09-04T07:38:29.8446413Z   MAVEN_ARGS: --show-version --batch-mode --no-transfer-progress
2026-09-04T07:38:29.8446857Z   pythonLocation: /opt/hostedtoolcache/Python/3.10.21/x64
2026-09-04T07:38:29.8447282Z   PKG_CONFIG_PATH: /opt/hostedtoolcache/Python/3.10.21/x64/lib/pkgconfig
2026-09-04T07:38:29.8447699Z   Python_ROOT_DIR: /opt/hostedtoolcache/Python/3.10.21/x64
2026-09-04T07:38:29.8448151Z   Python2_ROOT_DIR: /opt/hostedtoolcache/Python/3.10.21/x64
2026-09-04T07:38:29.8448534Z   Python3_ROOT_DIR: /opt/hostedtoolcache/Python/3.10.21/x64
2026-09-04T07:38:29.8448909Z   LD_LIBRARY_PATH: /opt/hostedtoolcache/Python/3.10.21/x64/lib
2026-09-04T07:38:29.8449370Z   JAVA_HOME: /opt/hostedtoolcache/Java_Temurin-Hotspot_jdk/25.0.4-1/x64
2026-09-04T07:38:29.8449910Z   JAVA_HOME_25_X64: /opt/hostedtoolcache/Java_Temurin-Hotspot_jdk/25.0.4-1/x64
2026-09-04T07:38:29.8450291Z ##[endgroup]
2026-09-04T07:38:31.9961191Z Apache Maven 3.9.16 (2bdd9fddda4b155ebf8000e807eb73fd829a51d5)
2026-09-04T07:38:31.9961842Z Maven home: /usr/share/apache-maven-3.9.16
2026-09-04T07:38:31.9962466Z Java version: 25.0.4.1, vendor: Eclipse Adoptium, runtime: /usr/lib/jvm/temurin-25-jdk-amd64
2026-09-04T07:38:31.9963051Z Default locale: en, platform encoding: UTF-8
2026-09-04T07:38:31.9963485Z OS name: "linux", version: "6.17.0-1022-azure", arch: "amd64", family: "unix"
2026-09-04T07:38:33.7423210Z [INFO] Scanning for projects...
2026-09-04T07:38:38.0810660Z [INFO] Inspecting build with total of 7 modules
2026-09-04T07:38:38.0886525Z [INFO] Installing Central Publishing features
2026-09-04T07:38:38.0915642Z [INFO] ------------------------------------------------------------------------
2026-09-04T07:38:38.0916560Z [INFO] Reactor Build Order:
2026-09-04T07:38:38.0917097Z [INFO] 
2026-09-04T07:38:38.0917549Z [INFO] Gson Parent                                                        [pom]
2026-09-04T07:38:38.0918196Z [INFO] Gson                                                               [jar]
2026-09-04T07:38:38.0918923Z [INFO] Test: Java Platform Module System (JPMS)                           [jar]
2026-09-04T07:38:38.0919669Z [INFO] Test: GraalVM Native Image                                         [jar]
2026-09-04T07:38:38.0920349Z [INFO] Gson Extras                                                        [jar]
2026-09-04T07:38:38.0920981Z [INFO] Gson Metrics                                                       [jar]
2026-09-04T07:38:38.0921498Z [INFO] Gson Protobuf Support                                              [jar]
2026-09-04T07:38:38.2844368Z [INFO] 
2026-09-04T07:38:38.2855805Z [INFO] ------------------< com.google.code.gson:gson-parent >------------------
2026-09-04T07:38:38.2856699Z [INFO] Building Gson Parent 2.14.1-SNAPSHOT                               [1/7]
2026-09-04T07:38:38.2857311Z [INFO]   from pom.xml
2026-09-04T07:38:38.2857801Z [INFO] --------------------------------[ pom ]---------------------------------
2026-09-04T07:38:38.7489815Z [INFO] 
2026-09-04T07:38:38.7490471Z [INFO] --- enforcer:3.6.3:enforce (enforce-versions) @ gson-parent ---
2026-09-04T07:38:40.1822063Z [INFO] Rule 0: org.apache.maven.enforcer.rules.version.RequireMavenVersion passed
2026-09-04T07:38:40.2065210Z [WARNING] Rule 1: org.apache.maven.enforcer.rules.version.RequireJavaVersion failed with message:
2026-09-04T07:38:40.2066473Z Detected JDK /usr/lib/jvm/temurin-25-jdk-amd64 is version 25.0.4-1 which is not in the allowed range [17,22).
2026-09-04T07:38:40.2067212Z [INFO] 
2026-09-04T07:38:40.2067642Z [INFO] --- spotless:3.8.0:check (default) @ gson-parent ---
2026-09-04T07:38:43.8620132Z [INFO] Index file does not exist. Fallback to an empty index
2026-09-04T07:38:43.8893456Z [INFO] Spotless.Format is keeping 16 files clean - 0 needs changes to be clean, 16 were already clean, 0 were skipped because caching determined they were already clean
2026-09-04T07:38:43.8922847Z [INFO] 
2026-09-04T07:38:43.8923585Z [INFO] --- artifact:3.6.1:buildinfo (default) @ gson-parent ---
2026-09-04T07:38:53.7488729Z [INFO] Auto-skipping goal because module skips install and/or deploy
2026-09-04T07:38:53.7489835Z [INFO] 
2026-09-04T07:38:53.7490444Z [INFO] --- javadoc:3.12.0:jar (default-cli) @ gson-parent ---
2026-09-04T07:38:58.8026868Z [INFO] Not executing Javadoc as the project is not a Java classpath-capable package
2026-09-04T07:38:58.8027868Z [INFO] 
2026-09-04T07:38:58.8028500Z [INFO] ---------------------< com.google.code.gson:gson >----------------------
2026-09-04T07:38:58.8029433Z [INFO] Building Gson 2.14.1-SNAPSHOT                                      [2/7]
2026-09-04T07:38:58.8030205Z [INFO]   from gson/pom.xml
2026-09-04T07:38:58.8030868Z [INFO] --------------------------------[ jar ]---------------------------------
2026-09-04T07:39:01.3345178Z [INFO] 
2026-09-04T07:39:01.3345613Z [INFO] --- enforcer:3.6.3:enforce (enforce-versions) @ gson ---
2026-09-04T07:39:01.3369937Z [INFO] 
2026-09-04T07:39:01.3370433Z [INFO] --- templating:3.1.0:filter-sources (filtering-java-templates) @ gson ---
2026-09-04T07:39:01.9234315Z [INFO] Copying files with filtering to temporary directory.
2026-09-04T07:39:01.9309095Z [INFO] Copying 1 resource from src/main/java-templates to target/templates-tmp4151517166
2026-09-04T07:39:01.9616994Z [INFO] Copied 1 files to output directory: /home/runner/work/gson/gson/gson/target/generated-sources/java-templates
2026-09-04T07:39:01.9649844Z [INFO] Source directory: /home/runner/work/gson/gson/gson/target/generated-sources/java-templates added.
2026-09-04T07:39:01.9666332Z [INFO] 
2026-09-04T07:39:01.9667030Z [INFO] --- resources:3.5.0:resources (default-resources) @ gson ---
2026-09-04T07:39:02.4193825Z [INFO] Copying 1 resource from src/main/resources to target/classes
2026-09-04T07:39:02.4227172Z [INFO] 
2026-09-04T07:39:02.4228611Z [INFO] --- compiler:3.15.0:compile (default-compile) @ gson ---
2026-09-04T07:39:04.9109393Z [INFO] Recompiling the module because of changed source code.
2026-09-04T07:39:04.9179776Z [INFO] Compiling 86 source files with javac [debug deprecation release 8] to target/classes
2026-09-04T07:39:12.2075884Z [INFO] 
2026-09-04T07:39:12.2105532Z [INFO] --- bnd:6.4.0:bnd-process (default) @ gson ---
2026-09-04T07:39:16.8920786Z [WARNING] /home/runner/work/gson/gson/gson/pom.xml [0:0]: Export com.google.gson,  has 1,  private references [com.google.gson.internal]
2026-09-04T07:39:16.8935365Z [INFO] 
2026-09-04T07:39:16.8940029Z [INFO] --- resources:3.5.0:testResources (default-testResources) @ gson ---
2026-09-04T07:39:16.8951969Z [INFO] Copying 1 resource from src/test/resources to target/test-classes
2026-09-04T07:39:16.8958789Z [INFO] 
2026-09-04T07:39:16.8959381Z [INFO] --- compiler:3.15.0:testCompile (default-testCompile) @ gson ---
2026-09-04T07:39:16.9185675Z [INFO] Recompiling the module because of changed dependency.
2026-09-04T07:39:16.9186837Z [INFO] Compiling 122 source files with javac [debug deprecation release 17] to target/test-classes
2026-09-04T07:39:28.1716951Z [INFO] 
2026-09-04T07:39:28.1729816Z [INFO] --- resources:3.5.0:copy-resources (pre-obfuscate-class) @ gson ---
2026-09-04T07:39:28.1916280Z [INFO] Copying 0 resource from target/test-classes/com/google/gson/functional to target/test-classes-obfuscated-injar/com/google/gson/functional
2026-09-04T07:39:28.1945348Z [INFO] 
2026-09-04T07:39:28.1946323Z [INFO] --- proguard:2.7.0:proguard (obfuscate-test-class) @ gson ---
2026-09-04T07:39:32.5338422Z [INFO] Bypass ProGuard processing because "proguard.skip=true"
2026-09-04T07:39:32.5355751Z [INFO] 
2026-09-04T07:39:32.5356616Z [INFO] --- resources:3.5.0:copy-resources (post-obfuscate-class) @ gson ---
2026-09-04T07:39:32.5358198Z [INFO] skip non existing resourceDirectory /home/runner/work/gson/gson/gson/target/test-classes-obfuscated-outjar/com/google/gson/functional
2026-09-04T07:39:32.5360017Z [INFO] 
2026-09-04T07:39:32.5360672Z [INFO] --- surefire:3.5.6:test (default-test) @ gson ---
2026-09-04T07:39:33.2216975Z [INFO] Using auto detected provider org.apache.maven.surefire.junit4.JUnit4Provider
2026-09-04T07:39:33.6813153Z [INFO] 
2026-09-04T07:39:33.6813960Z [INFO] -------------------------------------------------------
2026-09-04T07:39:33.6815609Z [INFO]  T E S T S
2026-09-04T07:39:33.6816785Z [INFO] -------------------------------------------------------
2026-09-04T07:39:33.7569904Z OpenJDK 64-Bit Server VM warning: Ignoring option --illegal-access=deny; support was removed in 17.0
2026-09-04T07:39:34.1026456Z [INFO] Running com.google.gson.FieldAttributesTest
2026-09-04T07:39:34.1667682Z [INFO] Tests run: 5, Failures: 0, Errors: 0, Skipped: 0, Time elapsed: 0.060 s -- in com.google.gson.FieldAttributesTest
2026-09-04T07:39:34.1669294Z [INFO] Running com.google.gson.JsonArrayAsListTest
2026-09-04T07:39:34.1962041Z [INFO] Tests run: 16, Failures: 0, Errors: 0, Skipped: 0, Time elapsed: 0.026 s -- in com.google.gson.JsonArrayAsListTest
2026-09-04T07:39:34.1963797Z [INFO] Running com.google.gson.ObjectTypeAdapterParameterizedTest
2026-09-04T07:39:34.2489830Z [INFO] Tests run: 8, Failures: 0, Errors: 0, Skipped: 0, Time elapsed: 0.050 s -- in com.google.gson.ObjectTypeAdapterParameterizedTest
2026-09-04T07:39:34.2490854Z [INFO] Running com.google.gson.InnerClassExclusionStrategyTest
2026-09-04T07:39:34.2638875Z [INFO] Tests run: 4, Failures: 0, Errors: 0, Skipped: 0, Time elapsed: 0.013 s -- in com.google.gson.InnerClassExclusionStrategyTest
2026-09-04T07:39:34.2640412Z [INFO] Running com.google.gson.ExposeAnnotationExclusionStrategyTest
2026-09-04T07:39:34.2671612Z [INFO] Tests run: 6, Failures: 0, Errors: 0, Skipped: 0, Time elapsed: 0.001 s -- in com.google.gson.ExposeAnnotationExclusionStrategyTest
2026-09-04T07:39:34.2673018Z [INFO] Running com.google.gson.ObjectTypeAdapterTest
2026-09-04T07:39:34.3567268Z [INFO] Tests run: 7, Failures: 0, Errors: 0, Skipped: 0, Time elapsed: 0.075 s -- in com.google.gson.ObjectTypeAdapterTest
2026-09-04T07:39:34.3568186Z [INFO] Running com.google.gson.JsonObjectAsMapSuiteTest
2026-09-04T07:39:34.9792692Z [INFO] Tests run: 906, Failures: 0, Errors: 0, Skipped: 0, Time elapsed: 0.566 s -- in com.google.gson.JsonObjectAsMapSuiteTest
2026-09-04T07:39:34.9835281Z [INFO] Running com.google.gson.stream.JsonWriterTest
2026-09-04T07:39:35.0148855Z [INFO] Tests run: 55, Failures: 0, Errors: 0, Skipped: 0, Time elapsed: 0.030 s -- in com.google.gson.stream.JsonWriterTest
2026-09-04T07:39:35.0165414Z [INFO] Running com.google.gson.stream.JsonReaderPathTest
2026-09-04T07:39:35.0415895Z [WARNING] Tests run: 30, Failures: 0, Errors: 0, Skipped: 1, Time elapsed: 0.021 s -- in com.google.gson.stream.JsonReaderPathTest
2026-09-04T07:39:35.0445490Z [INFO] Running com.google.gson.stream.JsonReaderTest
2026-09-04T07:39:35.2149001Z [WARNING] Tests run: 162, Failures: 0, Errors: 0, Skipped: 3, Time elapsed: 0.161 s -- in com.google.gson.stream.JsonReaderTest
2026-09-04T07:39:35.2165529Z [INFO] Running com.google.gson.reflect.TypeTokenTest
2026-09-04T07:39:35.2638046Z [INFO] Tests run: 11, Failures: 0, Errors: 0, Skipped: 0, Time elapsed: 0.045 s -- in com.google.gson.reflect.TypeTokenTest
2026-09-04T07:39:35.2695381Z [INFO] Running com.google.gson.internal.GsonBuildConfigTest
2026-09-04T07:39:35.2705719Z [INFO] Tests run: 1, Failures: 0, Errors: 0, Skipped: 0, Time elapsed: 0 s -- in com.google.gson.internal.GsonBuildConfigTest
2026-09-04T07:39:35.2715669Z [INFO] Running com.google.gson.internal.LazilyParsedNumberTest
2026-09-04T07:39:35.3096193Z [INFO] Tests run: 4, Failures: 0, Errors: 0, Skipped: 0, Time elapsed: 0.035 s -- in com.google.gson.internal.LazilyParsedNumberTest
2026-09-04T07:39:35.3097597Z [INFO] Running com.google.gson.internal.sql.SqlTypesGsonTest
2026-09-04T07:39:35.3688381Z [INFO] Tests run: 9, Failures: 0, Errors: 0, Skipped: 0, Time elapsed: 0.058 s -- in com.google.gson.internal.sql.SqlTypesGsonTest
2026-09-04T07:39:35.3715692Z [INFO] Running com.google.gson.internal.sql.SqlTypesSupportTest
2026-09-04T07:39:35.3786700Z [INFO] Tests run: 1, Failures: 0, Errors: 0, Skipped: 0, Time elapsed: 0 s -- in com.google.gson.internal.sql.SqlTypesSupportTest
2026-09-04T07:39:35.3841778Z [INFO] Running com.google.gson.internal.StreamsTest
2026-09-04T07:39:35.3847500Z [INFO] Tests run: 1, Failures: 0, Errors: 0, Skipped: 0, Time elapsed: 0 s -- in com.google.gson.internal.StreamsTest
2026-09-04T07:39:35.3875507Z [INFO] Running com.google.gson.internal.reflect.Java17ReflectionHelperTest
2026-09-04T07:39:35.3894951Z [INFO] Tests run: 2, Failures: 0, Errors: 0, Skipped: 0, Time elapsed: 0 s -- in com.google.gson.internal.reflect.Java17ReflectionHelperTest
2026-09-04T07:39:35.3903079Z [INFO] Running com.google.gson.internal.LinkedTreeMapTest
2026-09-04T07:39:35.4056694Z [INFO] Tests run: 18, Failures: 0, Errors: 0, Skipped: 0, Time elapsed: 0.015 s -- in com.google.gson.internal.LinkedTreeMapTest
2026-09-04T07:39:35.4059431Z [INFO] Running com.google.gson.internal.bind.JsonTreeWriterTest
2026-09-04T07:39:35.4266079Z [INFO] Tests run: 26, Failures: 0, Errors: 0, Skipped: 0, Time elapsed: 0.017 s -- in com.google.gson.internal.bind.JsonTreeWriterTest
2026-09-04T07:39:35.4267539Z [INFO] Running com.google.gson.internal.bind.DefaultDateTypeAdapterTest
2026-09-04T07:39:35.8488792Z [INFO] Tests run: 11, Failures: 0, Errors: 0, Skipped: 0, Time elapsed: 0.423 s -- in com.google.gson.internal.bind.DefaultDateTypeAdapterTest
2026-09-04T07:39:35.8492517Z [INFO] Running com.google.gson.internal.bind.RecursiveTypesResolveTest
2026-09-04T07:39:35.8588547Z [INFO] Tests run: 7, Failures: 0, Errors: 0, Skipped: 0, Time elapsed: 0.006 s -- in com.google.gson.internal.bind.RecursiveTypesResolveTest
2026-09-04T07:39:35.8597809Z [INFO] Running com.google.gson.internal.bind.JsonElementReaderTest
2026-09-04T07:39:35.8674308Z [INFO] Tests run: 18, Failures: 0, Errors: 0, Skipped: 0, Time elapsed: 0.005 s -- in com.google.gson.internal.bind.JsonElementReaderTest
2026-09-04T07:39:35.8689581Z [INFO] Running com.google.gson.internal.bind.Java17ReflectiveTypeAdapterFactoryTest
2026-09-04T07:39:35.8865502Z [INFO] Tests run: 2, Failures: 0, Errors: 0, Skipped: 0, Time elapsed: 0.010 s -- in com.google.gson.internal.bind.Java17ReflectiveTypeAdapterFactoryTest
2026-09-04T07:39:35.8870515Z [INFO] Running com.google.gson.internal.bind.util.ISO8601UtilsTest
2026-09-04T07:39:35.8925881Z [INFO] Tests run: 9, Failures: 0, Errors: 0, Skipped: 0, Time elapsed: 0.001 s -- in com.google.gson.internal.bind.util.ISO8601UtilsTest
2026-09-04T07:39:35.8927367Z [INFO] Running com.google.gson.internal.bind.JsonTreeReaderTest
2026-09-04T07:39:35.8955887Z [INFO] Tests run: 17, Failures: 0, Errors: 0, Skipped: 0, Time elapsed: 0.001 s -- in com.google.gson.internal.bind.JsonTreeReaderTest
2026-09-04T07:39:35.8985444Z [INFO] Running com.google.gson.internal.UnsafeAllocatorInstantiationTest
2026-09-04T07:39:35.8987088Z [INFO] Tests run: 3, Failures: 0, Errors: 0, Skipped: 0, Time elapsed: 0.004 s -- in com.google.gson.internal.UnsafeAllocatorInstantiationTest
2026-09-04T07:39:35.9015456Z [INFO] Running com.google.gson.internal.GsonTypesTest
2026-09-04T07:39:35.9061666Z [INFO] Tests run: 6, Failures: 0, Errors: 0, Skipped: 0, Time elapsed: 0.005 s -- in com.google.gson.internal.GsonTypesTest
2026-09-04T07:39:35.9075545Z [INFO] Running com.google.gson.internal.JavaVersionTest
2026-09-04T07:39:35.9105780Z [INFO] Tests run: 7, Failures: 0, Errors: 0, Skipped: 0, Time elapsed: 0 s -- in com.google.gson.internal.JavaVersionTest
2026-09-04T07:39:35.9135476Z [INFO] Running com.google.gson.internal.LinkedTreeMapSuiteTest
2026-09-04T07:39:36.3534469Z [INFO] Tests run: 1860, Failures: 0, Errors: 0, Skipped: 0, Time elapsed: 0.386 s -- in com.google.gson.internal.LinkedTreeMapSuiteTest
2026-09-04T07:39:36.3615876Z [INFO] Running com.google.gson.internal.ConstructorConstructorTest
2026-09-04T07:39:36.3625937Z [INFO] Tests run: 7, Failures: 0, Errors: 0, Skipped: 0, Time elapsed: 0 s -- in com.google.gson.internal.ConstructorConstructorTest
2026-09-04T07:39:36.3645664Z [INFO] Running com.google.gson.JsonNullTest
2026-09-04T07:39:36.3677411Z [INFO] Tests run: 3, Failures: 0, Errors: 0, Skipped: 0, Time elapsed: 0.001 s -- in com.google.gson.JsonNullTest
2026-09-04T07:39:36.3706695Z [INFO] Running com.google.gson.VersionExclusionStrategyTest
2026-09-04T07:39:36.3737577Z [INFO] Tests run: 3, Failures: 0, Errors: 0, Skipped: 0, Time elapsed: 0 s -- in com.google.gson.VersionExclusionStrategyTest
2026-09-04T07:39:36.3759392Z [INFO] Running com.google.gson.OverrideCoreTypeAdaptersTest
2026-09-04T07:39:36.3766571Z [INFO] Tests run: 3, Failures: 0, Errors: 0, Skipped: 0, Time elapsed: 0 s -- in com.google.gson.OverrideCoreTypeAdaptersTest
2026-09-04T07:39:36.3795355Z [INFO] Running com.google.gson.GsonTest
2026-09-04T07:39:36.3821111Z [INFO] Tests run: 14, Failures: 0, Errors: 0, Skipped: 0, Time elapsed: 0 s -- in com.google.gson.GsonTest
2026-09-04T07:39:36.3845359Z [INFO] Running com.google.gson.SubsetTest
2026-09-04T07:39:36.3875604Z [INFO] Tests run: 2, Failures: 0, Errors: 0, Skipped: 0, Time elapsed: 0 s -- in com.google.gson.SubsetTest
2026-09-04T07:39:36.3888602Z [INFO] Running com.google.gson.CommentsTest
2026-09-04T07:39:36.3905692Z [INFO] Tests run: 1, Failures: 0, Errors: 0, Skipped: 0, Time elapsed: 0.001 s -- in com.google.gson.CommentsTest
2026-09-04T07:39:36.3930756Z [INFO] Running com.google.gson.JsonArrayTest
2026-09-04T07:39:36.3955750Z [INFO] Tests run: 18, Failures: 0, Errors: 0, Skipped: 0, Time elapsed: 0 s -- in com.google.gson.JsonArrayTest
2026-09-04T07:39:36.3975812Z [INFO] Running com.google.gson.GsonTypeAdapterTest
2026-09-04T07:39:36.3977185Z [INFO] Tests run: 5, Failures: 0, Errors: 0, Skipped: 0, Time elapsed: 0 s -- in com.google.gson.GsonTypeAdapterTest
2026-09-04T07:39:36.3978952Z [INFO] Running com.google.gson.ParameterizedTypeTest
2026-09-04T07:39:36.3980069Z [INFO] Tests run: 2, Failures: 0, Errors: 0, Skipped: 0, Time elapsed: 0 s -- in com.google.gson.ParameterizedTypeTest
2026-09-04T07:39:36.3981175Z [INFO] Running com.google.gson.GenericArrayTypeTest
2026-09-04T07:39:36.3982273Z [INFO] Tests run: 2, Failures: 0, Errors: 0, Skipped: 0, Time elapsed: 0 s -- in com.google.gson.GenericArrayTypeTest
2026-09-04T07:39:36.3983342Z [INFO] Running com.google.gson.GsonBuilderTest
2026-09-04T07:39:36.4106528Z [WARNING] Tests run: 22, Failures: 0, Errors: 0, Skipped: 1, Time elapsed: 0.014 s -- in com.google.gson.GsonBuilderTest
2026-09-04T07:39:36.4107899Z [INFO] Running com.google.gson.TypeAdapterTest
2026-09-04T07:39:36.4129369Z [INFO] Tests run: 6, Failures: 0, Errors: 0, Skipped: 0, Time elapsed: 0.001 s -- in com.google.gson.TypeAdapterTest
2026-09-04T07:39:36.4130544Z [INFO] Running com.google.gson.JsonStreamParserTest
2026-09-04T07:39:36.4179246Z [INFO] Tests run: 7, Failures: 0, Errors: 0, Skipped: 0, Time elapsed: 0.003 s -- in com.google.gson.JsonStreamParserTest
2026-09-04T07:39:36.4185973Z [INFO] Running com.google.gson.JsonPrimitiveTest
2026-09-04T07:39:36.4272169Z [INFO] Tests run: 31, Failures: 0, Errors: 0, Skipped: 0, Time elapsed: 0.007 s -- in com.google.gson.JsonPrimitiveTest
2026-09-04T07:39:36.4275900Z [INFO] Running com.google.gson.LongSerializationPolicyTest
2026-09-04T07:39:36.4293676Z [INFO] Tests run: 6, Failures: 0, Errors: 0, Skipped: 0, Time elapsed: 0 s -- in com.google.gson.LongSerializationPolicyTest
2026-09-04T07:39:36.4295206Z [INFO] Running com.google.gson.JsonArrayAsListSuiteTest
2026-09-04T07:39:36.8713645Z [INFO] Tests run: 404, Failures: 0, Errors: 0, Skipped: 0, Time elapsed: 0.425 s -- in com.google.gson.JsonArrayAsListSuiteTest
2026-09-04T07:39:36.8715399Z [INFO] Running com.google.gson.DefaultMapJsonSerializerTest
2026-09-04T07:39:36.8805827Z [INFO] Tests run: 3, Failures: 0, Errors: 0, Skipped: 0, Time elapsed: 0 s -- in com.google.gson.DefaultMapJsonSerializerTest
2026-09-04T07:39:36.8870229Z [INFO] Running com.google.gson.FieldNamingPolicyTest
2026-09-04T07:39:36.8925523Z [INFO] Tests run: 4, Failures: 0, Errors: 0, Skipped: 0, Time elapsed: 0 s -- in com.google.gson.FieldNamingPolicyTest
2026-09-04T07:39:36.8955642Z [INFO] Running com.google.gson.metrics.PerformanceTest
2026-09-04T07:39:36.8978941Z [WARNING] Tests run: 12, Failures: 0, Errors: 0, Skipped: 11, Time elapsed: 0 s -- in com.google.gson.metrics.PerformanceTest
2026-09-04T07:39:36.9035255Z [INFO] Running com.google.gson.JsonParserParameterizedTest
2026-09-04T07:39:36.9065609Z [INFO] Tests run: 8, Failures: 0, Errors: 0, Skipped: 0, Time elapsed: 0 s -- in com.google.gson.JsonParserParameterizedTest
2026-09-04T07:39:36.9066776Z [INFO] Running com.google.gson.DefaultInetAddressTypeAdapterTest
2026-09-04T07:39:36.9067873Z [INFO] Tests run: 4, Failures: 0, Errors: 0, Skipped: 0, Time elapsed: 0 s -- in com.google.gson.DefaultInetAddressTypeAdapterTest
2026-09-04T07:39:36.9068860Z [INFO] Running com.google.gson.ToNumberPolicyTest
2026-09-04T07:39:36.9069743Z [INFO] Tests run: 5, Failures: 0, Errors: 0, Skipped: 0, Time elapsed: 0 s -- in com.google.gson.ToNumberPolicyTest
2026-09-04T07:39:36.9070689Z [INFO] Running com.google.gson.functional.NumberLimitsTest
2026-09-04T07:39:37.0476390Z [INFO] Tests run: 6, Failures: 0, Errors: 0, Skipped: 0, Time elapsed: 0.150 s -- in com.google.gson.functional.NumberLimitsTest
2026-09-04T07:39:37.0477573Z [INFO] Running com.google.gson.functional.PrimitiveTest
2026-09-04T07:39:37.0890572Z [INFO] Tests run: 106, Failures: 0, Errors: 0, Skipped: 0, Time elapsed: 0.032 s -- in com.google.gson.functional.PrimitiveTest
2026-09-04T07:39:37.0893483Z [INFO] Running com.google.gson.functional.CustomTypeAdaptersTest
2026-09-04T07:39:37.1000777Z [WARNING] Tests run: 21, Failures: 0, Errors: 0, Skipped: 2, Time elapsed: 0.009 s -- in com.google.gson.functional.CustomTypeAdaptersTest
2026-09-04T07:39:37.1028319Z [INFO] Running com.google.gson.functional.ParameterizedTypesTest
2026-09-04T07:39:37.1248754Z [INFO] Tests run: 18, Failures: 0, Errors: 0, Skipped: 0, Time elapsed: 0.020 s -- in com.google.gson.functional.ParameterizedTypesTest
2026-09-04T07:39:37.1255445Z [INFO] Running com.google.gson.functional.ReusedTypeVariablesFullyResolveTest
2026-09-04T07:39:37.1279317Z [INFO] Tests run: 1, Failures: 0, Errors: 0, Skipped: 0, Time elapsed: 0.001 s -- in com.google.gson.functional.ReusedTypeVariablesFullyResolveTest
2026-09-04T07:39:37.1280896Z [INFO] Running com.google.gson.functional.JsonAdapterAnnotationOnClassesTest
2026-09-04T07:39:37.1452033Z [INFO] Tests run: 20, Failures: 0, Errors: 0, Skipped: 0, Time elapsed: 0.017 s -- in com.google.gson.functional.JsonAdapterAnnotationOnClassesTest
2026-09-04T07:39:37.1454193Z [INFO] Running com.google.gson.functional.FormattingStyleTest
2026-09-04T07:39:37.1635970Z [INFO] Tests run: 9, Failures: 0, Errors: 0, Skipped: 0, Time elapsed: 0.014 s -- in com.google.gson.functional.FormattingStyleTest
2026-09-04T07:39:37.1681127Z [INFO] Running com.google.gson.functional.LeniencyTest
2026-09-04T07:39:37.1684357Z [INFO] Tests run: 1, Failures: 0, Errors: 0, Skipped: 0, Time elapsed: 0 s -- in com.google.gson.functional.LeniencyTest
2026-09-04T07:39:37.1685893Z [INFO] Running com.google.gson.functional.ArrayTest
2026-09-04T07:39:37.1687096Z [INFO] Tests run: 28, Failures: 0, Errors: 0, Skipped: 0, Time elapsed: 0.001 s -- in com.google.gson.functional.ArrayTest
2026-09-04T07:39:37.1688321Z [INFO] Running com.google.gson.functional.ConcurrencyTest
2026-09-04T07:39:37.1883506Z [INFO] Tests run: 4, Failures: 0, Errors: 0, Skipped: 0, Time elapsed: 0.018 s -- in com.google.gson.functional.ConcurrencyTest
2026-09-04T07:39:37.1945851Z [INFO] Running com.google.gson.functional.FieldExclusionTest
2026-09-04T07:39:37.1977645Z [INFO] Tests run: 3, Failures: 0, Errors: 0, Skipped: 0, Time elapsed: 0.003 s -- in com.google.gson.functional.FieldExclusionTest
2026-09-04T07:39:37.1986003Z [INFO] Running com.google.gson.functional.TypeAdapterPrecedenceTest
2026-09-04T07:39:37.2032118Z [INFO] Tests run: 8, Failures: 0, Errors: 0, Skipped: 0, Time elapsed: 0 s -- in com.google.gson.functional.TypeAdapterPrecedenceTest
2026-09-04T07:39:37.2033608Z [INFO] Running com.google.gson.functional.GsonVersionDiagnosticsTest
2026-09-04T07:39:37.2035501Z [INFO] Tests run: 3, Failures: 0, Errors: 0, Skipped: 0, Time elapsed: 0 s -- in com.google.gson.functional.GsonVersionDiagnosticsTest
2026-09-04T07:39:37.2036847Z [INFO] Running com.google.gson.functional.InstanceCreatorTest
2026-09-04T07:39:37.2038322Z [INFO] Tests run: 5, Failures: 0, Errors: 0, Skipped: 0, Time elapsed: 0 s -- in com.google.gson.functional.InstanceCreatorTest
2026-09-04T07:39:37.2039604Z [INFO] Running com.google.gson.functional.CustomDeserializerTest
2026-09-04T07:39:37.2105917Z [INFO] Tests run: 7, Failures: 0, Errors: 0, Skipped: 0, Time elapsed: 0.006 s -- in com.google.gson.functional.CustomDeserializerTest
2026-09-04T07:39:37.2138530Z [INFO] Running com.google.gson.functional.CustomSerializerTest
2026-09-04T07:39:37.2179910Z [INFO] Tests run: 5, Failures: 0, Errors: 0, Skipped: 0, Time elapsed: 0.003 s -- in com.google.gson.functional.CustomSerializerTest
2026-09-04T07:39:37.2215606Z [INFO] Running com.google.gson.functional.RuntimeTypeAdapterFactoryFunctionalTest
2026-09-04T07:39:37.2296436Z [INFO] Tests run: 1, Failures: 0, Errors: 0, Skipped: 0, Time elapsed: 0.001 s -- in com.google.gson.functional.RuntimeTypeAdapterFactoryFunctionalTest
2026-09-04T07:39:37.2310355Z [INFO] Running com.google.gson.functional.Java17RecordTest
2026-09-04T07:39:37.2682305Z [INFO] Tests run: 25, Failures: 0, Errors: 0, Skipped: 0, Time elapsed: 0.037 s -- in com.google.gson.functional.Java17RecordTest
2026-09-04T07:39:37.2683874Z [INFO] Running com.google.gson.functional.TypeVariableTest
2026-09-04T07:39:37.2797092Z [INFO] Tests run: 3, Failures: 0, Errors: 0, Skipped: 0, Time elapsed: 0.006 s -- in com.google.gson.functional.TypeVariableTest
2026-09-04T07:39:37.2803280Z [INFO] Running com.google.gson.functional.CircularReferenceTest
2026-09-04T07:39:37.3043750Z [INFO] Tests run: 6, Failures: 0, Errors: 0, Skipped: 0, Time elapsed: 0.017 s -- in com.google.gson.functional.CircularReferenceTest
2026-09-04T07:39:37.3082439Z [INFO] Running com.google.gson.functional.ReflectionAccessTest
2026-09-04T07:39:37.3118262Z [WARNING] Tests run: 3, Failures: 0, Errors: 0, Skipped: 1, Time elapsed: 0 s -- in com.google.gson.functional.ReflectionAccessTest
2026-09-04T07:39:37.3136076Z [INFO] Running com.google.gson.functional.CollectionTest
2026-09-04T07:39:37.3255702Z [INFO] Tests run: 30, Failures: 0, Errors: 0, Skipped: 0, Time elapsed: 0.014 s -- in com.google.gson.functional.CollectionTest
2026-09-04T07:39:37.3265332Z [INFO] Running com.google.gson.functional.SerializedNameTest
2026-09-04T07:39:37.3298002Z [INFO] Tests run: 3, Failures: 0, Errors: 0, Skipped: 0, Time elapsed: 0 s -- in com.google.gson.functional.SerializedNameTest
2026-09-04T07:39:37.3302026Z [INFO] Running com.google.gson.functional.InheritanceTest
2026-09-04T07:39:37.3303291Z [INFO] Tests run: 13, Failures: 0, Errors: 0, Skipped: 0, Time elapsed: 0 s -- in com.google.gson.functional.InheritanceTest
2026-09-04T07:39:37.3315077Z [INFO] Running com.google.gson.functional.DefaultTypeAdaptersTest
2026-09-04T07:39:37.3766081Z [INFO] Tests run: 80, Failures: 0, Errors: 0, Skipped: 0, Time elapsed: 0.041 s -- in com.google.gson.functional.DefaultTypeAdaptersTest
2026-09-04T07:39:37.3775795Z [INFO] Running com.google.gson.functional.EscapingTest
2026-09-04T07:39:37.3777095Z [INFO] Tests run: 5, Failures: 0, Errors: 0, Skipped: 0, Time elapsed: 0 s -- in com.google.gson.functional.EscapingTest
2026-09-04T07:39:37.3779050Z [INFO] Running com.google.gson.functional.JavaUtilTest
2026-09-04T07:39:37.3808228Z [INFO] Tests run: 2, Failures: 0, Errors: 0, Skipped: 0, Time elapsed: 0.003 s -- in com.google.gson.functional.JavaUtilTest
2026-09-04T07:39:37.3809467Z [INFO] Running com.google.gson.functional.ReadersWritersTest
2026-09-04T07:39:37.3861276Z [INFO] Tests run: 11, Failures: 0, Errors: 0, Skipped: 0, Time elapsed: 0.005 s -- in com.google.gson.functional.ReadersWritersTest
2026-09-04T07:39:37.3862702Z [INFO] Running com.google.gson.functional.JsonTreeTest
2026-09-04T07:39:37.3911486Z [INFO] Tests run: 4, Failures: 0, Errors: 0, Skipped: 0, Time elapsed: 0.004 s -- in com.google.gson.functional.JsonTreeTest
2026-09-04T07:39:37.3913258Z [INFO] Running com.google.gson.functional.MapTest
2026-09-04T07:39:37.4279304Z [INFO] Tests run: 54, Failures: 0, Errors: 0, Skipped: 0, Time elapsed: 0.033 s -- in com.google.gson.functional.MapTest
2026-09-04T07:39:37.4296188Z [INFO] Running com.google.gson.functional.InterfaceTest
2026-09-04T07:39:37.4352238Z [INFO] Tests run: 2, Failures: 0, Errors: 0, Skipped: 0, Time elapsed: 0.003 s -- in com.google.gson.functional.InterfaceTest
2026-09-04T07:39:37.4368573Z [INFO] Running com.google.gson.functional.ExposeFieldsTest
2026-09-04T07:39:37.4377991Z [INFO] Tests run: 8, Failures: 0, Errors: 0, Skipped: 0, Time elapsed: 0.002 s -- in com.google.gson.functional.ExposeFieldsTest
2026-09-04T07:39:37.4379234Z [INFO] Running com.google.gson.functional.StringTest
2026-09-04T07:39:37.4388303Z [INFO] Tests run: 18, Failures: 0, Errors: 0, Skipped: 0, Time elapsed: 0.001 s -- in com.google.gson.functional.StringTest
2026-09-04T07:39:37.4389887Z [INFO] Running com.google.gson.functional.ReflectionAccessFilterTest
2026-09-04T07:39:37.4608319Z [INFO] Tests run: 15, Failures: 0, Errors: 0, Skipped: 0, Time elapsed: 0.020 s -- in com.google.gson.functional.ReflectionAccessFilterTest
2026-09-04T07:39:37.4628596Z [INFO] Running com.google.gson.functional.InternationalizationTest
2026-09-04T07:39:37.4635720Z [INFO] Tests run: 6, Failures: 0, Errors: 0, Skipped: 0, Time elapsed: 0.001 s -- in com.google.gson.functional.InternationalizationTest
2026-09-04T07:39:37.4637153Z [INFO] Running com.google.gson.functional.PrettyPrintingTest
2026-09-04T07:39:37.4685950Z [INFO] Tests run: 8, Failures: 0, Errors: 0, Skipped: 0, Time elapsed: 0.004 s -- in com.google.gson.functional.PrettyPrintingTest
2026-09-04T07:39:37.4687999Z [INFO] Running com.google.gson.functional.MapAsArrayTypeAdapterTest
2026-09-04T07:39:37.4807130Z [WARNING] Tests run: 11, Failures: 0, Errors: 0, Skipped: 1, Time elapsed: 0.007 s -- in com.google.gson.functional.MapAsArrayTypeAdapterTest
2026-09-04T07:39:37.4829075Z [INFO] Running com.google.gson.functional.PrintFormattingTest
2026-09-04T07:39:37.4831630Z [INFO] Tests run: 3, Failures: 0, Errors: 0, Skipped: 0, Time elapsed: 0 s -- in com.google.gson.functional.PrintFormattingTest
2026-09-04T07:39:37.4837724Z [INFO] Running com.google.gson.functional.NullObjectAndFieldTest
2026-09-04T07:39:37.4894066Z [INFO] Tests run: 16, Failures: 0, Errors: 0, Skipped: 0, Time elapsed: 0.006 s -- in com.google.gson.functional.NullObjectAndFieldTest
2026-09-04T07:39:37.4905830Z [INFO] Running com.google.gson.functional.FieldNamingTest
2026-09-04T07:39:37.4963483Z [INFO] Tests run: 6, Failures: 0, Errors: 0, Skipped: 0, Time elapsed: 0.005 s -- in com.google.gson.functional.FieldNamingTest
2026-09-04T07:39:37.4965943Z [INFO] Running com.google.gson.functional.EnumTest
2026-09-04T07:39:37.5114121Z [INFO] Tests run: 16, Failures: 0, Errors: 0, Skipped: 0, Time elapsed: 0.011 s -- in com.google.gson.functional.EnumTest
2026-09-04T07:39:37.5188429Z [INFO] Running com.google.gson.functional.MoreSpecificTypeSerializationTest
2026-09-04T07:39:37.5246094Z [INFO] Tests run: 6, Failures: 0, Errors: 0, Skipped: 0, Time elapsed: 0.008 s -- in com.google.gson.functional.MoreSpecificTypeSerializationTest
2026-09-04T07:39:37.5255920Z [INFO] Running com.google.gson.functional.ToNumberPolicyFunctionalTest
2026-09-04T07:39:37.5296159Z [INFO] Tests run: 7, Failures: 0, Errors: 0, Skipped: 0, Time elapsed: 0.006 s -- in com.google.gson.functional.ToNumberPolicyFunctionalTest
2026-09-04T07:39:37.5297790Z [INFO] Running com.google.gson.functional.UncategorizedTest
2026-09-04T07:39:37.5345093Z [INFO] Tests run: 6, Failures: 0, Errors: 0, Skipped: 0, Time elapsed: 0.004 s -- in com.google.gson.functional.UncategorizedTest
2026-09-04T07:39:37.5347131Z [INFO] Running com.google.gson.functional.RawSerializationTest
2026-09-04T07:39:37.5407543Z [INFO] Tests run: 5, Failures: 0, Errors: 0, Skipped: 0, Time elapsed: 0.003 s -- in com.google.gson.functional.RawSerializationTest
2026-09-04T07:39:37.5426198Z [INFO] Running com.google.gson.functional.StreamingTypeAdaptersTest
2026-09-04T07:39:37.5508161Z [INFO] Tests run: 17, Failures: 0, Errors: 0, Skipped: 0, Time elapsed: 0.007 s -- in com.google.gson.functional.StreamingTypeAdaptersTest
2026-09-04T07:39:37.5511622Z [INFO] Running com.google.gson.functional.NamingPolicyTest
2026-09-04T07:39:37.5615953Z [INFO] Tests run: 22, Failures: 0, Errors: 0, Skipped: 0, Time elapsed: 0.008 s -- in com.google.gson.functional.NamingPolicyTest
2026-09-04T07:39:37.5734938Z [INFO] Running com.google.gson.functional.PrimitiveCharacterTest
2026-09-04T07:39:37.5736593Z [INFO] Tests run: 3, Failures: 0, Errors: 0, Skipped: 0, Time elapsed: 0 s -- in com.google.gson.functional.PrimitiveCharacterTest
2026-09-04T07:39:37.5740732Z [INFO] Running com.google.gson.functional.SecurityTest
2026-09-04T07:39:37.5741953Z [INFO] Tests run: 5, Failures: 0, Errors: 0, Skipped: 0, Time elapsed: 0 s -- in com.google.gson.functional.SecurityTest
2026-09-04T07:39:37.5743634Z [INFO] Running com.google.gson.functional.JavaUtilConcurrentAtomicTest
2026-09-04T07:39:37.5745755Z [INFO] Tests run: 8, Failures: 0, Errors: 0, Skipped: 0, Time elapsed: 0.003 s -- in com.google.gson.functional.JavaUtilConcurrentAtomicTest
2026-09-04T07:39:37.5747156Z [INFO] Running com.google.gson.functional.TreeTypeAdaptersTest
2026-09-04T07:39:37.5748419Z [INFO] Tests run: 2, Failures: 0, Errors: 0, Skipped: 0, Time elapsed: 0 s -- in com.google.gson.functional.TreeTypeAdaptersTest
2026-09-04T07:39:37.5750397Z [INFO] Running com.google.gson.functional.VersioningTest
2026-09-04T07:39:37.5787696Z [INFO] Tests run: 10, Failures: 0, Errors: 0, Skipped: 0, Time elapsed: 0.004 s -- in com.google.gson.functional.VersioningTest
2026-09-04T07:39:37.5790653Z [INFO] Running com.google.gson.functional.JsonParserTest
2026-09-04T07:39:37.5826096Z [INFO] Tests run: 8, Failures: 0, Errors: 0, Skipped: 0, Time elapsed: 0.002 s -- in com.google.gson.functional.JsonParserTest
2026-09-04T07:39:37.5827790Z [INFO] Running com.google.gson.functional.JsonAdapterSerializerDeserializerTest
2026-09-04T07:39:37.5925225Z [INFO] Tests run: 4, Failures: 0, Errors: 0, Skipped: 0, Time elapsed: 0.008 s -- in com.google.gson.functional.JsonAdapterSerializerDeserializerTest
2026-09-04T07:39:37.5927614Z [INFO] Running com.google.gson.functional.JsonAdapterAnnotationOnFieldsTest
2026-09-04T07:39:37.6217818Z [INFO] Tests run: 19, Failures: 0, Errors: 0, Skipped: 0, Time elapsed: 0.025 s -- in com.google.gson.functional.JsonAdapterAnnotationOnFieldsTest
2026-09-04T07:39:37.6230426Z [INFO] Running com.google.gson.functional.ExclusionStrategyFunctionalTest
2026-09-04T07:39:37.6273383Z [INFO] Tests run: 9, Failures: 0, Errors: 0, Skipped: 0, Time elapsed: 0 s -- in com.google.gson.functional.ExclusionStrategyFunctionalTest
2026-09-04T07:39:37.6332071Z [INFO] Running com.google.gson.functional.DelegateTypeAdapterTest
2026-09-04T07:39:37.6341851Z [INFO] Tests run: 2, Failures: 0, Errors: 0, Skipped: 0, Time elapsed: 0 s -- in com.google.gson.functional.DelegateTypeAdapterTest
2026-09-04T07:39:37.6371290Z [INFO] Running com.google.gson.functional.TypeHierarchyAdapterTest
2026-09-04T07:39:37.6386132Z [INFO] Tests run: 3, Failures: 0, Errors: 0, Skipped: 0, Time elapsed: 0.001 s -- in com.google.gson.functional.TypeHierarchyAdapterTest
2026-09-04T07:39:37.6415554Z [INFO] Running com.google.gson.functional.ObjectTest
2026-09-04T07:39:37.6528481Z [INFO] Tests run: 50, Failures: 0, Errors: 0, Skipped: 0, Time elapsed: 0.008 s -- in com.google.gson.functional.ObjectTest
2026-09-04T07:39:37.6587509Z [INFO] Running com.google.gson.functional.TypeAdapterRuntimeTypeWrapperTest
2026-09-04T07:39:37.6604371Z [INFO] Tests run: 7, Failures: 0, Errors: 0, Skipped: 0, Time elapsed: 0.002 s -- in com.google.gson.functional.TypeAdapterRuntimeTypeWrapperTest
2026-09-04T07:39:37.6645289Z [INFO] Running com.google.gson.JavaSerializationTest
2026-09-04T07:39:37.6696085Z [INFO] Tests run: 3, Failures: 0, Errors: 0, Skipped: 0, Time elapsed: 0 s -- in com.google.gson.JavaSerializationTest
2026-09-04T07:39:37.6705321Z [INFO] Running com.google.gson.JsonObjectTest
2026-09-04T07:39:37.6765542Z [INFO] Tests run: 18, Failures: 0, Errors: 0, Skipped: 0, Time elapsed: 0 s -- in com.google.gson.JsonObjectTest
2026-09-04T07:39:37.6772648Z [INFO] Running com.google.gson.JsonObjectAsMapTest
2026-09-04T07:39:37.6805572Z [INFO] Tests run: 13, Failures: 0, Errors: 0, Skipped: 0, Time elapsed: 0 s -- in com.google.gson.JsonObjectAsMapTest
2026-09-04T07:39:37.6852439Z [INFO] Running com.google.gson.MixedStreamTest
2026-09-04T07:39:37.6853991Z [INFO] Tests run: 13, Failures: 0, Errors: 0, Skipped: 0, Time elapsed: 0 s -- in com.google.gson.MixedStreamTest
2026-09-04T07:39:37.6878065Z [INFO] Running com.google.gson.JsonParserTest
2026-09-04T07:39:37.6941796Z [INFO] Tests run: 14, Failures: 0, Errors: 0, Skipped: 0, Time elapsed: 0.022 s -- in com.google.gson.JsonParserTest
2026-09-04T07:39:37.7312384Z [INFO] 
2026-09-04T07:39:37.7325510Z [INFO] Results:
2026-09-04T07:39:37.7325891Z [INFO] 
2026-09-04T07:39:37.7326391Z [INFO] Tests run: 4632, Failures: 0, Errors: 0, Skipped: 20
2026-09-04T07:39:37.7326933Z [INFO] 
2026-09-04T07:39:37.7340515Z [INFO] 
2026-09-04T07:39:37.7340905Z [INFO] --- jar:3.5.1:jar (default-jar) @ gson ---
2026-09-04T07:39:38.9838341Z [INFO] Building jar: /home/runner/work/gson/gson/gson/target/gson-2.14.1-SNAPSHOT.jar
2026-09-04T07:39:39.0665868Z [INFO] 
2026-09-04T07:39:39.0698120Z [INFO] --- moditect:1.3.0.Final:add-module-info (add-module-info) @ gson ---
2026-09-04T07:39:40.0948183Z [INFO] 
2026-09-04T07:39:40.1687928Z [INFO] --- failsafe:3.5.6:integration-test (default) @ gson ---
2026-09-04T07:39:40.1688852Z [INFO] Using auto detected provider org.apache.maven.surefire.junit4.JUnit4Provider
2026-09-04T07:39:40.1815619Z [INFO] 
2026-09-04T07:39:40.1816101Z [INFO] -------------------------------------------------------
2026-09-04T07:39:40.1816630Z [INFO]  T E S T S
2026-09-04T07:39:40.1817062Z [INFO] -------------------------------------------------------
2026-09-04T07:39:40.3936109Z [INFO] Running com.google.gson.integration.OSGiManifestIT
2026-09-04T07:39:40.4819489Z [INFO] Tests run: 4, Failures: 0, Errors: 0, Skipped: 0, Time elapsed: 0.085 s -- in com.google.gson.integration.OSGiManifestIT
2026-09-04T07:39:40.4973505Z [INFO] 
2026-09-04T07:39:40.4973868Z [INFO] Results:
2026-09-04T07:39:40.4974200Z [INFO] 
2026-09-04T07:39:40.4976760Z [INFO] Tests run: 4, Failures: 0, Errors: 0, Skipped: 0
2026-09-04T07:39:40.4977257Z [INFO] 
2026-09-04T07:39:40.5014324Z [INFO] 
2026-09-04T07:39:40.5014926Z [INFO] --- spotless:3.8.0:check (default) @ gson ---
2026-09-04T07:39:40.5225550Z [INFO] Index file does not exist. Fallback to an empty index
2026-09-04T07:39:40.5275828Z [INFO] Spotless.Format is keeping 2 files clean - 0 needs changes to be clean, 2 were already clean, 0 were skipped because caching determined they were already clean
2026-09-04T07:39:44.8607465Z [INFO] Spotless.Java is keeping 209 files clean - 0 needs changes to be clean, 209 were already clean, 0 were skipped because caching determined they were already clean
2026-09-04T07:39:44.8653264Z [INFO] 
2026-09-04T07:39:44.8653775Z [INFO] --- artifact:3.6.1:buildinfo (default) @ gson ---
2026-09-04T07:39:44.8654516Z [INFO] Auto-skipping goal because module skips install and/or deploy
2026-09-04T07:39:44.8655358Z [INFO] 
2026-09-04T07:39:44.8655761Z [INFO] --- failsafe:3.5.6:verify (default) @ gson ---
2026-09-04T07:39:45.0674080Z [INFO] 
2026-09-04T07:39:45.0675182Z [INFO] --- javadoc:3.12.0:jar (default-cli) @ gson ---
2026-09-04T07:39:49.0496232Z [INFO] Building jar: /home/runner/work/gson/gson/gson/target/gson-2.14.1-SNAPSHOT-javadoc.jar
2026-09-04T07:39:49.1036029Z [INFO] 
2026-09-04T07:39:49.1036481Z [INFO] -------------------< com.google.code.gson:test-jpms >-------------------
2026-09-04T07:39:49.1037042Z [INFO] Building Test: Java Platform Module System (JPMS) 2.14.1-SNAPSHOT  [3/7]
2026-09-04T07:39:49.1037610Z [INFO]   from test-jpms/pom.xml
2026-09-04T07:39:49.1038252Z [INFO] --------------------------------[ jar ]---------------------------------
2026-09-04T07:39:49.3016938Z [INFO] 
2026-09-04T07:39:49.3017515Z [INFO] --- enforcer:3.6.3:enforce (enforce-versions) @ test-jpms ---
2026-09-04T07:39:49.3626399Z [INFO] Rule 0: org.apache.maven.enforcer.rules.version.RequireMavenVersion passed
2026-09-04T07:39:49.3676813Z [WARNING] Rule 1: org.apache.maven.enforcer.rules.version.RequireJavaVersion failed with message:
2026-09-04T07:39:49.3678203Z Detected JDK /usr/lib/jvm/temurin-25-jdk-amd64 is version 25.0.4-1 which is not in the allowed range [17,22).
2026-09-04T07:39:49.3679125Z [INFO] 
2026-09-04T07:39:49.3679755Z [INFO] --- resources:3.4.0:resources (default-resources) @ test-jpms ---
2026-09-04T07:39:49.3926190Z [INFO] skip non existing resourceDirectory /home/runner/work/gson/gson/test-jpms/src/main/resources
2026-09-04T07:39:49.3945348Z [INFO] 
2026-09-04T07:39:49.3965700Z [INFO] --- compiler:3.15.0:compile (default-compile) @ test-jpms ---
2026-09-04T07:39:49.4564342Z [INFO] Recompiling the module because of changed dependency.
2026-09-04T07:39:49.4609312Z [INFO] Compiling 1 source file with javac [debug deprecation release 11] to target/classes
2026-09-04T07:39:49.9379054Z [INFO] JDK-8318913 workaround: patched module-info.class requires version from [11] to [11] on 1 JDK modules [java.base]
2026-09-04T07:39:49.9397773Z [INFO] 
2026-09-04T07:39:49.9398610Z [INFO] --- resources:3.4.0:testResources (default-testResources) @ test-jpms ---
2026-09-04T07:39:49.9421799Z [INFO] skip non existing resourceDirectory /home/runner/work/gson/gson/test-jpms/src/test/resources
2026-09-04T07:39:49.9422948Z [INFO] 
2026-09-04T07:39:49.9423742Z [INFO] --- compiler:3.15.0:testCompile (default-testCompile) @ test-jpms ---
2026-09-04T07:39:49.9691760Z [INFO] Recompiling the module because of changed dependency.
2026-09-04T07:39:49.9693500Z [INFO] Compiling 5 source files with javac [debug deprecation release 11 module-path] to target/test-classes
2026-09-04T07:39:51.0067371Z [INFO] JDK-8318913 workaround: patched module-info.class requires version from [11] to [11] on 1 JDK modules [java.base]
2026-09-04T07:39:51.0105426Z [INFO] 
2026-09-04T07:39:51.0128498Z [INFO] --- surefire:3.5.6:test (default-test) @ test-jpms ---
2026-09-04T07:39:51.0686636Z [INFO] Using auto detected provider org.apache.maven.surefire.junit4.JUnit4Provider
2026-09-04T07:39:51.0910080Z [INFO] 
2026-09-04T07:39:51.0910851Z [INFO] -------------------------------------------------------
2026-09-04T07:39:51.0911693Z [INFO]  T E S T S
2026-09-04T07:39:51.0912303Z [INFO] -------------------------------------------------------
2026-09-04T07:39:51.4246943Z [INFO] Running com.google.gson.jpms_test.ReflectionInaccessibleTest
2026-09-04T07:39:51.5150315Z [INFO] Tests run: 2, Failures: 0, Errors: 0, Skipped: 0, Time elapsed: 0.083 s -- in com.google.gson.jpms_test.ReflectionInaccessibleTest
2026-09-04T07:39:51.5151237Z [INFO] Running com.google.gson.jpms_test.ExportedPackagesTest
2026-09-04T07:39:51.5236108Z [INFO] Tests run: 6, Failures: 0, Errors: 0, Skipped: 0, Time elapsed: 0.003 s -- in com.google.gson.jpms_test.ExportedPackagesTest
2026-09-04T07:39:51.5265475Z [INFO] Running com.google.gson.jpms_test.opened.ReflectionTest
2026-09-04T07:39:51.5315404Z [INFO] Tests run: 2, Failures: 0, Errors: 0, Skipped: 0, Time elapsed: 0.008 s -- in com.google.gson.jpms_test.opened.ReflectionTest
2026-09-04T07:39:51.5316781Z [INFO] Running com.google.gson.jpms_test.ModuleTest
2026-09-04T07:39:51.5462243Z [INFO] Tests run: 2, Failures: 0, Errors: 0, Skipped: 0, Time elapsed: 0.013 s -- in com.google.gson.jpms_test.ModuleTest
2026-09-04T07:39:51.5549384Z [INFO] 
2026-09-04T07:39:51.5549666Z [INFO] Results:
2026-09-04T07:39:51.5549907Z [INFO] 
2026-09-04T07:39:51.5552498Z [INFO] Tests run: 12, Failures: 0, Errors: 0, Skipped: 0
2026-09-04T07:39:51.5552909Z [INFO] 
2026-09-04T07:39:51.5577393Z [INFO] 
2026-09-04T07:39:51.5577961Z [INFO] --- jar:3.5.1:jar (default-jar) @ test-jpms ---
2026-09-04T07:39:51.8334087Z [INFO] Building jar: /home/runner/work/gson/gson/test-jpms/target/test-jpms-2.14.1-SNAPSHOT.jar
2026-09-04T07:39:52.0103849Z [INFO] 
2026-09-04T07:39:52.0104388Z [INFO] --- spotless:3.8.0:check (default) @ test-jpms ---
2026-09-04T07:39:52.1878558Z [INFO] Index file does not exist. Fallback to an empty index
2026-09-04T07:39:52.1912365Z [INFO] Spotless.Format is keeping 2 files clean - 0 needs changes to be clean, 2 were already clean, 0 were skipped because caching determined they were already clean
2026-09-04T07:39:52.4836946Z [INFO] Spotless.Java is keeping 6 files clean - 0 needs changes to be clean, 6 were already clean, 0 were skipped because caching determined they were already clean
2026-09-04T07:39:52.4838745Z [INFO] 
2026-09-04T07:39:52.4839454Z [INFO] --- artifact:3.6.1:buildinfo (default) @ test-jpms ---
2026-09-04T07:39:52.5736548Z [INFO] Auto-skipping goal because module skips install and/or deploy
2026-09-04T07:39:52.5737941Z [INFO] 
2026-09-04T07:39:52.5738778Z [INFO] --- javadoc:3.12.0:jar (default-cli) @ test-jpms ---
2026-09-04T07:39:52.6863580Z [INFO] Skipping javadoc generation
2026-09-04T07:39:52.6864461Z [INFO] 
2026-09-04T07:39:52.6865685Z [INFO] ------------< com.google.code.gson:test-graal-native-image >------------
2026-09-04T07:39:52.6866783Z [INFO] Building Test: GraalVM Native Image 2.14.1-SNAPSHOT                [4/7]
2026-09-04T07:39:52.6868886Z [INFO]   from test-graal-native-image/pom.xml
2026-09-04T07:39:52.6871093Z [INFO] --------------------------------[ jar ]---------------------------------
2026-09-04T07:39:53.4340575Z [INFO] 
2026-09-04T07:39:53.4341216Z [INFO] --- enforcer:3.6.3:enforce (enforce-versions) @ test-graal-native-image ---
2026-09-04T07:39:53.4352781Z [INFO] 
2026-09-04T07:39:53.4353352Z [INFO] --- resources:3.4.0:resources (default-resources) @ test-graal-native-image ---
2026-09-04T07:39:53.4362667Z [INFO] skip non existing resourceDirectory /home/runner/work/gson/gson/test-graal-native-image/src/main/resources
2026-09-04T07:39:53.4363371Z [INFO] 
2026-09-04T07:39:53.4363938Z [INFO] --- compiler:3.15.0:compile (default-compile) @ test-graal-native-image ---
2026-09-04T07:39:53.4385099Z [INFO] No sources to compile
2026-09-04T07:39:53.4385722Z [INFO] 
2026-09-04T07:39:53.4386420Z [INFO] --- resources:3.4.0:testResources (default-testResources) @ test-graal-native-image ---
2026-09-04T07:39:53.4412203Z [INFO] Copying 1 resource from src/test/resources to target/test-classes
2026-09-04T07:39:53.4437085Z [INFO] 
2026-09-04T07:39:53.4437854Z [INFO] --- compiler:3.15.0:testCompile (default-testCompile) @ test-graal-native-image ---
2026-09-04T07:39:53.4509979Z [INFO] Recompiling the module because of changed dependency.
2026-09-04T07:39:53.4516173Z [INFO] Compiling 2 source files with javac [debug deprecation release 17] to target/test-classes
2026-09-04T07:39:54.3846189Z [INFO] 
2026-09-04T07:39:54.3847030Z [INFO] --- surefire:3.5.6:test (default-test) @ test-graal-native-image ---
2026-09-04T07:39:54.3877478Z [INFO] Using auto detected provider org.apache.maven.surefire.junitplatform.JUnitPlatformProvider
2026-09-04T07:39:54.7403997Z [INFO] 
2026-09-04T07:39:54.7404569Z [INFO] -------------------------------------------------------
2026-09-04T07:39:54.7405258Z [INFO]  T E S T S
2026-09-04T07:39:54.7405680Z [INFO] -------------------------------------------------------
2026-09-04T07:39:55.4196890Z [INFO] Running com.google.gson.native_test.ReflectionTest
2026-09-04T07:39:55.5586089Z [INFO] Tests run: 10, Failures: 0, Errors: 0, Skipped: 0, Time elapsed: 0.139 s -- in com.google.gson.native_test.ReflectionTest
2026-09-04T07:39:55.5587720Z [INFO] Running com.google.gson.native_test.Java17RecordReflectionTest
2026-09-04T07:39:55.5848155Z [INFO] Tests run: 10, Failures: 0, Errors: 0, Skipped: 0, Time elapsed: 0.023 s -- in com.google.gson.native_test.Java17RecordReflectionTest
2026-09-04T07:39:55.5943961Z [INFO] 
2026-09-04T07:39:55.5944343Z [INFO] Results:
2026-09-04T07:39:55.5945085Z [INFO] 
2026-09-04T07:39:55.5945996Z [INFO] Tests run: 20, Failures: 0, Errors: 0, Skipped: 0
2026-09-04T07:39:55.5948388Z [INFO] 
2026-09-04T07:39:55.5951971Z [INFO] 
2026-09-04T07:39:55.5953568Z [INFO] --- jar:3.5.1:jar (default-jar) @ test-graal-native-image ---
2026-09-04T07:39:55.5970805Z [INFO] Skipping packaging of the jar
2026-09-04T07:39:55.5971524Z [INFO] 
2026-09-04T07:39:55.5972028Z [INFO] --- spotless:3.8.0:check (default) @ test-graal-native-image ---
2026-09-04T07:39:55.6048841Z [INFO] Index file does not exist. Fallback to an empty index
2026-09-04T07:39:55.6060569Z [INFO] Spotless.Format is keeping 2 files clean - 0 needs changes to be clean, 2 were already clean, 0 were skipped because caching determined they were already clean
2026-09-04T07:39:55.6948939Z [INFO] Spotless.Java is keeping 2 files clean - 0 needs changes to be clean, 2 were already clean, 0 were skipped because caching determined they were already clean
2026-09-04T07:39:55.6953769Z [INFO] 
2026-09-04T07:39:55.6955345Z [INFO] --- artifact:3.6.1:buildinfo (default) @ test-graal-native-image ---
2026-09-04T07:39:55.6974546Z [INFO] Auto-skipping goal because module skips install and/or deploy
2026-09-04T07:39:55.6981507Z [INFO] 
2026-09-04T07:39:55.6983718Z [INFO] --- javadoc:3.12.0:jar (default-cli) @ test-graal-native-image ---
2026-09-04T07:39:55.6984843Z [INFO] Skipping javadoc generation
2026-09-04T07:39:55.6985446Z [INFO] 
2026-09-04T07:39:55.6986158Z [INFO] ------------------< com.google.code.gson:gson-extras >------------------
2026-09-04T07:39:55.6987149Z [INFO] Building Gson Extras 2.14.1-SNAPSHOT                               [5/7]
2026-09-04T07:39:55.6987996Z [INFO]   from extras/pom.xml
2026-09-04T07:39:55.6990121Z [INFO] --------------------------------[ jar ]---------------------------------
2026-09-04T07:39:55.7921041Z [INFO] 
2026-09-04T07:39:55.7921666Z [INFO] --- enforcer:3.6.3:enforce (enforce-versions) @ gson-extras ---
2026-09-04T07:39:55.7932441Z [INFO] 
2026-09-04T07:39:55.7932926Z [INFO] --- resources:3.4.0:resources (default-resources) @ gson-extras ---
2026-09-04T07:39:55.7940765Z [INFO] skip non existing resourceDirectory /home/runner/work/gson/gson/extras/src/main/resources
2026-09-04T07:39:55.7941413Z [INFO] 
2026-09-04T07:39:55.7941907Z [INFO] --- compiler:3.15.0:compile (default-compile) @ gson-extras ---
2026-09-04T07:39:55.8000732Z [INFO] Recompiling the module because of changed dependency.
2026-09-04T07:39:55.8007136Z [INFO] Compiling 7 source files with javac [debug deprecation release 8] to target/classes
2026-09-04T07:39:56.8816245Z [INFO] 
2026-09-04T07:39:56.8816992Z [INFO] --- resources:3.4.0:testResources (default-testResources) @ gson-extras ---
2026-09-04T07:39:56.8835734Z [INFO] skip non existing resourceDirectory /home/runner/work/gson/gson/extras/src/test/resources
2026-09-04T07:39:56.8836553Z [INFO] 
2026-09-04T07:39:56.8837112Z [INFO] --- compiler:3.15.0:testCompile (default-testCompile) @ gson-extras ---
2026-09-04T07:39:56.8900829Z [INFO] Recompiling the module because of changed dependency.
2026-09-04T07:39:56.8907183Z [INFO] Compiling 4 source files with javac [debug deprecation release 11] to target/test-classes
2026-09-04T07:39:58.0375243Z [INFO] 
2026-09-04T07:39:58.0394323Z [INFO] --- surefire:3.5.6:test (default-test) @ gson-extras ---
2026-09-04T07:39:58.0421163Z [INFO] Using auto detected provider org.apache.maven.surefire.junit4.JUnit4Provider
2026-09-04T07:39:58.0440516Z [INFO] 
2026-09-04T07:39:58.0442757Z [INFO] -------------------------------------------------------
2026-09-04T07:39:58.0445193Z [INFO]  T E S T S
2026-09-04T07:39:58.0448435Z [INFO] -------------------------------------------------------
2026-09-04T07:39:58.2521920Z [INFO] Running com.google.gson.typeadapters.PostConstructAdapterFactoryTest
2026-09-04T07:39:58.3742994Z [INFO] Tests run: 2, Failures: 0, Errors: 0, Skipped: 0, Time elapsed: 0.120 s -- in com.google.gson.typeadapters.PostConstructAdapterFactoryTest
2026-09-04T07:39:58.3756149Z [INFO] Running com.google.gson.typeadapters.RuntimeTypeAdapterFactoryTest
2026-09-04T07:39:58.4014968Z [INFO] Tests run: 14, Failures: 0, Errors: 0, Skipped: 0, Time elapsed: 0.026 s -- in com.google.gson.typeadapters.RuntimeTypeAdapterFactoryTest
2026-09-04T07:39:58.4016848Z [INFO] Running com.google.gson.typeadapters.UtcDateTypeAdapterTest
2026-09-04T07:39:58.5136206Z WARNING: Use of the three-letter time zone ID "CST" is deprecated and it will be removed in a future release
2026-09-04T07:39:58.5155725Z WARNING: Use of the three-letter time zone ID "IST" is deprecated and it will be removed in a future release
2026-09-04T07:39:58.5176168Z WARNING: Use of the three-letter time zone ID "AET" is deprecated and it will be removed in a future release
2026-09-04T07:39:58.5193781Z WARNING: Use of the three-letter time zone ID "BST" is deprecated and it will be removed in a future release
2026-09-04T07:39:58.5195428Z WARNING: Use of the three-letter time zone ID "ACT" is deprecated and it will be removed in a future release
2026-09-04T07:39:58.5196777Z WARNING: Use of the three-letter time zone ID "HST" is deprecated and it will be removed in a future release
2026-09-04T07:39:58.5198129Z WARNING: Use of the three-letter time zone ID "NST" is deprecated and it will be removed in a future release
2026-09-04T07:39:58.5199433Z WARNING: Use of the three-letter time zone ID "AST" is deprecated and it will be removed in a future release
2026-09-04T07:39:58.5200657Z WARNING: Use of the three-letter time zone ID "MST" is deprecated and it will be removed in a future release
2026-09-04T07:39:58.5201954Z WARNING: Use of the three-letter time zone ID "SST" is deprecated and it will be removed in a future release
2026-09-04T07:39:58.5210977Z WARNING: Use of the three-letter time zone ID "CTT" is deprecated and it will be removed in a future release
2026-09-04T07:39:58.5212249Z WARNING: Use of the three-letter time zone ID "PRT" is deprecated and it will be removed in a future release
2026-09-04T07:39:58.5217708Z WARNING: Use of the three-letter time zone ID "ECT" is deprecated and it will be removed in a future release
2026-09-04T07:39:58.5219076Z WARNING: Use of the three-letter time zone ID "EAT" is deprecated and it will be removed in a future release
2026-09-04T07:39:58.5220387Z WARNING: Use of the three-letter time zone ID "EST" is deprecated and it will be removed in a future release
2026-09-04T07:39:58.5228131Z WARNING: Use of the three-letter time zone ID "PNT" is deprecated and it will be removed in a future release
2026-09-04T07:39:58.5245087Z WARNING: Use of the three-letter time zone ID "PLT" is deprecated and it will be removed in a future release
2026-09-04T07:39:58.5251537Z WARNING: Use of the three-letter time zone ID "CNT" is deprecated and it will be removed in a future release
2026-09-04T07:39:58.5252908Z WARNING: Use of the three-letter time zone ID "IET" is deprecated and it will be removed in a future release
2026-09-04T07:39:58.5254230Z WARNING: Use of the three-letter time zone ID "VST" is deprecated and it will be removed in a future release
2026-09-04T07:39:58.5255975Z WARNING: Use of the three-letter time zone ID "JST" is deprecated and it will be removed in a future release
2026-09-04T07:39:58.5257911Z WARNING: Use of the three-letter time zone ID "ART" is deprecated and it will be removed in a future release
2026-09-04T07:39:58.5259628Z WARNING: Use of the three-letter time zone ID "PST" is deprecated and it will be removed in a future release
2026-09-04T07:39:58.5261296Z WARNING: Use of the three-letter time zone ID "BET" is deprecated and it will be removed in a future release
2026-09-04T07:39:58.5263013Z WARNING: Use of the three-letter time zone ID "MIT" is deprecated and it will be removed in a future release
2026-09-04T07:39:58.5268389Z WARNING: Use of the three-letter time zone ID "CAT" is deprecated and it will be removed in a future release
2026-09-04T07:39:58.5286068Z WARNING: Use of the three-letter time zone ID "AGT" is deprecated and it will be removed in a future release
2026-09-04T07:39:58.5288966Z WARNING: Use of the three-letter time zone ID "NET" is deprecated and it will be removed in a future release
2026-09-04T07:39:58.5306288Z [INFO] Tests run: 6, Failures: 0, Errors: 0, Skipped: 0, Time elapsed: 0.120 s -- in com.google.gson.typeadapters.UtcDateTypeAdapterTest
2026-09-04T07:39:58.5325752Z [INFO] Running com.google.gson.interceptors.InterceptorTest
2026-09-04T07:39:58.5538781Z [INFO] Tests run: 8, Failures: 0, Errors: 0, Skipped: 0, Time elapsed: 0.026 s -- in com.google.gson.interceptors.InterceptorTest
2026-09-04T07:39:58.5720149Z [INFO] 
2026-09-04T07:39:58.5720777Z [INFO] Results:
2026-09-04T07:39:58.5721409Z [INFO] 
2026-09-04T07:39:58.5722051Z [INFO] Tests run: 30, Failures: 0, Errors: 0, Skipped: 0
2026-09-04T07:39:58.5722731Z [INFO] 
2026-09-04T07:39:58.5756541Z [INFO] 
2026-09-04T07:39:58.5786933Z [INFO] --- jar:3.5.1:jar (default-jar) @ gson-extras ---
2026-09-04T07:39:58.5814975Z [INFO] Building jar: /home/runner/work/gson/gson/extras/target/gson-extras-2.14.1-SNAPSHOT.jar
2026-09-04T07:39:58.5893018Z [INFO] 
2026-09-04T07:39:58.5893881Z [INFO] --- spotless:3.8.0:check (default) @ gson-extras ---
2026-09-04T07:39:58.5961299Z [INFO] Index file does not exist. Fallback to an empty index
2026-09-04T07:39:58.5967755Z [INFO] Spotless.Format is keeping 2 files clean - 0 needs changes to be clean, 2 were already clean, 0 were skipped because caching determined they were already clean
2026-09-04T07:39:58.8127649Z [INFO] Spotless.Java is keeping 11 files clean - 0 needs changes to be clean, 11 were already clean, 0 were skipped because caching determined they were already clean
2026-09-04T07:39:58.8165632Z [INFO] 
2026-09-04T07:39:58.8185138Z [INFO] --- artifact:3.6.1:buildinfo (default) @ gson-extras ---
2026-09-04T07:39:58.8186231Z [INFO] Auto-skipping goal because module skips install and/or deploy
2026-09-04T07:39:58.8205853Z [INFO] 
2026-09-04T07:39:58.8206414Z [INFO] --- javadoc:3.12.0:jar (default-cli) @ gson-extras ---
2026-09-04T07:40:00.8452155Z [INFO] Building jar: /home/runner/work/gson/gson/extras/target/gson-extras-2.14.1-SNAPSHOT-javadoc.jar
2026-09-04T07:40:00.9249835Z [INFO] 
2026-09-04T07:40:00.9250481Z [INFO] -----------------< com.google.code.gson:gson-metrics >------------------
2026-09-04T07:40:00.9251395Z [INFO] Building Gson Metrics 2.14.1-SNAPSHOT                              [6/7]
2026-09-04T07:40:00.9252076Z [INFO]   from metrics/pom.xml
2026-09-04T07:40:00.9252641Z [INFO] --------------------------------[ jar ]---------------------------------
2026-09-04T07:40:05.3620165Z [INFO] 
2026-09-04T07:40:05.3620981Z [INFO] --- enforcer:3.6.3:enforce (enforce-versions) @ gson-metrics ---
2026-09-04T07:40:05.3640148Z [INFO] 
2026-09-04T07:40:05.3641032Z [INFO] --- resources:3.4.0:resources (default-resources) @ gson-metrics ---
2026-09-04T07:40:05.3653080Z [INFO] Copying 1 resource from src/main/resources to target/classes
2026-09-04T07:40:05.3668281Z [INFO] 
2026-09-04T07:40:05.3669230Z [INFO] --- compiler:3.15.0:compile (default-compile) @ gson-metrics ---
2026-09-04T07:40:05.3731365Z [INFO] Recompiling the module because of changed dependency.
2026-09-04T07:40:05.3737550Z [INFO] Compiling 6 source files with javac [debug deprecation release 8] to target/classes
2026-09-04T07:40:06.4856593Z [INFO] 
2026-09-04T07:40:06.4859706Z [INFO] --- resources:3.4.0:testResources (default-testResources) @ gson-metrics ---
2026-09-04T07:40:06.4868978Z [INFO] skip non existing resourceDirectory /home/runner/work/gson/gson/metrics/src/test/resources
2026-09-04T07:40:06.4869906Z [INFO] 
2026-09-04T07:40:06.4870618Z [INFO] --- compiler:3.15.0:testCompile (default-testCompile) @ gson-metrics ---
2026-09-04T07:40:06.4889457Z [INFO] No sources to compile
2026-09-04T07:40:06.4890053Z [INFO] 
2026-09-04T07:40:06.4890906Z [INFO] --- surefire:3.5.6:test (default-test) @ gson-metrics ---
2026-09-04T07:40:06.4908400Z [INFO] No tests to run.
2026-09-04T07:40:06.4913355Z [INFO] 
2026-09-04T07:40:06.4914022Z [INFO] --- jar:3.5.1:jar (default-jar) @ gson-metrics ---
2026-09-04T07:40:06.4966322Z [INFO] Building jar: /home/runner/work/gson/gson/metrics/target/gson-metrics-2.14.1-SNAPSHOT.jar
2026-09-04T07:40:06.5035832Z [INFO] 
2026-09-04T07:40:06.5036685Z [INFO] --- spotless:3.8.0:check (default) @ gson-metrics ---
2026-09-04T07:40:06.5125794Z [INFO] Index file does not exist. Fallback to an empty index
2026-09-04T07:40:06.5129162Z [INFO] Spotless.Format is keeping 2 files clean - 0 needs changes to be clean, 2 were already clean, 0 were skipped because caching determined they were already clean
2026-09-04T07:40:06.5896869Z [INFO] Spotless.Java is keeping 6 files clean - 0 needs changes to be clean, 6 were already clean, 0 were skipped because caching determined they were already clean
2026-09-04T07:40:06.5898116Z [INFO] 
2026-09-04T07:40:06.5898657Z [INFO] --- artifact:3.6.1:buildinfo (default) @ gson-metrics ---
2026-09-04T07:40:06.5899456Z [INFO] Auto-skipping goal because module skips install and/or deploy
2026-09-04T07:40:06.5900092Z [INFO] 
2026-09-04T07:40:06.5900592Z [INFO] --- javadoc:3.12.0:jar (default-cli) @ gson-metrics ---
2026-09-04T07:40:06.5901193Z [INFO] Skipping javadoc generation
2026-09-04T07:40:06.5901647Z [INFO] 
2026-09-04T07:40:06.5902183Z [INFO] ---------------------< com.google.code.gson:proto >---------------------
2026-09-04T07:40:06.5903054Z [INFO] Building Gson Protobuf Support 2.14.1-SNAPSHOT                     [7/7]
2026-09-04T07:40:06.5903791Z [INFO]   from proto/pom.xml
2026-09-04T07:40:06.5904391Z [INFO] --------------------------------[ jar ]---------------------------------
2026-09-04T07:40:08.6803179Z [INFO] 
2026-09-04T07:40:08.6803754Z [INFO] --- enforcer:3.6.3:enforce (enforce-versions) @ proto ---
2026-09-04T07:40:08.6817335Z [INFO] 
2026-09-04T07:40:08.6817851Z [INFO] --- resources:3.4.0:resources (default-resources) @ proto ---
2026-09-04T07:40:08.6835692Z [INFO] skip non existing resourceDirectory /home/runner/work/gson/gson/proto/src/main/resources
2026-09-04T07:40:08.6836482Z [INFO] 
2026-09-04T07:40:08.6836975Z [INFO] --- compiler:3.15.0:compile (default-compile) @ proto ---
2026-09-04T07:40:08.6882988Z [INFO] Recompiling the module because of changed dependency.
2026-09-04T07:40:08.6887374Z [INFO] Compiling 3 source files with javac [debug deprecation release 8] to target/classes
2026-09-04T07:40:09.8005775Z [INFO] 
2026-09-04T07:40:09.8024119Z [INFO] --- protobuf:5.1.7:generate-test (default) @ proto ---
2026-09-04T07:40:10.2160884Z [INFO] Registering "/home/runner/work/gson/gson/proto/target/generated-test-sources/protobuf" as a Maven test source root for compiler plugins
2026-09-04T07:40:10.2273740Z [INFO] All sources will be compiled, as no previous build data was detected
2026-09-04T07:40:10.2286353Z [INFO] Generating source code from 4 proto source files and 0 descriptor files (discovered a total of 4 proto source files and 0 descriptor files)
2026-09-04T07:40:10.2351497Z [INFO] Invoking protoc. Enable debug logs (--debug --errors) for more details
2026-09-04T07:40:10.3048023Z [INFO] protoc (pid 3023) returned exit code 0 (success) after 68ms
2026-09-04T07:40:10.3062962Z [INFO] PROTOC SUCCEEDED: Protoc invocation succeeded.
2026-09-04T07:40:10.3063932Z [INFO] 
2026-09-04T07:40:10.3064770Z [INFO] --- resources:3.4.0:testResources (default-testResources) @ proto ---
2026-09-04T07:40:10.3068410Z [INFO] skip non existing resourceDirectory /home/runner/work/gson/gson/proto/src/test/resources
2026-09-04T07:40:10.3069041Z [INFO] 
2026-09-04T07:40:10.3069452Z [INFO] --- compiler:3.15.0:testCompile (default-testCompile) @ proto ---
2026-09-04T07:40:10.3155769Z [INFO] Recompiling the module because of changed dependency.
2026-09-04T07:40:10.3160129Z [INFO] Compiling 39 source files with javac [debug deprecation release 11] to target/test-classes
2026-09-04T07:40:13.1256151Z [INFO] 
2026-09-04T07:40:13.1258195Z [INFO] --- surefire:3.5.6:test (default-test) @ proto ---
2026-09-04T07:40:13.1314182Z [INFO] Using auto detected provider org.apache.maven.surefire.junit4.JUnit4Provider
2026-09-04T07:40:13.1347988Z [INFO] 
2026-09-04T07:40:13.1350790Z [INFO] -------------------------------------------------------
2026-09-04T07:40:13.1352031Z [INFO]  T E S T S
2026-09-04T07:40:13.1354223Z [INFO] -------------------------------------------------------
2026-09-04T07:40:13.4036664Z [INFO] Running com.google.gson.protobuf.functional.ProtosWithComplexAndRepeatedFieldsTest
2026-09-04T07:40:13.5469171Z WARNING: A terminally deprecated method in sun.misc.Unsafe has been called
2026-09-04T07:40:13.5470545Z WARNING: sun.misc.Unsafe::arrayBaseOffset has been called by com.google.protobuf.UnsafeUtil (file:/home/runner/.m2/repository/com/google/protobuf/protobuf-java/4.35.1/protobuf-java-4.35.1.jar)
2026-09-04T07:40:13.5472242Z WARNING: Please consider reporting this to the maintainers of class com.google.protobuf.UnsafeUtil
2026-09-04T07:40:13.5473030Z WARNING: sun.misc.Unsafe::arrayBaseOffset will be removed in a future release
2026-09-04T07:40:13.6316684Z [INFO] Tests run: 4, Failures: 0, Errors: 0, Skipped: 0, Time elapsed: 0.224 s -- in com.google.gson.protobuf.functional.ProtosWithComplexAndRepeatedFieldsTest
2026-09-04T07:40:13.6318166Z [INFO] Running com.google.gson.protobuf.functional.ProtosWithAnnotationsTest
2026-09-04T07:40:13.6575545Z [INFO] Tests run: 6, Failures: 0, Errors: 0, Skipped: 0, Time elapsed: 0.024 s -- in com.google.gson.protobuf.functional.ProtosWithAnnotationsTest
2026-09-04T07:40:13.6577031Z [INFO] Running com.google.gson.protobuf.functional.LegacyProtoTypeAdapterFactoryTest
2026-09-04T07:40:14.1957166Z [INFO] Tests run: 128, Failures: 0, Errors: 0, Skipped: 0, Time elapsed: 0.525 s -- in com.google.gson.protobuf.functional.LegacyProtoTypeAdapterFactoryTest
2026-09-04T07:40:14.1982724Z [INFO] Running com.google.gson.protobuf.functional.ProtosWithPrimitiveTypesTest
2026-09-04T07:40:14.1996362Z [INFO] Tests run: 5, Failures: 0, Errors: 0, Skipped: 0, Time elapsed: 0 s -- in com.google.gson.protobuf.functional.ProtosWithPrimitiveTypesTest
2026-09-04T07:40:14.2035369Z [INFO] Running com.google.gson.protobuf.functional.ProtosWithAnnotationsAndJsonNamesTest
2026-09-04T07:40:14.2138851Z [INFO] Tests run: 6, Failures: 0, Errors: 0, Skipped: 0, Time elapsed: 0.014 s -- in com.google.gson.protobuf.functional.ProtosWithAnnotationsAndJsonNamesTest
2026-09-04T07:40:14.2165732Z [INFO] Running com.google.gson.protobuf.functional.StructTypeAdapterTest
2026-09-04T07:40:14.2460145Z [INFO] Tests run: 8, Failures: 0, Errors: 0, Skipped: 0, Time elapsed: 0.028 s -- in com.google.gson.protobuf.functional.StructTypeAdapterTest
2026-09-04T07:40:14.2633458Z [INFO] 
2026-09-04T07:40:14.2634127Z [INFO] Results:
2026-09-04T07:40:14.2634935Z [INFO] 
2026-09-04T07:40:14.2635436Z [INFO] Tests run: 157, Failures: 0, Errors: 0, Skipped: 0
2026-09-04T07:40:14.2637523Z [INFO] 
2026-09-04T07:40:14.2643971Z [INFO] 
2026-09-04T07:40:14.2644985Z [INFO] --- jar:3.5.1:jar (default-jar) @ proto ---
2026-09-04T07:40:14.2687281Z [INFO] Building jar: /home/runner/work/gson/gson/proto/target/gson-proto.jar
2026-09-04T07:40:14.2757288Z [INFO] 
2026-09-04T07:40:14.2776178Z [INFO] --- spotless:3.8.0:check (default) @ proto ---
2026-09-04T07:40:14.2834146Z [INFO] Index file does not exist. Fallback to an empty index
2026-09-04T07:40:14.2842128Z [INFO] Spotless.Format is keeping 2 files clean - 0 needs changes to be clean, 2 were already clean, 0 were skipped because caching determined they were already clean
2026-09-04T07:40:14.6157309Z [INFO] Spotless.Java is keeping 10 files clean - 0 needs changes to be clean, 10 were already clean, 0 were skipped because caching determined they were already clean
2026-09-04T07:40:14.6167116Z [INFO] 
2026-09-04T07:40:14.6183001Z [INFO] --- artifact:3.6.1:buildinfo (default) @ proto ---
2026-09-04T07:40:14.6184075Z [INFO] Auto-skipping goal because module skips install and/or deploy
2026-09-04T07:40:14.6188471Z [INFO] 
2026-09-04T07:40:14.6206101Z [INFO] --- javadoc:3.12.0:jar (default-cli) @ proto ---
2026-09-04T07:40:16.5171036Z [INFO] Building jar: /home/runner/work/gson/gson/proto/target/gson-proto-javadoc.jar
2026-09-04T07:40:16.5534011Z [INFO] ------------------------------------------------------------------------
2026-09-04T07:40:16.5536011Z [INFO] Reactor Summary for Gson Parent 2.14.1-SNAPSHOT:
2026-09-04T07:40:16.5536740Z [INFO] 
2026-09-04T07:40:16.5537268Z [INFO] Gson Parent ........................................ SUCCESS [ 20.519 s]
2026-09-04T07:40:16.5540030Z [INFO] Gson ............................................... SUCCESS [ 50.302 s]
2026-09-04T07:40:16.5541840Z [INFO] Test: Java Platform Module System (JPMS) ........... SUCCESS [  3.583 s]
2026-09-04T07:40:16.5542947Z [INFO] Test: GraalVM Native Image ......................... SUCCESS [  3.011 s]
2026-09-04T07:40:16.5543693Z [INFO] Gson Extras ........................................ SUCCESS [  5.227 s]
2026-09-04T07:40:16.5544393Z [INFO] Gson Metrics ....................................... SUCCESS [  5.665 s]
2026-09-04T07:40:16.5545319Z [INFO] Gson Protobuf Support .............................. SUCCESS [  9.963 s]
2026-09-04T07:40:16.5546008Z [INFO] ------------------------------------------------------------------------
2026-09-04T07:40:16.5546578Z [INFO] BUILD SUCCESS
2026-09-04T07:40:16.5546968Z [INFO] ------------------------------------------------------------------------
2026-09-04T07:40:16.5547513Z [INFO] Total time:  01:42 min
2026-09-04T07:40:16.5548330Z [INFO] Finished at: 2026-09-04T07:40:16Z
2026-09-04T07:40:16.5549044Z [INFO] ------------------------------------------------------------------------
2026-09-04T07:40:16.6186562Z ##[group]Run touch optcd-5.txt
2026-09-04T07:40:16.6186927Z [36;1mtouch optcd-5.txt[0m
2026-09-04T07:40:16.6229331Z shell: /usr/bin/bash -e {0}
2026-09-04T07:40:16.6229593Z env:
2026-09-04T07:40:16.6229901Z   MAVEN_ARGS: --show-version --batch-mode --no-transfer-progress
2026-09-04T07:40:16.6230351Z   pythonLocation: /opt/hostedtoolcache/Python/3.10.21/x64
2026-09-04T07:40:16.6230782Z   PKG_CONFIG_PATH: /opt/hostedtoolcache/Python/3.10.21/x64/lib/pkgconfig
2026-09-04T07:40:16.6231207Z   Python_ROOT_DIR: /opt/hostedtoolcache/Python/3.10.21/x64
2026-09-04T07:40:16.6231587Z   Python2_ROOT_DIR: /opt/hostedtoolcache/Python/3.10.21/x64
2026-09-04T07:40:16.6231994Z   Python3_ROOT_DIR: /opt/hostedtoolcache/Python/3.10.21/x64
2026-09-04T07:40:16.6232378Z   LD_LIBRARY_PATH: /opt/hostedtoolcache/Python/3.10.21/x64/lib
2026-09-04T07:40:16.6232807Z   JAVA_HOME: /opt/hostedtoolcache/Java_Temurin-Hotspot_jdk/25.0.4-1/x64
2026-09-04T07:40:16.6233312Z   JAVA_HOME_25_X64: /opt/hostedtoolcache/Java_Temurin-Hotspot_jdk/25.0.4-1/x64
2026-09-04T07:40:16.6233696Z ##[endgroup]
2026-09-04T07:40:16.6356034Z Node 20 is being deprecated. This workflow is running with Node 24 by default. If you need to temporarily use Node 20, you can set the ACTIONS_ALLOW_USE_UNSECURE_NODE_VERSION=true environment variable. For more information see: https://github.blog/changelog/2025-09-19-deprecation-of-node-20-on-github-actions-runners/
2026-09-04T07:40:16.6357285Z ##[group]Run actions/upload-artifact@v4
2026-09-04T07:40:16.6357567Z with:
2026-09-04T07:40:16.6357788Z   name: inotifywait-build (25)
2026-09-04T07:40:16.6358095Z   path: /home/runner/inotifywait-log-build (25).csv
2026-09-04T07:40:16.6358415Z   if-no-files-found: warn
2026-09-04T07:40:16.6358655Z   compression-level: 6
2026-09-04T07:40:16.6358883Z   overwrite: false
2026-09-04T07:40:16.6359114Z   include-hidden-files: false
2026-09-04T07:40:16.6359351Z env:
2026-09-04T07:40:16.6359637Z   MAVEN_ARGS: --show-version --batch-mode --no-transfer-progress
2026-09-04T07:40:16.6360053Z   pythonLocation: /opt/hostedtoolcache/Python/3.10.21/x64
2026-09-04T07:40:16.6360511Z   PKG_CONFIG_PATH: /opt/hostedtoolcache/Python/3.10.21/x64/lib/pkgconfig
2026-09-04T07:40:16.6360939Z   Python_ROOT_DIR: /opt/hostedtoolcache/Python/3.10.21/x64
2026-09-04T07:40:16.6361317Z   Python2_ROOT_DIR: /opt/hostedtoolcache/Python/3.10.21/x64
2026-09-04T07:40:16.6361691Z   Python3_ROOT_DIR: /opt/hostedtoolcache/Python/3.10.21/x64
2026-09-04T07:40:16.6362063Z   LD_LIBRARY_PATH: /opt/hostedtoolcache/Python/3.10.21/x64/lib
2026-09-04T07:40:16.6362490Z   JAVA_HOME: /opt/hostedtoolcache/Java_Temurin-Hotspot_jdk/25.0.4-1/x64
2026-09-04T07:40:16.6362966Z   JAVA_HOME_25_X64: /opt/hostedtoolcache/Java_Temurin-Hotspot_jdk/25.0.4-1/x64
2026-09-04T07:40:16.6363340Z ##[endgroup]
2026-09-04T07:40:16.8011883Z (node:3135) [DEP0040] DeprecationWarning: The `punycode` module is deprecated. Please use a userland alternative instead.
2026-09-04T07:40:16.8012697Z (Use `node --trace-deprecation ...` to show where the warning was created)
2026-09-04T07:40:16.8055886Z With the provided path, there will be 1 file uploaded
2026-09-04T07:40:16.8061196Z Artifact name is valid!
2026-09-04T07:40:16.8061850Z Root directory input is valid!
2026-09-04T07:40:17.0969471Z Beginning upload of artifact content to blob storage
2026-09-04T07:40:17.1409963Z (node:3135) [DEP0169] DeprecationWarning: `url.parse()` behavior is not standardized and prone to errors that have security implications. Use the WHATWG URL API instead. CVEs are not issued for `url.parse()` vulnerabilities.
2026-09-04T07:40:17.3779507Z Uploaded bytes 109927
2026-09-04T07:40:17.4212811Z Finished uploading artifact content to blob storage!
2026-09-04T07:40:17.4213753Z SHA256 digest of uploaded artifact zip is 63b5cde73a7878800d86096e7bc0119958f05073b726297e203a76f61ccdad8f
2026-09-04T07:40:17.4215836Z Finalizing artifact upload
2026-09-04T07:40:17.6622551Z Artifact inotifywait-build (25).zip successfully finalized. Artifact ID 9927879734
2026-09-04T07:40:17.6623523Z Artifact inotifywait-build (25) has been successfully uploaded! Final size is 109927 bytes. Artifact ID is 9927879734
2026-09-04T07:40:17.6629439Z Artifact download URL: https://github.com/atanuroy911/gson/actions/runs/33849635845/artifacts/9927879734
2026-09-04T07:40:17.6825594Z Post job cleanup.
2026-09-04T07:40:17.8271832Z [command]/usr/bin/tar --posix -cf cache.tzst --exclude cache.tzst -P -C /home/runner/work/gson/gson --files-from manifest.txt --use-compress-program zstdmt
2026-09-04T07:40:18.3728733Z Failed to save: Unable to reserve cache with key setup-java-Linux-x64-maven-54d6cf3fdc484699667bbaed4dbae25f9a0a3aa7871d212484a098a067310682, another job may be creating this cache.
2026-09-04T07:40:18.3976345Z Post job cleanup.
2026-09-04T07:40:18.4798251Z [command]/usr/bin/git version
2026-09-04T07:40:18.4851218Z git version 2.55.0
2026-09-04T07:40:18.4886411Z Temporarily overriding HOME='/home/runner/work/_temp/d24e3024-7dee-430d-bd64-98d422c423e8' before making global git config changes
2026-09-04T07:40:18.4887720Z Adding repository directory to the temporary git global config as a safe directory
2026-09-04T07:40:18.4892331Z [command]/usr/bin/git config --global --add safe.directory /home/runner/work/gson/gson
2026-09-04T07:40:18.4927402Z Removing SSH command configuration
2026-09-04T07:40:18.4934432Z [command]/usr/bin/git config --local --name-only --get-regexp core\.sshCommand
2026-09-04T07:40:18.4981871Z [command]/usr/bin/git submodule foreach --recursive sh -c "git config --local --name-only --get-regexp 'core\.sshCommand' && git config --local --unset-all 'core.sshCommand' || :"
2026-09-04T07:40:18.5266862Z Removing HTTP extra header
2026-09-04T07:40:18.5273119Z [command]/usr/bin/git config --local --name-only --get-regexp http\.https\:\/\/github\.com\/\.extraheader
2026-09-04T07:40:18.5313401Z [command]/usr/bin/git submodule foreach --recursive sh -c "git config --local --name-only --get-regexp 'http\.https\:\/\/github\.com\/\.extraheader' && git config --local --unset-all 'http.https://github.com/.extraheader' || :"
2026-09-04T07:40:18.5590888Z Removing includeIf entries pointing to credentials config files
2026-09-04T07:40:18.5597769Z [command]/usr/bin/git config --local --name-only --get-regexp ^includeIf\.gitdir:
2026-09-04T07:40:18.5639724Z [command]/usr/bin/git submodule foreach --recursive git config --local --show-origin --name-only --get-regexp remote.origin.url
2026-09-04T07:40:18.6078660Z Node 20 is being deprecated. This workflow is running with Node 24 by default. If you need to temporarily use Node 20, you can set the ACTIONS_ALLOW_USE_UNSECURE_NODE_VERSION=true environment variable. For more information see: https://github.blog/changelog/2025-09-19-deprecation-of-node-20-on-github-actions-runners/
2026-09-04T07:40:18.6080730Z Post job cleanup.
2026-09-04T07:40:18.7339428Z (node:3262) [DEP0040] DeprecationWarning: The `punycode` module is deprecated. Please use a userland alternative instead.
2026-09-04T07:40:18.7340190Z (Use `node --trace-deprecation ...` to show where the warning was created)
2026-09-04T07:40:18.7514385Z Cleaning up orphan processes
2026-09-04T07:40:18.7878870Z Terminate orphan process: pid (2183) (python3)
2026-09-04T07:40:18.7894912Z ##[warning]Node.js 20 is deprecated. The following actions target Node.js 20 but are being forced to run on Node.js 24: actions/setup-python@v5, actions/upload-artifact@v4. For more information see: https://github.blog/changelog/2025-09-19-deprecation-of-node-20-on-github-actions-runners/
