2026-09-04T07:38:19.0784064Z Current runner version: '2.337.0'
2026-09-04T07:38:19.0808959Z ##[group]Runner Image Provisioner
2026-09-04T07:38:19.0809964Z Hosted Compute Agent
2026-09-04T07:38:19.0810589Z Version: 20260828.587
2026-09-04T07:38:19.0811286Z Commit: abac92662cab4cc7352de4f9f9d2e2419aad9c29
2026-09-04T07:38:19.0812174Z Build Date: 2026-08-28T16:44:25Z
2026-09-04T07:38:19.0812868Z Worker ID: {0358d515-b4c6-471b-8373-bc83fd34d52b}
2026-09-04T07:38:19.0813668Z Azure Region: westus
2026-09-04T07:38:19.0814263Z ##[endgroup]
2026-09-04T07:38:19.0816313Z ##[group]Operating System
2026-09-04T07:38:19.0817124Z Ubuntu
2026-09-04T07:38:19.0817694Z 24.04.4
2026-09-04T07:38:19.0818242Z LTS
2026-09-04T07:38:19.0818786Z ##[endgroup]
2026-09-04T07:38:19.0819347Z ##[group]Runner Image
2026-09-04T07:38:19.0820393Z Image: ubuntu-24.04
2026-09-04T07:38:19.0820990Z Version: 20260831.293.1
2026-09-04T07:38:19.0822316Z Included Software: https://github.com/actions/runner-images/blob/ubuntu24/20260831.293/images/ubuntu/Ubuntu2404-Readme.md
2026-09-04T07:38:19.0823926Z Image Release: https://github.com/actions/runner-images/releases/tag/ubuntu24%2F20260831.293
2026-09-04T07:38:19.0824969Z ##[endgroup]
2026-09-04T07:38:19.0826305Z ##[group]GITHUB_TOKEN Permissions
2026-09-04T07:38:19.0828525Z Contents: read
2026-09-04T07:38:19.0829196Z Metadata: read
2026-09-04T07:38:19.0829774Z ##[endgroup]
2026-09-04T07:38:19.0831959Z Secret source: Actions
2026-09-04T07:38:19.0833030Z Prepare workflow directory
2026-09-04T07:38:19.1243579Z Prepare all required actions
2026-09-04T07:38:19.1293470Z Getting action download info
2026-09-04T07:38:19.5043383Z Download action repository 'actions/setup-python@v5' (SHA:a26af69be951a213d495a4c3e4e4022e16d87065)
2026-09-04T07:38:19.6792599Z Download action repository 'actions/checkout@3d3c42e5aac5ba805825da76410c181273ba90b1' (SHA:3d3c42e5aac5ba805825da76410c181273ba90b1)
2026-09-04T07:38:19.7177215Z Download action repository 'actions/setup-java@03ad4de0992f5dab5e18fcb136590ce7c4a0ac95' (SHA:03ad4de0992f5dab5e18fcb136590ce7c4a0ac95)
2026-09-04T07:38:20.2467480Z Download action repository 'actions/upload-artifact@v4' (SHA:ea165f8d65b6e75b540449e92b4886f43607fa02)
2026-09-04T07:38:20.4922813Z Complete job name: build (21)
2026-09-04T07:38:20.5635984Z Node 20 is being deprecated. This workflow is running with Node 24 by default. If you need to temporarily use Node 20, you can set the ACTIONS_ALLOW_USE_UNSECURE_NODE_VERSION=true environment variable. For more information see: https://github.blog/changelog/2025-09-19-deprecation-of-node-20-on-github-actions-runners/
2026-09-04T07:38:20.5645322Z ##[group]Run actions/setup-python@v5
2026-09-04T07:38:20.5646515Z with:
2026-09-04T07:38:20.5647179Z   python-version: 3.10
2026-09-04T07:38:20.5647719Z   check-latest: false
2026-09-04T07:38:20.5651507Z   token: ***
2026-09-04T07:38:20.5651983Z   update-environment: true
2026-09-04T07:38:20.5652499Z   allow-prereleases: false
2026-09-04T07:38:20.5652993Z   freethreaded: false
2026-09-04T07:38:20.5653678Z env:
2026-09-04T07:38:20.5654263Z   MAVEN_ARGS: --show-version --batch-mode --no-transfer-progress
2026-09-04T07:38:20.5655022Z ##[endgroup]
2026-09-04T07:38:20.7067026Z ##[group]Installed versions
2026-09-04T07:38:20.7151074Z (node:2139) [DEP0040] DeprecationWarning: The `punycode` module is deprecated. Please use a userland alternative instead.
2026-09-04T07:38:20.7152927Z (Use `node --trace-deprecation ...` to show where the warning was created)
2026-09-04T07:38:20.7153777Z Successfully set up CPython (3.10.21)
2026-09-04T07:38:20.7155248Z ##[endgroup]
2026-09-04T07:38:20.7413618Z ##[group]Run python -m pip install --upgrade pip
2026-09-04T07:38:20.7414437Z [36;1mpython -m pip install --upgrade pip[0m
2026-09-04T07:38:20.7415084Z [36;1mpip install inotify[0m
2026-09-04T07:38:20.7489347Z shell: /usr/bin/bash -e {0}
2026-09-04T07:38:20.7490054Z env:
2026-09-04T07:38:20.7490674Z   MAVEN_ARGS: --show-version --batch-mode --no-transfer-progress
2026-09-04T07:38:20.7491523Z   pythonLocation: /opt/hostedtoolcache/Python/3.10.21/x64
2026-09-04T07:38:20.7492769Z   PKG_CONFIG_PATH: /opt/hostedtoolcache/Python/3.10.21/x64/lib/pkgconfig
2026-09-04T07:38:20.7494140Z   Python_ROOT_DIR: /opt/hostedtoolcache/Python/3.10.21/x64
2026-09-04T07:38:20.7495416Z   Python2_ROOT_DIR: /opt/hostedtoolcache/Python/3.10.21/x64
2026-09-04T07:38:20.7496997Z   Python3_ROOT_DIR: /opt/hostedtoolcache/Python/3.10.21/x64
2026-09-04T07:38:20.7498351Z   LD_LIBRARY_PATH: /opt/hostedtoolcache/Python/3.10.21/x64/lib
2026-09-04T07:38:20.7499103Z ##[endgroup]
2026-09-04T07:38:21.4321393Z Requirement already satisfied: pip in /opt/hostedtoolcache/Python/3.10.21/x64/lib/python3.10/site-packages (26.2.1)
2026-09-04T07:38:22.0904583Z Collecting inotify
2026-09-04T07:38:22.1684475Z   Downloading inotify-0.2.12-py2.py3-none-any.whl.metadata (7.2 kB)
2026-09-04T07:38:22.1870236Z Collecting build (from inotify)
2026-09-04T07:38:22.1979063Z   Downloading build-1.6.0-py3-none-any.whl.metadata (5.6 kB)
2026-09-04T07:38:22.2183250Z Collecting packaging>=24.0 (from build->inotify)
2026-09-04T07:38:22.2290974Z   Downloading packaging-26.3-py3-none-any.whl.metadata (3.5 kB)
2026-09-04T07:38:22.2400081Z Collecting pyproject_hooks (from build->inotify)
2026-09-04T07:38:22.2503999Z   Downloading pyproject_hooks-1.2.0-py3-none-any.whl.metadata (1.3 kB)
2026-09-04T07:38:22.2930234Z Collecting tomli>=1.1.0 (from build->inotify)
2026-09-04T07:38:22.3038229Z   Downloading tomli-2.4.1-py3-none-any.whl.metadata (10 kB)
2026-09-04T07:38:22.3193946Z Downloading inotify-0.2.12-py2.py3-none-any.whl (20 kB)
2026-09-04T07:38:22.3332895Z Downloading build-1.6.0-py3-none-any.whl (31 kB)
2026-09-04T07:38:22.3484154Z Downloading packaging-26.3-py3-none-any.whl (129 kB)
2026-09-04T07:38:22.3717710Z Downloading tomli-2.4.1-py3-none-any.whl (14 kB)
2026-09-04T07:38:22.3844904Z Downloading pyproject_hooks-1.2.0-py3-none-any.whl (10 kB)
2026-09-04T07:38:22.4240890Z Installing collected packages: tomli, pyproject_hooks, packaging, build, inotify
2026-09-04T07:38:22.5526692Z 
2026-09-04T07:38:22.5542961Z Successfully installed build-1.6.0 inotify-0.2.12 packaging-26.3 pyproject_hooks-1.2.0 tomli-2.4.1
2026-09-04T07:38:22.6126858Z ##[group]Run python3 -c "
2026-09-04T07:38:22.6128102Z [36;1mpython3 -c "[0m
2026-09-04T07:38:22.6129222Z [36;1mimport inotify.adapters[0m
2026-09-04T07:38:22.6130505Z [36;1mimport inotify.constants[0m
2026-09-04T07:38:22.6131756Z [36;1mimport os[0m
2026-09-04T07:38:22.6132933Z [36;1mfrom datetime import datetime, timezone[0m
2026-09-04T07:38:22.6135015Z [36;1mwith open('/home/runner/inotifywait-log-build (21).csv', 'w') as log_file:[0m
2026-09-04T07:38:22.6138731Z [36;1m  i = inotify.adapters.InotifyTree('/home/runner/work/gson/gson', inotify.constants.IN_CREATE | inotify.constants.IN_ACCESS)[0m
2026-09-04T07:38:22.6141866Z [36;1m  for event in i.event_gen(yield_nones=False):[0m
2026-09-04T07:38:22.6143519Z [36;1m    (_, type_names, path, filename) = event[0m
2026-09-04T07:38:22.6145934Z [36;1m    now = datetime.now(timezone.utc).strftime('%Y-%m-%dT%H:%M:%S.%f') + 'Z'[0m
2026-09-04T07:38:22.6148051Z [36;1m    events = ','.join(type_names)[0m
2026-09-04T07:38:22.6149823Z [36;1m    log_file.write(f'{now};{path};{filename};{events}\n')[0m
2026-09-04T07:38:22.6151553Z [36;1m    log_file.flush()[0m
2026-09-04T07:38:22.6152794Z [36;1m    os.fsync(log_file.fileno())[0m
2026-09-04T07:38:22.6154102Z [36;1m" &[0m
2026-09-04T07:38:22.6195371Z shell: /usr/bin/bash -e {0}
2026-09-04T07:38:22.6196678Z env:
2026-09-04T07:38:22.6197951Z   MAVEN_ARGS: --show-version --batch-mode --no-transfer-progress
2026-09-04T07:38:22.6199945Z   pythonLocation: /opt/hostedtoolcache/Python/3.10.21/x64
2026-09-04T07:38:22.6202004Z   PKG_CONFIG_PATH: /opt/hostedtoolcache/Python/3.10.21/x64/lib/pkgconfig
2026-09-04T07:38:22.6204086Z   Python_ROOT_DIR: /opt/hostedtoolcache/Python/3.10.21/x64
2026-09-04T07:38:22.6206074Z   Python2_ROOT_DIR: /opt/hostedtoolcache/Python/3.10.21/x64
2026-09-04T07:38:22.6207930Z   Python3_ROOT_DIR: /opt/hostedtoolcache/Python/3.10.21/x64
2026-09-04T07:38:22.6209873Z   LD_LIBRARY_PATH: /opt/hostedtoolcache/Python/3.10.21/x64/lib
2026-09-04T07:38:22.6211795Z ##[endgroup]
2026-09-04T07:38:27.6418145Z ##[group]Run actions/checkout@3d3c42e5aac5ba805825da76410c181273ba90b1
2026-09-04T07:38:27.6418592Z with:
2026-09-04T07:38:27.6418841Z   persist-credentials: false
2026-09-04T07:38:27.6419120Z   repository: atanuroy911/gson
2026-09-04T07:38:27.6421413Z   token: ***
2026-09-04T07:38:27.6421634Z   ssh-strict: true
2026-09-04T07:38:27.6421848Z   ssh-user: git
2026-09-04T07:38:27.6422050Z   clean: true
2026-09-04T07:38:27.6422281Z   sparse-checkout-cone-mode: true
2026-09-04T07:38:27.6422554Z   fetch-depth: 1
2026-09-04T07:38:27.6422760Z   fetch-tags: false
2026-09-04T07:38:27.6422978Z   show-progress: true
2026-09-04T07:38:27.6423191Z   lfs: false
2026-09-04T07:38:27.6423387Z   submodules: false
2026-09-04T07:38:27.6423619Z   set-safe-directory: true
2026-09-04T07:38:27.6423898Z   allow-unsafe-pr-checkout: false
2026-09-04T07:38:27.6424155Z env:
2026-09-04T07:38:27.6424438Z   MAVEN_ARGS: --show-version --batch-mode --no-transfer-progress
2026-09-04T07:38:27.6424928Z   pythonLocation: /opt/hostedtoolcache/Python/3.10.21/x64
2026-09-04T07:38:27.6425386Z   PKG_CONFIG_PATH: /opt/hostedtoolcache/Python/3.10.21/x64/lib/pkgconfig
2026-09-04T07:38:27.6426301Z   Python_ROOT_DIR: /opt/hostedtoolcache/Python/3.10.21/x64
2026-09-04T07:38:27.6426707Z   Python2_ROOT_DIR: /opt/hostedtoolcache/Python/3.10.21/x64
2026-09-04T07:38:27.6427102Z   Python3_ROOT_DIR: /opt/hostedtoolcache/Python/3.10.21/x64
2026-09-04T07:38:27.6427501Z   LD_LIBRARY_PATH: /opt/hostedtoolcache/Python/3.10.21/x64/lib
2026-09-04T07:38:27.6427841Z ##[endgroup]
2026-09-04T07:38:27.7270317Z Syncing repository: atanuroy911/gson
2026-09-04T07:38:27.7271395Z ##[group]Getting Git version info
2026-09-04T07:38:27.7272031Z Working directory is '/home/runner/work/gson/gson'
2026-09-04T07:38:27.7312730Z [command]/usr/bin/git version
2026-09-04T07:38:27.7466861Z git version 2.55.0
2026-09-04T07:38:27.7497142Z ##[endgroup]
2026-09-04T07:38:27.7511923Z Temporarily overriding HOME='/home/runner/work/_temp/2ec052da-2b7d-452d-b6fe-a81578b5e7dd' before making global git config changes
2026-09-04T07:38:27.7513700Z Adding repository directory to the temporary git global config as a safe directory
2026-09-04T07:38:27.7523258Z [command]/usr/bin/git config --global --add safe.directory /home/runner/work/gson/gson
2026-09-04T07:38:27.7570708Z Deleting the contents of '/home/runner/work/gson/gson'
2026-09-04T07:38:27.7576210Z ##[group]Determining repository object format
2026-09-04T07:38:27.7582599Z ##[endgroup]
2026-09-04T07:38:27.7583886Z ##[group]Initializing the repository
2026-09-04T07:38:27.7584606Z [command]/usr/bin/git init /home/runner/work/gson/gson
2026-09-04T07:38:27.7745269Z hint: Using 'master' as the name for the initial branch. This default branch name
2026-09-04T07:38:27.7746828Z hint: will change to "main" in Git 3.0. To configure the initial branch name
2026-09-04T07:38:27.7747802Z hint: to use in all of your new repositories, which will suppress this warning,
2026-09-04T07:38:27.7748503Z hint: call:
2026-09-04T07:38:27.7748837Z hint:
2026-09-04T07:38:27.7749320Z hint: 	git config --global init.defaultBranch <name>
2026-09-04T07:38:27.7749847Z hint:
2026-09-04T07:38:27.7750369Z hint: Names commonly chosen instead of 'master' are 'main', 'trunk' and
2026-09-04T07:38:27.7751246Z hint: 'development'. The just-created branch can be renamed via this command:
2026-09-04T07:38:27.7751921Z hint:
2026-09-04T07:38:27.7752322Z hint: 	git branch -m <name>
2026-09-04T07:38:27.7753033Z hint:
2026-09-04T07:38:27.7753701Z hint: Disable this message with "git config set advice.defaultBranchName false"
2026-09-04T07:38:27.7754786Z Initialized empty Git repository in /home/runner/work/gson/gson/.git/
2026-09-04T07:38:27.7767466Z [command]/usr/bin/git remote add origin https://github.com/atanuroy911/gson
2026-09-04T07:38:27.7835837Z ##[endgroup]
2026-09-04T07:38:27.7836908Z ##[group]Disabling automatic garbage collection
2026-09-04T07:38:27.7841391Z [command]/usr/bin/git config --local gc.auto 0
2026-09-04T07:38:27.7888669Z ##[endgroup]
2026-09-04T07:38:27.7890059Z ##[group]Setting up auth
2026-09-04T07:38:27.7890924Z Removing SSH command configuration
2026-09-04T07:38:27.7895490Z [command]/usr/bin/git config --local --name-only --get-regexp core\.sshCommand
2026-09-04T07:38:27.7937190Z [command]/usr/bin/git submodule foreach --recursive sh -c "git config --local --name-only --get-regexp 'core\.sshCommand' && git config --local --unset-all 'core.sshCommand' || :"
2026-09-04T07:38:27.8322169Z Removing HTTP extra header
2026-09-04T07:38:27.8328025Z [command]/usr/bin/git config --local --name-only --get-regexp http\.https\:\/\/github\.com\/\.extraheader
2026-09-04T07:38:27.8369600Z [command]/usr/bin/git submodule foreach --recursive sh -c "git config --local --name-only --get-regexp 'http\.https\:\/\/github\.com\/\.extraheader' && git config --local --unset-all 'http.https://github.com/.extraheader' || :"
2026-09-04T07:38:27.8613539Z Removing includeIf entries pointing to credentials config files
2026-09-04T07:38:27.8619555Z [command]/usr/bin/git config --local --name-only --get-regexp ^includeIf\.gitdir:
2026-09-04T07:38:27.8662015Z [command]/usr/bin/git submodule foreach --recursive git config --local --show-origin --name-only --get-regexp remote.origin.url
2026-09-04T07:38:27.8911247Z [command]/usr/bin/git config --file /home/runner/work/_temp/git-credentials-1488da09-97e2-449f-8e95-99a6ea6a39d2.config http.https://github.com/.extraheader AUTHORIZATION: basic ***
2026-09-04T07:38:27.8960011Z [command]/usr/bin/git config --local includeIf.gitdir:/home/runner/work/gson/gson/.git.path /home/runner/work/_temp/git-credentials-1488da09-97e2-449f-8e95-99a6ea6a39d2.config
2026-09-04T07:38:27.8999947Z [command]/usr/bin/git config --local includeIf.gitdir:/home/runner/work/gson/gson/.git/worktrees/*.path /home/runner/work/_temp/git-credentials-1488da09-97e2-449f-8e95-99a6ea6a39d2.config
2026-09-04T07:38:27.9042341Z [command]/usr/bin/git config --local includeIf.gitdir:/github/workspace/.git.path /github/runner_temp/git-credentials-1488da09-97e2-449f-8e95-99a6ea6a39d2.config
2026-09-04T07:38:27.9086537Z [command]/usr/bin/git config --local includeIf.gitdir:/github/workspace/.git/worktrees/*.path /github/runner_temp/git-credentials-1488da09-97e2-449f-8e95-99a6ea6a39d2.config
2026-09-04T07:38:27.9123031Z ##[endgroup]
2026-09-04T07:38:27.9123689Z ##[group]Fetching the repository
2026-09-04T07:38:27.9132846Z [command]/usr/bin/git -c protocol.version=2 fetch --no-tags --prune --no-recurse-submodules --depth=1 origin +4dd947df69aa3ea7d3a11b253ef1ecb587454312:refs/remotes/origin/optcd-run
2026-09-04T07:38:28.5732111Z From https://github.com/atanuroy911/gson
2026-09-04T07:38:28.5733050Z  * [new ref]         4dd947df69aa3ea7d3a11b253ef1ecb587454312 -> origin/optcd-run
2026-09-04T07:38:28.5744919Z [command]/usr/bin/git branch --list --remote origin/optcd-run
2026-09-04T07:38:28.5779330Z   origin/optcd-run
2026-09-04T07:38:28.5790034Z [command]/usr/bin/git rev-parse refs/remotes/origin/optcd-run
2026-09-04T07:38:28.5826987Z 4dd947df69aa3ea7d3a11b253ef1ecb587454312
2026-09-04T07:38:28.5831957Z ##[endgroup]
2026-09-04T07:38:28.5832829Z ##[group]Determining the checkout info
2026-09-04T07:38:28.5834352Z ##[endgroup]
2026-09-04T07:38:28.5841553Z [command]/usr/bin/git sparse-checkout disable
2026-09-04T07:38:28.5906729Z [command]/usr/bin/git config --local --unset-all extensions.worktreeConfig
2026-09-04T07:38:28.5946725Z ##[group]Checking out the ref
2026-09-04T07:38:28.5951929Z [command]/usr/bin/git checkout --progress --force -B optcd-run refs/remotes/origin/optcd-run
2026-09-04T07:38:28.6450651Z Switched to a new branch 'optcd-run'
2026-09-04T07:38:28.6460025Z branch 'optcd-run' set up to track 'origin/optcd-run'.
2026-09-04T07:38:28.6469132Z ##[endgroup]
2026-09-04T07:38:28.6534434Z [command]/usr/bin/git log -1 --format=%H
2026-09-04T07:38:28.6571115Z 4dd947df69aa3ea7d3a11b253ef1ecb587454312
2026-09-04T07:38:28.6584516Z ##[group]Removing auth
2026-09-04T07:38:28.6584994Z Removing SSH command configuration
2026-09-04T07:38:28.6591423Z [command]/usr/bin/git config --local --name-only --get-regexp core\.sshCommand
2026-09-04T07:38:28.6643382Z [command]/usr/bin/git submodule foreach --recursive sh -c "git config --local --name-only --get-regexp 'core\.sshCommand' && git config --local --unset-all 'core.sshCommand' || :"
2026-09-04T07:38:28.6912005Z Removing HTTP extra header
2026-09-04T07:38:28.6916426Z [command]/usr/bin/git config --local --name-only --get-regexp http\.https\:\/\/github\.com\/\.extraheader
2026-09-04T07:38:28.6957805Z [command]/usr/bin/git submodule foreach --recursive sh -c "git config --local --name-only --get-regexp 'http\.https\:\/\/github\.com\/\.extraheader' && git config --local --unset-all 'http.https://github.com/.extraheader' || :"
2026-09-04T07:38:28.7198060Z Removing includeIf entries pointing to credentials config files
2026-09-04T07:38:28.7202692Z [command]/usr/bin/git config --local --name-only --get-regexp ^includeIf\.gitdir:
2026-09-04T07:38:28.7241062Z includeif.gitdir:/home/runner/work/gson/gson/.git.path
2026-09-04T07:38:28.7242331Z includeif.gitdir:/home/runner/work/gson/gson/.git/worktrees/*.path
2026-09-04T07:38:28.7243661Z includeif.gitdir:/github/workspace/.git.path
2026-09-04T07:38:28.7244634Z includeif.gitdir:/github/workspace/.git/worktrees/*.path
2026-09-04T07:38:28.7252650Z [command]/usr/bin/git config --local --get-all includeif.gitdir:/home/runner/work/gson/gson/.git.path
2026-09-04T07:38:28.7291669Z /home/runner/work/_temp/git-credentials-1488da09-97e2-449f-8e95-99a6ea6a39d2.config
2026-09-04T07:38:28.7303269Z [command]/usr/bin/git config --local --unset includeif.gitdir:/home/runner/work/gson/gson/.git.path \/home\/runner\/work\/_temp\/git\-credentials\-1488da09\-97e2\-449f\-8e95\-99a6ea6a39d2\.config
2026-09-04T07:38:28.7492941Z [command]/usr/bin/git config --local --get-all includeif.gitdir:/home/runner/work/gson/gson/.git/worktrees/*.path
2026-09-04T07:38:28.7530458Z /home/runner/work/_temp/git-credentials-1488da09-97e2-449f-8e95-99a6ea6a39d2.config
2026-09-04T07:38:28.7540979Z [command]/usr/bin/git config --local --unset includeif.gitdir:/home/runner/work/gson/gson/.git/worktrees/*.path \/home\/runner\/work\/_temp\/git\-credentials\-1488da09\-97e2\-449f\-8e95\-99a6ea6a39d2\.config
2026-09-04T07:38:28.7582475Z [command]/usr/bin/git config --local --get-all includeif.gitdir:/github/workspace/.git.path
2026-09-04T07:38:28.7637073Z /github/runner_temp/git-credentials-1488da09-97e2-449f-8e95-99a6ea6a39d2.config
2026-09-04T07:38:28.7651186Z [command]/usr/bin/git config --local --unset includeif.gitdir:/github/workspace/.git.path \/github\/runner_temp\/git\-credentials\-1488da09\-97e2\-449f\-8e95\-99a6ea6a39d2\.config
2026-09-04T07:38:28.7704955Z [command]/usr/bin/git config --local --get-all includeif.gitdir:/github/workspace/.git/worktrees/*.path
2026-09-04T07:38:28.7734840Z /github/runner_temp/git-credentials-1488da09-97e2-449f-8e95-99a6ea6a39d2.config
2026-09-04T07:38:28.7744226Z [command]/usr/bin/git config --local --unset includeif.gitdir:/github/workspace/.git/worktrees/*.path \/github\/runner_temp\/git\-credentials\-1488da09\-97e2\-449f\-8e95\-99a6ea6a39d2\.config
2026-09-04T07:38:28.7784363Z [command]/usr/bin/git submodule foreach --recursive git config --local --show-origin --name-only --get-regexp remote.origin.url
2026-09-04T07:38:28.8031040Z Removing credentials config '/home/runner/work/_temp/git-credentials-1488da09-97e2-449f-8e95-99a6ea6a39d2.config'
2026-09-04T07:38:28.8045444Z ##[endgroup]
2026-09-04T07:38:28.8160540Z ##[group]Run touch optcd-3.txt
2026-09-04T07:38:28.8160871Z [36;1mtouch optcd-3.txt[0m
2026-09-04T07:38:28.8198321Z shell: /usr/bin/bash -e {0}
2026-09-04T07:38:28.8198579Z env:
2026-09-04T07:38:28.8198871Z   MAVEN_ARGS: --show-version --batch-mode --no-transfer-progress
2026-09-04T07:38:28.8199320Z   pythonLocation: /opt/hostedtoolcache/Python/3.10.21/x64
2026-09-04T07:38:28.8199766Z   PKG_CONFIG_PATH: /opt/hostedtoolcache/Python/3.10.21/x64/lib/pkgconfig
2026-09-04T07:38:28.8200200Z   Python_ROOT_DIR: /opt/hostedtoolcache/Python/3.10.21/x64
2026-09-04T07:38:28.8200758Z   Python2_ROOT_DIR: /opt/hostedtoolcache/Python/3.10.21/x64
2026-09-04T07:38:28.8201155Z   Python3_ROOT_DIR: /opt/hostedtoolcache/Python/3.10.21/x64
2026-09-04T07:38:28.8201585Z   LD_LIBRARY_PATH: /opt/hostedtoolcache/Python/3.10.21/x64/lib
2026-09-04T07:38:28.8201914Z ##[endgroup]
2026-09-04T07:38:28.8444925Z ##[group]Run actions/setup-java@03ad4de0992f5dab5e18fcb136590ce7c4a0ac95
2026-09-04T07:38:28.8445341Z with:
2026-09-04T07:38:28.8445831Z   distribution: temurin
2026-09-04T07:38:28.8446071Z   java-version: 21
2026-09-04T07:38:28.8446275Z   cache: maven
2026-09-04T07:38:28.8446483Z   java-package: jdk
2026-09-04T07:38:28.8446700Z   check-latest: false
2026-09-04T07:38:28.8446910Z   set-default: true
2026-09-04T07:38:28.8447117Z   verify-signature: false
2026-09-04T07:38:28.8447345Z   server-id: github
2026-09-04T07:38:28.8447564Z   server-username: GITHUB_ACTOR
2026-09-04T07:38:28.8447819Z   server-password: GITHUB_TOKEN
2026-09-04T07:38:28.8448069Z   overwrite-settings: true
2026-09-04T07:38:28.8448316Z   job-status: success
2026-09-04T07:38:28.8450574Z   token: ***
2026-09-04T07:38:28.8450809Z   show-download-progress: false
2026-09-04T07:38:28.8451062Z env:
2026-09-04T07:38:28.8451343Z   MAVEN_ARGS: --show-version --batch-mode --no-transfer-progress
2026-09-04T07:38:28.8451802Z   pythonLocation: /opt/hostedtoolcache/Python/3.10.21/x64
2026-09-04T07:38:28.8452252Z   PKG_CONFIG_PATH: /opt/hostedtoolcache/Python/3.10.21/x64/lib/pkgconfig
2026-09-04T07:38:28.8452687Z   Python_ROOT_DIR: /opt/hostedtoolcache/Python/3.10.21/x64
2026-09-04T07:38:28.8453065Z   Python2_ROOT_DIR: /opt/hostedtoolcache/Python/3.10.21/x64
2026-09-04T07:38:28.8453448Z   Python3_ROOT_DIR: /opt/hostedtoolcache/Python/3.10.21/x64
2026-09-04T07:38:28.8453832Z   LD_LIBRARY_PATH: /opt/hostedtoolcache/Python/3.10.21/x64/lib
2026-09-04T07:38:28.8454156Z ##[endgroup]
2026-09-04T07:38:28.9972960Z ##[group]Installed distributions
2026-09-04T07:38:29.0205819Z Resolved Java 21.0.12+1 from tool-cache
2026-09-04T07:38:29.0206951Z Setting Java 21.0.12+1 as the default
2026-09-04T07:38:29.0219225Z Creating toolchains.xml for JDK version 21 from temurin
2026-09-04T07:38:29.0296739Z Writing to /home/runner/.m2/toolchains.xml
2026-09-04T07:38:29.0297565Z 
2026-09-04T07:38:29.0297901Z Java configuration:
2026-09-04T07:38:29.0298368Z   Distribution: temurin
2026-09-04T07:38:29.0298794Z   Version: 21.0.12+1
2026-09-04T07:38:29.0299369Z   Path: /opt/hostedtoolcache/Java_Temurin-Hotspot_jdk/21.0.12-1/x64
2026-09-04T07:38:29.0300099Z 
2026-09-04T07:38:29.0300748Z ##[endgroup]
2026-09-04T07:38:29.0325207Z Creating settings.xml with server-id: github
2026-09-04T07:38:29.0367876Z Writing to /home/runner/.m2/settings.xml
2026-09-04T07:38:29.4432482Z maven cache is not found
2026-09-04T07:38:29.5171310Z ##[group]Run touch optcd-4.txt
2026-09-04T07:38:29.5171628Z [36;1mtouch optcd-4.txt[0m
2026-09-04T07:38:29.5210789Z shell: /usr/bin/bash -e {0}
2026-09-04T07:38:29.5211058Z env:
2026-09-04T07:38:29.5211362Z   MAVEN_ARGS: --show-version --batch-mode --no-transfer-progress
2026-09-04T07:38:29.5211824Z   pythonLocation: /opt/hostedtoolcache/Python/3.10.21/x64
2026-09-04T07:38:29.5212279Z   PKG_CONFIG_PATH: /opt/hostedtoolcache/Python/3.10.21/x64/lib/pkgconfig
2026-09-04T07:38:29.5212723Z   Python_ROOT_DIR: /opt/hostedtoolcache/Python/3.10.21/x64
2026-09-04T07:38:29.5213139Z   Python2_ROOT_DIR: /opt/hostedtoolcache/Python/3.10.21/x64
2026-09-04T07:38:29.5213539Z   Python3_ROOT_DIR: /opt/hostedtoolcache/Python/3.10.21/x64
2026-09-04T07:38:29.5213940Z   LD_LIBRARY_PATH: /opt/hostedtoolcache/Python/3.10.21/x64/lib
2026-09-04T07:38:29.5214380Z   JAVA_HOME: /opt/hostedtoolcache/Java_Temurin-Hotspot_jdk/21.0.12-1/x64
2026-09-04T07:38:29.5214896Z   JAVA_HOME_21_X64: /opt/hostedtoolcache/Java_Temurin-Hotspot_jdk/21.0.12-1/x64
2026-09-04T07:38:29.5215287Z ##[endgroup]
2026-09-04T07:38:29.6892379Z ##[group]Run mvn verify javadoc:jar 
2026-09-04T07:38:29.6892840Z [36;1mmvn verify javadoc:jar [0m
2026-09-04T07:38:29.6929443Z shell: /usr/bin/bash -e {0}
2026-09-04T07:38:29.6929925Z env:
2026-09-04T07:38:29.6930251Z   MAVEN_ARGS: --show-version --batch-mode --no-transfer-progress
2026-09-04T07:38:29.6930738Z   pythonLocation: /opt/hostedtoolcache/Python/3.10.21/x64
2026-09-04T07:38:29.6931252Z   PKG_CONFIG_PATH: /opt/hostedtoolcache/Python/3.10.21/x64/lib/pkgconfig
2026-09-04T07:38:29.6931752Z   Python_ROOT_DIR: /opt/hostedtoolcache/Python/3.10.21/x64
2026-09-04T07:38:29.6932203Z   Python2_ROOT_DIR: /opt/hostedtoolcache/Python/3.10.21/x64
2026-09-04T07:38:29.6932653Z   Python3_ROOT_DIR: /opt/hostedtoolcache/Python/3.10.21/x64
2026-09-04T07:38:29.6933093Z   LD_LIBRARY_PATH: /opt/hostedtoolcache/Python/3.10.21/x64/lib
2026-09-04T07:38:29.6933581Z   JAVA_HOME: /opt/hostedtoolcache/Java_Temurin-Hotspot_jdk/21.0.12-1/x64
2026-09-04T07:38:29.6934493Z   JAVA_HOME_21_X64: /opt/hostedtoolcache/Java_Temurin-Hotspot_jdk/21.0.12-1/x64
2026-09-04T07:38:29.6935075Z ##[endgroup]
2026-09-04T07:38:32.8041915Z Apache Maven 3.9.16 (2bdd9fddda4b155ebf8000e807eb73fd829a51d5)
2026-09-04T07:38:32.8043248Z Maven home: /usr/share/apache-maven-3.9.16
2026-09-04T07:38:32.8044388Z Java version: 21.0.12.1, vendor: Eclipse Adoptium, runtime: /usr/lib/jvm/temurin-21-jdk-amd64
2026-09-04T07:38:32.8045408Z Default locale: en, platform encoding: UTF-8
2026-09-04T07:38:32.8046340Z OS name: "linux", version: "6.17.0-1022-azure", arch: "amd64", family: "unix"
2026-09-04T07:38:34.8546378Z [INFO] Scanning for projects...
2026-09-04T07:38:38.3422027Z [INFO] Inspecting build with total of 8 modules
2026-09-04T07:38:38.3541817Z [INFO] Installing Central Publishing features
2026-09-04T07:38:38.3560293Z [INFO] ------------------------------------------------------------------------
2026-09-04T07:38:38.3586301Z [INFO] Reactor Build Order:
2026-09-04T07:38:38.3596151Z [INFO] 
2026-09-04T07:38:38.3606932Z [INFO] Gson Parent                                                        [pom]
2026-09-04T07:38:38.3607879Z [INFO] Gson                                                               [jar]
2026-09-04T07:38:38.3608899Z [INFO] Test: Java Platform Module System (JPMS)                           [jar]
2026-09-04T07:38:38.3636559Z [INFO] Test: GraalVM Native Image                                         [jar]
2026-09-04T07:38:38.3637411Z [INFO] Test: Code shrinking (ProGuard / R8)                               [jar]
2026-09-04T07:38:38.3638184Z [INFO] Gson Extras                                                        [jar]
2026-09-04T07:38:38.3638892Z [INFO] Gson Metrics                                                       [jar]
2026-09-04T07:38:38.3639686Z [INFO] Gson Protobuf Support                                              [jar]
2026-09-04T07:38:38.5542150Z [INFO] 
2026-09-04T07:38:38.5557258Z [INFO] ------------------< com.google.code.gson:gson-parent >------------------
2026-09-04T07:38:38.5558479Z [INFO] Building Gson Parent 2.14.1-SNAPSHOT                               [1/8]
2026-09-04T07:38:38.5559459Z [INFO]   from pom.xml
2026-09-04T07:38:38.5560317Z [INFO] --------------------------------[ pom ]---------------------------------
2026-09-04T07:38:38.8694999Z [INFO] 
2026-09-04T07:38:38.8695991Z [INFO] --- enforcer:3.6.3:enforce (enforce-versions) @ gson-parent ---
2026-09-04T07:38:39.8056670Z [INFO] Rule 0: org.apache.maven.enforcer.rules.version.RequireMavenVersion passed
2026-09-04T07:38:39.8215291Z [INFO] Rule 1: org.apache.maven.enforcer.rules.version.RequireJavaVersion passed
2026-09-04T07:38:39.8217277Z [INFO] 
2026-09-04T07:38:39.8218080Z [INFO] --- spotless:3.8.0:check (default) @ gson-parent ---
2026-09-04T07:38:41.3866939Z [INFO] Index file does not exist. Fallback to an empty index
2026-09-04T07:38:41.4118177Z [INFO] Spotless.Format is keeping 16 files clean - 0 needs changes to be clean, 16 were already clean, 0 were skipped because caching determined they were already clean
2026-09-04T07:38:41.4196925Z [INFO] 
2026-09-04T07:38:41.4197919Z [INFO] --- artifact:3.6.1:buildinfo (default) @ gson-parent ---
2026-09-04T07:38:45.1947503Z [INFO] Auto-skipping goal because module skips install and/or deploy
2026-09-04T07:38:45.1949301Z [INFO] 
2026-09-04T07:38:45.1953258Z [INFO] --- javadoc:3.12.0:jar (default-cli) @ gson-parent ---
2026-09-04T07:38:47.5820054Z [INFO] Not executing Javadoc as the project is not a Java classpath-capable package
2026-09-04T07:38:47.5826588Z [INFO] 
2026-09-04T07:38:47.5827363Z [INFO] ---------------------< com.google.code.gson:gson >----------------------
2026-09-04T07:38:47.5828355Z [INFO] Building Gson 2.14.1-SNAPSHOT                                      [2/8]
2026-09-04T07:38:47.5829127Z [INFO]   from gson/pom.xml
2026-09-04T07:38:47.5829822Z [INFO] --------------------------------[ jar ]---------------------------------
2026-09-04T07:38:49.2184101Z [INFO] 
2026-09-04T07:38:49.2188723Z [INFO] --- enforcer:3.6.3:enforce (enforce-versions) @ gson ---
2026-09-04T07:38:49.2212700Z [INFO] 
2026-09-04T07:38:49.2213843Z [INFO] --- templating:3.1.0:filter-sources (filtering-java-templates) @ gson ---
2026-09-04T07:38:49.4647434Z [INFO] Copying files with filtering to temporary directory.
2026-09-04T07:38:49.4723348Z [INFO] Copying 1 resource from src/main/java-templates to target/templates-tmp4151517166
2026-09-04T07:38:49.5032817Z [INFO] Copied 1 files to output directory: /home/runner/work/gson/gson/gson/target/generated-sources/java-templates
2026-09-04T07:38:49.5035427Z [INFO] Source directory: /home/runner/work/gson/gson/gson/target/generated-sources/java-templates added.
2026-09-04T07:38:49.5039916Z [INFO] 
2026-09-04T07:38:49.5041555Z [INFO] --- resources:3.5.0:resources (default-resources) @ gson ---
2026-09-04T07:38:49.7271543Z [INFO] Copying 1 resource from src/main/resources to target/classes
2026-09-04T07:38:49.7278044Z [INFO] 
2026-09-04T07:38:49.7288288Z [INFO] --- compiler:3.15.0:compile (default-compile) @ gson ---
2026-09-04T07:38:51.2207490Z [INFO] Recompiling the module because of changed source code.
2026-09-04T07:38:51.2292961Z [INFO] Compiling 86 source files with javac [debug deprecation release 8] to target/classes
2026-09-04T07:38:59.2416489Z [INFO] 
2026-09-04T07:38:59.2426299Z [INFO] --- bnd:6.4.0:bnd-process (default) @ gson ---
2026-09-04T07:39:01.6548708Z [WARNING] /home/runner/work/gson/gson/gson/pom.xml [0:0]: Export com.google.gson,  has 1,  private references [com.google.gson.internal]
2026-09-04T07:39:01.6555144Z [INFO] 
2026-09-04T07:39:01.6562932Z [INFO] --- resources:3.5.0:testResources (default-testResources) @ gson ---
2026-09-04T07:39:01.6593247Z [INFO] Copying 1 resource from src/test/resources to target/test-classes
2026-09-04T07:39:01.6605284Z [INFO] 
2026-09-04T07:39:01.6619263Z [INFO] --- compiler:3.15.0:testCompile (default-testCompile) @ gson ---
2026-09-04T07:39:01.6836696Z [INFO] Recompiling the module because of changed dependency.
2026-09-04T07:39:01.6846550Z [INFO] Compiling 123 source files with javac [debug deprecation release 17] to target/test-classes
2026-09-04T07:39:15.2379135Z [INFO] 
2026-09-04T07:39:15.2396678Z [INFO] --- resources:3.5.0:copy-resources (pre-obfuscate-class) @ gson ---
2026-09-04T07:39:15.2608772Z [INFO] Copying 2 resources from target/test-classes/com/google/gson/functional to target/test-classes-obfuscated-injar/com/google/gson/functional
2026-09-04T07:39:15.2628173Z [INFO] 
2026-09-04T07:39:15.2646733Z [INFO] --- proguard:2.7.0:proguard (obfuscate-test-class) @ gson ---
2026-09-04T07:39:17.8112552Z [INFO] execute ProGuard [-injars, '/home/runner/work/gson/gson/gson/target/test-classes-obfuscated-injar'(!META-INF/maven/**,**/*.class), -libraryjars, '/home/runner/.m2/repository/com/google/errorprone/error_prone_annotations/2.50.0/error_prone_annotations-2.50.0.jar', -outjars, '/home/runner/work/gson/gson/gson/target/test-classes-obfuscated-outjar', -include, '/home/runner/work/gson/gson/gson/src/test/resources/testcases-proguard.conf', -libraryjars, '/home/runner/work/gson/gson/gson/target/classes', -libraryjars, '/usr/lib/jvm/temurin-21-jdk-amd64/jmods/java.base.jmod', -printmapping, '/home/runner/work/gson/gson/gson/target/proguard_map.txt', -printseeds, '/home/runner/work/gson/gson/gson/target/proguard_seed.txt']
2026-09-04T07:39:17.8544163Z [INFO] proguard jar: [/home/runner/.m2/repository/com/guardsquare/proguard-base/7.9.1/proguard-base-7.9.1.jar, /home/runner/.m2/repository/com/guardsquare/proguard-core/9.3.2/proguard-core-9.3.2.jar]
2026-09-04T07:39:18.6111589Z  [proguard] ProGuard, version 7.9.1
2026-09-04T07:39:20.3478901Z [INFO] 
2026-09-04T07:39:20.3479557Z [INFO] --- resources:3.5.0:copy-resources (post-obfuscate-class) @ gson ---
2026-09-04T07:39:20.3497046Z [INFO] Copying 2 resources from target/test-classes-obfuscated-outjar/com/google/gson/functional to target/test-classes/com/google/gson/functional
2026-09-04T07:39:20.3517712Z [INFO] 
2026-09-04T07:39:20.3518194Z [INFO] --- surefire:3.5.6:test (default-test) @ gson ---
2026-09-04T07:39:20.6459105Z [INFO] Using auto detected provider org.apache.maven.surefire.junit4.JUnit4Provider
2026-09-04T07:39:20.8954354Z [INFO] 
2026-09-04T07:39:20.8954814Z [INFO] -------------------------------------------------------
2026-09-04T07:39:20.8955251Z [INFO]  T E S T S
2026-09-04T07:39:20.8955947Z [INFO] -------------------------------------------------------
2026-09-04T07:39:20.9657117Z OpenJDK 64-Bit Server VM warning: Ignoring option --illegal-access=deny; support was removed in 17.0
2026-09-04T07:39:21.2607196Z [INFO] Running com.google.gson.JsonPrimitiveTest
2026-09-04T07:39:21.3816370Z [INFO] Tests run: 31, Failures: 0, Errors: 0, Skipped: 0, Time elapsed: 0.104 s -- in com.google.gson.JsonPrimitiveTest
2026-09-04T07:39:21.3847033Z [INFO] Running com.google.gson.JsonArrayAsListTest
2026-09-04T07:39:21.3937333Z [INFO] Tests run: 16, Failures: 0, Errors: 0, Skipped: 0, Time elapsed: 0.004 s -- in com.google.gson.JsonArrayAsListTest
2026-09-04T07:39:21.3938999Z [INFO] Running com.google.gson.functional.JsonAdapterAnnotationOnFieldsTest
2026-09-04T07:39:21.4766143Z [INFO] Tests run: 19, Failures: 0, Errors: 0, Skipped: 0, Time elapsed: 0.078 s -- in com.google.gson.functional.JsonAdapterAnnotationOnFieldsTest
2026-09-04T07:39:21.4773111Z [INFO] Running com.google.gson.functional.TypeVariableTest
2026-09-04T07:39:21.4837019Z [INFO] Tests run: 3, Failures: 0, Errors: 0, Skipped: 0, Time elapsed: 0.003 s -- in com.google.gson.functional.TypeVariableTest
2026-09-04T07:39:21.4837984Z [INFO] Running com.google.gson.functional.MapTest
2026-09-04T07:39:21.5787610Z [INFO] Tests run: 54, Failures: 0, Errors: 0, Skipped: 0, Time elapsed: 0.088 s -- in com.google.gson.functional.MapTest
2026-09-04T07:39:21.5789362Z [INFO] Running com.google.gson.functional.ExposeFieldsTest
2026-09-04T07:39:21.5957984Z [INFO] Tests run: 8, Failures: 0, Errors: 0, Skipped: 0, Time elapsed: 0.013 s -- in com.google.gson.functional.ExposeFieldsTest
2026-09-04T07:39:21.5959175Z [INFO] Running com.google.gson.functional.JsonTreeTest
2026-09-04T07:39:21.6047152Z [INFO] Tests run: 4, Failures: 0, Errors: 0, Skipped: 0, Time elapsed: 0.005 s -- in com.google.gson.functional.JsonTreeTest
2026-09-04T07:39:21.6056433Z [INFO] Running com.google.gson.functional.SecurityTest
2026-09-04T07:39:21.6086853Z [INFO] Tests run: 5, Failures: 0, Errors: 0, Skipped: 0, Time elapsed: 0.001 s -- in com.google.gson.functional.SecurityTest
2026-09-04T07:39:21.6116445Z [INFO] Running com.google.gson.functional.EscapingTest
2026-09-04T07:39:21.6126914Z [INFO] Tests run: 5, Failures: 0, Errors: 0, Skipped: 0, Time elapsed: 0.001 s -- in com.google.gson.functional.EscapingTest
2026-09-04T07:39:21.6128331Z [INFO] Running com.google.gson.functional.CustomSerializerTest
2026-09-04T07:39:21.6182284Z [INFO] Tests run: 5, Failures: 0, Errors: 0, Skipped: 0, Time elapsed: 0.004 s -- in com.google.gson.functional.CustomSerializerTest
2026-09-04T07:39:21.6206768Z [INFO] Running com.google.gson.functional.TreeTypeAdaptersTest
2026-09-04T07:39:21.6257323Z [INFO] Tests run: 2, Failures: 0, Errors: 0, Skipped: 0, Time elapsed: 0.002 s -- in com.google.gson.functional.TreeTypeAdaptersTest
2026-09-04T07:39:21.6266624Z [INFO] Running com.google.gson.functional.InternationalizationTest
2026-09-04T07:39:21.6311107Z [INFO] Tests run: 6, Failures: 0, Errors: 0, Skipped: 0, Time elapsed: 0.001 s -- in com.google.gson.functional.InternationalizationTest
2026-09-04T07:39:21.6313416Z [INFO] Running com.google.gson.functional.CustomDeserializerTest
2026-09-04T07:39:21.6410987Z [INFO] Tests run: 7, Failures: 0, Errors: 0, Skipped: 0, Time elapsed: 0.007 s -- in com.google.gson.functional.CustomDeserializerTest
2026-09-04T07:39:21.6426675Z [INFO] Running com.google.gson.functional.ObjectTest
2026-09-04T07:39:21.7257447Z [INFO] Tests run: 50, Failures: 0, Errors: 0, Skipped: 0, Time elapsed: 0.071 s -- in com.google.gson.functional.ObjectTest
2026-09-04T07:39:21.7286718Z [INFO] Running com.google.gson.functional.EnumWithObfuscatedTest
2026-09-04T07:39:21.7291440Z [INFO] Tests run: 1, Failures: 0, Errors: 0, Skipped: 0, Time elapsed: 0 s -- in com.google.gson.functional.EnumWithObfuscatedTest
2026-09-04T07:39:21.7292995Z [INFO] Running com.google.gson.functional.DefaultTypeAdaptersTest
2026-09-04T07:39:21.9345278Z [INFO] Tests run: 80, Failures: 0, Errors: 0, Skipped: 0, Time elapsed: 0.199 s -- in com.google.gson.functional.DefaultTypeAdaptersTest
2026-09-04T07:39:21.9362641Z [INFO] Running com.google.gson.functional.FieldNamingTest
2026-09-04T07:39:21.9429210Z [INFO] Tests run: 6, Failures: 0, Errors: 0, Skipped: 0, Time elapsed: 0.003 s -- in com.google.gson.functional.FieldNamingTest
2026-09-04T07:39:21.9442120Z [INFO] Running com.google.gson.functional.JavaUtilTest
2026-09-04T07:39:21.9459760Z [INFO] Tests run: 2, Failures: 0, Errors: 0, Skipped: 0, Time elapsed: 0 s -- in com.google.gson.functional.JavaUtilTest
2026-09-04T07:39:21.9483565Z [INFO] Running com.google.gson.functional.PrettyPrintingTest
2026-09-04T07:39:21.9516764Z [INFO] Tests run: 8, Failures: 0, Errors: 0, Skipped: 0, Time elapsed: 0.002 s -- in com.google.gson.functional.PrettyPrintingTest
2026-09-04T07:39:21.9546776Z [INFO] Running com.google.gson.functional.JsonAdapterSerializerDeserializerTest
2026-09-04T07:39:21.9575936Z [INFO] Tests run: 4, Failures: 0, Errors: 0, Skipped: 0, Time elapsed: 0.001 s -- in com.google.gson.functional.JsonAdapterSerializerDeserializerTest
2026-09-04T07:39:21.9577423Z [INFO] Running com.google.gson.functional.ReflectionAccessTest
2026-09-04T07:39:21.9583393Z [WARNING] Tests run: 3, Failures: 0, Errors: 0, Skipped: 1, Time elapsed: 0 s -- in com.google.gson.functional.ReflectionAccessTest
2026-09-04T07:39:21.9588159Z [INFO] Running com.google.gson.functional.ArrayTest
2026-09-04T07:39:21.9738596Z [INFO] Tests run: 28, Failures: 0, Errors: 0, Skipped: 0, Time elapsed: 0.008 s -- in com.google.gson.functional.ArrayTest
2026-09-04T07:39:21.9757115Z [INFO] Running com.google.gson.functional.StreamingTypeAdaptersTest
2026-09-04T07:39:22.0047666Z [INFO] Tests run: 17, Failures: 0, Errors: 0, Skipped: 0, Time elapsed: 0.026 s -- in com.google.gson.functional.StreamingTypeAdaptersTest
2026-09-04T07:39:22.0096109Z [INFO] Running com.google.gson.functional.LeniencyTest
2026-09-04T07:39:22.0107541Z [INFO] Tests run: 1, Failures: 0, Errors: 0, Skipped: 0, Time elapsed: 0.001 s -- in com.google.gson.functional.LeniencyTest
2026-09-04T07:39:22.0114482Z [INFO] Running com.google.gson.functional.RuntimeTypeAdapterFactoryFunctionalTest
2026-09-04T07:39:22.0147365Z [INFO] Tests run: 1, Failures: 0, Errors: 0, Skipped: 0, Time elapsed: 0 s -- in com.google.gson.functional.RuntimeTypeAdapterFactoryFunctionalTest
2026-09-04T07:39:22.0164454Z [INFO] Running com.google.gson.functional.TypeAdapterRuntimeTypeWrapperTest
2026-09-04T07:39:22.0244922Z [INFO] Tests run: 7, Failures: 0, Errors: 0, Skipped: 0, Time elapsed: 0.006 s -- in com.google.gson.functional.TypeAdapterRuntimeTypeWrapperTest
2026-09-04T07:39:22.0246801Z [INFO] Running com.google.gson.functional.FieldExclusionTest
2026-09-04T07:39:22.0320522Z [INFO] Tests run: 3, Failures: 0, Errors: 0, Skipped: 0, Time elapsed: 0 s -- in com.google.gson.functional.FieldExclusionTest
2026-09-04T07:39:22.0367212Z [INFO] Running com.google.gson.functional.ReadersWritersTest
2026-09-04T07:39:22.0434103Z [INFO] Tests run: 11, Failures: 0, Errors: 0, Skipped: 0, Time elapsed: 0.003 s -- in com.google.gson.functional.ReadersWritersTest
2026-09-04T07:39:22.0468406Z [INFO] Running com.google.gson.functional.SerializedNameTest
2026-09-04T07:39:22.0514928Z [INFO] Tests run: 3, Failures: 0, Errors: 0, Skipped: 0, Time elapsed: 0.002 s -- in com.google.gson.functional.SerializedNameTest
2026-09-04T07:39:22.0520552Z [INFO] Running com.google.gson.functional.NullObjectAndFieldTest
2026-09-04T07:39:22.0583810Z [INFO] Tests run: 16, Failures: 0, Errors: 0, Skipped: 0, Time elapsed: 0.002 s -- in com.google.gson.functional.NullObjectAndFieldTest
2026-09-04T07:39:22.0636840Z [INFO] Running com.google.gson.functional.CollectionTest
2026-09-04T07:39:22.0668253Z [INFO] Tests run: 30, Failures: 0, Errors: 0, Skipped: 0, Time elapsed: 0.016 s -- in com.google.gson.functional.CollectionTest
2026-09-04T07:39:22.0701370Z [INFO] Running com.google.gson.functional.VersioningTest
2026-09-04T07:39:22.0723775Z [INFO] Tests run: 10, Failures: 0, Errors: 0, Skipped: 0, Time elapsed: 0.007 s -- in com.google.gson.functional.VersioningTest
2026-09-04T07:39:22.0740979Z [INFO] Running com.google.gson.functional.ParameterizedTypesTest
2026-09-04T07:39:22.0998843Z [INFO] Tests run: 18, Failures: 0, Errors: 0, Skipped: 0, Time elapsed: 0.024 s -- in com.google.gson.functional.ParameterizedTypesTest
2026-09-04T07:39:22.1012660Z [INFO] Running com.google.gson.functional.RawSerializationTest
2026-09-04T07:39:22.1046814Z [INFO] Tests run: 5, Failures: 0, Errors: 0, Skipped: 0, Time elapsed: 0 s -- in com.google.gson.functional.RawSerializationTest
2026-09-04T07:39:22.1078976Z [INFO] Running com.google.gson.functional.ExclusionStrategyFunctionalTest
2026-09-04T07:39:22.1169998Z [INFO] Tests run: 9, Failures: 0, Errors: 0, Skipped: 0, Time elapsed: 0.008 s -- in com.google.gson.functional.ExclusionStrategyFunctionalTest
2026-09-04T07:39:22.1189340Z [INFO] Running com.google.gson.functional.TypeHierarchyAdapterTest
2026-09-04T07:39:22.1237374Z [INFO] Tests run: 3, Failures: 0, Errors: 0, Skipped: 0, Time elapsed: 0.004 s -- in com.google.gson.functional.TypeHierarchyAdapterTest
2026-09-04T07:39:22.1265915Z [INFO] Running com.google.gson.functional.UncategorizedTest
2026-09-04T07:39:22.1280160Z [INFO] Tests run: 6, Failures: 0, Errors: 0, Skipped: 0, Time elapsed: 0.003 s -- in com.google.gson.functional.UncategorizedTest
2026-09-04T07:39:22.1296492Z [INFO] Running com.google.gson.functional.FormattingStyleTest
2026-09-04T07:39:22.1677779Z [INFO] Tests run: 9, Failures: 0, Errors: 0, Skipped: 0, Time elapsed: 0.034 s -- in com.google.gson.functional.FormattingStyleTest
2026-09-04T07:39:22.1708574Z [INFO] Running com.google.gson.functional.PrimitiveCharacterTest
2026-09-04T07:39:22.1749704Z [INFO] Tests run: 3, Failures: 0, Errors: 0, Skipped: 0, Time elapsed: 0 s -- in com.google.gson.functional.PrimitiveCharacterTest
2026-09-04T07:39:22.1809032Z [INFO] Running com.google.gson.functional.EnumTest
2026-09-04T07:39:22.1810166Z [INFO] Tests run: 16, Failures: 0, Errors: 0, Skipped: 0, Time elapsed: 0.008 s -- in com.google.gson.functional.EnumTest
2026-09-04T07:39:22.1826550Z [INFO] Running com.google.gson.functional.ReflectionAccessFilterTest
2026-09-04T07:39:22.2051996Z [INFO] Tests run: 15, Failures: 0, Errors: 0, Skipped: 0, Time elapsed: 0.027 s -- in com.google.gson.functional.ReflectionAccessFilterTest
2026-09-04T07:39:22.2076887Z [INFO] Running com.google.gson.functional.InheritanceTest
2026-09-04T07:39:22.2131886Z [INFO] Tests run: 13, Failures: 0, Errors: 0, Skipped: 0, Time elapsed: 0.003 s -- in com.google.gson.functional.InheritanceTest
2026-09-04T07:39:22.2164123Z [INFO] Running com.google.gson.functional.PrintFormattingTest
2026-09-04T07:39:22.2193479Z [INFO] Tests run: 3, Failures: 0, Errors: 0, Skipped: 0, Time elapsed: 0 s -- in com.google.gson.functional.PrintFormattingTest
2026-09-04T07:39:22.2217269Z [INFO] Running com.google.gson.functional.PrimitiveTest
2026-09-04T07:39:22.2531758Z [INFO] Tests run: 106, Failures: 0, Errors: 0, Skipped: 0, Time elapsed: 0.033 s -- in com.google.gson.functional.PrimitiveTest
2026-09-04T07:39:22.2533868Z [INFO] Running com.google.gson.functional.ConcurrencyTest
2026-09-04T07:39:22.2780855Z [INFO] Tests run: 4, Failures: 0, Errors: 0, Skipped: 0, Time elapsed: 0.022 s -- in com.google.gson.functional.ConcurrencyTest
2026-09-04T07:39:22.2806971Z [INFO] Running com.google.gson.functional.JsonParserTest
2026-09-04T07:39:22.2917406Z [INFO] Tests run: 8, Failures: 0, Errors: 0, Skipped: 0, Time elapsed: 0.009 s -- in com.google.gson.functional.JsonParserTest
2026-09-04T07:39:22.2919090Z [INFO] Running com.google.gson.functional.JsonAdapterAnnotationOnClassesTest
2026-09-04T07:39:22.3182628Z [INFO] Tests run: 20, Failures: 0, Errors: 0, Skipped: 0, Time elapsed: 0.026 s -- in com.google.gson.functional.JsonAdapterAnnotationOnClassesTest
2026-09-04T07:39:22.3184343Z [INFO] Running com.google.gson.functional.InstanceCreatorTest
2026-09-04T07:39:22.3327465Z [INFO] Tests run: 5, Failures: 0, Errors: 0, Skipped: 0, Time elapsed: 0.008 s -- in com.google.gson.functional.InstanceCreatorTest
2026-09-04T07:39:22.3329523Z [INFO] Running com.google.gson.functional.CircularReferenceTest
2026-09-04T07:39:22.3561219Z [INFO] Tests run: 6, Failures: 0, Errors: 0, Skipped: 0, Time elapsed: 0.021 s -- in com.google.gson.functional.CircularReferenceTest
2026-09-04T07:39:22.3586633Z [INFO] Running com.google.gson.functional.MoreSpecificTypeSerializationTest
2026-09-04T07:39:22.3636317Z [INFO] Tests run: 6, Failures: 0, Errors: 0, Skipped: 0, Time elapsed: 0.006 s -- in com.google.gson.functional.MoreSpecificTypeSerializationTest
2026-09-04T07:39:22.3646616Z [INFO] Running com.google.gson.functional.JavaUtilConcurrentAtomicTest
2026-09-04T07:39:22.3789792Z [INFO] Tests run: 8, Failures: 0, Errors: 0, Skipped: 0, Time elapsed: 0.011 s -- in com.google.gson.functional.JavaUtilConcurrentAtomicTest
2026-09-04T07:39:22.3798175Z [INFO] Running com.google.gson.functional.Java17RecordTest
2026-09-04T07:39:22.4567046Z [INFO] Tests run: 25, Failures: 0, Errors: 0, Skipped: 0, Time elapsed: 0.077 s -- in com.google.gson.functional.Java17RecordTest
2026-09-04T07:39:22.4568850Z [INFO] Running com.google.gson.functional.GsonVersionDiagnosticsTest
2026-09-04T07:39:22.4629551Z [INFO] Tests run: 3, Failures: 0, Errors: 0, Skipped: 0, Time elapsed: 0.003 s -- in com.google.gson.functional.GsonVersionDiagnosticsTest
2026-09-04T07:39:22.4630889Z [INFO] Running com.google.gson.functional.CustomTypeAdaptersTest
2026-09-04T07:39:22.4784168Z [WARNING] Tests run: 21, Failures: 0, Errors: 0, Skipped: 2, Time elapsed: 0.013 s -- in com.google.gson.functional.CustomTypeAdaptersTest
2026-09-04T07:39:22.4816805Z [INFO] Running com.google.gson.functional.ReusedTypeVariablesFullyResolveTest
2026-09-04T07:39:22.4848440Z [INFO] Tests run: 1, Failures: 0, Errors: 0, Skipped: 0, Time elapsed: 0 s -- in com.google.gson.functional.ReusedTypeVariablesFullyResolveTest
2026-09-04T07:39:22.4886781Z [INFO] Running com.google.gson.functional.InterfaceTest
2026-09-04T07:39:22.4888949Z [INFO] Tests run: 2, Failures: 0, Errors: 0, Skipped: 0, Time elapsed: 0 s -- in com.google.gson.functional.InterfaceTest
2026-09-04T07:39:22.4907909Z [INFO] Running com.google.gson.functional.DelegateTypeAdapterTest
2026-09-04T07:39:22.4909557Z [INFO] Tests run: 2, Failures: 0, Errors: 0, Skipped: 0, Time elapsed: 0 s -- in com.google.gson.functional.DelegateTypeAdapterTest
2026-09-04T07:39:22.4911130Z [INFO] Running com.google.gson.functional.StringTest
2026-09-04T07:39:22.4912490Z [INFO] Tests run: 18, Failures: 0, Errors: 0, Skipped: 0, Time elapsed: 0 s -- in com.google.gson.functional.StringTest
2026-09-04T07:39:22.4913916Z [INFO] Running com.google.gson.functional.MapAsArrayTypeAdapterTest
2026-09-04T07:39:22.5071894Z [WARNING] Tests run: 11, Failures: 0, Errors: 0, Skipped: 1, Time elapsed: 0.015 s -- in com.google.gson.functional.MapAsArrayTypeAdapterTest
2026-09-04T07:39:22.5074117Z [INFO] Running com.google.gson.functional.ToNumberPolicyFunctionalTest
2026-09-04T07:39:22.5199884Z [INFO] Tests run: 7, Failures: 0, Errors: 0, Skipped: 0, Time elapsed: 0.006 s -- in com.google.gson.functional.ToNumberPolicyFunctionalTest
2026-09-04T07:39:22.5227288Z [INFO] Running com.google.gson.functional.NamingPolicyTest
2026-09-04T07:39:22.5360483Z [INFO] Tests run: 22, Failures: 0, Errors: 0, Skipped: 0, Time elapsed: 0.009 s -- in com.google.gson.functional.NamingPolicyTest
2026-09-04T07:39:22.5386456Z [INFO] Running com.google.gson.functional.NumberLimitsTest
2026-09-04T07:39:22.5897356Z [INFO] Tests run: 6, Failures: 0, Errors: 0, Skipped: 0, Time elapsed: 0.052 s -- in com.google.gson.functional.NumberLimitsTest
2026-09-04T07:39:22.5898776Z [INFO] Running com.google.gson.functional.TypeAdapterPrecedenceTest
2026-09-04T07:39:22.5977414Z [INFO] Tests run: 8, Failures: 0, Errors: 0, Skipped: 0, Time elapsed: 0.004 s -- in com.google.gson.functional.TypeAdapterPrecedenceTest
2026-09-04T07:39:22.6036567Z [INFO] Running com.google.gson.JsonArrayTest
2026-09-04T07:39:22.6126967Z [INFO] Tests run: 18, Failures: 0, Errors: 0, Skipped: 0, Time elapsed: 0.011 s -- in com.google.gson.JsonArrayTest
2026-09-04T07:39:22.6186550Z [INFO] Running com.google.gson.DefaultMapJsonSerializerTest
2026-09-04T07:39:22.6216789Z [INFO] Tests run: 3, Failures: 0, Errors: 0, Skipped: 0, Time elapsed: 0 s -- in com.google.gson.DefaultMapJsonSerializerTest
2026-09-04T07:39:22.6246299Z [INFO] Running com.google.gson.GenericArrayTypeTest
2026-09-04T07:39:22.6276835Z [INFO] Tests run: 2, Failures: 0, Errors: 0, Skipped: 0, Time elapsed: 0.002 s -- in com.google.gson.GenericArrayTypeTest
2026-09-04T07:39:22.6306262Z [INFO] Running com.google.gson.JsonObjectTest
2026-09-04T07:39:22.6356913Z [INFO] Tests run: 18, Failures: 0, Errors: 0, Skipped: 0, Time elapsed: 0.006 s -- in com.google.gson.JsonObjectTest
2026-09-04T07:39:22.6366777Z [INFO] Running com.google.gson.JsonObjectAsMapSuiteTest
2026-09-04T07:39:23.1057534Z [INFO] Tests run: 906, Failures: 0, Errors: 0, Skipped: 0, Time elapsed: 0.431 s -- in com.google.gson.JsonObjectAsMapSuiteTest
2026-09-04T07:39:23.1106735Z [INFO] Running com.google.gson.ParameterizedTypeTest
2026-09-04T07:39:23.1146806Z [INFO] Tests run: 2, Failures: 0, Errors: 0, Skipped: 0, Time elapsed: 0 s -- in com.google.gson.ParameterizedTypeTest
2026-09-04T07:39:23.1206790Z [INFO] Running com.google.gson.internal.UnsafeAllocatorInstantiationTest
2026-09-04T07:39:23.1266836Z [INFO] Tests run: 3, Failures: 0, Errors: 0, Skipped: 0, Time elapsed: 0.001 s -- in com.google.gson.internal.UnsafeAllocatorInstantiationTest
2026-09-04T07:39:23.1296567Z [INFO] Running com.google.gson.internal.ConstructorConstructorTest
2026-09-04T07:39:23.1356809Z [INFO] Tests run: 7, Failures: 0, Errors: 0, Skipped: 0, Time elapsed: 0 s -- in com.google.gson.internal.ConstructorConstructorTest
2026-09-04T07:39:23.1358023Z [INFO] Running com.google.gson.internal.bind.JsonTreeReaderTest
2026-09-04T07:39:23.1359250Z [INFO] Tests run: 17, Failures: 0, Errors: 0, Skipped: 0, Time elapsed: 0 s -- in com.google.gson.internal.bind.JsonTreeReaderTest
2026-09-04T07:39:23.1360429Z [INFO] Running com.google.gson.internal.bind.RecursiveTypesResolveTest
2026-09-04T07:39:23.1361666Z [INFO] Tests run: 7, Failures: 0, Errors: 0, Skipped: 0, Time elapsed: 0.001 s -- in com.google.gson.internal.bind.RecursiveTypesResolveTest
2026-09-04T07:39:23.1362972Z [INFO] Running com.google.gson.internal.bind.DefaultDateTypeAdapterTest
2026-09-04T07:39:23.3526307Z [INFO] Tests run: 11, Failures: 0, Errors: 0, Skipped: 0, Time elapsed: 0.220 s -- in com.google.gson.internal.bind.DefaultDateTypeAdapterTest
2026-09-04T07:39:23.3528188Z [INFO] Running com.google.gson.internal.bind.Java17ReflectiveTypeAdapterFactoryTest
2026-09-04T07:39:23.3627369Z [INFO] Tests run: 2, Failures: 0, Errors: 0, Skipped: 0, Time elapsed: 0.006 s -- in com.google.gson.internal.bind.Java17ReflectiveTypeAdapterFactoryTest
2026-09-04T07:39:23.3669457Z [INFO] Running com.google.gson.internal.bind.util.ISO8601UtilsTest
2026-09-04T07:39:23.3701952Z [INFO] Tests run: 9, Failures: 0, Errors: 0, Skipped: 0, Time elapsed: 0.005 s -- in com.google.gson.internal.bind.util.ISO8601UtilsTest
2026-09-04T07:39:23.3703202Z [INFO] Running com.google.gson.internal.bind.JsonElementReaderTest
2026-09-04T07:39:23.3747409Z [INFO] Tests run: 18, Failures: 0, Errors: 0, Skipped: 0, Time elapsed: 0.005 s -- in com.google.gson.internal.bind.JsonElementReaderTest
2026-09-04T07:39:23.3748915Z [INFO] Running com.google.gson.internal.bind.JsonTreeWriterTest
2026-09-04T07:39:23.3840485Z [INFO] Tests run: 26, Failures: 0, Errors: 0, Skipped: 0, Time elapsed: 0.007 s -- in com.google.gson.internal.bind.JsonTreeWriterTest
2026-09-04T07:39:23.3853366Z [INFO] Running com.google.gson.internal.JavaVersionTest
2026-09-04T07:39:23.3889661Z [INFO] Tests run: 7, Failures: 0, Errors: 0, Skipped: 0, Time elapsed: 0 s -- in com.google.gson.internal.JavaVersionTest
2026-09-04T07:39:23.3924832Z [INFO] Running com.google.gson.internal.LinkedTreeMapTest
2026-09-04T07:39:23.4193121Z [INFO] Tests run: 18, Failures: 0, Errors: 0, Skipped: 0, Time elapsed: 0.029 s -- in com.google.gson.internal.LinkedTreeMapTest
2026-09-04T07:39:23.4226566Z [INFO] Running com.google.gson.internal.LinkedTreeMapSuiteTest
2026-09-04T07:39:23.9137391Z [INFO] Tests run: 1860, Failures: 0, Errors: 0, Skipped: 0, Time elapsed: 0.383 s -- in com.google.gson.internal.LinkedTreeMapSuiteTest
2026-09-04T07:39:23.9156311Z [INFO] Running com.google.gson.internal.GsonTypesTest
2026-09-04T07:39:23.9186746Z [INFO] Tests run: 6, Failures: 0, Errors: 0, Skipped: 0, Time elapsed: 0 s -- in com.google.gson.internal.GsonTypesTest
2026-09-04T07:39:23.9211452Z [INFO] Running com.google.gson.internal.StreamsTest
2026-09-04T07:39:23.9250140Z [INFO] Tests run: 1, Failures: 0, Errors: 0, Skipped: 0, Time elapsed: 0 s -- in com.google.gson.internal.StreamsTest
2026-09-04T07:39:23.9278022Z [INFO] Running com.google.gson.internal.reflect.Java17ReflectionHelperTest
2026-09-04T07:39:23.9326845Z [INFO] Tests run: 2, Failures: 0, Errors: 0, Skipped: 0, Time elapsed: 0 s -- in com.google.gson.internal.reflect.Java17ReflectionHelperTest
2026-09-04T07:39:23.9346453Z [INFO] Running com.google.gson.internal.GsonBuildConfigTest
2026-09-04T07:39:23.9377734Z [INFO] Tests run: 1, Failures: 0, Errors: 0, Skipped: 0, Time elapsed: 0.001 s -- in com.google.gson.internal.GsonBuildConfigTest
2026-09-04T07:39:23.9426485Z [INFO] Running com.google.gson.internal.LazilyParsedNumberTest
2026-09-04T07:39:23.9476782Z [INFO] Tests run: 4, Failures: 0, Errors: 0, Skipped: 0, Time elapsed: 0 s -- in com.google.gson.internal.LazilyParsedNumberTest
2026-09-04T07:39:23.9516672Z [INFO] Running com.google.gson.internal.sql.SqlTypesGsonTest
2026-09-04T07:39:23.9576898Z [INFO] Tests run: 9, Failures: 0, Errors: 0, Skipped: 0, Time elapsed: 0 s -- in com.google.gson.internal.sql.SqlTypesGsonTest
2026-09-04T07:39:23.9606478Z [INFO] Running com.google.gson.internal.sql.SqlTypesSupportTest
2026-09-04T07:39:23.9636885Z [INFO] Tests run: 1, Failures: 0, Errors: 0, Skipped: 0, Time elapsed: 0 s -- in com.google.gson.internal.sql.SqlTypesSupportTest
2026-09-04T07:39:23.9646283Z [INFO] Running com.google.gson.JsonNullTest
2026-09-04T07:39:23.9666617Z [INFO] Tests run: 3, Failures: 0, Errors: 0, Skipped: 0, Time elapsed: 0 s -- in com.google.gson.JsonNullTest
2026-09-04T07:39:23.9696431Z [INFO] Running com.google.gson.ExposeAnnotationExclusionStrategyTest
2026-09-04T07:39:23.9724405Z [INFO] Tests run: 6, Failures: 0, Errors: 0, Skipped: 0, Time elapsed: 0.001 s -- in com.google.gson.ExposeAnnotationExclusionStrategyTest
2026-09-04T07:39:23.9736208Z [INFO] Running com.google.gson.MixedStreamTest
2026-09-04T07:39:23.9756738Z [INFO] Tests run: 13, Failures: 0, Errors: 0, Skipped: 0, Time elapsed: 0.001 s -- in com.google.gson.MixedStreamTest
2026-09-04T07:39:23.9787223Z [INFO] Running com.google.gson.DefaultInetAddressTypeAdapterTest
2026-09-04T07:39:23.9817340Z [INFO] Tests run: 4, Failures: 0, Errors: 0, Skipped: 0, Time elapsed: 0 s -- in com.google.gson.DefaultInetAddressTypeAdapterTest
2026-09-04T07:39:23.9826107Z [INFO] Running com.google.gson.SubsetTest
2026-09-04T07:39:23.9844806Z [INFO] Tests run: 2, Failures: 0, Errors: 0, Skipped: 0, Time elapsed: 0.001 s -- in com.google.gson.SubsetTest
2026-09-04T07:39:23.9876397Z [INFO] Running com.google.gson.ToNumberPolicyTest
2026-09-04T07:39:23.9906738Z [INFO] Tests run: 5, Failures: 0, Errors: 0, Skipped: 0, Time elapsed: 0 s -- in com.google.gson.ToNumberPolicyTest
2026-09-04T07:39:23.9916288Z [INFO] Running com.google.gson.FieldNamingPolicyTest
2026-09-04T07:39:23.9936645Z [INFO] Tests run: 4, Failures: 0, Errors: 0, Skipped: 0, Time elapsed: 0 s -- in com.google.gson.FieldNamingPolicyTest
2026-09-04T07:39:23.9966406Z [INFO] Running com.google.gson.JavaSerializationTest
2026-09-04T07:39:23.9996711Z [INFO] Tests run: 3, Failures: 0, Errors: 0, Skipped: 0, Time elapsed: 0 s -- in com.google.gson.JavaSerializationTest
2026-09-04T07:39:24.0006367Z [INFO] Running com.google.gson.JsonArrayAsListSuiteTest
2026-09-04T07:39:24.4288754Z [INFO] Tests run: 404, Failures: 0, Errors: 0, Skipped: 0, Time elapsed: 0.455 s -- in com.google.gson.JsonArrayAsListSuiteTest
2026-09-04T07:39:24.4336391Z [INFO] Running com.google.gson.ObjectTypeAdapterTest
2026-09-04T07:39:24.4699731Z [INFO] Tests run: 7, Failures: 0, Errors: 0, Skipped: 0, Time elapsed: 0.040 s -- in com.google.gson.ObjectTypeAdapterTest
2026-09-04T07:39:24.4733869Z [INFO] Running com.google.gson.metrics.PerformanceTest
2026-09-04T07:39:24.4739821Z [WARNING] Tests run: 12, Failures: 0, Errors: 0, Skipped: 11, Time elapsed: 0 s -- in com.google.gson.metrics.PerformanceTest
2026-09-04T07:39:24.4741169Z [INFO] Running com.google.gson.reflect.TypeTokenTest
2026-09-04T07:39:24.4842696Z [INFO] Tests run: 11, Failures: 0, Errors: 0, Skipped: 0, Time elapsed: 0.009 s -- in com.google.gson.reflect.TypeTokenTest
2026-09-04T07:39:24.4858664Z [INFO] Running com.google.gson.InnerClassExclusionStrategyTest
2026-09-04T07:39:24.4865805Z [INFO] Tests run: 4, Failures: 0, Errors: 0, Skipped: 0, Time elapsed: 0 s -- in com.google.gson.InnerClassExclusionStrategyTest
2026-09-04T07:39:24.4892646Z [INFO] Running com.google.gson.LongSerializationPolicyTest
2026-09-04T07:39:24.4894304Z [INFO] Tests run: 6, Failures: 0, Errors: 0, Skipped: 0, Time elapsed: 0 s -- in com.google.gson.LongSerializationPolicyTest
2026-09-04T07:39:24.4895936Z [INFO] Running com.google.gson.TypeAdapterTest
2026-09-04T07:39:24.4897108Z [INFO] Tests run: 6, Failures: 0, Errors: 0, Skipped: 0, Time elapsed: 0 s -- in com.google.gson.TypeAdapterTest
2026-09-04T07:39:24.4898349Z [INFO] Running com.google.gson.JsonParserParameterizedTest
2026-09-04T07:39:24.5004150Z [INFO] Tests run: 8, Failures: 0, Errors: 0, Skipped: 0, Time elapsed: 0.008 s -- in com.google.gson.JsonParserParameterizedTest
2026-09-04T07:39:24.5044691Z [INFO] Running com.google.gson.ObjectTypeAdapterParameterizedTest
2026-09-04T07:39:24.5088749Z [INFO] Tests run: 8, Failures: 0, Errors: 0, Skipped: 0, Time elapsed: 0.001 s -- in com.google.gson.ObjectTypeAdapterParameterizedTest
2026-09-04T07:39:24.5098373Z [INFO] Running com.google.gson.JsonParserTest
2026-09-04T07:39:24.5340189Z [INFO] Tests run: 14, Failures: 0, Errors: 0, Skipped: 0, Time elapsed: 0.026 s -- in com.google.gson.JsonParserTest
2026-09-04T07:39:24.5360190Z [INFO] Running com.google.gson.JsonStreamParserTest
2026-09-04T07:39:24.5361686Z [INFO] Tests run: 7, Failures: 0, Errors: 0, Skipped: 0, Time elapsed: 0 s -- in com.google.gson.JsonStreamParserTest
2026-09-04T07:39:24.5364384Z [INFO] Running com.google.gson.GsonTest
2026-09-04T07:39:24.5511113Z [INFO] Tests run: 14, Failures: 0, Errors: 0, Skipped: 0, Time elapsed: 0.010 s -- in com.google.gson.GsonTest
2026-09-04T07:39:24.5537191Z [INFO] Running com.google.gson.OverrideCoreTypeAdaptersTest
2026-09-04T07:39:24.5543481Z [INFO] Tests run: 3, Failures: 0, Errors: 0, Skipped: 0, Time elapsed: 0 s -- in com.google.gson.OverrideCoreTypeAdaptersTest
2026-09-04T07:39:24.5544891Z [INFO] Running com.google.gson.stream.JsonReaderPathTest
2026-09-04T07:39:24.5563670Z [WARNING] Tests run: 30, Failures: 0, Errors: 0, Skipped: 1, Time elapsed: 0 s -- in com.google.gson.stream.JsonReaderPathTest
2026-09-04T07:39:24.5566918Z [INFO] Running com.google.gson.stream.JsonWriterTest
2026-09-04T07:39:24.5709546Z [INFO] Tests run: 55, Failures: 0, Errors: 0, Skipped: 0, Time elapsed: 0.009 s -- in com.google.gson.stream.JsonWriterTest
2026-09-04T07:39:24.5729851Z [INFO] Running com.google.gson.stream.JsonReaderTest
2026-09-04T07:39:24.6288145Z [WARNING] Tests run: 162, Failures: 0, Errors: 0, Skipped: 3, Time elapsed: 0.052 s -- in com.google.gson.stream.JsonReaderTest
2026-09-04T07:39:24.6296820Z [INFO] Running com.google.gson.CommentsTest
2026-09-04T07:39:24.6387021Z [INFO] Tests run: 1, Failures: 0, Errors: 0, Skipped: 0, Time elapsed: 0 s -- in com.google.gson.CommentsTest
2026-09-04T07:39:24.6427870Z [INFO] Running com.google.gson.VersionExclusionStrategyTest
2026-09-04T07:39:24.6429931Z [INFO] Tests run: 3, Failures: 0, Errors: 0, Skipped: 0, Time elapsed: 0 s -- in com.google.gson.VersionExclusionStrategyTest
2026-09-04T07:39:24.6431744Z [INFO] Running com.google.gson.FieldAttributesTest
2026-09-04T07:39:24.6433243Z [INFO] Tests run: 5, Failures: 0, Errors: 0, Skipped: 0, Time elapsed: 0 s -- in com.google.gson.FieldAttributesTest
2026-09-04T07:39:24.6435132Z [INFO] Running com.google.gson.GsonTypeAdapterTest
2026-09-04T07:39:24.6456817Z [INFO] Tests run: 5, Failures: 0, Errors: 0, Skipped: 0, Time elapsed: 0 s -- in com.google.gson.GsonTypeAdapterTest
2026-09-04T07:39:24.6457824Z [INFO] Running com.google.gson.GsonBuilderTest
2026-09-04T07:39:24.6476015Z [WARNING] Tests run: 22, Failures: 0, Errors: 0, Skipped: 1, Time elapsed: 0 s -- in com.google.gson.GsonBuilderTest
2026-09-04T07:39:24.6494754Z [INFO] Running com.google.gson.JsonObjectAsMapTest
2026-09-04T07:39:24.6496744Z [INFO] Tests run: 13, Failures: 0, Errors: 0, Skipped: 0, Time elapsed: 0 s -- in com.google.gson.JsonObjectAsMapTest
2026-09-04T07:39:24.6942966Z [INFO] 
2026-09-04T07:39:24.6943513Z [INFO] Results:
2026-09-04T07:39:24.6943911Z [INFO] 
2026-09-04T07:39:24.6947464Z [INFO] Tests run: 4633, Failures: 0, Errors: 0, Skipped: 20
2026-09-04T07:39:24.6948025Z [INFO] 
2026-09-04T07:39:24.6973852Z [INFO] 
2026-09-04T07:39:24.6974667Z [INFO] --- jar:3.5.1:jar (default-jar) @ gson ---
2026-09-04T07:39:25.3903737Z [INFO] Building jar: /home/runner/work/gson/gson/gson/target/gson-2.14.1-SNAPSHOT.jar
2026-09-04T07:39:25.4734160Z [INFO] 
2026-09-04T07:39:25.4740774Z [INFO] --- moditect:1.3.0.Final:add-module-info (add-module-info) @ gson ---
2026-09-04T07:39:26.0514378Z [INFO] 
2026-09-04T07:39:26.0516161Z [INFO] --- failsafe:3.5.6:integration-test (default) @ gson ---
2026-09-04T07:39:26.1230625Z [INFO] Using auto detected provider org.apache.maven.surefire.junit4.JUnit4Provider
2026-09-04T07:39:26.1378128Z [INFO] 
2026-09-04T07:39:26.1379140Z [INFO] -------------------------------------------------------
2026-09-04T07:39:26.1380144Z [INFO]  T E S T S
2026-09-04T07:39:26.1380996Z [INFO] -------------------------------------------------------
2026-09-04T07:39:26.3667097Z [INFO] Running com.google.gson.integration.OSGiManifestIT
2026-09-04T07:39:26.4670903Z [INFO] Tests run: 4, Failures: 0, Errors: 0, Skipped: 0, Time elapsed: 0.100 s -- in com.google.gson.integration.OSGiManifestIT
2026-09-04T07:39:26.4758248Z [INFO] 
2026-09-04T07:39:26.4758659Z [INFO] Results:
2026-09-04T07:39:26.4758994Z [INFO] 
2026-09-04T07:39:26.4762060Z [INFO] Tests run: 4, Failures: 0, Errors: 0, Skipped: 0
2026-09-04T07:39:26.4762695Z [INFO] 
2026-09-04T07:39:26.4794089Z [INFO] 
2026-09-04T07:39:26.4794557Z [INFO] --- spotless:3.8.0:check (default) @ gson ---
2026-09-04T07:39:26.5024528Z [INFO] Index file does not exist. Fallback to an empty index
2026-09-04T07:39:26.5112296Z [INFO] Spotless.Format is keeping 2 files clean - 0 needs changes to be clean, 2 were already clean, 0 were skipped because caching determined they were already clean
2026-09-04T07:39:31.2311356Z [INFO] Spotless.Java is keeping 209 files clean - 0 needs changes to be clean, 209 were already clean, 0 were skipped because caching determined they were already clean
2026-09-04T07:39:31.2336460Z [INFO] 
2026-09-04T07:39:31.2356535Z [INFO] --- artifact:3.6.1:buildinfo (default) @ gson ---
2026-09-04T07:39:31.2376657Z [INFO] Auto-skipping goal because module skips install and/or deploy
2026-09-04T07:39:31.2377078Z [INFO] 
2026-09-04T07:39:31.2377356Z [INFO] --- failsafe:3.5.6:verify (default) @ gson ---
2026-09-04T07:39:31.4505679Z [INFO] 
2026-09-04T07:39:31.4506410Z [INFO] --- javadoc:3.12.0:jar (default-cli) @ gson ---
2026-09-04T07:39:35.2897200Z [INFO] Building jar: /home/runner/work/gson/gson/gson/target/gson-2.14.1-SNAPSHOT-javadoc.jar
2026-09-04T07:39:35.3499386Z [INFO] 
2026-09-04T07:39:35.3500558Z [INFO] -------------------< com.google.code.gson:test-jpms >-------------------
2026-09-04T07:39:35.3503166Z [INFO] Building Test: Java Platform Module System (JPMS) 2.14.1-SNAPSHOT  [3/8]
2026-09-04T07:39:35.3504241Z [INFO]   from test-jpms/pom.xml
2026-09-04T07:39:35.3506625Z [INFO] --------------------------------[ jar ]---------------------------------
2026-09-04T07:39:35.4846965Z [INFO] 
2026-09-04T07:39:35.4848139Z [INFO] --- enforcer:3.6.3:enforce (enforce-versions) @ test-jpms ---
2026-09-04T07:39:35.5300674Z [INFO] Rule 0: org.apache.maven.enforcer.rules.version.RequireMavenVersion passed
2026-09-04T07:39:35.5363715Z [INFO] Rule 1: org.apache.maven.enforcer.rules.version.RequireJavaVersion passed
2026-09-04T07:39:35.5364527Z [INFO] 
2026-09-04T07:39:35.5365029Z [INFO] --- resources:3.4.0:resources (default-resources) @ test-jpms ---
2026-09-04T07:39:35.5640220Z [INFO] skip non existing resourceDirectory /home/runner/work/gson/gson/test-jpms/src/main/resources
2026-09-04T07:39:35.5645112Z [INFO] 
2026-09-04T07:39:35.5646289Z [INFO] --- compiler:3.15.0:compile (default-compile) @ test-jpms ---
2026-09-04T07:39:35.6311525Z [INFO] Recompiling the module because of changed dependency.
2026-09-04T07:39:35.6352563Z [INFO] Compiling 1 source file with javac [debug deprecation release 11] to target/classes
2026-09-04T07:39:36.2264227Z [INFO] 
2026-09-04T07:39:36.2264965Z [INFO] --- resources:3.4.0:testResources (default-testResources) @ test-jpms ---
2026-09-04T07:39:36.2309609Z [INFO] skip non existing resourceDirectory /home/runner/work/gson/gson/test-jpms/src/test/resources
2026-09-04T07:39:36.2310558Z [INFO] 
2026-09-04T07:39:36.2311147Z [INFO] --- compiler:3.15.0:testCompile (default-testCompile) @ test-jpms ---
2026-09-04T07:39:36.2584569Z [INFO] Recompiling the module because of changed dependency.
2026-09-04T07:39:36.2607328Z [INFO] Compiling 5 source files with javac [debug deprecation release 11 module-path] to target/test-classes
2026-09-04T07:39:37.2885078Z [INFO] 
2026-09-04T07:39:37.2916750Z [INFO] --- surefire:3.5.6:test (default-test) @ test-jpms ---
2026-09-04T07:39:37.3494065Z [INFO] Using auto detected provider org.apache.maven.surefire.junit4.JUnit4Provider
2026-09-04T07:39:37.3689210Z [INFO] 
2026-09-04T07:39:37.3725998Z [INFO] -------------------------------------------------------
2026-09-04T07:39:37.3746836Z [INFO]  T E S T S
2026-09-04T07:39:37.3766936Z [INFO] -------------------------------------------------------
2026-09-04T07:39:37.7857399Z [INFO] Running com.google.gson.jpms_test.ReflectionInaccessibleTest
2026-09-04T07:39:37.8886271Z [INFO] Tests run: 2, Failures: 0, Errors: 0, Skipped: 0, Time elapsed: 0.097 s -- in com.google.gson.jpms_test.ReflectionInaccessibleTest
2026-09-04T07:39:37.8888322Z [INFO] Running com.google.gson.jpms_test.opened.ReflectionTest
2026-09-04T07:39:37.8935480Z [INFO] Tests run: 2, Failures: 0, Errors: 0, Skipped: 0, Time elapsed: 0 s -- in com.google.gson.jpms_test.opened.ReflectionTest
2026-09-04T07:39:37.8938316Z [INFO] Running com.google.gson.jpms_test.ModuleTest
2026-09-04T07:39:37.9059431Z [INFO] Tests run: 2, Failures: 0, Errors: 0, Skipped: 0, Time elapsed: 0.010 s -- in com.google.gson.jpms_test.ModuleTest
2026-09-04T07:39:37.9086523Z [INFO] Running com.google.gson.jpms_test.ExportedPackagesTest
2026-09-04T07:39:37.9220321Z [INFO] Tests run: 6, Failures: 0, Errors: 0, Skipped: 0, Time elapsed: 0.014 s -- in com.google.gson.jpms_test.ExportedPackagesTest
2026-09-04T07:39:37.9353792Z [INFO] 
2026-09-04T07:39:37.9354439Z [INFO] Results:
2026-09-04T07:39:37.9355377Z [INFO] 
2026-09-04T07:39:37.9367826Z [INFO] Tests run: 12, Failures: 0, Errors: 0, Skipped: 0
2026-09-04T07:39:37.9368528Z [INFO] 
2026-09-04T07:39:37.9409588Z [INFO] 
2026-09-04T07:39:37.9412667Z [INFO] --- jar:3.5.1:jar (default-jar) @ test-jpms ---
2026-09-04T07:39:38.1731570Z [INFO] Building jar: /home/runner/work/gson/gson/test-jpms/target/test-jpms-2.14.1-SNAPSHOT.jar
2026-09-04T07:39:38.4935452Z [INFO] 
2026-09-04T07:39:38.4936716Z [INFO] --- spotless:3.8.0:check (default) @ test-jpms ---
2026-09-04T07:39:38.6427072Z [INFO] Index file does not exist. Fallback to an empty index
2026-09-04T07:39:38.6454761Z [INFO] Spotless.Format is keeping 2 files clean - 0 needs changes to be clean, 2 were already clean, 0 were skipped because caching determined they were already clean
2026-09-04T07:39:38.8750076Z [INFO] Spotless.Java is keeping 6 files clean - 0 needs changes to be clean, 6 were already clean, 0 were skipped because caching determined they were already clean
2026-09-04T07:39:38.8770735Z [INFO] 
2026-09-04T07:39:38.8772075Z [INFO] --- artifact:3.6.1:buildinfo (default) @ test-jpms ---
2026-09-04T07:39:38.9757135Z [INFO] Auto-skipping goal because module skips install and/or deploy
2026-09-04T07:39:38.9758205Z [INFO] 
2026-09-04T07:39:38.9758960Z [INFO] --- javadoc:3.12.0:jar (default-cli) @ test-jpms ---
2026-09-04T07:39:39.1053950Z [INFO] Skipping javadoc generation
2026-09-04T07:39:39.1054931Z [INFO] 
2026-09-04T07:39:39.1056456Z [INFO] ------------< com.google.code.gson:test-graal-native-image >------------
2026-09-04T07:39:39.1057672Z [INFO] Building Test: GraalVM Native Image 2.14.1-SNAPSHOT                [4/8]
2026-09-04T07:39:39.1061264Z [INFO]   from test-graal-native-image/pom.xml
2026-09-04T07:39:39.1062265Z [INFO] --------------------------------[ jar ]---------------------------------
2026-09-04T07:39:39.4523572Z [INFO] 
2026-09-04T07:39:39.4524241Z [INFO] --- enforcer:3.6.3:enforce (enforce-versions) @ test-graal-native-image ---
2026-09-04T07:39:39.4542216Z [INFO] 
2026-09-04T07:39:39.4542915Z [INFO] --- resources:3.4.0:resources (default-resources) @ test-graal-native-image ---
2026-09-04T07:39:39.4551853Z [INFO] skip non existing resourceDirectory /home/runner/work/gson/gson/test-graal-native-image/src/main/resources
2026-09-04T07:39:39.4552816Z [INFO] 
2026-09-04T07:39:39.4553424Z [INFO] --- compiler:3.15.0:compile (default-compile) @ test-graal-native-image ---
2026-09-04T07:39:39.4580893Z [INFO] No sources to compile
2026-09-04T07:39:39.4581515Z [INFO] 
2026-09-04T07:39:39.4582156Z [INFO] --- resources:3.4.0:testResources (default-testResources) @ test-graal-native-image ---
2026-09-04T07:39:39.4611304Z [INFO] Copying 1 resource from src/test/resources to target/test-classes
2026-09-04T07:39:39.4638928Z [INFO] 
2026-09-04T07:39:39.4640100Z [INFO] --- compiler:3.15.0:testCompile (default-testCompile) @ test-graal-native-image ---
2026-09-04T07:39:39.4707420Z [INFO] Recompiling the module because of changed dependency.
2026-09-04T07:39:39.4713832Z [INFO] Compiling 2 source files with javac [debug deprecation release 17] to target/test-classes
2026-09-04T07:39:40.5944748Z [INFO] 
2026-09-04T07:39:40.5947165Z [INFO] --- surefire:3.5.6:test (default-test) @ test-graal-native-image ---
2026-09-04T07:39:40.5995496Z [INFO] Using auto detected provider org.apache.maven.surefire.junitplatform.JUnitPlatformProvider
2026-09-04T07:39:40.7466932Z [INFO] 
2026-09-04T07:39:40.7467606Z [INFO] -------------------------------------------------------
2026-09-04T07:39:40.7470899Z [INFO]  T E S T S
2026-09-04T07:39:40.7471496Z [INFO] -------------------------------------------------------
2026-09-04T07:39:41.6254505Z [INFO] Running com.google.gson.native_test.ReflectionTest
2026-09-04T07:39:41.7977518Z [INFO] Tests run: 10, Failures: 0, Errors: 0, Skipped: 0, Time elapsed: 0.165 s -- in com.google.gson.native_test.ReflectionTest
2026-09-04T07:39:41.7999429Z [INFO] Running com.google.gson.native_test.Java17RecordReflectionTest
2026-09-04T07:39:41.8283998Z [INFO] Tests run: 10, Failures: 0, Errors: 0, Skipped: 0, Time elapsed: 0.031 s -- in com.google.gson.native_test.Java17RecordReflectionTest
2026-09-04T07:39:41.8650043Z [INFO] 
2026-09-04T07:39:41.8650488Z [INFO] Results:
2026-09-04T07:39:41.8650935Z [INFO] 
2026-09-04T07:39:41.8651460Z [INFO] Tests run: 20, Failures: 0, Errors: 0, Skipped: 0
2026-09-04T07:39:41.8652169Z [INFO] 
2026-09-04T07:39:41.8657327Z [INFO] 
2026-09-04T07:39:41.8657869Z [INFO] --- jar:3.5.1:jar (default-jar) @ test-graal-native-image ---
2026-09-04T07:39:41.8666801Z [INFO] Skipping packaging of the jar
2026-09-04T07:39:41.8667772Z [INFO] 
2026-09-04T07:39:41.8668382Z [INFO] --- spotless:3.8.0:check (default) @ test-graal-native-image ---
2026-09-04T07:39:41.8739524Z [INFO] Index file does not exist. Fallback to an empty index
2026-09-04T07:39:41.8750661Z [INFO] Spotless.Format is keeping 2 files clean - 0 needs changes to be clean, 2 were already clean, 0 were skipped because caching determined they were already clean
2026-09-04T07:39:42.0094029Z [INFO] Spotless.Java is keeping 2 files clean - 0 needs changes to be clean, 2 were already clean, 0 were skipped because caching determined they were already clean
2026-09-04T07:39:42.0097093Z [INFO] 
2026-09-04T07:39:42.0098036Z [INFO] --- artifact:3.6.1:buildinfo (default) @ test-graal-native-image ---
2026-09-04T07:39:42.0114328Z [INFO] Auto-skipping goal because module skips install and/or deploy
2026-09-04T07:39:42.0115282Z [INFO] 
2026-09-04T07:39:42.0116494Z [INFO] --- javadoc:3.12.0:jar (default-cli) @ test-graal-native-image ---
2026-09-04T07:39:42.0136478Z [INFO] Skipping javadoc generation
2026-09-04T07:39:42.0137230Z [INFO] 
2026-09-04T07:39:42.0137999Z [INFO] -----------------< com.google.code.gson:test-shrinker >-----------------
2026-09-04T07:39:42.0139090Z [INFO] Building Test: Code shrinking (ProGuard / R8) 2.14.1-SNAPSHOT      [5/8]
2026-09-04T07:39:42.0140031Z [INFO]   from test-shrinker/pom.xml
2026-09-04T07:39:42.0140846Z [INFO] --------------------------------[ jar ]---------------------------------
2026-09-04T07:39:42.8042647Z [INFO] 
2026-09-04T07:39:42.8043533Z [INFO] --- enforcer:3.6.3:enforce (enforce-versions) @ test-shrinker ---
2026-09-04T07:39:42.8547447Z [INFO] Rule 0: org.apache.maven.enforcer.rules.version.RequireMavenVersion passed
2026-09-04T07:39:42.8613486Z [INFO] Rule 1: org.apache.maven.enforcer.rules.version.RequireJavaVersion passed
2026-09-04T07:39:42.8614315Z [INFO] 
2026-09-04T07:39:42.8614876Z [INFO] --- resources:3.4.0:resources (default-resources) @ test-shrinker ---
2026-09-04T07:39:42.8820213Z [INFO] skip non existing resourceDirectory /home/runner/work/gson/gson/test-shrinker/src/main/resources
2026-09-04T07:39:42.8821615Z [INFO] 
2026-09-04T07:39:42.8822687Z [INFO] --- compiler:3.15.0:compile (default-compile) @ test-shrinker ---
2026-09-04T07:39:42.9259613Z [INFO] Recompiling the module because of changed dependency.
2026-09-04T07:39:42.9311124Z [INFO] Compiling 18 source files with javac [debug deprecation release 8] to target/classes
2026-09-04T07:39:44.1016951Z [INFO] 
2026-09-04T07:39:44.1019573Z [INFO] --- resources:3.4.0:testResources (default-testResources) @ test-shrinker ---
2026-09-04T07:39:44.1036362Z [INFO] skip non existing resourceDirectory /home/runner/work/gson/gson/test-shrinker/src/test/resources
2026-09-04T07:39:44.1038047Z [INFO] 
2026-09-04T07:39:44.1039526Z [INFO] --- compiler:3.15.0:testCompile (default-testCompile) @ test-shrinker ---
2026-09-04T07:39:44.1119604Z [INFO] Recompiling the module because of changed dependency.
2026-09-04T07:39:44.1167568Z [INFO] Compiling 1 source file with javac [debug deprecation release 11] to target/test-classes
2026-09-04T07:39:45.0203404Z [INFO] 
2026-09-04T07:39:45.0204346Z [INFO] --- surefire:3.5.6:test (default-test) @ test-shrinker ---
2026-09-04T07:39:45.0694818Z [INFO] 
2026-09-04T07:39:45.0697368Z [INFO] --- jar:3.5.1:jar (default-jar) @ test-shrinker ---
2026-09-04T07:39:45.1668602Z [INFO] Building jar: /home/runner/work/gson/gson/test-shrinker/target/test-shrinker-2.14.1-SNAPSHOT.jar
2026-09-04T07:39:45.1978263Z [INFO] 
2026-09-04T07:39:45.1979399Z [INFO] --- proguard:2.7.0:proguard (default) @ test-shrinker ---
2026-09-04T07:39:45.2422689Z [INFO] execute ProGuard [-injars, '/home/runner/work/gson/gson/test-shrinker/target/test-shrinker-2.14.1-SNAPSHOT.jar'(!META-INF/maven/**), -injars, '/home/runner/work/gson/gson/gson/target/classes'(!META-INF/MANIFEST.MF,!META-INF/maven/**), -injars, '/home/runner/.m2/repository/com/google/errorprone/error_prone_annotations/2.50.0/error_prone_annotations-2.50.0.jar'(!META-INF/MANIFEST.MF,!META-INF/maven/**), -outjars, '/home/runner/work/gson/gson/test-shrinker/target/proguard-output.jar', -include, '/home/runner/work/gson/gson/test-shrinker/proguard.pro', -libraryjars, '/usr/lib/jvm/temurin-21-jdk-amd64/jmods/java.base.jmod', -libraryjars, '/usr/lib/jvm/temurin-21-jdk-amd64/jmods/java.sql.jmod', -libraryjars, '/usr/lib/jvm/temurin-21-jdk-amd64/jmods/java.compiler.jmod', -printmapping, '/home/runner/work/gson/gson/test-shrinker/target/proguard_map.txt', -printseeds, '/home/runner/work/gson/gson/test-shrinker/target/proguard_seed.txt', -include, /home/runner/work/gson/gson/test-shrinker/../gson/src/main/resources/META-INF/proguard/gson.pro]
2026-09-04T07:39:45.2621068Z [INFO] proguard jar: [/home/runner/.m2/repository/com/guardsquare/proguard-base/7.9.1/proguard-base-7.9.1.jar, /home/runner/.m2/repository/com/guardsquare/proguard-core/9.3.2/proguard-core-9.3.2.jar]
2026-09-04T07:39:45.7836784Z  [proguard] ProGuard, version 7.9.1
2026-09-04T07:39:46.5857430Z  [proguard] Note: com.google.gson.internal.GsonTypes calls 'Class.getDeclaringClass'
2026-09-04T07:39:46.6857338Z  [proguard] Note: com.google.gson.internal.UnsafeAllocator: can't find dynamically referenced class sun.misc.Unsafe
2026-09-04T07:39:46.7853242Z  [proguard] Note: com.google.gson.internal.UnsafeAllocator accesses a declared field 'theUnsafe' dynamically
2026-09-04T07:39:46.7855377Z  [proguard] Note: com.google.gson.internal.UnsafeAllocator accesses a method 'allocateInstance(java.lang.Class)' dynamically
2026-09-04T07:39:46.7857713Z  [proguard] Note: com.google.gson.internal.reflect.ReflectionHelper$RecordSupportedHelper accesses a method 'getType()' dynamically
2026-09-04T07:39:47.0907482Z  [proguard] Warning: can't derive deserialized type from fromJson() invocation in com/example/Main.fromJson(Lcom/google/gson/Gson;Ljava/lang/String;Ljava/lang/Class;)Ljava/lang/Object;
2026-09-04T07:39:47.0937571Z  [proguard] Warning: can't derive serialized type from toJson() invocation in com/example/Main.lambda$testTypeTokenWriteRead$2(Lcom/google/gson/Gson;Ljava/util/function/Supplier;)Ljava/lang/String;
2026-09-04T07:39:47.0945405Z  [proguard] Warning: can't derive deserialized type from fromJson() invocation in com/example/NoSerializedNameMain.runTestNoArgsConstructor()Ljava/lang/String;
2026-09-04T07:39:47.1027122Z  [proguard] Warning: can't derive deserialized type from fromJson() invocation in com/example/NoSerializedNameMain.runTestNoJdkUnsafe()Ljava/lang/String;
2026-09-04T07:39:47.1046798Z  [proguard] Warning: can't derive deserialized type from fromJson() invocation in com/example/NoSerializedNameMain.runTestHasArgsConstructor()Ljava/lang/String;
2026-09-04T07:39:49.4387919Z [INFO] 
2026-09-04T07:39:49.4388489Z [INFO] --- shade:3.6.2:shade (default) @ test-shrinker ---
2026-09-04T07:39:50.1097628Z [INFO] Replacing original artifact with shaded artifact.
2026-09-04T07:39:50.1112360Z [INFO] 
2026-09-04T07:39:50.1114097Z [INFO] --- exec:3.6.3:java (r8) @ test-shrinker ---
2026-09-04T07:40:05.7667077Z [INFO] 
2026-09-04T07:40:05.7684018Z [INFO] --- failsafe:3.5.6:integration-test (default) @ test-shrinker ---
2026-09-04T07:40:05.8452904Z [INFO] Using auto detected provider org.apache.maven.surefire.junit4.JUnit4Provider
2026-09-04T07:40:05.8631568Z [INFO] 
2026-09-04T07:40:05.8632918Z [INFO] -------------------------------------------------------
2026-09-04T07:40:05.8633944Z [INFO]  T E S T S
2026-09-04T07:40:05.8634823Z [INFO] -------------------------------------------------------
2026-09-04T07:40:06.1565501Z [INFO] Running com.google.gson.it.ShrinkingIT
2026-09-04T07:40:06.6217325Z [WARNING] Tests run: 10, Failures: 0, Errors: 0, Skipped: 1, Time elapsed: 0.460 s -- in com.google.gson.it.ShrinkingIT
2026-09-04T07:40:06.6486200Z [INFO] 
2026-09-04T07:40:06.6486835Z [INFO] Results:
2026-09-04T07:40:06.6487373Z [INFO] 
2026-09-04T07:40:06.6490406Z [INFO] Tests run: 10, Failures: 0, Errors: 0, Skipped: 1
2026-09-04T07:40:06.6491097Z [INFO] 
2026-09-04T07:40:06.6550793Z [INFO] 
2026-09-04T07:40:06.6551584Z [INFO] --- spotless:3.8.0:check (default) @ test-shrinker ---
2026-09-04T07:40:06.8330647Z [INFO] Index file does not exist. Fallback to an empty index
2026-09-04T07:40:06.8380915Z [INFO] Spotless.Format is keeping 2 files clean - 0 needs changes to be clean, 2 were already clean, 0 were skipped because caching determined they were already clean
2026-09-04T07:40:07.2754866Z [INFO] Spotless.Java is keeping 19 files clean - 0 needs changes to be clean, 19 were already clean, 0 were skipped because caching determined they were already clean
2026-09-04T07:40:07.2778626Z [INFO] 
2026-09-04T07:40:07.2793776Z [INFO] --- artifact:3.6.1:buildinfo (default) @ test-shrinker ---
2026-09-04T07:40:07.4122035Z [INFO] Auto-skipping goal because module skips install and/or deploy
2026-09-04T07:40:07.4123025Z [INFO] 
2026-09-04T07:40:07.4123623Z [INFO] --- failsafe:3.5.6:verify (default) @ test-shrinker ---
2026-09-04T07:40:07.4183497Z [INFO] 
2026-09-04T07:40:07.4184296Z [INFO] --- javadoc:3.12.0:jar (default-cli) @ test-shrinker ---
2026-09-04T07:40:07.6077889Z [INFO] Skipping javadoc generation
2026-09-04T07:40:07.6081786Z [INFO] 
2026-09-04T07:40:07.6082998Z [INFO] ------------------< com.google.code.gson:gson-extras >------------------
2026-09-04T07:40:07.6084255Z [INFO] Building Gson Extras 2.14.1-SNAPSHOT                               [6/8]
2026-09-04T07:40:07.6085818Z [INFO]   from extras/pom.xml
2026-09-04T07:40:07.6086861Z [INFO] --------------------------------[ jar ]---------------------------------
2026-09-04T07:40:07.6508109Z [INFO] 
2026-09-04T07:40:07.6509140Z [INFO] --- enforcer:3.6.3:enforce (enforce-versions) @ gson-extras ---
2026-09-04T07:40:07.6534128Z [INFO] 
2026-09-04T07:40:07.6535364Z [INFO] --- resources:3.4.0:resources (default-resources) @ gson-extras ---
2026-09-04T07:40:07.6543630Z [INFO] skip non existing resourceDirectory /home/runner/work/gson/gson/extras/src/main/resources
2026-09-04T07:40:07.6544670Z [INFO] 
2026-09-04T07:40:07.6546937Z [INFO] --- compiler:3.15.0:compile (default-compile) @ gson-extras ---
2026-09-04T07:40:07.6623755Z [INFO] Recompiling the module because of changed dependency.
2026-09-04T07:40:07.6631925Z [INFO] Compiling 7 source files with javac [debug deprecation release 8] to target/classes
2026-09-04T07:40:08.8584332Z [INFO] 
2026-09-04T07:40:08.8590349Z [INFO] --- resources:3.4.0:testResources (default-testResources) @ gson-extras ---
2026-09-04T07:40:08.8591543Z [INFO] skip non existing resourceDirectory /home/runner/work/gson/gson/extras/src/test/resources
2026-09-04T07:40:08.8598800Z [INFO] 
2026-09-04T07:40:08.8601105Z [INFO] --- compiler:3.15.0:testCompile (default-testCompile) @ gson-extras ---
2026-09-04T07:40:08.8659671Z [INFO] Recompiling the module because of changed dependency.
2026-09-04T07:40:08.8662211Z [INFO] Compiling 4 source files with javac [debug deprecation release 11] to target/test-classes
2026-09-04T07:40:10.0967626Z [INFO] 
2026-09-04T07:40:10.0968444Z [INFO] --- surefire:3.5.6:test (default-test) @ gson-extras ---
2026-09-04T07:40:10.1024382Z [INFO] Using auto detected provider org.apache.maven.surefire.junit4.JUnit4Provider
2026-09-04T07:40:10.1041117Z [INFO] 
2026-09-04T07:40:10.1041733Z [INFO] -------------------------------------------------------
2026-09-04T07:40:10.1049808Z [INFO]  T E S T S
2026-09-04T07:40:10.1050785Z [INFO] -------------------------------------------------------
2026-09-04T07:40:10.3608533Z [INFO] Running com.google.gson.typeadapters.RuntimeTypeAdapterFactoryTest
2026-09-04T07:40:10.5096853Z [INFO] Tests run: 14, Failures: 0, Errors: 0, Skipped: 0, Time elapsed: 0.144 s -- in com.google.gson.typeadapters.RuntimeTypeAdapterFactoryTest
2026-09-04T07:40:10.5098040Z [INFO] Running com.google.gson.typeadapters.PostConstructAdapterFactoryTest
2026-09-04T07:40:10.5197667Z [INFO] Tests run: 2, Failures: 0, Errors: 0, Skipped: 0, Time elapsed: 0.008 s -- in com.google.gson.typeadapters.PostConstructAdapterFactoryTest
2026-09-04T07:40:10.5198471Z [INFO] Running com.google.gson.typeadapters.UtcDateTypeAdapterTest
2026-09-04T07:40:10.6619688Z [INFO] Tests run: 6, Failures: 0, Errors: 0, Skipped: 0, Time elapsed: 0.140 s -- in com.google.gson.typeadapters.UtcDateTypeAdapterTest
2026-09-04T07:40:10.6648863Z [INFO] Running com.google.gson.interceptors.InterceptorTest
2026-09-04T07:40:10.6837535Z [INFO] Tests run: 8, Failures: 0, Errors: 0, Skipped: 0, Time elapsed: 0.017 s -- in com.google.gson.interceptors.InterceptorTest
2026-09-04T07:40:10.7053232Z [INFO] 
2026-09-04T07:40:10.7054041Z [INFO] Results:
2026-09-04T07:40:10.7054730Z [INFO] 
2026-09-04T07:40:10.7055519Z [INFO] Tests run: 30, Failures: 0, Errors: 0, Skipped: 0
2026-09-04T07:40:10.7057130Z [INFO] 
2026-09-04T07:40:10.7062970Z [INFO] 
2026-09-04T07:40:10.7063999Z [INFO] --- jar:3.5.1:jar (default-jar) @ gson-extras ---
2026-09-04T07:40:10.7136380Z [INFO] Building jar: /home/runner/work/gson/gson/extras/target/gson-extras-2.14.1-SNAPSHOT.jar
2026-09-04T07:40:10.7187887Z [INFO] 
2026-09-04T07:40:10.7193083Z [INFO] --- spotless:3.8.0:check (default) @ gson-extras ---
2026-09-04T07:40:10.7302720Z [INFO] Index file does not exist. Fallback to an empty index
2026-09-04T07:40:10.7329667Z [INFO] Spotless.Format is keeping 2 files clean - 0 needs changes to be clean, 2 were already clean, 0 were skipped because caching determined they were already clean
2026-09-04T07:40:10.9479787Z [INFO] Spotless.Java is keeping 11 files clean - 0 needs changes to be clean, 11 were already clean, 0 were skipped because caching determined they were already clean
2026-09-04T07:40:10.9496484Z [INFO] 
2026-09-04T07:40:10.9516862Z [INFO] --- artifact:3.6.1:buildinfo (default) @ gson-extras ---
2026-09-04T07:40:10.9547327Z [INFO] Auto-skipping goal because module skips install and/or deploy
2026-09-04T07:40:10.9556931Z [INFO] 
2026-09-04T07:40:10.9557627Z [INFO] --- javadoc:3.12.0:jar (default-cli) @ gson-extras ---
2026-09-04T07:40:12.8419069Z [INFO] Building jar: /home/runner/work/gson/gson/extras/target/gson-extras-2.14.1-SNAPSHOT-javadoc.jar
2026-09-04T07:40:12.8813733Z [INFO] 
2026-09-04T07:40:12.8814686Z [INFO] -----------------< com.google.code.gson:gson-metrics >------------------
2026-09-04T07:40:12.8817340Z [INFO] Building Gson Metrics 2.14.1-SNAPSHOT                              [7/8]
2026-09-04T07:40:12.8818149Z [INFO]   from metrics/pom.xml
2026-09-04T07:40:12.8818866Z [INFO] --------------------------------[ jar ]---------------------------------
2026-09-04T07:40:14.4097309Z [INFO] 
2026-09-04T07:40:14.4117241Z [INFO] --- enforcer:3.6.3:enforce (enforce-versions) @ gson-metrics ---
2026-09-04T07:40:14.4140133Z [INFO] 
2026-09-04T07:40:14.4167233Z [INFO] --- resources:3.4.0:resources (default-resources) @ gson-metrics ---
2026-09-04T07:40:14.4179296Z [INFO] Copying 1 resource from src/main/resources to target/classes
2026-09-04T07:40:14.4180603Z [INFO] 
2026-09-04T07:40:14.4182804Z [INFO] --- compiler:3.15.0:compile (default-compile) @ gson-metrics ---
2026-09-04T07:40:14.4212991Z [INFO] Recompiling the module because of changed dependency.
2026-09-04T07:40:14.4216957Z [INFO] Compiling 6 source files with javac [debug deprecation release 8] to target/classes
2026-09-04T07:40:15.6195482Z [INFO] 
2026-09-04T07:40:15.6202649Z [INFO] --- resources:3.4.0:testResources (default-testResources) @ gson-metrics ---
2026-09-04T07:40:15.6204032Z [INFO] skip non existing resourceDirectory /home/runner/work/gson/gson/metrics/src/test/resources
2026-09-04T07:40:15.6206243Z [INFO] 
2026-09-04T07:40:15.6207313Z [INFO] --- compiler:3.15.0:testCompile (default-testCompile) @ gson-metrics ---
2026-09-04T07:40:15.6229470Z [INFO] No sources to compile
2026-09-04T07:40:15.6230630Z [INFO] 
2026-09-04T07:40:15.6233305Z [INFO] --- surefire:3.5.6:test (default-test) @ gson-metrics ---
2026-09-04T07:40:15.6256791Z [INFO] No tests to run.
2026-09-04T07:40:15.6260301Z [INFO] 
2026-09-04T07:40:15.6261096Z [INFO] --- jar:3.5.1:jar (default-jar) @ gson-metrics ---
2026-09-04T07:40:15.6314717Z [INFO] Building jar: /home/runner/work/gson/gson/metrics/target/gson-metrics-2.14.1-SNAPSHOT.jar
2026-09-04T07:40:15.6412441Z [INFO] 
2026-09-04T07:40:15.6413475Z [INFO] --- spotless:3.8.0:check (default) @ gson-metrics ---
2026-09-04T07:40:15.6487800Z [INFO] Index file does not exist. Fallback to an empty index
2026-09-04T07:40:15.6494645Z [INFO] Spotless.Format is keeping 2 files clean - 0 needs changes to be clean, 2 were already clean, 0 were skipped because caching determined they were already clean
2026-09-04T07:40:15.7383139Z [INFO] Spotless.Java is keeping 6 files clean - 0 needs changes to be clean, 6 were already clean, 0 were skipped because caching determined they were already clean
2026-09-04T07:40:15.7407368Z [INFO] 
2026-09-04T07:40:15.7436922Z [INFO] --- artifact:3.6.1:buildinfo (default) @ gson-metrics ---
2026-09-04T07:40:15.7438107Z [INFO] Auto-skipping goal because module skips install and/or deploy
2026-09-04T07:40:15.7438996Z [INFO] 
2026-09-04T07:40:15.7439688Z [INFO] --- javadoc:3.12.0:jar (default-cli) @ gson-metrics ---
2026-09-04T07:40:15.7440603Z [INFO] Skipping javadoc generation
2026-09-04T07:40:15.7441247Z [INFO] 
2026-09-04T07:40:15.7441966Z [INFO] ---------------------< com.google.code.gson:proto >---------------------
2026-09-04T07:40:15.7443103Z [INFO] Building Gson Protobuf Support 2.14.1-SNAPSHOT                     [8/8]
2026-09-04T07:40:15.7444034Z [INFO]   from proto/pom.xml
2026-09-04T07:40:15.7444852Z [INFO] --------------------------------[ jar ]---------------------------------
2026-09-04T07:40:16.3737244Z [INFO] 
2026-09-04T07:40:16.3737802Z [INFO] --- enforcer:3.6.3:enforce (enforce-versions) @ proto ---
2026-09-04T07:40:16.3748057Z [INFO] 
2026-09-04T07:40:16.3748920Z [INFO] --- resources:3.4.0:resources (default-resources) @ proto ---
2026-09-04T07:40:16.3758449Z [INFO] skip non existing resourceDirectory /home/runner/work/gson/gson/proto/src/main/resources
2026-09-04T07:40:16.3759427Z [INFO] 
2026-09-04T07:40:16.3759995Z [INFO] --- compiler:3.15.0:compile (default-compile) @ proto ---
2026-09-04T07:40:16.3819530Z [INFO] Recompiling the module because of changed dependency.
2026-09-04T07:40:16.3837024Z [INFO] Compiling 3 source files with javac [debug deprecation release 8] to target/classes
2026-09-04T07:40:17.6320931Z [INFO] 
2026-09-04T07:40:17.6322524Z [INFO] --- protobuf:5.1.7:generate-test (default) @ proto ---
2026-09-04T07:40:17.9471307Z [INFO] Registering "/home/runner/work/gson/gson/proto/target/generated-test-sources/protobuf" as a Maven test source root for compiler plugins
2026-09-04T07:40:17.9583606Z [INFO] All sources will be compiled, as no previous build data was detected
2026-09-04T07:40:17.9597171Z [INFO] Generating source code from 4 proto source files and 0 descriptor files (discovered a total of 4 proto source files and 0 descriptor files)
2026-09-04T07:40:17.9658070Z [INFO] Invoking protoc. Enable debug logs (--debug --errors) for more details
2026-09-04T07:40:18.0560993Z [INFO] protoc (pid 3187) returned exit code 0 (success) after 90ms
2026-09-04T07:40:18.0566158Z [INFO] PROTOC SUCCEEDED: Protoc invocation succeeded.
2026-09-04T07:40:18.0568668Z [INFO] 
2026-09-04T07:40:18.0569210Z [INFO] --- resources:3.4.0:testResources (default-testResources) @ proto ---
2026-09-04T07:40:18.0580262Z [INFO] skip non existing resourceDirectory /home/runner/work/gson/gson/proto/src/test/resources
2026-09-04T07:40:18.0581416Z [INFO] 
2026-09-04T07:40:18.0582397Z [INFO] --- compiler:3.15.0:testCompile (default-testCompile) @ proto ---
2026-09-04T07:40:18.0687119Z [INFO] Recompiling the module because of changed dependency.
2026-09-04T07:40:18.0701649Z [INFO] Compiling 39 source files with javac [debug deprecation release 11] to target/test-classes
2026-09-04T07:40:21.2252059Z [INFO] 
2026-09-04T07:40:21.2267659Z [INFO] --- surefire:3.5.6:test (default-test) @ proto ---
2026-09-04T07:40:21.2377457Z [INFO] Using auto detected provider org.apache.maven.surefire.junit4.JUnit4Provider
2026-09-04T07:40:21.2416305Z [INFO] 
2026-09-04T07:40:21.2426506Z [INFO] -------------------------------------------------------
2026-09-04T07:40:21.2444658Z [INFO]  T E S T S
2026-09-04T07:40:21.2452823Z [INFO] -------------------------------------------------------
2026-09-04T07:40:21.5417917Z [INFO] Running com.google.gson.protobuf.functional.ProtosWithAnnotationsAndJsonNamesTest
2026-09-04T07:40:21.7587039Z [INFO] Tests run: 6, Failures: 0, Errors: 0, Skipped: 0, Time elapsed: 0.214 s -- in com.google.gson.protobuf.functional.ProtosWithAnnotationsAndJsonNamesTest
2026-09-04T07:40:21.7590003Z [INFO] Running com.google.gson.protobuf.functional.ProtosWithComplexAndRepeatedFieldsTest
2026-09-04T07:40:21.7950400Z [INFO] Tests run: 4, Failures: 0, Errors: 0, Skipped: 0, Time elapsed: 0.034 s -- in com.google.gson.protobuf.functional.ProtosWithComplexAndRepeatedFieldsTest
2026-09-04T07:40:21.7951940Z [INFO] Running com.google.gson.protobuf.functional.LegacyProtoTypeAdapterFactoryTest
2026-09-04T07:40:22.4050389Z [INFO] Tests run: 128, Failures: 0, Errors: 0, Skipped: 0, Time elapsed: 0.599 s -- in com.google.gson.protobuf.functional.LegacyProtoTypeAdapterFactoryTest
2026-09-04T07:40:22.4136730Z [INFO] Running com.google.gson.protobuf.functional.StructTypeAdapterTest
2026-09-04T07:40:22.4286519Z [INFO] Tests run: 8, Failures: 0, Errors: 0, Skipped: 0, Time elapsed: 0.020 s -- in com.google.gson.protobuf.functional.StructTypeAdapterTest
2026-09-04T07:40:22.4287785Z [INFO] Running com.google.gson.protobuf.functional.ProtosWithAnnotationsTest
2026-09-04T07:40:22.4472115Z [INFO] Tests run: 6, Failures: 0, Errors: 0, Skipped: 0, Time elapsed: 0.015 s -- in com.google.gson.protobuf.functional.ProtosWithAnnotationsTest
2026-09-04T07:40:22.4506213Z [INFO] Running com.google.gson.protobuf.functional.ProtosWithPrimitiveTypesTest
2026-09-04T07:40:22.4536526Z [INFO] Tests run: 5, Failures: 0, Errors: 0, Skipped: 0, Time elapsed: 0.003 s -- in com.google.gson.protobuf.functional.ProtosWithPrimitiveTypesTest
2026-09-04T07:40:22.5073275Z [INFO] 
2026-09-04T07:40:22.5073628Z [INFO] Results:
2026-09-04T07:40:22.5073982Z [INFO] 
2026-09-04T07:40:22.5074380Z [INFO] Tests run: 157, Failures: 0, Errors: 0, Skipped: 0
2026-09-04T07:40:22.5074882Z [INFO] 
2026-09-04T07:40:22.5080437Z [INFO] 
2026-09-04T07:40:22.5080866Z [INFO] --- jar:3.5.1:jar (default-jar) @ proto ---
2026-09-04T07:40:22.5125997Z [INFO] Building jar: /home/runner/work/gson/gson/proto/target/gson-proto.jar
2026-09-04T07:40:22.5183687Z [INFO] 
2026-09-04T07:40:22.5184505Z [INFO] --- spotless:3.8.0:check (default) @ proto ---
2026-09-04T07:40:22.5275373Z [INFO] Index file does not exist. Fallback to an empty index
2026-09-04T07:40:22.5283364Z [INFO] Spotless.Format is keeping 2 files clean - 0 needs changes to be clean, 2 were already clean, 0 were skipped because caching determined they were already clean
2026-09-04T07:40:22.9301601Z [INFO] Spotless.Java is keeping 10 files clean - 0 needs changes to be clean, 10 were already clean, 0 were skipped because caching determined they were already clean
2026-09-04T07:40:22.9326931Z [INFO] 
2026-09-04T07:40:22.9350793Z [INFO] --- artifact:3.6.1:buildinfo (default) @ proto ---
2026-09-04T07:40:22.9376445Z [INFO] Auto-skipping goal because module skips install and/or deploy
2026-09-04T07:40:22.9377518Z [INFO] 
2026-09-04T07:40:22.9378120Z [INFO] --- javadoc:3.12.0:jar (default-cli) @ proto ---
2026-09-04T07:40:24.9698012Z [INFO] Building jar: /home/runner/work/gson/gson/proto/target/gson-proto-javadoc.jar
2026-09-04T07:40:24.9812452Z [INFO] ------------------------------------------------------------------------
2026-09-04T07:40:24.9814210Z [INFO] Reactor Summary for Gson Parent 2.14.1-SNAPSHOT:
2026-09-04T07:40:24.9815315Z [INFO] 
2026-09-04T07:40:24.9817349Z [INFO] Gson Parent ........................................ SUCCESS [  9.028 s]
2026-09-04T07:40:24.9822504Z [INFO] Gson ............................................... SUCCESS [ 47.767 s]
2026-09-04T07:40:24.9823970Z [INFO] Test: Java Platform Module System (JPMS) ........... SUCCESS [  3.756 s]
2026-09-04T07:40:24.9825311Z [INFO] Test: GraalVM Native Image ......................... SUCCESS [  2.908 s]
2026-09-04T07:40:24.9827821Z [INFO] Test: Code shrinking (ProGuard / R8) ............... SUCCESS [ 25.589 s]
2026-09-04T07:40:24.9831553Z [INFO] Gson Extras ........................................ SUCCESS [  5.279 s]
2026-09-04T07:40:24.9832486Z [INFO] Gson Metrics ....................................... SUCCESS [  2.860 s]
2026-09-04T07:40:24.9833322Z [INFO] Gson Protobuf Support .............................. SUCCESS [  9.239 s]
2026-09-04T07:40:24.9834257Z [INFO] ------------------------------------------------------------------------
2026-09-04T07:40:24.9834860Z [INFO] BUILD SUCCESS
2026-09-04T07:40:24.9835336Z [INFO] ------------------------------------------------------------------------
2026-09-04T07:40:24.9836190Z [INFO] Total time:  01:50 min
2026-09-04T07:40:24.9836633Z [INFO] Finished at: 2026-09-04T07:40:24Z
2026-09-04T07:40:24.9837382Z [INFO] ------------------------------------------------------------------------
2026-09-04T07:40:25.0715292Z ##[group]Run touch optcd-5.txt
2026-09-04T07:40:25.0715958Z [36;1mtouch optcd-5.txt[0m
2026-09-04T07:40:25.0753304Z shell: /usr/bin/bash -e {0}
2026-09-04T07:40:25.0753598Z env:
2026-09-04T07:40:25.0753936Z   MAVEN_ARGS: --show-version --batch-mode --no-transfer-progress
2026-09-04T07:40:25.0754493Z   pythonLocation: /opt/hostedtoolcache/Python/3.10.21/x64
2026-09-04T07:40:25.0755054Z   PKG_CONFIG_PATH: /opt/hostedtoolcache/Python/3.10.21/x64/lib/pkgconfig
2026-09-04T07:40:25.0755876Z   Python_ROOT_DIR: /opt/hostedtoolcache/Python/3.10.21/x64
2026-09-04T07:40:25.0756384Z   Python2_ROOT_DIR: /opt/hostedtoolcache/Python/3.10.21/x64
2026-09-04T07:40:25.0756894Z   Python3_ROOT_DIR: /opt/hostedtoolcache/Python/3.10.21/x64
2026-09-04T07:40:25.0757417Z   LD_LIBRARY_PATH: /opt/hostedtoolcache/Python/3.10.21/x64/lib
2026-09-04T07:40:25.0757984Z   JAVA_HOME: /opt/hostedtoolcache/Java_Temurin-Hotspot_jdk/21.0.12-1/x64
2026-09-04T07:40:25.0758655Z   JAVA_HOME_21_X64: /opt/hostedtoolcache/Java_Temurin-Hotspot_jdk/21.0.12-1/x64
2026-09-04T07:40:25.0759164Z ##[endgroup]
2026-09-04T07:40:25.0878522Z Node 20 is being deprecated. This workflow is running with Node 24 by default. If you need to temporarily use Node 20, you can set the ACTIONS_ALLOW_USE_UNSECURE_NODE_VERSION=true environment variable. For more information see: https://github.blog/changelog/2025-09-19-deprecation-of-node-20-on-github-actions-runners/
2026-09-04T07:40:25.0879830Z ##[group]Run actions/upload-artifact@v4
2026-09-04T07:40:25.0880106Z with:
2026-09-04T07:40:25.0880307Z   name: inotifywait-build (21)
2026-09-04T07:40:25.0880607Z   path: /home/runner/inotifywait-log-build (21).csv
2026-09-04T07:40:25.0880916Z   if-no-files-found: warn
2026-09-04T07:40:25.0881144Z   compression-level: 6
2026-09-04T07:40:25.0881371Z   overwrite: false
2026-09-04T07:40:25.0881579Z   include-hidden-files: false
2026-09-04T07:40:25.0890867Z env:
2026-09-04T07:40:25.0891219Z   MAVEN_ARGS: --show-version --batch-mode --no-transfer-progress
2026-09-04T07:40:25.0891667Z   pythonLocation: /opt/hostedtoolcache/Python/3.10.21/x64
2026-09-04T07:40:25.0892145Z   PKG_CONFIG_PATH: /opt/hostedtoolcache/Python/3.10.21/x64/lib/pkgconfig
2026-09-04T07:40:25.0892578Z   Python_ROOT_DIR: /opt/hostedtoolcache/Python/3.10.21/x64
2026-09-04T07:40:25.0892972Z   Python2_ROOT_DIR: /opt/hostedtoolcache/Python/3.10.21/x64
2026-09-04T07:40:25.0893361Z   Python3_ROOT_DIR: /opt/hostedtoolcache/Python/3.10.21/x64
2026-09-04T07:40:25.0893749Z   LD_LIBRARY_PATH: /opt/hostedtoolcache/Python/3.10.21/x64/lib
2026-09-04T07:40:25.0894178Z   JAVA_HOME: /opt/hostedtoolcache/Java_Temurin-Hotspot_jdk/21.0.12-1/x64
2026-09-04T07:40:25.0894663Z   JAVA_HOME_21_X64: /opt/hostedtoolcache/Java_Temurin-Hotspot_jdk/21.0.12-1/x64
2026-09-04T07:40:25.0895256Z ##[endgroup]
2026-09-04T07:40:25.2625098Z (node:3297) [DEP0040] DeprecationWarning: The `punycode` module is deprecated. Please use a userland alternative instead.
2026-09-04T07:40:25.2626194Z (Use `node --trace-deprecation ...` to show where the warning was created)
2026-09-04T07:40:25.2673356Z With the provided path, there will be 1 file uploaded
2026-09-04T07:40:25.2680848Z Artifact name is valid!
2026-09-04T07:40:25.2681741Z Root directory input is valid!
2026-09-04T07:40:25.6626352Z Beginning upload of artifact content to blob storage
2026-09-04T07:40:25.7030268Z (node:3297) [DEP0169] DeprecationWarning: `url.parse()` behavior is not standardized and prone to errors that have security implications. Use the WHATWG URL API instead. CVEs are not issued for `url.parse()` vulnerabilities.
2026-09-04T07:40:26.1759114Z Uploaded bytes 124238
2026-09-04T07:40:26.2553725Z Finished uploading artifact content to blob storage!
2026-09-04T07:40:26.2554446Z SHA256 digest of uploaded artifact zip is 27135a42cde4355ded7c5d276dcf73af4c9f81077eea20e14f5eae3daa4f94d9
2026-09-04T07:40:26.2555086Z Finalizing artifact upload
2026-09-04T07:40:26.5557836Z Artifact inotifywait-build (21).zip successfully finalized. Artifact ID 9927883753
2026-09-04T07:40:26.5558723Z Artifact inotifywait-build (21) has been successfully uploaded! Final size is 124238 bytes. Artifact ID is 9927883753
2026-09-04T07:40:26.5559902Z Artifact download URL: https://github.com/atanuroy911/gson/actions/runs/33849635845/artifacts/9927883753
2026-09-04T07:40:26.5710820Z Post job cleanup.
2026-09-04T07:40:26.7235367Z [command]/usr/bin/tar --posix -cf cache.tzst --exclude cache.tzst -P -C /home/runner/work/gson/gson --files-from manifest.txt --use-compress-program zstdmt
2026-09-04T07:40:27.4638647Z Failed to save: Unable to reserve cache with key setup-java-Linux-x64-maven-54d6cf3fdc484699667bbaed4dbae25f9a0a3aa7871d212484a098a067310682, another job may be creating this cache.
2026-09-04T07:40:27.4893950Z Post job cleanup.
2026-09-04T07:40:27.5771676Z [command]/usr/bin/git version
2026-09-04T07:40:27.5826074Z git version 2.55.0
2026-09-04T07:40:27.5864386Z Temporarily overriding HOME='/home/runner/work/_temp/88f286bf-0e0f-4ff9-a246-35e8979672f7' before making global git config changes
2026-09-04T07:40:27.5865937Z Adding repository directory to the temporary git global config as a safe directory
2026-09-04T07:40:27.5869997Z [command]/usr/bin/git config --global --add safe.directory /home/runner/work/gson/gson
2026-09-04T07:40:27.5923178Z Removing SSH command configuration
2026-09-04T07:40:27.5931604Z [command]/usr/bin/git config --local --name-only --get-regexp core\.sshCommand
2026-09-04T07:40:27.5979175Z [command]/usr/bin/git submodule foreach --recursive sh -c "git config --local --name-only --get-regexp 'core\.sshCommand' && git config --local --unset-all 'core.sshCommand' || :"
2026-09-04T07:40:27.6248622Z Removing HTTP extra header
2026-09-04T07:40:27.6255424Z [command]/usr/bin/git config --local --name-only --get-regexp http\.https\:\/\/github\.com\/\.extraheader
2026-09-04T07:40:27.6297763Z [command]/usr/bin/git submodule foreach --recursive sh -c "git config --local --name-only --get-regexp 'http\.https\:\/\/github\.com\/\.extraheader' && git config --local --unset-all 'http.https://github.com/.extraheader' || :"
2026-09-04T07:40:27.6603720Z Removing includeIf entries pointing to credentials config files
2026-09-04T07:40:27.6610558Z [command]/usr/bin/git config --local --name-only --get-regexp ^includeIf\.gitdir:
2026-09-04T07:40:27.6658348Z [command]/usr/bin/git submodule foreach --recursive git config --local --show-origin --name-only --get-regexp remote.origin.url
2026-09-04T07:40:27.7080778Z Node 20 is being deprecated. This workflow is running with Node 24 by default. If you need to temporarily use Node 20, you can set the ACTIONS_ALLOW_USE_UNSECURE_NODE_VERSION=true environment variable. For more information see: https://github.blog/changelog/2025-09-19-deprecation-of-node-20-on-github-actions-runners/
2026-09-04T07:40:27.7082054Z Post job cleanup.
2026-09-04T07:40:27.8328283Z (node:3424) [DEP0040] DeprecationWarning: The `punycode` module is deprecated. Please use a userland alternative instead.
2026-09-04T07:40:27.8329273Z (Use `node --trace-deprecation ...` to show where the warning was created)
2026-09-04T07:40:27.8515829Z Cleaning up orphan processes
2026-09-04T07:40:27.8936521Z Terminate orphan process: pid (2196) (python3)
2026-09-04T07:40:27.8955144Z ##[warning]Node.js 20 is deprecated. The following actions target Node.js 20 but are being forced to run on Node.js 24: actions/setup-python@v5, actions/upload-artifact@v4. For more information see: https://github.blog/changelog/2025-09-19-deprecation-of-node-20-on-github-actions-runners/
