2026-10-04T14:19:18.4227885Z Current runner version: '2.337.0'
2026-10-04T14:19:18.4247018Z ##[group]Runner Image Provisioner
2026-10-04T14:19:18.4247608Z Hosted Compute Agent
2026-10-04T14:19:18.4247968Z Version: 20260901.588
2026-10-04T14:19:18.4248471Z Commit: f88ec8081b781fac6c440065ac7ff9e710ce3d0b
2026-10-04T14:19:18.4248917Z Build Date: 2026-09-01T19:56:44Z
2026-10-04T14:19:18.4249353Z Worker ID: {e06d5ed3-231f-41b4-88ab-bb7d91474886}
2026-10-04T14:19:18.4249796Z Azure Region: centralus
2026-10-04T14:19:18.4250169Z ##[endgroup]
2026-10-04T14:19:18.4251032Z ##[group]Operating System
2026-10-04T14:19:18.4251411Z Ubuntu
2026-10-04T14:19:18.4251713Z 24.04.5
2026-10-04T14:19:18.4252083Z LTS
2026-10-04T14:19:18.4252400Z ##[endgroup]
2026-10-04T14:19:18.4253111Z ##[group]Runner Image
2026-10-04T14:19:18.4253640Z Image: ubuntu-24.04
2026-10-04T14:19:18.4254025Z Version: 20260927.320.1
2026-10-04T14:19:18.4254845Z Included Software: https://github.com/actions/runner-images/blob/ubuntu24/20260927.320/images/ubuntu/Ubuntu2404-Readme.md
2026-10-04T14:19:18.4255794Z Image Release: https://github.com/actions/runner-images/releases/tag/ubuntu24%2F20260927.320
2026-10-04T14:19:18.4256361Z ##[endgroup]
2026-10-04T14:19:18.4257076Z ##[group]GITHUB_TOKEN Permissions
2026-10-04T14:19:18.4258498Z Contents: read
2026-10-04T14:19:18.4258833Z Metadata: read
2026-10-04T14:19:18.4259262Z Packages: read
2026-10-04T14:19:18.4259603Z ##[endgroup]
2026-10-04T14:19:18.4261069Z Secret source: Actions
2026-10-04T14:19:18.4261653Z Cache mode: write
2026-10-04T14:19:18.4262154Z Prepare workflow directory
2026-10-04T14:19:18.4510319Z Prepare all required actions
2026-10-04T14:19:18.4542127Z Getting action download info
2026-10-04T14:19:18.6941105Z Download action repository 'actions/setup-python@v5' (SHA:a26af69be951a213d495a4c3e4e4022e16d87065)
2026-10-04T14:19:18.8289316Z Download action repository 'actions/checkout@3d3c42e5aac5ba805825da76410c181273ba90b1' (SHA:3d3c42e5aac5ba805825da76410c181273ba90b1)
2026-10-04T14:19:18.8746385Z Download action repository 'actions/setup-java@03ad4de0992f5dab5e18fcb136590ce7c4a0ac95' (SHA:03ad4de0992f5dab5e18fcb136590ce7c4a0ac95)
2026-10-04T14:19:19.5452475Z Download action repository 'actions/upload-artifact@v4' (SHA:ea165f8d65b6e75b540449e92b4886f43607fa02)
2026-10-04T14:19:19.8356038Z Complete job name: build (17)
2026-10-04T14:19:19.8805434Z ##[group]Run actions/setup-python@v5
2026-10-04T14:19:19.8805895Z with:
2026-10-04T14:19:19.8806136Z   python-version: 3.10
2026-10-04T14:19:19.8806395Z   check-latest: false
2026-10-04T14:19:19.8808637Z   token: ***
2026-10-04T14:19:19.8808908Z   update-environment: true
2026-10-04T14:19:19.8809184Z   allow-prereleases: false
2026-10-04T14:19:19.8809448Z   freethreaded: false
2026-10-04T14:19:19.8809765Z env:
2026-10-04T14:19:19.8810078Z   MAVEN_ARGS: --show-version --batch-mode --no-transfer-progress
2026-10-04T14:19:19.8810444Z ##[endgroup]
2026-10-04T14:19:19.9741423Z ##[group]Installed versions
2026-10-04T14:19:19.9780660Z (node:1970) [DEP0040] DeprecationWarning: The `punycode` module is deprecated. Please use a userland alternative instead.
2026-10-04T14:19:19.9781674Z (Use `node --trace-deprecation ...` to show where the warning was created)
2026-10-04T14:19:19.9782108Z Successfully set up CPython (3.10.21)
2026-10-04T14:19:19.9782779Z ##[endgroup]
2026-10-04T14:19:20.0013920Z ##[group]Run python -m pip install --upgrade pip
2026-10-04T14:19:20.0014408Z [36;1mpython -m pip install --upgrade pip[0m
2026-10-04T14:19:20.0014743Z [36;1mpip install inotify[0m
2026-10-04T14:19:20.0549878Z shell: /usr/bin/bash -e {0}
2026-10-04T14:19:20.0550265Z env:
2026-10-04T14:19:20.0550607Z   MAVEN_ARGS: --show-version --batch-mode --no-transfer-progress
2026-10-04T14:19:20.0551050Z   pythonLocation: /opt/hostedtoolcache/Python/3.10.21/x64
2026-10-04T14:19:20.0551499Z   PKG_CONFIG_PATH: /opt/hostedtoolcache/Python/3.10.21/x64/lib/pkgconfig
2026-10-04T14:19:20.0551941Z   Python_ROOT_DIR: /opt/hostedtoolcache/Python/3.10.21/x64
2026-10-04T14:19:20.0552344Z   Python2_ROOT_DIR: /opt/hostedtoolcache/Python/3.10.21/x64
2026-10-04T14:19:20.0553006Z   Python3_ROOT_DIR: /opt/hostedtoolcache/Python/3.10.21/x64
2026-10-04T14:19:20.0553439Z   LD_LIBRARY_PATH: /opt/hostedtoolcache/Python/3.10.21/x64/lib
2026-10-04T14:19:20.0553989Z ##[endgroup]
2026-10-04T14:19:23.4852069Z Requirement already satisfied: pip in /opt/hostedtoolcache/Python/3.10.21/x64/lib/python3.10/site-packages (26.2.1)
2026-10-04T14:19:24.2733005Z Collecting inotify
2026-10-04T14:19:24.3406594Z   Downloading inotify-0.2.12-py2.py3-none-any.whl.metadata (7.2 kB)
2026-10-04T14:19:24.3619247Z Collecting build (from inotify)
2026-10-04T14:19:24.3719714Z   Downloading build-1.6.1-py3-none-any.whl.metadata (5.6 kB)
2026-10-04T14:19:24.3932386Z Collecting packaging>=24.0 (from build->inotify)
2026-10-04T14:19:24.4031613Z   Downloading packaging-26.3-py3-none-any.whl.metadata (3.5 kB)
2026-10-04T14:19:24.4183130Z Collecting pyproject_hooks (from build->inotify)
2026-10-04T14:19:24.4283151Z   Downloading pyproject_hooks-1.3.3-py3-none-any.whl.metadata (1.3 kB)
2026-10-04T14:19:24.4651058Z Collecting tomli>=1.1.0 (from build->inotify)
2026-10-04T14:19:24.4751107Z   Downloading tomli-2.4.1-py3-none-any.whl.metadata (10 kB)
2026-10-04T14:19:24.4890932Z Downloading inotify-0.2.12-py2.py3-none-any.whl (20 kB)
2026-10-04T14:19:24.5029451Z Downloading build-1.6.1-py3-none-any.whl (31 kB)
2026-10-04T14:19:24.5277289Z Downloading packaging-26.3-py3-none-any.whl (129 kB)
2026-10-04T14:19:24.5500213Z Downloading tomli-2.4.1-py3-none-any.whl (14 kB)
2026-10-04T14:19:24.5614626Z Downloading pyproject_hooks-1.3.3-py3-none-any.whl (10 kB)
2026-10-04T14:19:24.5847209Z Installing collected packages: tomli, pyproject_hooks, packaging, build, inotify
2026-10-04T14:19:24.6601724Z 
2026-10-04T14:19:24.6610393Z Successfully installed build-1.6.1 inotify-0.2.12 packaging-26.3 pyproject_hooks-1.3.3 tomli-2.4.1
2026-10-04T14:19:24.7047065Z ##[group]Run python3 -c "
2026-10-04T14:19:24.7047275Z [36;1mpython3 -c "[0m
2026-10-04T14:19:24.7047416Z [36;1mimport inotify.adapters[0m
2026-10-04T14:19:24.7047584Z [36;1mimport inotify.constants[0m
2026-10-04T14:19:24.7047732Z [36;1mimport os[0m
2026-10-04T14:19:24.7047891Z [36;1mfrom datetime import datetime, timezone[0m
2026-10-04T14:19:24.7048147Z [36;1mwith open('/home/runner/inotifywait-log-build (17).csv', 'w') as log_file:[0m
2026-10-04T14:19:24.7048546Z [36;1m  i = inotify.adapters.InotifyTree('/home/runner/work/gson/gson', inotify.constants.IN_CREATE | inotify.constants.IN_ACCESS)[0m
2026-10-04T14:19:24.7048898Z [36;1m  for event in i.event_gen(yield_nones=False):[0m
2026-10-04T14:19:24.7049091Z [36;1m    (_, type_names, path, filename) = event[0m
2026-10-04T14:19:24.7049343Z [36;1m    now = datetime.now(timezone.utc).strftime('%Y-%m-%dT%H:%M:%S.%f') + 'Z'[0m
2026-10-04T14:19:24.7049580Z [36;1m    events = ','.join(type_names)[0m
2026-10-04T14:19:24.7049811Z [36;1m    log_file.write(f'{now};{path};{filename};{events}\n')[0m
2026-10-04T14:19:24.7050008Z [36;1m    log_file.flush()[0m
2026-10-04T14:19:24.7050154Z [36;1m    os.fsync(log_file.fileno())[0m
2026-10-04T14:19:24.7050307Z [36;1m" &[0m
2026-10-04T14:19:24.7105515Z shell: /usr/bin/bash -e {0}
2026-10-04T14:19:24.7105666Z env:
2026-10-04T14:19:24.7105839Z   MAVEN_ARGS: --show-version --batch-mode --no-transfer-progress
2026-10-04T14:19:24.7106076Z   pythonLocation: /opt/hostedtoolcache/Python/3.10.21/x64
2026-10-04T14:19:24.7106313Z   PKG_CONFIG_PATH: /opt/hostedtoolcache/Python/3.10.21/x64/lib/pkgconfig
2026-10-04T14:19:24.7106552Z   Python_ROOT_DIR: /opt/hostedtoolcache/Python/3.10.21/x64
2026-10-04T14:19:24.7106768Z   Python2_ROOT_DIR: /opt/hostedtoolcache/Python/3.10.21/x64
2026-10-04T14:19:24.7106981Z   Python3_ROOT_DIR: /opt/hostedtoolcache/Python/3.10.21/x64
2026-10-04T14:19:24.7107197Z   LD_LIBRARY_PATH: /opt/hostedtoolcache/Python/3.10.21/x64/lib
2026-10-04T14:19:24.7107391Z ##[endgroup]
2026-10-04T14:19:29.7273981Z ##[group]Run actions/checkout@3d3c42e5aac5ba805825da76410c181273ba90b1
2026-10-04T14:19:29.7274205Z with:
2026-10-04T14:19:29.7274333Z   persist-credentials: false
2026-10-04T14:19:29.7274680Z   repository: atanuroy911/gson
2026-10-04T14:19:29.7275994Z   token: ***
2026-10-04T14:19:29.7276104Z   ssh-strict: true
2026-10-04T14:19:29.7276217Z   ssh-user: git
2026-10-04T14:19:29.7276326Z   clean: true
2026-10-04T14:19:29.7276450Z   sparse-checkout-cone-mode: true
2026-10-04T14:19:29.7276593Z   fetch-depth: 1
2026-10-04T14:19:29.7276704Z   fetch-tags: false
2026-10-04T14:19:29.7276820Z   show-progress: true
2026-10-04T14:19:29.7276938Z   lfs: false
2026-10-04T14:19:29.7277043Z   submodules: false
2026-10-04T14:19:29.7277161Z   set-safe-directory: true
2026-10-04T14:19:29.7277299Z   allow-unsafe-pr-checkout: false
2026-10-04T14:19:29.7277442Z env:
2026-10-04T14:19:29.7277600Z   MAVEN_ARGS: --show-version --batch-mode --no-transfer-progress
2026-10-04T14:19:29.7277853Z   pythonLocation: /opt/hostedtoolcache/Python/3.10.21/x64
2026-10-04T14:19:29.7278088Z   PKG_CONFIG_PATH: /opt/hostedtoolcache/Python/3.10.21/x64/lib/pkgconfig
2026-10-04T14:19:29.7278316Z   Python_ROOT_DIR: /opt/hostedtoolcache/Python/3.10.21/x64
2026-10-04T14:19:29.7278532Z   Python2_ROOT_DIR: /opt/hostedtoolcache/Python/3.10.21/x64
2026-10-04T14:19:29.7278740Z   Python3_ROOT_DIR: /opt/hostedtoolcache/Python/3.10.21/x64
2026-10-04T14:19:29.7278950Z   LD_LIBRARY_PATH: /opt/hostedtoolcache/Python/3.10.21/x64/lib
2026-10-04T14:19:29.7279133Z ##[endgroup]
2026-10-04T14:19:29.7831368Z Syncing repository: atanuroy911/gson
2026-10-04T14:19:29.7834081Z ##[group]Getting Git version info
2026-10-04T14:19:29.7834443Z Working directory is '/home/runner/work/gson/gson'
2026-10-04T14:19:29.7877457Z [command]/usr/bin/git version
2026-10-04T14:19:29.8000675Z git version 2.55.0
2026-10-04T14:19:29.8016109Z ##[endgroup]
2026-10-04T14:19:29.8028268Z Temporarily overriding HOME='/home/runner/work/_temp/38f42519-220c-4c54-8890-346bd00150d1' before making global git config changes
2026-10-04T14:19:29.8028955Z Adding repository directory to the temporary git global config as a safe directory
2026-10-04T14:19:29.8033608Z [command]/usr/bin/git config --global --add safe.directory /home/runner/work/gson/gson
2026-10-04T14:19:29.8081840Z Deleting the contents of '/home/runner/work/gson/gson'
2026-10-04T14:19:29.8088075Z ##[group]Determining repository object format
2026-10-04T14:19:29.8089459Z ##[endgroup]
2026-10-04T14:19:29.8089841Z ##[group]Initializing the repository
2026-10-04T14:19:29.8093596Z [command]/usr/bin/git init /home/runner/work/gson/gson
2026-10-04T14:19:29.8368169Z hint: Using 'master' as the name for the initial branch. This default branch name
2026-10-04T14:19:29.8368762Z hint: will change to "main" in Git 3.0. To configure the initial branch name
2026-10-04T14:19:29.8369225Z hint: to use in all of your new repositories, which will suppress this warning,
2026-10-04T14:19:29.8369609Z hint: call:
2026-10-04T14:19:29.8369771Z hint:
2026-10-04T14:19:29.8370040Z hint: 	git config --global init.defaultBranch <name>
2026-10-04T14:19:29.8370302Z hint:
2026-10-04T14:19:29.8370554Z hint: Names commonly chosen instead of 'master' are 'main', 'trunk' and
2026-10-04T14:19:29.8370990Z hint: 'development'. The just-created branch can be renamed via this command:
2026-10-04T14:19:29.8371333Z hint:
2026-10-04T14:19:29.8371531Z hint: 	git branch -m <name>
2026-10-04T14:19:29.8371723Z hint:
2026-10-04T14:19:29.8371982Z hint: Disable this message with "git config set advice.defaultBranchName false"
2026-10-04T14:19:29.8372410Z Initialized empty Git repository in /home/runner/work/gson/gson/.git/
2026-10-04T14:19:29.8378857Z [command]/usr/bin/git remote add origin https://github.com/atanuroy911/gson
2026-10-04T14:19:29.8444877Z ##[endgroup]
2026-10-04T14:19:29.8445280Z ##[group]Disabling automatic garbage collection
2026-10-04T14:19:29.8447789Z [command]/usr/bin/git config --local gc.auto 0
2026-10-04T14:19:29.8483361Z ##[endgroup]
2026-10-04T14:19:29.8484263Z ##[group]Setting up auth
2026-10-04T14:19:29.8484656Z Removing SSH command configuration
2026-10-04T14:19:29.8488130Z [command]/usr/bin/git config --local --name-only --get-regexp core\.sshCommand
2026-10-04T14:19:29.8521564Z [command]/usr/bin/git submodule foreach --recursive sh -c "git config --local --name-only --get-regexp 'core\.sshCommand' && git config --local --unset-all 'core.sshCommand' || :"
2026-10-04T14:19:29.8825596Z Removing HTTP extra header
2026-10-04T14:19:29.8829772Z [command]/usr/bin/git config --local --name-only --get-regexp http\.https\:\/\/github\.com\/\.extraheader
2026-10-04T14:19:29.8870062Z [command]/usr/bin/git submodule foreach --recursive sh -c "git config --local --name-only --get-regexp 'http\.https\:\/\/github\.com\/\.extraheader' && git config --local --unset-all 'http.https://github.com/.extraheader' || :"
2026-10-04T14:19:29.9054452Z Removing includeIf entries pointing to credentials config files
2026-10-04T14:19:29.9058373Z [command]/usr/bin/git config --local --name-only --get-regexp ^includeIf\.gitdir:
2026-10-04T14:19:29.9090916Z [command]/usr/bin/git submodule foreach --recursive git config --local --show-origin --name-only --get-regexp remote.origin.url
2026-10-04T14:19:29.9297050Z [command]/usr/bin/git config --file /home/runner/work/_temp/git-credentials-636347c0-0c3b-4588-8dc6-9e8c444e18c6.config http.https://github.com/.extraheader AUTHORIZATION: basic ***
2026-10-04T14:19:29.9337115Z [command]/usr/bin/git config --local includeIf.gitdir:/home/runner/work/gson/gson/.git.path /home/runner/work/_temp/git-credentials-636347c0-0c3b-4588-8dc6-9e8c444e18c6.config
2026-10-04T14:19:29.9369434Z [command]/usr/bin/git config --local includeIf.gitdir:/home/runner/work/gson/gson/.git/worktrees/*.path /home/runner/work/_temp/git-credentials-636347c0-0c3b-4588-8dc6-9e8c444e18c6.config
2026-10-04T14:19:29.9405481Z [command]/usr/bin/git config --local includeIf.gitdir:/github/workspace/.git.path /github/runner_temp/git-credentials-636347c0-0c3b-4588-8dc6-9e8c444e18c6.config
2026-10-04T14:19:29.9468373Z [command]/usr/bin/git config --local includeIf.gitdir:/github/workspace/.git/worktrees/*.path /github/runner_temp/git-credentials-636347c0-0c3b-4588-8dc6-9e8c444e18c6.config
2026-10-04T14:19:29.9501201Z ##[endgroup]
2026-10-04T14:19:29.9501634Z ##[group]Fetching the repository
2026-10-04T14:19:29.9507561Z [command]/usr/bin/git -c protocol.version=2 fetch --no-tags --prune --no-recurse-submodules --depth=1 origin +95bad7ad813ab70278d5d45256e0ac33bf6dbf4d:refs/remotes/origin/optcd-run
2026-10-04T14:19:30.5506869Z From https://github.com/atanuroy911/gson
2026-10-04T14:19:30.5508420Z  * [new ref]         95bad7ad813ab70278d5d45256e0ac33bf6dbf4d -> origin/optcd-run
2026-10-04T14:19:30.5509456Z [command]/usr/bin/git branch --list --remote origin/optcd-run
2026-10-04T14:19:30.5509768Z   origin/optcd-run
2026-10-04T14:19:30.5512271Z [command]/usr/bin/git rev-parse refs/remotes/origin/optcd-run
2026-10-04T14:19:30.5537333Z 95bad7ad813ab70278d5d45256e0ac33bf6dbf4d
2026-10-04T14:19:30.5540778Z ##[endgroup]
2026-10-04T14:19:30.5541145Z ##[group]Determining the checkout info
2026-10-04T14:19:30.5541524Z ##[endgroup]
2026-10-04T14:19:30.5543966Z [command]/usr/bin/git sparse-checkout disable
2026-10-04T14:19:30.5728222Z [command]/usr/bin/git config --local --unset-all extensions.worktreeConfig
2026-10-04T14:19:30.5763365Z ##[group]Checking out the ref
2026-10-04T14:19:30.5773327Z [command]/usr/bin/git checkout --progress --force -B optcd-run refs/remotes/origin/optcd-run
2026-10-04T14:19:30.8701021Z Switched to a new branch 'optcd-run'
2026-10-04T14:19:30.8701498Z branch 'optcd-run' set up to track 'origin/optcd-run'.
2026-10-04T14:19:30.8703326Z ##[endgroup]
2026-10-04T14:19:30.8741607Z [command]/usr/bin/git log -1 --format=%H
2026-10-04T14:19:30.8767848Z 95bad7ad813ab70278d5d45256e0ac33bf6dbf4d
2026-10-04T14:19:30.8775906Z ##[group]Removing auth
2026-10-04T14:19:30.8776251Z Removing SSH command configuration
2026-10-04T14:19:30.8779007Z [command]/usr/bin/git config --local --name-only --get-regexp core\.sshCommand
2026-10-04T14:19:30.8809172Z [command]/usr/bin/git submodule foreach --recursive sh -c "git config --local --name-only --get-regexp 'core\.sshCommand' && git config --local --unset-all 'core.sshCommand' || :"
2026-10-04T14:19:30.8996561Z Removing HTTP extra header
2026-10-04T14:19:30.8998995Z [command]/usr/bin/git config --local --name-only --get-regexp http\.https\:\/\/github\.com\/\.extraheader
2026-10-04T14:19:30.9028680Z [command]/usr/bin/git submodule foreach --recursive sh -c "git config --local --name-only --get-regexp 'http\.https\:\/\/github\.com\/\.extraheader' && git config --local --unset-all 'http.https://github.com/.extraheader' || :"
2026-10-04T14:19:30.9244148Z Removing includeIf entries pointing to credentials config files
2026-10-04T14:19:30.9246920Z [command]/usr/bin/git config --local --name-only --get-regexp ^includeIf\.gitdir:
2026-10-04T14:19:30.9247234Z includeif.gitdir:/home/runner/work/gson/gson/.git.path
2026-10-04T14:19:30.9247687Z includeif.gitdir:/home/runner/work/gson/gson/.git/worktrees/*.path
2026-10-04T14:19:30.9248046Z includeif.gitdir:/github/workspace/.git.path
2026-10-04T14:19:30.9248394Z includeif.gitdir:/github/workspace/.git/worktrees/*.path
2026-10-04T14:19:30.9255893Z [command]/usr/bin/git config --local --get-all includeif.gitdir:/home/runner/work/gson/gson/.git.path
2026-10-04T14:19:30.9278935Z /home/runner/work/_temp/git-credentials-636347c0-0c3b-4588-8dc6-9e8c444e18c6.config
2026-10-04T14:19:30.9286196Z [command]/usr/bin/git config --local --unset includeif.gitdir:/home/runner/work/gson/gson/.git.path \/home\/runner\/work\/_temp\/git\-credentials\-636347c0\-0c3b\-4588\-8dc6\-9e8c444e18c6\.config
2026-10-04T14:19:30.9320101Z [command]/usr/bin/git config --local --get-all includeif.gitdir:/home/runner/work/gson/gson/.git/worktrees/*.path
2026-10-04T14:19:30.9342629Z /home/runner/work/_temp/git-credentials-636347c0-0c3b-4588-8dc6-9e8c444e18c6.config
2026-10-04T14:19:30.9348712Z [command]/usr/bin/git config --local --unset includeif.gitdir:/home/runner/work/gson/gson/.git/worktrees/*.path \/home\/runner\/work\/_temp\/git\-credentials\-636347c0\-0c3b\-4588\-8dc6\-9e8c444e18c6\.config
2026-10-04T14:19:30.9379321Z [command]/usr/bin/git config --local --get-all includeif.gitdir:/github/workspace/.git.path
2026-10-04T14:19:30.9433632Z /github/runner_temp/git-credentials-636347c0-0c3b-4588-8dc6-9e8c444e18c6.config
2026-10-04T14:19:30.9435305Z [command]/usr/bin/git config --local --unset includeif.gitdir:/github/workspace/.git.path \/github\/runner_temp\/git\-credentials\-636347c0\-0c3b\-4588\-8dc6\-9e8c444e18c6\.config
2026-10-04T14:19:30.9464622Z [command]/usr/bin/git config --local --get-all includeif.gitdir:/github/workspace/.git/worktrees/*.path
2026-10-04T14:19:30.9485909Z /github/runner_temp/git-credentials-636347c0-0c3b-4588-8dc6-9e8c444e18c6.config
2026-10-04T14:19:30.9491129Z [command]/usr/bin/git config --local --unset includeif.gitdir:/github/workspace/.git/worktrees/*.path \/github\/runner_temp\/git\-credentials\-636347c0\-0c3b\-4588\-8dc6\-9e8c444e18c6\.config
2026-10-04T14:19:30.9522325Z [command]/usr/bin/git submodule foreach --recursive git config --local --show-origin --name-only --get-regexp remote.origin.url
2026-10-04T14:19:30.9700827Z Removing credentials config '/home/runner/work/_temp/git-credentials-636347c0-0c3b-4588-8dc6-9e8c444e18c6.config'
2026-10-04T14:19:30.9709957Z ##[endgroup]
2026-10-04T14:19:30.9802816Z ##[group]Run touch optcd-3.txt
2026-10-04T14:19:30.9802986Z [36;1mtouch optcd-3.txt[0m
2026-10-04T14:19:30.9856963Z shell: /usr/bin/bash -e {0}
2026-10-04T14:19:30.9857103Z env:
2026-10-04T14:19:30.9857269Z   MAVEN_ARGS: --show-version --batch-mode --no-transfer-progress
2026-10-04T14:19:30.9857504Z   pythonLocation: /opt/hostedtoolcache/Python/3.10.21/x64
2026-10-04T14:19:30.9857739Z   PKG_CONFIG_PATH: /opt/hostedtoolcache/Python/3.10.21/x64/lib/pkgconfig
2026-10-04T14:19:30.9857972Z   Python_ROOT_DIR: /opt/hostedtoolcache/Python/3.10.21/x64
2026-10-04T14:19:30.9858182Z   Python2_ROOT_DIR: /opt/hostedtoolcache/Python/3.10.21/x64
2026-10-04T14:19:30.9858393Z   Python3_ROOT_DIR: /opt/hostedtoolcache/Python/3.10.21/x64
2026-10-04T14:19:30.9858600Z   LD_LIBRARY_PATH: /opt/hostedtoolcache/Python/3.10.21/x64/lib
2026-10-04T14:19:30.9858904Z ##[endgroup]
2026-10-04T14:19:31.0044873Z ##[group]Run actions/setup-java@03ad4de0992f5dab5e18fcb136590ce7c4a0ac95
2026-10-04T14:19:31.0045089Z with:
2026-10-04T14:19:31.0045205Z   distribution: temurin
2026-10-04T14:19:31.0045329Z   java-version: 17
2026-10-04T14:19:31.0045443Z   cache: maven
2026-10-04T14:19:31.0045552Z   java-package: jdk
2026-10-04T14:19:31.0045666Z   check-latest: false
2026-10-04T14:19:31.0045780Z   set-default: true
2026-10-04T14:19:31.0045895Z   verify-signature: false
2026-10-04T14:19:31.0046020Z   server-id: github
2026-10-04T14:19:31.0046135Z   server-username: GITHUB_ACTOR
2026-10-04T14:19:31.0046275Z   server-password: GITHUB_TOKEN
2026-10-04T14:19:31.0046413Z   overwrite-settings: true
2026-10-04T14:19:31.0046545Z   job-status: success
2026-10-04T14:19:31.0047866Z   token: ***
2026-10-04T14:19:31.0047986Z   show-download-progress: false
2026-10-04T14:19:31.0048120Z env:
2026-10-04T14:19:31.0048277Z   MAVEN_ARGS: --show-version --batch-mode --no-transfer-progress
2026-10-04T14:19:31.0048536Z   pythonLocation: /opt/hostedtoolcache/Python/3.10.21/x64
2026-10-04T14:19:31.0048767Z   PKG_CONFIG_PATH: /opt/hostedtoolcache/Python/3.10.21/x64/lib/pkgconfig
2026-10-04T14:19:31.0049082Z   Python_ROOT_DIR: /opt/hostedtoolcache/Python/3.10.21/x64
2026-10-04T14:19:31.0049288Z   Python2_ROOT_DIR: /opt/hostedtoolcache/Python/3.10.21/x64
2026-10-04T14:19:31.0049490Z   Python3_ROOT_DIR: /opt/hostedtoolcache/Python/3.10.21/x64
2026-10-04T14:19:31.0049703Z   LD_LIBRARY_PATH: /opt/hostedtoolcache/Python/3.10.21/x64/lib
2026-10-04T14:19:31.0049881Z ##[endgroup]
2026-10-04T14:19:31.1034337Z ##[group]Installed distributions
2026-10-04T14:19:31.1193176Z Resolved Java 17.0.20+1 from tool-cache
2026-10-04T14:19:31.1193948Z Setting Java 17.0.20+1 as the default
2026-10-04T14:19:31.1195218Z Creating toolchains.xml for JDK version 17 from temurin
2026-10-04T14:19:31.1240235Z Writing to /home/runner/.m2/toolchains.xml
2026-10-04T14:19:31.1240676Z 
2026-10-04T14:19:31.1240915Z Java configuration:
2026-10-04T14:19:31.1241283Z   Distribution: temurin
2026-10-04T14:19:31.1241777Z   Version: 17.0.20+1
2026-10-04T14:19:31.1242033Z   Path: /opt/hostedtoolcache/Java_Temurin-Hotspot_jdk/17.0.20-1/x64
2026-10-04T14:19:31.1242300Z 
2026-10-04T14:19:31.1242532Z ##[endgroup]
2026-10-04T14:19:31.1262057Z Creating settings.xml with server-id: github
2026-10-04T14:19:31.1262423Z Writing to /home/runner/.m2/settings.xml
2026-10-04T14:19:31.3148931Z maven cache is not found
2026-10-04T14:19:31.3649144Z ##[group]Run touch optcd-4.txt
2026-10-04T14:19:31.3649333Z [36;1mtouch optcd-4.txt[0m
2026-10-04T14:19:31.5594443Z shell: /usr/bin/bash -e {0}
2026-10-04T14:19:31.5594640Z env:
2026-10-04T14:19:31.5594856Z   MAVEN_ARGS: --show-version --batch-mode --no-transfer-progress
2026-10-04T14:19:31.5595099Z   pythonLocation: /opt/hostedtoolcache/Python/3.10.21/x64
2026-10-04T14:19:31.5595342Z   PKG_CONFIG_PATH: /opt/hostedtoolcache/Python/3.10.21/x64/lib/pkgconfig
2026-10-04T14:19:31.5595585Z   Python_ROOT_DIR: /opt/hostedtoolcache/Python/3.10.21/x64
2026-10-04T14:19:31.5595848Z   Python2_ROOT_DIR: /opt/hostedtoolcache/Python/3.10.21/x64
2026-10-04T14:19:31.5596176Z   Python3_ROOT_DIR: /opt/hostedtoolcache/Python/3.10.21/x64
2026-10-04T14:19:31.5596390Z   LD_LIBRARY_PATH: /opt/hostedtoolcache/Python/3.10.21/x64/lib
2026-10-04T14:19:31.5596625Z   JAVA_HOME: /opt/hostedtoolcache/Java_Temurin-Hotspot_jdk/17.0.20-1/x64
2026-10-04T14:19:31.5597007Z   JAVA_HOME_17_X64: /opt/hostedtoolcache/Java_Temurin-Hotspot_jdk/17.0.20-1/x64
2026-10-04T14:19:31.5597220Z ##[endgroup]
2026-10-04T14:19:31.5714076Z ##[group]Run mvn verify javadoc:jar
2026-10-04T14:19:31.5714287Z [36;1mmvn verify javadoc:jar[0m
2026-10-04T14:19:31.5770083Z shell: /usr/bin/bash -e {0}
2026-10-04T14:19:31.5770233Z env:
2026-10-04T14:19:31.5770497Z   MAVEN_ARGS: --show-version --batch-mode --no-transfer-progress
2026-10-04T14:19:31.5770734Z   pythonLocation: /opt/hostedtoolcache/Python/3.10.21/x64
2026-10-04T14:19:31.5770973Z   PKG_CONFIG_PATH: /opt/hostedtoolcache/Python/3.10.21/x64/lib/pkgconfig
2026-10-04T14:19:31.5771341Z   Python_ROOT_DIR: /opt/hostedtoolcache/Python/3.10.21/x64
2026-10-04T14:19:31.5771591Z   Python2_ROOT_DIR: /opt/hostedtoolcache/Python/3.10.21/x64
2026-10-04T14:19:31.5771936Z   Python3_ROOT_DIR: /opt/hostedtoolcache/Python/3.10.21/x64
2026-10-04T14:19:31.5772146Z   LD_LIBRARY_PATH: /opt/hostedtoolcache/Python/3.10.21/x64/lib
2026-10-04T14:19:31.5772380Z   JAVA_HOME: /opt/hostedtoolcache/Java_Temurin-Hotspot_jdk/17.0.20-1/x64
2026-10-04T14:19:31.5772663Z   JAVA_HOME_17_X64: /opt/hostedtoolcache/Java_Temurin-Hotspot_jdk/17.0.20-1/x64
2026-10-04T14:19:31.5772984Z ##[endgroup]
2026-10-04T14:19:35.2410953Z Apache Maven 3.9.16 (2bdd9fddda4b155ebf8000e807eb73fd829a51d5)
2026-10-04T14:19:35.2411504Z Maven home: /usr/share/apache-maven-3.9.16
2026-10-04T14:19:35.2412135Z Java version: 17.0.20.1, vendor: Eclipse Adoptium, runtime: /usr/lib/jvm/temurin-17-jdk-amd64
2026-10-04T14:19:35.2412549Z Default locale: en, platform encoding: UTF-8
2026-10-04T14:19:35.2412919Z OS name: "linux", version: "6.17.0-1022-azure", arch: "amd64", family: "unix"
2026-10-04T14:19:37.0981271Z [INFO] Scanning for projects...
2026-10-04T14:19:40.6470565Z [INFO] Inspecting build with total of 8 modules
2026-10-04T14:19:40.6549725Z [INFO] Installing Central Publishing features
2026-10-04T14:19:40.6564738Z [INFO] ------------------------------------------------------------------------
2026-10-04T14:19:40.6565113Z [INFO] Reactor Build Order:
2026-10-04T14:19:40.6565321Z [INFO] 
2026-10-04T14:19:40.6571584Z [INFO] Gson Parent                                                        [pom]
2026-10-04T14:19:40.6571893Z [INFO] Gson                                                               [jar]
2026-10-04T14:19:40.6572193Z [INFO] Test: Java Platform Module System (JPMS)                           [jar]
2026-10-04T14:19:40.6577948Z [INFO] Test: GraalVM Native Image                                         [jar]
2026-10-04T14:19:40.6578454Z [INFO] Test: Code shrinking (ProGuard / R8)                               [jar]
2026-10-04T14:19:40.6578871Z [INFO] Gson Extras                                                        [jar]
2026-10-04T14:19:40.6579218Z [INFO] Gson Metrics                                                       [jar]
2026-10-04T14:19:40.6579527Z [INFO] Gson Protobuf Support                                              [jar]
2026-10-04T14:19:40.8784679Z [INFO] 
2026-10-04T14:19:40.8804539Z [INFO] ------------------< com.google.code.gson:gson-parent >------------------
2026-10-04T14:19:40.8805087Z [INFO] Building Gson Parent 2.14.1-SNAPSHOT                               [1/8]
2026-10-04T14:19:40.8805494Z [INFO]   from pom.xml
2026-10-04T14:19:40.8805783Z [INFO] --------------------------------[ pom ]---------------------------------
2026-10-04T14:19:41.5015177Z [INFO] 
2026-10-04T14:19:41.5016033Z [INFO] --- enforcer:3.6.3:enforce (enforce-versions) @ gson-parent ---
2026-10-04T14:19:42.7019445Z [INFO] Rule 0: org.apache.maven.enforcer.rules.version.RequireMavenVersion passed
2026-10-04T14:19:42.7141550Z [INFO] Rule 1: org.apache.maven.enforcer.rules.version.RequireJavaVersion passed
2026-10-04T14:19:42.7142542Z [INFO] 
2026-10-04T14:19:42.7142972Z [INFO] --- spotless:3.8.0:check (default) @ gson-parent ---
2026-10-04T14:19:45.2678346Z [INFO] Index file does not exist. Fallback to an empty index
2026-10-04T14:19:45.2907754Z [INFO] Spotless.Format is keeping 23 files clean - 0 needs changes to be clean, 23 were already clean, 0 were skipped because caching determined they were already clean
2026-10-04T14:19:45.2993410Z [INFO] 
2026-10-04T14:19:45.3003095Z [INFO] --- artifact:3.6.1:buildinfo (default) @ gson-parent ---
2026-10-04T14:19:52.8470446Z [INFO] Auto-skipping goal because module skips install and/or deploy
2026-10-04T14:19:52.8474562Z [INFO] 
2026-10-04T14:19:52.8494558Z [INFO] --- javadoc:3.12.0:jar (default-cli) @ gson-parent ---
2026-10-04T14:19:57.1128026Z [INFO] Not executing Javadoc as the project is not a Java classpath-capable package
2026-10-04T14:19:57.1164559Z [INFO] 
2026-10-04T14:19:57.1194554Z [INFO] ---------------------< com.google.code.gson:gson >----------------------
2026-10-04T14:19:57.1224173Z [INFO] Building Gson 2.14.1-SNAPSHOT                                      [2/8]
2026-10-04T14:19:57.1224750Z [INFO]   from gson/pom.xml
2026-10-04T14:19:57.1254200Z [INFO] --------------------------------[ jar ]---------------------------------
2026-10-04T14:19:59.5676233Z [INFO] 
2026-10-04T14:19:59.5676903Z [INFO] --- enforcer:3.6.3:enforce (enforce-versions) @ gson ---
2026-10-04T14:19:59.5692642Z [INFO] 
2026-10-04T14:19:59.5693162Z [INFO] --- templating:3.1.0:filter-sources (filtering-java-templates) @ gson ---
2026-10-04T14:20:00.0022463Z [INFO] Copying files with filtering to temporary directory.
2026-10-04T14:20:00.0062778Z [INFO] Copying 1 resource from src/main/java-templates to target/templates-tmp4151517166
2026-10-04T14:20:00.0406686Z [INFO] Copied 1 files to output directory: /home/runner/work/gson/gson/gson/target/generated-sources/java-templates
2026-10-04T14:20:00.0407479Z [INFO] Source directory: /home/runner/work/gson/gson/gson/target/generated-sources/java-templates added.
2026-10-04T14:20:00.0407901Z [INFO] 
2026-10-04T14:20:00.0408183Z [INFO] --- resources:3.5.0:resources (default-resources) @ gson ---
2026-10-04T14:20:00.3741222Z [INFO] Copying 1 resource from src/main/resources to target/classes
2026-10-04T14:20:00.3761404Z [INFO] 
2026-10-04T14:20:00.3761771Z [INFO] --- compiler:3.15.0:compile (default-compile) @ gson ---
2026-10-04T14:20:01.0314815Z [INFO] Recompiling the module because of changed source code.
2026-10-04T14:20:01.0443607Z [INFO] Compiling 86 source files with javac [debug deprecation release 8] to target/classes
2026-10-04T14:20:03.4415776Z [INFO] 
2026-10-04T14:20:03.4416750Z [INFO] --- bnd:6.4.0:bnd-process (default) @ gson ---
2026-10-04T14:20:06.2670554Z [WARNING] /home/runner/work/gson/gson/gson/pom.xml [0:0]: Export com.google.gson,  has 1,  private references [com.google.gson.internal]
2026-10-04T14:20:06.2676021Z [INFO] 
2026-10-04T14:20:06.2815724Z [INFO] --- resources:3.5.0:testResources (default-testResources) @ gson ---
2026-10-04T14:20:06.2817763Z [INFO] Copying 1 resource from src/test/resources to target/test-classes
2026-10-04T14:20:06.2819103Z [INFO] 
2026-10-04T14:20:06.2819634Z [INFO] --- compiler:3.15.0:testCompile (default-testCompile) @ gson ---
2026-10-04T14:20:06.2838900Z [INFO] Recompiling the module because of changed dependency.
2026-10-04T14:20:06.2849178Z [INFO] Compiling 123 source files with javac [debug deprecation release 17] to target/test-classes
2026-10-04T14:20:09.1224728Z [INFO] 
2026-10-04T14:20:09.1234824Z [INFO] --- resources:3.5.0:copy-resources (pre-obfuscate-class) @ gson ---
2026-10-04T14:20:09.1337690Z [INFO] Copying 2 resources from target/test-classes/com/google/gson/functional to target/test-classes-obfuscated-injar/com/google/gson/functional
2026-10-04T14:20:09.1348188Z [INFO] 
2026-10-04T14:20:09.1355580Z [INFO] --- proguard:2.7.0:proguard (obfuscate-test-class) @ gson ---
2026-10-04T14:20:12.8745575Z [INFO] execute ProGuard [-injars, '/home/runner/work/gson/gson/gson/target/test-classes-obfuscated-injar'(!META-INF/maven/**,**/*.class), -libraryjars, '/home/runner/.m2/repository/com/google/errorprone/error_prone_annotations/2.50.0/error_prone_annotations-2.50.0.jar', -outjars, '/home/runner/work/gson/gson/gson/target/test-classes-obfuscated-outjar', -include, '/home/runner/work/gson/gson/gson/src/test/resources/testcases-proguard.conf', -libraryjars, '/home/runner/work/gson/gson/gson/target/classes', -libraryjars, '/usr/lib/jvm/temurin-17-jdk-amd64/jmods/java.base.jmod', -printmapping, '/home/runner/work/gson/gson/gson/target/proguard_map.txt', -printseeds, '/home/runner/work/gson/gson/gson/target/proguard_seed.txt']
2026-10-04T14:20:12.9005816Z [INFO] proguard jar: [/home/runner/.m2/repository/com/guardsquare/proguard-base/7.9.1/proguard-base-7.9.1.jar, /home/runner/.m2/repository/com/guardsquare/proguard-core/9.3.2/proguard-core-9.3.2.jar]
2026-10-04T14:20:13.5588061Z  [proguard] ProGuard, version 7.9.1
2026-10-04T14:20:15.0121960Z [INFO] 
2026-10-04T14:20:15.0122375Z [INFO] --- resources:3.5.0:copy-resources (post-obfuscate-class) @ gson ---
2026-10-04T14:20:15.0150487Z [INFO] Copying 2 resources from target/test-classes-obfuscated-outjar/com/google/gson/functional to target/test-classes/com/google/gson/functional
2026-10-04T14:20:15.0151057Z [INFO] 
2026-10-04T14:20:15.0151284Z [INFO] --- surefire:3.5.6:test (default-test) @ gson ---
2026-10-04T14:20:15.4357079Z [INFO] Using auto detected provider org.apache.maven.surefire.junit4.JUnit4Provider
2026-10-04T14:20:15.8311566Z [INFO] 
2026-10-04T14:20:15.8311948Z [INFO] -------------------------------------------------------
2026-10-04T14:20:15.8312247Z [INFO]  T E S T S
2026-10-04T14:20:15.8312477Z [INFO] -------------------------------------------------------
2026-10-04T14:20:15.8829734Z OpenJDK 64-Bit Server VM warning: Ignoring option --illegal-access=deny; support was removed in 17.0
2026-10-04T14:20:16.0849325Z [INFO] Running com.google.gson.GenericArrayTypeTest
2026-10-04T14:20:16.1529156Z [INFO] Tests run: 2, Failures: 0, Errors: 0, Skipped: 0, Time elapsed: 0.040 s -- in com.google.gson.GenericArrayTypeTest
2026-10-04T14:20:16.1549107Z [INFO] Running com.google.gson.JsonObjectAsMapTest
2026-10-04T14:20:16.1618448Z [INFO] Tests run: 13, Failures: 0, Errors: 0, Skipped: 0, Time elapsed: 0.001 s -- in com.google.gson.JsonObjectAsMapTest
2026-10-04T14:20:16.1621369Z [INFO] Running com.google.gson.GsonBuilderTest
2026-10-04T14:20:16.2415254Z [WARNING] Tests run: 22, Failures: 0, Errors: 0, Skipped: 1, Time elapsed: 0.075 s -- in com.google.gson.GsonBuilderTest
2026-10-04T14:20:16.2415898Z [INFO] Running com.google.gson.JavaSerializationTest
2026-10-04T14:20:16.2765084Z [INFO] Tests run: 3, Failures: 0, Errors: 0, Skipped: 0, Time elapsed: 0.031 s -- in com.google.gson.JavaSerializationTest
2026-10-04T14:20:16.2766130Z [INFO] Running com.google.gson.JsonParserParameterizedTest
2026-10-04T14:20:16.2809645Z [INFO] Tests run: 8, Failures: 0, Errors: 0, Skipped: 0, Time elapsed: 0.005 s -- in com.google.gson.JsonParserParameterizedTest
2026-10-04T14:20:16.2816652Z [INFO] Running com.google.gson.ExposeAnnotationExclusionStrategyTest
2026-10-04T14:20:16.2931000Z [INFO] Tests run: 6, Failures: 0, Errors: 0, Skipped: 0, Time elapsed: 0.007 s -- in com.google.gson.ExposeAnnotationExclusionStrategyTest
2026-10-04T14:20:16.2934358Z [INFO] Running com.google.gson.JsonObjectAsMapSuiteTest
2026-10-04T14:20:16.7174895Z [INFO] Tests run: 906, Failures: 0, Errors: 0, Skipped: 0, Time elapsed: 0.379 s -- in com.google.gson.JsonObjectAsMapSuiteTest
2026-10-04T14:20:16.7244528Z [INFO] Running com.google.gson.LongSerializationPolicyTest
2026-10-04T14:20:16.7274691Z [INFO] Tests run: 6, Failures: 0, Errors: 0, Skipped: 0, Time elapsed: 0 s -- in com.google.gson.LongSerializationPolicyTest
2026-10-04T14:20:16.7304185Z [INFO] Running com.google.gson.ParameterizedTypeTest
2026-10-04T14:20:16.7334349Z [INFO] Tests run: 2, Failures: 0, Errors: 0, Skipped: 0, Time elapsed: 0 s -- in com.google.gson.ParameterizedTypeTest
2026-10-04T14:20:16.7354230Z [INFO] Running com.google.gson.DefaultMapJsonSerializerTest
2026-10-04T14:20:16.7394390Z [INFO] Tests run: 3, Failures: 0, Errors: 0, Skipped: 0, Time elapsed: 0 s -- in com.google.gson.DefaultMapJsonSerializerTest
2026-10-04T14:20:16.7454611Z [INFO] Running com.google.gson.JsonArrayTest
2026-10-04T14:20:16.7484248Z [INFO] Tests run: 18, Failures: 0, Errors: 0, Skipped: 0, Time elapsed: 0 s -- in com.google.gson.JsonArrayTest
2026-10-04T14:20:16.7514651Z [INFO] Running com.google.gson.DefaultInetAddressTypeAdapterTest
2026-10-04T14:20:16.7544261Z [INFO] Tests run: 4, Failures: 0, Errors: 0, Skipped: 0, Time elapsed: 0 s -- in com.google.gson.DefaultInetAddressTypeAdapterTest
2026-10-04T14:20:16.7573954Z [INFO] Running com.google.gson.functional.FieldExclusionTest
2026-10-04T14:20:16.7604337Z [INFO] Tests run: 3, Failures: 0, Errors: 0, Skipped: 0, Time elapsed: 0 s -- in com.google.gson.functional.FieldExclusionTest
2026-10-04T14:20:16.7634023Z [INFO] Running com.google.gson.functional.DefaultTypeAdaptersTest
2026-10-04T14:20:16.9465061Z [INFO] Tests run: 80, Failures: 0, Errors: 0, Skipped: 0, Time elapsed: 0.205 s -- in com.google.gson.functional.DefaultTypeAdaptersTest
2026-10-04T14:20:16.9476667Z [INFO] Running com.google.gson.functional.InterfaceTest
2026-10-04T14:20:16.9539547Z [INFO] Tests run: 2, Failures: 0, Errors: 0, Skipped: 0, Time elapsed: 0 s -- in com.google.gson.functional.InterfaceTest
2026-10-04T14:20:16.9569756Z [INFO] Running com.google.gson.functional.LeniencyTest
2026-10-04T14:20:16.9605671Z [INFO] Tests run: 1, Failures: 0, Errors: 0, Skipped: 0, Time elapsed: 0.001 s -- in com.google.gson.functional.LeniencyTest
2026-10-04T14:20:16.9674526Z [INFO] Running com.google.gson.functional.TypeHierarchyAdapterTest
2026-10-04T14:20:16.9716041Z [INFO] Tests run: 3, Failures: 0, Errors: 0, Skipped: 0, Time elapsed: 0.004 s -- in com.google.gson.functional.TypeHierarchyAdapterTest
2026-10-04T14:20:16.9730750Z [INFO] Running com.google.gson.functional.FieldNamingTest
2026-10-04T14:20:16.9744800Z [INFO] Tests run: 6, Failures: 0, Errors: 0, Skipped: 0, Time elapsed: 0.006 s -- in com.google.gson.functional.FieldNamingTest
2026-10-04T14:20:16.9745674Z [INFO] Running com.google.gson.functional.PrettyPrintingTest
2026-10-04T14:20:16.9824290Z [INFO] Tests run: 8, Failures: 0, Errors: 0, Skipped: 0, Time elapsed: 0.014 s -- in com.google.gson.functional.PrettyPrintingTest
2026-10-04T14:20:16.9860628Z [INFO] Running com.google.gson.functional.StringTest
2026-10-04T14:20:16.9924812Z [INFO] Tests run: 18, Failures: 0, Errors: 0, Skipped: 0, Time elapsed: 0.003 s -- in com.google.gson.functional.StringTest
2026-10-04T14:20:16.9970432Z [INFO] Running com.google.gson.functional.TypeAdapterPrecedenceTest
2026-10-04T14:20:16.9972052Z [INFO] Tests run: 8, Failures: 0, Errors: 0, Skipped: 0, Time elapsed: 0.001 s -- in com.google.gson.functional.TypeAdapterPrecedenceTest
2026-10-04T14:20:16.9972968Z [INFO] Running com.google.gson.functional.PrimitiveCharacterTest
2026-10-04T14:20:16.9973781Z [INFO] Tests run: 3, Failures: 0, Errors: 0, Skipped: 0, Time elapsed: 0.001 s -- in com.google.gson.functional.PrimitiveCharacterTest
2026-10-04T14:20:17.0019652Z [INFO] Running com.google.gson.functional.StreamingTypeAdaptersTest
2026-10-04T14:20:17.0047993Z [INFO] Tests run: 17, Failures: 0, Errors: 0, Skipped: 0, Time elapsed: 0.002 s -- in com.google.gson.functional.StreamingTypeAdaptersTest
2026-10-04T14:20:17.0048750Z [INFO] Running com.google.gson.functional.JsonAdapterAnnotationOnFieldsTest
2026-10-04T14:20:17.0209063Z [INFO] Tests run: 19, Failures: 0, Errors: 0, Skipped: 0, Time elapsed: 0.015 s -- in com.google.gson.functional.JsonAdapterAnnotationOnFieldsTest
2026-10-04T14:20:17.0244508Z [INFO] Running com.google.gson.functional.CollectionTest
2026-10-04T14:20:17.0372106Z [INFO] Tests run: 30, Failures: 0, Errors: 0, Skipped: 0, Time elapsed: 0.016 s -- in com.google.gson.functional.CollectionTest
2026-10-04T14:20:17.0373298Z [INFO] Running com.google.gson.functional.CustomSerializerTest
2026-10-04T14:20:17.0399686Z [INFO] Tests run: 5, Failures: 0, Errors: 0, Skipped: 0, Time elapsed: 0.002 s -- in com.google.gson.functional.CustomSerializerTest
2026-10-04T14:20:17.0409623Z [INFO] Running com.google.gson.functional.TreeTypeAdaptersTest
2026-10-04T14:20:17.0442224Z [INFO] Tests run: 2, Failures: 0, Errors: 0, Skipped: 0, Time elapsed: 0.002 s -- in com.google.gson.functional.TreeTypeAdaptersTest
2026-10-04T14:20:17.0443431Z [INFO] Running com.google.gson.functional.InstanceCreatorTest
2026-10-04T14:20:17.0475890Z [INFO] Tests run: 5, Failures: 0, Errors: 0, Skipped: 0, Time elapsed: 0.001 s -- in com.google.gson.functional.InstanceCreatorTest
2026-10-04T14:20:17.0477371Z [INFO] Running com.google.gson.functional.SerializedNameTest
2026-10-04T14:20:17.0524588Z [INFO] Tests run: 3, Failures: 0, Errors: 0, Skipped: 0, Time elapsed: 0.002 s -- in com.google.gson.functional.SerializedNameTest
2026-10-04T14:20:17.0527361Z [INFO] Running com.google.gson.functional.PrimitiveTest
2026-10-04T14:20:17.0825130Z [INFO] Tests run: 106, Failures: 0, Errors: 0, Skipped: 0, Time elapsed: 0.026 s -- in com.google.gson.functional.PrimitiveTest
2026-10-04T14:20:17.0825954Z [INFO] Running com.google.gson.functional.ReflectionAccessFilterTest
2026-10-04T14:20:17.1066793Z [INFO] Tests run: 15, Failures: 0, Errors: 0, Skipped: 0, Time elapsed: 0.022 s -- in com.google.gson.functional.ReflectionAccessFilterTest
2026-10-04T14:20:17.1067879Z [INFO] Running com.google.gson.functional.VersioningTest
2026-10-04T14:20:17.1116769Z [INFO] Tests run: 10, Failures: 0, Errors: 0, Skipped: 0, Time elapsed: 0.003 s -- in com.google.gson.functional.VersioningTest
2026-10-04T14:20:17.1124544Z [INFO] Running com.google.gson.functional.CustomDeserializerTest
2026-10-04T14:20:17.1191255Z [INFO] Tests run: 7, Failures: 0, Errors: 0, Skipped: 0, Time elapsed: 0.005 s -- in com.google.gson.functional.CustomDeserializerTest
2026-10-04T14:20:17.1203350Z [INFO] Running com.google.gson.functional.SecurityTest
2026-10-04T14:20:17.1216021Z [INFO] Tests run: 5, Failures: 0, Errors: 0, Skipped: 0, Time elapsed: 0.001 s -- in com.google.gson.functional.SecurityTest
2026-10-04T14:20:17.1216768Z [INFO] Running com.google.gson.functional.MapAsArrayTypeAdapterTest
2026-10-04T14:20:17.1319919Z [WARNING] Tests run: 11, Failures: 0, Errors: 0, Skipped: 1, Time elapsed: 0.006 s -- in com.google.gson.functional.MapAsArrayTypeAdapterTest
2026-10-04T14:20:17.1320723Z [INFO] Running com.google.gson.functional.JsonParserTest
2026-10-04T14:20:17.1350905Z [INFO] Tests run: 8, Failures: 0, Errors: 0, Skipped: 0, Time elapsed: 0 s -- in com.google.gson.functional.JsonParserTest
2026-10-04T14:20:17.1351767Z [INFO] Running com.google.gson.functional.DelegateTypeAdapterTest
2026-10-04T14:20:17.1352551Z [INFO] Tests run: 2, Failures: 0, Errors: 0, Skipped: 0, Time elapsed: 0 s -- in com.google.gson.functional.DelegateTypeAdapterTest
2026-10-04T14:20:17.1358012Z [INFO] Running com.google.gson.functional.ReflectionAccessTest
2026-10-04T14:20:17.1462553Z WARNING: A terminally deprecated method in java.lang.System has been called
2026-10-04T14:20:17.1464894Z WARNING: System::setSecurityManager has been called by com.google.gson.functional.ReflectionAccessTest (file:/home/runner/work/gson/gson/gson/target/test-classes/)
2026-10-04T14:20:17.1466008Z WARNING: Please consider reporting this to the maintainers of com.google.gson.functional.ReflectionAccessTest
2026-10-04T14:20:17.1466740Z WARNING: System::setSecurityManager will be removed in a future release
2026-10-04T14:20:17.1747155Z [INFO] Tests run: 3, Failures: 0, Errors: 0, Skipped: 0, Time elapsed: 0.038 s -- in com.google.gson.functional.ReflectionAccessTest
2026-10-04T14:20:17.1776657Z [INFO] Running com.google.gson.functional.ObjectTest
2026-10-04T14:20:17.2055107Z [INFO] Tests run: 50, Failures: 0, Errors: 0, Skipped: 0, Time elapsed: 0.026 s -- in com.google.gson.functional.ObjectTest
2026-10-04T14:20:17.2084317Z [INFO] Running com.google.gson.functional.NumberLimitsTest
2026-10-04T14:20:17.2454903Z [INFO] Tests run: 6, Failures: 0, Errors: 0, Skipped: 0, Time elapsed: 0.040 s -- in com.google.gson.functional.NumberLimitsTest
2026-10-04T14:20:17.2455604Z [INFO] Running com.google.gson.functional.JsonAdapterAnnotationOnClassesTest
2026-10-04T14:20:17.2705586Z [INFO] Tests run: 20, Failures: 0, Errors: 0, Skipped: 0, Time elapsed: 0.020 s -- in com.google.gson.functional.JsonAdapterAnnotationOnClassesTest
2026-10-04T14:20:17.2706671Z [INFO] Running com.google.gson.functional.MapTest
2026-10-04T14:20:17.3025305Z [INFO] Tests run: 54, Failures: 0, Errors: 0, Skipped: 0, Time elapsed: 0.032 s -- in com.google.gson.functional.MapTest
2026-10-04T14:20:17.3026164Z [INFO] Running com.google.gson.functional.InheritanceTest
2026-10-04T14:20:17.3062347Z [INFO] Tests run: 13, Failures: 0, Errors: 0, Skipped: 0, Time elapsed: 0.003 s -- in com.google.gson.functional.InheritanceTest
2026-10-04T14:20:17.3064212Z [INFO] Running com.google.gson.functional.JavaUtilConcurrentAtomicTest
2026-10-04T14:20:17.3275205Z [INFO] Tests run: 8, Failures: 0, Errors: 0, Skipped: 0, Time elapsed: 0.015 s -- in com.google.gson.functional.JavaUtilConcurrentAtomicTest
2026-10-04T14:20:17.3282172Z [INFO] Running com.google.gson.functional.CustomTypeAdaptersTest
2026-10-04T14:20:17.3355075Z [WARNING] Tests run: 21, Failures: 0, Errors: 0, Skipped: 2, Time elapsed: 0.005 s -- in com.google.gson.functional.CustomTypeAdaptersTest
2026-10-04T14:20:17.3384291Z [INFO] Running com.google.gson.functional.JsonTreeTest
2026-10-04T14:20:17.3462797Z [INFO] Tests run: 4, Failures: 0, Errors: 0, Skipped: 0, Time elapsed: 0.002 s -- in com.google.gson.functional.JsonTreeTest
2026-10-04T14:20:17.3463881Z [INFO] Running com.google.gson.functional.EnumWithObfuscatedTest
2026-10-04T14:20:17.3464957Z [INFO] Tests run: 1, Failures: 0, Errors: 0, Skipped: 0, Time elapsed: 0.003 s -- in com.google.gson.functional.EnumWithObfuscatedTest
2026-10-04T14:20:17.3465826Z [INFO] Running com.google.gson.functional.MoreSpecificTypeSerializationTest
2026-10-04T14:20:17.3516268Z [INFO] Tests run: 6, Failures: 0, Errors: 0, Skipped: 0, Time elapsed: 0 s -- in com.google.gson.functional.MoreSpecificTypeSerializationTest
2026-10-04T14:20:17.3538723Z [INFO] Running com.google.gson.functional.ReusedTypeVariablesFullyResolveTest
2026-10-04T14:20:17.3563026Z [INFO] Tests run: 1, Failures: 0, Errors: 0, Skipped: 0, Time elapsed: 0 s -- in com.google.gson.functional.ReusedTypeVariablesFullyResolveTest
2026-10-04T14:20:17.3589866Z [INFO] Running com.google.gson.functional.RuntimeTypeAdapterFactoryFunctionalTest
2026-10-04T14:20:17.3590884Z [INFO] Tests run: 1, Failures: 0, Errors: 0, Skipped: 0, Time elapsed: 0 s -- in com.google.gson.functional.RuntimeTypeAdapterFactoryFunctionalTest
2026-10-04T14:20:17.3591583Z [INFO] Running com.google.gson.functional.NamingPolicyTest
2026-10-04T14:20:17.3714980Z [INFO] Tests run: 22, Failures: 0, Errors: 0, Skipped: 0, Time elapsed: 0.001 s -- in com.google.gson.functional.NamingPolicyTest
2026-10-04T14:20:17.3753596Z [INFO] Running com.google.gson.functional.GsonVersionDiagnosticsTest
2026-10-04T14:20:17.3771462Z [INFO] Tests run: 3, Failures: 0, Errors: 0, Skipped: 0, Time elapsed: 0 s -- in com.google.gson.functional.GsonVersionDiagnosticsTest
2026-10-04T14:20:17.3797534Z [INFO] Running com.google.gson.functional.UncategorizedTest
2026-10-04T14:20:17.3798150Z [INFO] Tests run: 6, Failures: 0, Errors: 0, Skipped: 0, Time elapsed: 0 s -- in com.google.gson.functional.UncategorizedTest
2026-10-04T14:20:17.3800612Z [INFO] Running com.google.gson.functional.ReadersWritersTest
2026-10-04T14:20:17.3834848Z [INFO] Tests run: 11, Failures: 0, Errors: 0, Skipped: 0, Time elapsed: 0 s -- in com.google.gson.functional.ReadersWritersTest
2026-10-04T14:20:17.3881136Z [INFO] Running com.google.gson.functional.ToNumberPolicyFunctionalTest
2026-10-04T14:20:17.3943411Z [INFO] Tests run: 7, Failures: 0, Errors: 0, Skipped: 0, Time elapsed: 0 s -- in com.google.gson.functional.ToNumberPolicyFunctionalTest
2026-10-04T14:20:17.3944221Z [INFO] Running com.google.gson.functional.RawSerializationTest
2026-10-04T14:20:17.3944965Z [INFO] Tests run: 5, Failures: 0, Errors: 0, Skipped: 0, Time elapsed: 0 s -- in com.google.gson.functional.RawSerializationTest
2026-10-04T14:20:17.3946148Z [INFO] Running com.google.gson.functional.TypeVariableTest
2026-10-04T14:20:17.3946839Z [INFO] Tests run: 3, Failures: 0, Errors: 0, Skipped: 0, Time elapsed: 0 s -- in com.google.gson.functional.TypeVariableTest
2026-10-04T14:20:17.3948163Z [INFO] Running com.google.gson.functional.ParameterizedTypesTest
2026-10-04T14:20:17.3949115Z [INFO] Tests run: 18, Failures: 0, Errors: 0, Skipped: 0, Time elapsed: 0 s -- in com.google.gson.functional.ParameterizedTypesTest
2026-10-04T14:20:17.3949776Z [INFO] Running com.google.gson.functional.JsonAdapterSerializerDeserializerTest
2026-10-04T14:20:17.3950496Z [INFO] Tests run: 4, Failures: 0, Errors: 0, Skipped: 0, Time elapsed: 0 s -- in com.google.gson.functional.JsonAdapterSerializerDeserializerTest
2026-10-04T14:20:17.3951155Z [INFO] Running com.google.gson.functional.PrintFormattingTest
2026-10-04T14:20:17.3952409Z [INFO] Tests run: 3, Failures: 0, Errors: 0, Skipped: 0, Time elapsed: 0 s -- in com.google.gson.functional.PrintFormattingTest
2026-10-04T14:20:17.3966919Z [INFO] Running com.google.gson.functional.ExclusionStrategyFunctionalTest
2026-10-04T14:20:17.4006559Z [INFO] Tests run: 9, Failures: 0, Errors: 0, Skipped: 0, Time elapsed: 0 s -- in com.google.gson.functional.ExclusionStrategyFunctionalTest
2026-10-04T14:20:17.4008597Z [INFO] Running com.google.gson.functional.ExposeFieldsTest
2026-10-04T14:20:17.4009190Z [INFO] Tests run: 8, Failures: 0, Errors: 0, Skipped: 0, Time elapsed: 0 s -- in com.google.gson.functional.ExposeFieldsTest
2026-10-04T14:20:17.4009730Z [INFO] Running com.google.gson.functional.EnumTest
2026-10-04T14:20:17.4165748Z [INFO] Tests run: 16, Failures: 0, Errors: 0, Skipped: 0, Time elapsed: 0 s -- in com.google.gson.functional.EnumTest
2026-10-04T14:20:17.4166936Z [INFO] Running com.google.gson.functional.EscapingTest
2026-10-04T14:20:17.4167790Z [INFO] Tests run: 5, Failures: 0, Errors: 0, Skipped: 0, Time elapsed: 0.001 s -- in com.google.gson.functional.EscapingTest
2026-10-04T14:20:17.4168604Z [INFO] Running com.google.gson.functional.NullObjectAndFieldTest
2026-10-04T14:20:17.4169257Z [INFO] Tests run: 16, Failures: 0, Errors: 0, Skipped: 0, Time elapsed: 0 s -- in com.google.gson.functional.NullObjectAndFieldTest
2026-10-04T14:20:17.4187885Z [INFO] Running com.google.gson.functional.ConcurrencyTest
2026-10-04T14:20:17.4500903Z [INFO] Tests run: 4, Failures: 0, Errors: 0, Skipped: 0, Time elapsed: 0.027 s -- in com.google.gson.functional.ConcurrencyTest
2026-10-04T14:20:17.4502367Z [INFO] Running com.google.gson.functional.FormattingStyleTest
2026-10-04T14:20:17.4530644Z [INFO] Tests run: 9, Failures: 0, Errors: 0, Skipped: 0, Time elapsed: 0.007 s -- in com.google.gson.functional.FormattingStyleTest
2026-10-04T14:20:17.4533193Z [INFO] Running com.google.gson.functional.Java17RecordTest
2026-10-04T14:20:17.5205499Z [INFO] Tests run: 25, Failures: 0, Errors: 0, Skipped: 0, Time elapsed: 0.038 s -- in com.google.gson.functional.Java17RecordTest
2026-10-04T14:20:17.5214245Z [INFO] Running com.google.gson.functional.JavaUtilTest
2026-10-04T14:20:17.5515741Z [INFO] Tests run: 2, Failures: 0, Errors: 0, Skipped: 0, Time elapsed: 0 s -- in com.google.gson.functional.JavaUtilTest
2026-10-04T14:20:17.5544285Z [INFO] Running com.google.gson.functional.CircularReferenceTest
2026-10-04T14:20:17.5735871Z [INFO] Tests run: 6, Failures: 0, Errors: 0, Skipped: 0, Time elapsed: 0.012 s -- in com.google.gson.functional.CircularReferenceTest
2026-10-04T14:20:17.5736832Z [INFO] Running com.google.gson.functional.TypeAdapterRuntimeTypeWrapperTest
2026-10-04T14:20:17.5737891Z [INFO] Tests run: 7, Failures: 0, Errors: 0, Skipped: 0, Time elapsed: 0.003 s -- in com.google.gson.functional.TypeAdapterRuntimeTypeWrapperTest
2026-10-04T14:20:17.5738589Z [INFO] Running com.google.gson.functional.ArrayTest
2026-10-04T14:20:17.5739413Z [INFO] Tests run: 28, Failures: 0, Errors: 0, Skipped: 0, Time elapsed: 0.001 s -- in com.google.gson.functional.ArrayTest
2026-10-04T14:20:17.5740089Z [INFO] Running com.google.gson.functional.InternationalizationTest
2026-10-04T14:20:17.5741274Z [INFO] Tests run: 6, Failures: 0, Errors: 0, Skipped: 0, Time elapsed: 0.002 s -- in com.google.gson.functional.InternationalizationTest
2026-10-04T14:20:17.5741937Z [INFO] Running com.google.gson.JsonArrayAsListSuiteTest
2026-10-04T14:20:17.7908122Z [INFO] Tests run: 404, Failures: 0, Errors: 0, Skipped: 0, Time elapsed: 0.256 s -- in com.google.gson.JsonArrayAsListSuiteTest
2026-10-04T14:20:17.7916433Z [INFO] Running com.google.gson.GsonTypeAdapterTest
2026-10-04T14:20:17.7925756Z [INFO] Tests run: 5, Failures: 0, Errors: 0, Skipped: 0, Time elapsed: 0.001 s -- in com.google.gson.GsonTypeAdapterTest
2026-10-04T14:20:17.7926321Z [INFO] Running com.google.gson.JsonArrayAsListTest
2026-10-04T14:20:17.7926662Z [INFO] Tests run: 16, Failures: 0, Errors: 0, Skipped: 0, Time elapsed: 0.001 s -- in com.google.gson.JsonArrayAsListTest
2026-10-04T14:20:17.7927180Z [INFO] Running com.google.gson.FieldAttributesTest
2026-10-04T14:20:17.7940446Z [INFO] Tests run: 5, Failures: 0, Errors: 0, Skipped: 0, Time elapsed: 0 s -- in com.google.gson.FieldAttributesTest
2026-10-04T14:20:17.7942387Z [INFO] Running com.google.gson.GsonTest
2026-10-04T14:20:17.8031442Z [INFO] Tests run: 14, Failures: 0, Errors: 0, Skipped: 0, Time elapsed: 0.004 s -- in com.google.gson.GsonTest
2026-10-04T14:20:17.8034459Z [INFO] Running com.google.gson.ObjectTypeAdapterParameterizedTest
2026-10-04T14:20:17.8035099Z [INFO] Tests run: 8, Failures: 0, Errors: 0, Skipped: 0, Time elapsed: 0 s -- in com.google.gson.ObjectTypeAdapterParameterizedTest
2026-10-04T14:20:17.8035668Z [INFO] Running com.google.gson.ToNumberPolicyTest
2026-10-04T14:20:17.8299344Z [INFO] Tests run: 5, Failures: 0, Errors: 0, Skipped: 0, Time elapsed: 0.008 s -- in com.google.gson.ToNumberPolicyTest
2026-10-04T14:20:17.8419689Z [INFO] Running com.google.gson.JsonNullTest
2026-10-04T14:20:17.8484401Z [INFO] Tests run: 3, Failures: 0, Errors: 0, Skipped: 0, Time elapsed: 0 s -- in com.google.gson.JsonNullTest
2026-10-04T14:20:17.8485103Z [INFO] Running com.google.gson.OverrideCoreTypeAdaptersTest
2026-10-04T14:20:17.8502926Z [INFO] Tests run: 3, Failures: 0, Errors: 0, Skipped: 0, Time elapsed: 0.004 s -- in com.google.gson.OverrideCoreTypeAdaptersTest
2026-10-04T14:20:17.8503404Z [INFO] Running com.google.gson.JsonParserTest
2026-10-04T14:20:17.8504303Z [INFO] Tests run: 14, Failures: 0, Errors: 0, Skipped: 0, Time elapsed: 0.012 s -- in com.google.gson.JsonParserTest
2026-10-04T14:20:17.8504808Z [INFO] Running com.google.gson.MixedStreamTest
2026-10-04T14:20:17.8505542Z [INFO] Tests run: 13, Failures: 0, Errors: 0, Skipped: 0, Time elapsed: 0.001 s -- in com.google.gson.MixedStreamTest
2026-10-04T14:20:17.8506073Z [INFO] Running com.google.gson.stream.JsonWriterTest
2026-10-04T14:20:17.8506792Z [INFO] Tests run: 55, Failures: 0, Errors: 0, Skipped: 0, Time elapsed: 0.008 s -- in com.google.gson.stream.JsonWriterTest
2026-10-04T14:20:17.8524748Z [INFO] Running com.google.gson.stream.JsonReaderTest
2026-10-04T14:20:17.9151075Z [WARNING] Tests run: 162, Failures: 0, Errors: 0, Skipped: 3, Time elapsed: 0.041 s -- in com.google.gson.stream.JsonReaderTest
2026-10-04T14:20:17.9196389Z [INFO] Running com.google.gson.stream.JsonReaderPathTest
2026-10-04T14:20:17.9197339Z [WARNING] Tests run: 30, Failures: 0, Errors: 0, Skipped: 1, Time elapsed: 0 s -- in com.google.gson.stream.JsonReaderPathTest
2026-10-04T14:20:17.9202742Z [INFO] Running com.google.gson.CommentsTest
2026-10-04T14:20:17.9224381Z [INFO] Tests run: 1, Failures: 0, Errors: 0, Skipped: 0, Time elapsed: 0 s -- in com.google.gson.CommentsTest
2026-10-04T14:20:17.9425653Z [INFO] Running com.google.gson.JsonStreamParserTest
2026-10-04T14:20:17.9428751Z [INFO] Tests run: 7, Failures: 0, Errors: 0, Skipped: 0, Time elapsed: 0.001 s -- in com.google.gson.JsonStreamParserTest
2026-10-04T14:20:17.9430628Z [INFO] Running com.google.gson.JsonObjectTest
2026-10-04T14:20:17.9432737Z [INFO] Tests run: 18, Failures: 0, Errors: 0, Skipped: 0, Time elapsed: 0 s -- in com.google.gson.JsonObjectTest
2026-10-04T14:20:17.9433282Z [INFO] Running com.google.gson.VersionExclusionStrategyTest
2026-10-04T14:20:17.9434096Z [INFO] Tests run: 3, Failures: 0, Errors: 0, Skipped: 0, Time elapsed: 0.005 s -- in com.google.gson.VersionExclusionStrategyTest
2026-10-04T14:20:17.9434651Z [INFO] Running com.google.gson.JsonPrimitiveTest
2026-10-04T14:20:17.9435437Z [INFO] Tests run: 31, Failures: 0, Errors: 0, Skipped: 0, Time elapsed: 0 s -- in com.google.gson.JsonPrimitiveTest
2026-10-04T14:20:17.9435956Z [INFO] Running com.google.gson.TypeAdapterTest
2026-10-04T14:20:17.9436454Z [INFO] Tests run: 6, Failures: 0, Errors: 0, Skipped: 0, Time elapsed: 0.005 s -- in com.google.gson.TypeAdapterTest
2026-10-04T14:20:17.9453337Z [INFO] Running com.google.gson.ObjectTypeAdapterTest
2026-10-04T14:20:17.9454330Z [INFO] Tests run: 7, Failures: 0, Errors: 0, Skipped: 0, Time elapsed: 0.024 s -- in com.google.gson.ObjectTypeAdapterTest
2026-10-04T14:20:17.9455217Z [INFO] Running com.google.gson.metrics.PerformanceTest
2026-10-04T14:20:17.9474652Z [WARNING] Tests run: 12, Failures: 0, Errors: 0, Skipped: 11, Time elapsed: 0.001 s -- in com.google.gson.metrics.PerformanceTest
2026-10-04T14:20:17.9475686Z [INFO] Running com.google.gson.FieldNamingPolicyTest
2026-10-04T14:20:17.9476858Z [INFO] Tests run: 4, Failures: 0, Errors: 0, Skipped: 0, Time elapsed: 0.001 s -- in com.google.gson.FieldNamingPolicyTest
2026-10-04T14:20:17.9477851Z [INFO] Running com.google.gson.reflect.TypeTokenTest
2026-10-04T14:20:17.9658249Z [INFO] Tests run: 11, Failures: 0, Errors: 0, Skipped: 0, Time elapsed: 0.014 s -- in com.google.gson.reflect.TypeTokenTest
2026-10-04T14:20:17.9667919Z [INFO] Running com.google.gson.SubsetTest
2026-10-04T14:20:17.9669112Z [INFO] Tests run: 2, Failures: 0, Errors: 0, Skipped: 0, Time elapsed: 0.001 s -- in com.google.gson.SubsetTest
2026-10-04T14:20:17.9672499Z [INFO] Running com.google.gson.InnerClassExclusionStrategyTest
2026-10-04T14:20:17.9673126Z [INFO] Tests run: 4, Failures: 0, Errors: 0, Skipped: 0, Time elapsed: 0 s -- in com.google.gson.InnerClassExclusionStrategyTest
2026-10-04T14:20:17.9673901Z [INFO] Running com.google.gson.internal.UnsafeAllocatorInstantiationTest
2026-10-04T14:20:17.9695964Z [INFO] Tests run: 3, Failures: 0, Errors: 0, Skipped: 0, Time elapsed: 0 s -- in com.google.gson.internal.UnsafeAllocatorInstantiationTest
2026-10-04T14:20:17.9721586Z [INFO] Running com.google.gson.internal.bind.RecursiveTypesResolveTest
2026-10-04T14:20:17.9915799Z [INFO] Tests run: 7, Failures: 0, Errors: 0, Skipped: 0, Time elapsed: 0.004 s -- in com.google.gson.internal.bind.RecursiveTypesResolveTest
2026-10-04T14:20:17.9920596Z [INFO] Running com.google.gson.internal.bind.JsonTreeWriterTest
2026-10-04T14:20:17.9921415Z [INFO] Tests run: 26, Failures: 0, Errors: 0, Skipped: 0, Time elapsed: 0.003 s -- in com.google.gson.internal.bind.JsonTreeWriterTest
2026-10-04T14:20:17.9922045Z [INFO] Running com.google.gson.internal.bind.JsonElementReaderTest
2026-10-04T14:20:17.9922802Z [INFO] Tests run: 18, Failures: 0, Errors: 0, Skipped: 0, Time elapsed: 0.003 s -- in com.google.gson.internal.bind.JsonElementReaderTest
2026-10-04T14:20:17.9923374Z [INFO] Running com.google.gson.internal.bind.JsonTreeReaderTest
2026-10-04T14:20:17.9924176Z [INFO] Tests run: 17, Failures: 0, Errors: 0, Skipped: 0, Time elapsed: 0.004 s -- in com.google.gson.internal.bind.JsonTreeReaderTest
2026-10-04T14:20:17.9924833Z [INFO] Running com.google.gson.internal.bind.Java17ReflectiveTypeAdapterFactoryTest
2026-10-04T14:20:17.9955779Z [INFO] Tests run: 2, Failures: 0, Errors: 0, Skipped: 0, Time elapsed: 0.003 s -- in com.google.gson.internal.bind.Java17ReflectiveTypeAdapterFactoryTest
2026-10-04T14:20:17.9959096Z [INFO] Running com.google.gson.internal.bind.util.ISO8601UtilsTest
2026-10-04T14:20:17.9978999Z [INFO] Tests run: 9, Failures: 0, Errors: 0, Skipped: 0, Time elapsed: 0.001 s -- in com.google.gson.internal.bind.util.ISO8601UtilsTest
2026-10-04T14:20:17.9981285Z [INFO] Running com.google.gson.internal.bind.DefaultDateTypeAdapterTest
2026-10-04T14:20:18.1475788Z [INFO] Tests run: 11, Failures: 0, Errors: 0, Skipped: 0, Time elapsed: 0.133 s -- in com.google.gson.internal.bind.DefaultDateTypeAdapterTest
2026-10-04T14:20:18.1477684Z [INFO] Running com.google.gson.internal.StreamsTest
2026-10-04T14:20:18.1478943Z [INFO] Tests run: 1, Failures: 0, Errors: 0, Skipped: 0, Time elapsed: 0.006 s -- in com.google.gson.internal.StreamsTest
2026-10-04T14:20:18.1480948Z [INFO] Running com.google.gson.internal.LinkedTreeMapSuiteTest
2026-10-04T14:20:18.4468124Z [INFO] Tests run: 1860, Failures: 0, Errors: 0, Skipped: 0, Time elapsed: 0.222 s -- in com.google.gson.internal.LinkedTreeMapSuiteTest
2026-10-04T14:20:18.4468854Z [INFO] Running com.google.gson.internal.ConstructorConstructorTest
2026-10-04T14:20:18.4484429Z [INFO] Tests run: 7, Failures: 0, Errors: 0, Skipped: 0, Time elapsed: 0 s -- in com.google.gson.internal.ConstructorConstructorTest
2026-10-04T14:20:18.4494477Z [INFO] Running com.google.gson.internal.LazilyParsedNumberTest
2026-10-04T14:20:18.4495283Z [INFO] Tests run: 4, Failures: 0, Errors: 0, Skipped: 0, Time elapsed: 0 s -- in com.google.gson.internal.LazilyParsedNumberTest
2026-10-04T14:20:18.4497644Z [INFO] Running com.google.gson.internal.reflect.Java17ReflectionHelperTest
2026-10-04T14:20:18.4514318Z [INFO] Tests run: 2, Failures: 0, Errors: 0, Skipped: 0, Time elapsed: 0 s -- in com.google.gson.internal.reflect.Java17ReflectionHelperTest
2026-10-04T14:20:18.4515241Z [INFO] Running com.google.gson.internal.GsonTypesTest
2026-10-04T14:20:18.4516123Z [INFO] Tests run: 6, Failures: 0, Errors: 0, Skipped: 0, Time elapsed: 0 s -- in com.google.gson.internal.GsonTypesTest
2026-10-04T14:20:18.4516821Z [INFO] Running com.google.gson.internal.LinkedTreeMapTest
2026-10-04T14:20:18.4529227Z [INFO] Tests run: 18, Failures: 0, Errors: 0, Skipped: 0, Time elapsed: 0 s -- in com.google.gson.internal.LinkedTreeMapTest
2026-10-04T14:20:18.4530016Z [INFO] Running com.google.gson.internal.GsonBuildConfigTest
2026-10-04T14:20:18.4546414Z [INFO] Tests run: 1, Failures: 0, Errors: 0, Skipped: 0, Time elapsed: 0 s -- in com.google.gson.internal.GsonBuildConfigTest
2026-10-04T14:20:18.4548985Z [INFO] Running com.google.gson.internal.JavaVersionTest
2026-10-04T14:20:18.4552771Z [INFO] Tests run: 7, Failures: 0, Errors: 0, Skipped: 0, Time elapsed: 0.001 s -- in com.google.gson.internal.JavaVersionTest
2026-10-04T14:20:18.4555019Z [INFO] Running com.google.gson.internal.sql.SqlTypesGsonTest
2026-10-04T14:20:18.4561704Z [INFO] Tests run: 9, Failures: 0, Errors: 0, Skipped: 0, Time elapsed: 0 s -- in com.google.gson.internal.sql.SqlTypesGsonTest
2026-10-04T14:20:18.4564297Z [INFO] Running com.google.gson.internal.sql.SqlTypesSupportTest
2026-10-04T14:20:18.4569032Z [INFO] Tests run: 1, Failures: 0, Errors: 0, Skipped: 0, Time elapsed: 0 s -- in com.google.gson.internal.sql.SqlTypesSupportTest
2026-10-04T14:20:18.4994808Z [INFO] 
2026-10-04T14:20:18.5014251Z [INFO] Results:
2026-10-04T14:20:18.5014530Z [INFO] 
2026-10-04T14:20:18.5015123Z [INFO] Tests run: 4633, Failures: 0, Errors: 0, Skipped: 19
2026-10-04T14:20:18.5015539Z [INFO] 
2026-10-04T14:20:18.5038312Z [INFO] 
2026-10-04T14:20:18.5038922Z [INFO] --- jar:3.5.1:jar (default-jar) @ gson ---
2026-10-04T14:20:19.3618969Z [INFO] Building jar: /home/runner/work/gson/gson/gson/target/gson-2.14.1-SNAPSHOT.jar
2026-10-04T14:20:19.4100921Z [INFO] 
2026-10-04T14:20:19.4108099Z [INFO] --- moditect:1.3.0.Final:add-module-info (add-module-info) @ gson ---
2026-10-04T14:20:20.0879031Z [INFO] 
2026-10-04T14:20:20.0891444Z [INFO] --- failsafe:3.5.6:integration-test (default) @ gson ---
2026-10-04T14:20:20.1357671Z [INFO] Using auto detected provider org.apache.maven.surefire.junit4.JUnit4Provider
2026-10-04T14:20:20.1499309Z [INFO] 
2026-10-04T14:20:20.1499983Z [INFO] -------------------------------------------------------
2026-10-04T14:20:20.1500700Z [INFO]  T E S T S
2026-10-04T14:20:20.1501171Z [INFO] -------------------------------------------------------
2026-10-04T14:20:20.3255941Z [INFO] Running com.google.gson.integration.OSGiManifestIT
2026-10-04T14:20:20.4296908Z [INFO] Tests run: 4, Failures: 0, Errors: 0, Skipped: 0, Time elapsed: 0.101 s -- in com.google.gson.integration.OSGiManifestIT
2026-10-04T14:20:20.4468906Z [INFO] 
2026-10-04T14:20:20.4469230Z [INFO] Results:
2026-10-04T14:20:20.4469636Z [INFO] 
2026-10-04T14:20:20.4472104Z [INFO] Tests run: 4, Failures: 0, Errors: 0, Skipped: 0
2026-10-04T14:20:20.4474074Z [INFO] 
2026-10-04T14:20:20.4501217Z [INFO] 
2026-10-04T14:20:20.4501729Z [INFO] --- spotless:3.8.0:check (default) @ gson ---
2026-10-04T14:20:20.4681552Z [INFO] Index file does not exist. Fallback to an empty index
2026-10-04T14:20:20.4682602Z [INFO] Spotless.Format is keeping 2 files clean - 0 needs changes to be clean, 2 were already clean, 0 were skipped because caching determined they were already clean
2026-10-04T14:20:23.9939351Z [INFO] Spotless.Java is keeping 209 files clean - 0 needs changes to be clean, 209 were already clean, 0 were skipped because caching determined they were already clean
2026-10-04T14:20:23.9956917Z [INFO] 
2026-10-04T14:20:23.9957432Z [INFO] --- artifact:3.6.1:buildinfo (default) @ gson ---
2026-10-04T14:20:23.9969581Z [INFO] Auto-skipping goal because module skips install and/or deploy
2026-10-04T14:20:23.9970121Z [INFO] 
2026-10-04T14:20:23.9970638Z [INFO] --- failsafe:3.5.6:verify (default) @ gson ---
2026-10-04T14:20:24.3569612Z [INFO] 
2026-10-04T14:20:24.3569954Z [INFO] --- javadoc:3.12.0:jar (default-cli) @ gson ---
2026-10-04T14:20:27.5049821Z [INFO] Building jar: /home/runner/work/gson/gson/gson/target/gson-2.14.1-SNAPSHOT-javadoc.jar
2026-10-04T14:20:27.5448673Z [INFO] 
2026-10-04T14:20:27.5449472Z [INFO] -------------------< com.google.code.gson:test-jpms >-------------------
2026-10-04T14:20:27.5451693Z [INFO] Building Test: Java Platform Module System (JPMS) 2.14.1-SNAPSHOT  [3/8]
2026-10-04T14:20:27.5452238Z [INFO]   from test-jpms/pom.xml
2026-10-04T14:20:27.5452738Z [INFO] --------------------------------[ jar ]---------------------------------
2026-10-04T14:20:27.7253700Z [INFO] 
2026-10-04T14:20:27.7254398Z [INFO] --- enforcer:3.6.3:enforce (enforce-versions) @ test-jpms ---
2026-10-04T14:20:27.7604890Z [INFO] Rule 0: org.apache.maven.enforcer.rules.version.RequireMavenVersion passed
2026-10-04T14:20:27.7651409Z [INFO] Rule 1: org.apache.maven.enforcer.rules.version.RequireJavaVersion passed
2026-10-04T14:20:27.7652109Z [INFO] 
2026-10-04T14:20:27.7652781Z [INFO] --- resources:3.4.0:resources (default-resources) @ test-jpms ---
2026-10-04T14:20:27.7833071Z [INFO] skip non existing resourceDirectory /home/runner/work/gson/gson/test-jpms/src/main/resources
2026-10-04T14:20:27.7833918Z [INFO] 
2026-10-04T14:20:27.7837374Z [INFO] --- compiler:3.15.0:compile (default-compile) @ test-jpms ---
2026-10-04T14:20:27.8265186Z [INFO] Recompiling the module because of changed dependency.
2026-10-04T14:20:27.8300843Z [INFO] Compiling 1 source file with javac [debug deprecation release 11] to target/classes
2026-10-04T14:20:27.8586279Z [INFO] 
2026-10-04T14:20:27.8621725Z [INFO] --- resources:3.4.0:testResources (default-testResources) @ test-jpms ---
2026-10-04T14:20:27.8622522Z [INFO] skip non existing resourceDirectory /home/runner/work/gson/gson/test-jpms/src/test/resources
2026-10-04T14:20:27.8631772Z [INFO] 
2026-10-04T14:20:27.8636450Z [INFO] --- compiler:3.15.0:testCompile (default-testCompile) @ test-jpms ---
2026-10-04T14:20:27.8854596Z [INFO] Recompiling the module because of changed dependency.
2026-10-04T14:20:27.8880694Z [INFO] Compiling 5 source files with javac [debug deprecation release 11 module-path] to target/test-classes
2026-10-04T14:20:28.0114691Z [INFO] 
2026-10-04T14:20:28.0123826Z [INFO] --- surefire:3.5.6:test (default-test) @ test-jpms ---
2026-10-04T14:20:28.0563111Z [INFO] Using auto detected provider org.apache.maven.surefire.junit4.JUnit4Provider
2026-10-04T14:20:28.0732639Z [INFO] 
2026-10-04T14:20:28.0733355Z [INFO] -------------------------------------------------------
2026-10-04T14:20:28.0734186Z [INFO]  T E S T S
2026-10-04T14:20:28.0734940Z [INFO] -------------------------------------------------------
2026-10-04T14:20:28.5083371Z [INFO] Running com.google.gson.jpms_test.ModuleTest
2026-10-04T14:20:28.5755693Z [INFO] Tests run: 2, Failures: 0, Errors: 0, Skipped: 0, Time elapsed: 0.057 s -- in com.google.gson.jpms_test.ModuleTest
2026-10-04T14:20:28.5761334Z [INFO] Running com.google.gson.jpms_test.ExportedPackagesTest
2026-10-04T14:20:28.6047251Z [INFO] Tests run: 6, Failures: 0, Errors: 0, Skipped: 0, Time elapsed: 0.026 s -- in com.google.gson.jpms_test.ExportedPackagesTest
2026-10-04T14:20:28.6049483Z [INFO] Running com.google.gson.jpms_test.ReflectionInaccessibleTest
2026-10-04T14:20:28.6203354Z [INFO] Tests run: 2, Failures: 0, Errors: 0, Skipped: 0, Time elapsed: 0.013 s -- in com.google.gson.jpms_test.ReflectionInaccessibleTest
2026-10-04T14:20:28.6206108Z [INFO] Running com.google.gson.jpms_test.opened.ReflectionTest
2026-10-04T14:20:28.6274754Z [INFO] Tests run: 2, Failures: 0, Errors: 0, Skipped: 0, Time elapsed: 0.007 s -- in com.google.gson.jpms_test.opened.ReflectionTest
2026-10-04T14:20:28.6389712Z [INFO] 
2026-10-04T14:20:28.6390227Z [INFO] Results:
2026-10-04T14:20:28.6390821Z [INFO] 
2026-10-04T14:20:28.6392883Z [INFO] Tests run: 12, Failures: 0, Errors: 0, Skipped: 0
2026-10-04T14:20:28.6393327Z [INFO] 
2026-10-04T14:20:28.6425661Z [INFO] 
2026-10-04T14:20:28.6426406Z [INFO] --- jar:3.5.1:jar (default-jar) @ test-jpms ---
2026-10-04T14:20:28.8429875Z [INFO] Building jar: /home/runner/work/gson/gson/test-jpms/target/test-jpms-2.14.1-SNAPSHOT.jar
2026-10-04T14:20:28.9046776Z [INFO] 
2026-10-04T14:20:28.9047376Z [INFO] --- spotless:3.8.0:check (default) @ test-jpms ---
2026-10-04T14:20:29.0076523Z [INFO] Index file does not exist. Fallback to an empty index
2026-10-04T14:20:29.0102483Z [INFO] Spotless.Format is keeping 2 files clean - 0 needs changes to be clean, 2 were already clean, 0 were skipped because caching determined they were already clean
2026-10-04T14:20:29.1424568Z [INFO] Spotless.Java is keeping 6 files clean - 0 needs changes to be clean, 6 were already clean, 0 were skipped because caching determined they were already clean
2026-10-04T14:20:29.1434908Z [INFO] 
2026-10-04T14:20:29.1435404Z [INFO] --- artifact:3.6.1:buildinfo (default) @ test-jpms ---
2026-10-04T14:20:29.2223276Z [INFO] Auto-skipping goal because module skips install and/or deploy
2026-10-04T14:20:29.2224301Z [INFO] 
2026-10-04T14:20:29.2224893Z [INFO] --- javadoc:3.12.0:jar (default-cli) @ test-jpms ---
2026-10-04T14:20:29.3296983Z [INFO] Skipping javadoc generation
2026-10-04T14:20:29.3297587Z [INFO] 
2026-10-04T14:20:29.3298150Z [INFO] ------------< com.google.code.gson:test-graal-native-image >------------
2026-10-04T14:20:29.3298918Z [INFO] Building Test: GraalVM Native Image 2.14.1-SNAPSHOT                [4/8]
2026-10-04T14:20:29.3299494Z [INFO]   from test-graal-native-image/pom.xml
2026-10-04T14:20:29.3300051Z [INFO] --------------------------------[ jar ]---------------------------------
2026-10-04T14:20:29.8164661Z [INFO] 
2026-10-04T14:20:29.8165449Z [INFO] --- enforcer:3.6.3:enforce (enforce-versions) @ test-graal-native-image ---
2026-10-04T14:20:29.8173705Z [INFO] 
2026-10-04T14:20:29.8174159Z [INFO] --- resources:3.4.0:resources (default-resources) @ test-graal-native-image ---
2026-10-04T14:20:29.8179947Z [INFO] skip non existing resourceDirectory /home/runner/work/gson/gson/test-graal-native-image/src/main/resources
2026-10-04T14:20:29.8180683Z [INFO] 
2026-10-04T14:20:29.8181170Z [INFO] --- compiler:3.15.0:compile (default-compile) @ test-graal-native-image ---
2026-10-04T14:20:29.8191634Z [INFO] No sources to compile
2026-10-04T14:20:29.8192034Z [INFO] 
2026-10-04T14:20:29.8192394Z [INFO] --- resources:3.4.0:testResources (default-testResources) @ test-graal-native-image ---
2026-10-04T14:20:29.8215875Z [INFO] Copying 1 resource from src/test/resources to target/test-classes
2026-10-04T14:20:29.8235567Z [INFO] 
2026-10-04T14:20:29.8236404Z [INFO] --- compiler:3.15.0:testCompile (default-testCompile) @ test-graal-native-image ---
2026-10-04T14:20:29.8268201Z [INFO] Recompiling the module because of changed dependency.
2026-10-04T14:20:29.8272787Z [INFO] Compiling 2 source files with javac [debug deprecation release 17] to target/test-classes
2026-10-04T14:20:29.9125383Z [INFO] 
2026-10-04T14:20:29.9145151Z [INFO] --- surefire:3.5.6:test (default-test) @ test-graal-native-image ---
2026-10-04T14:20:29.9164887Z [INFO] Using auto detected provider org.apache.maven.surefire.junitplatform.JUnitPlatformProvider
2026-10-04T14:20:30.1609283Z [INFO] 
2026-10-04T14:20:30.1609642Z [INFO] -------------------------------------------------------
2026-10-04T14:20:30.1609977Z [INFO]  T E S T S
2026-10-04T14:20:30.1610228Z [INFO] -------------------------------------------------------
2026-10-04T14:20:30.7349483Z [INFO] Running com.google.gson.native_test.Java17RecordReflectionTest
2026-10-04T14:20:30.8505027Z [INFO] Tests run: 10, Failures: 0, Errors: 0, Skipped: 0, Time elapsed: 0.109 s -- in com.google.gson.native_test.Java17RecordReflectionTest
2026-10-04T14:20:30.8506214Z [INFO] Running com.google.gson.native_test.ReflectionTest
2026-10-04T14:20:30.8671368Z [INFO] Tests run: 10, Failures: 0, Errors: 0, Skipped: 0, Time elapsed: 0.023 s -- in com.google.gson.native_test.ReflectionTest
2026-10-04T14:20:30.8943979Z [INFO] 
2026-10-04T14:20:30.8944325Z [INFO] Results:
2026-10-04T14:20:30.8944784Z [INFO] 
2026-10-04T14:20:30.8945549Z [INFO] Tests run: 20, Failures: 0, Errors: 0, Skipped: 0
2026-10-04T14:20:30.8945896Z [INFO] 
2026-10-04T14:20:30.8954992Z [INFO] 
2026-10-04T14:20:30.8955695Z [INFO] --- jar:3.5.1:jar (default-jar) @ test-graal-native-image ---
2026-10-04T14:20:30.8965486Z [INFO] Skipping packaging of the jar
2026-10-04T14:20:30.8965794Z [INFO] 
2026-10-04T14:20:30.8966482Z [INFO] --- spotless:3.8.0:check (default) @ test-graal-native-image ---
2026-10-04T14:20:30.9024797Z [INFO] Index file does not exist. Fallback to an empty index
2026-10-04T14:20:30.9031893Z [INFO] Spotless.Format is keeping 2 files clean - 0 needs changes to be clean, 2 were already clean, 0 were skipped because caching determined they were already clean
2026-10-04T14:20:31.0078149Z [INFO] Spotless.Java is keeping 2 files clean - 0 needs changes to be clean, 2 were already clean, 0 were skipped because caching determined they were already clean
2026-10-04T14:20:31.0078817Z [INFO] 
2026-10-04T14:20:31.0079108Z [INFO] --- artifact:3.6.1:buildinfo (default) @ test-graal-native-image ---
2026-10-04T14:20:31.0079612Z [INFO] Auto-skipping goal because module skips install and/or deploy
2026-10-04T14:20:31.0079933Z [INFO] 
2026-10-04T14:20:31.0094393Z [INFO] --- javadoc:3.12.0:jar (default-cli) @ test-graal-native-image ---
2026-10-04T14:20:31.0104127Z [INFO] Skipping javadoc generation
2026-10-04T14:20:31.0175037Z [INFO] 
2026-10-04T14:20:31.0175632Z [INFO] -----------------< com.google.code.gson:test-shrinker >-----------------
2026-10-04T14:20:31.0176552Z [INFO] Building Test: Code shrinking (ProGuard / R8) 2.14.1-SNAPSHOT      [5/8]
2026-10-04T14:20:31.0177151Z [INFO]   from test-shrinker/pom.xml
2026-10-04T14:20:31.0177850Z [INFO] --------------------------------[ jar ]---------------------------------
2026-10-04T14:20:32.3004875Z [INFO] 
2026-10-04T14:20:32.3005161Z [INFO] --- enforcer:3.6.3:enforce (enforce-versions) @ test-shrinker ---
2026-10-04T14:20:32.3328526Z [INFO] Rule 0: org.apache.maven.enforcer.rules.version.RequireMavenVersion passed
2026-10-04T14:20:32.3369665Z [INFO] Rule 1: org.apache.maven.enforcer.rules.version.RequireJavaVersion passed
2026-10-04T14:20:32.3370367Z [INFO] 
2026-10-04T14:20:32.3370773Z [INFO] --- resources:3.4.0:resources (default-resources) @ test-shrinker ---
2026-10-04T14:20:32.3557820Z [INFO] skip non existing resourceDirectory /home/runner/work/gson/gson/test-shrinker/src/main/resources
2026-10-04T14:20:32.3558518Z [INFO] 
2026-10-04T14:20:32.3558911Z [INFO] --- compiler:3.15.0:compile (default-compile) @ test-shrinker ---
2026-10-04T14:20:32.3865520Z [INFO] Recompiling the module because of changed dependency.
2026-10-04T14:20:32.3896698Z [INFO] Compiling 18 source files with javac [debug deprecation release 8] to target/classes
2026-10-04T14:20:32.4596343Z [INFO] 
2026-10-04T14:20:32.4597044Z [INFO] --- resources:3.4.0:testResources (default-testResources) @ test-shrinker ---
2026-10-04T14:20:32.4664929Z [INFO] skip non existing resourceDirectory /home/runner/work/gson/gson/test-shrinker/src/test/resources
2026-10-04T14:20:32.4665284Z [INFO] 
2026-10-04T14:20:32.4684520Z [INFO] --- compiler:3.15.0:testCompile (default-testCompile) @ test-shrinker ---
2026-10-04T14:20:32.4714137Z [INFO] Recompiling the module because of changed dependency.
2026-10-04T14:20:32.4815528Z [INFO] Compiling 1 source file with javac [debug deprecation release 11] to target/test-classes
2026-10-04T14:20:32.6501373Z [INFO] 
2026-10-04T14:20:32.6503013Z [INFO] --- surefire:3.5.6:test (default-test) @ test-shrinker ---
2026-10-04T14:20:32.6933039Z [INFO] 
2026-10-04T14:20:32.6933896Z [INFO] --- jar:3.5.1:jar (default-jar) @ test-shrinker ---
2026-10-04T14:20:32.7728072Z [INFO] Building jar: /home/runner/work/gson/gson/test-shrinker/target/test-shrinker-2.14.1-SNAPSHOT.jar
2026-10-04T14:20:32.7991024Z [INFO] 
2026-10-04T14:20:32.7991752Z [INFO] --- proguard:2.7.0:proguard (default) @ test-shrinker ---
2026-10-04T14:20:32.8388095Z [INFO] execute ProGuard [-injars, '/home/runner/work/gson/gson/test-shrinker/target/test-shrinker-2.14.1-SNAPSHOT.jar'(!META-INF/maven/**), -injars, '/home/runner/work/gson/gson/gson/target/classes'(!META-INF/MANIFEST.MF,!META-INF/maven/**), -injars, '/home/runner/.m2/repository/com/google/errorprone/error_prone_annotations/2.50.0/error_prone_annotations-2.50.0.jar'(!META-INF/MANIFEST.MF,!META-INF/maven/**), -outjars, '/home/runner/work/gson/gson/test-shrinker/target/proguard-output.jar', -include, '/home/runner/work/gson/gson/test-shrinker/proguard.pro', -libraryjars, '/usr/lib/jvm/temurin-17-jdk-amd64/jmods/java.base.jmod', -libraryjars, '/usr/lib/jvm/temurin-17-jdk-amd64/jmods/java.sql.jmod', -libraryjars, '/usr/lib/jvm/temurin-17-jdk-amd64/jmods/java.compiler.jmod', -printmapping, '/home/runner/work/gson/gson/test-shrinker/target/proguard_map.txt', -printseeds, '/home/runner/work/gson/gson/test-shrinker/target/proguard_seed.txt', -include, /home/runner/work/gson/gson/test-shrinker/../gson/src/main/resources/META-INF/proguard/gson.pro]
2026-10-04T14:20:32.8575199Z [INFO] proguard jar: [/home/runner/.m2/repository/com/guardsquare/proguard-base/7.9.1/proguard-base-7.9.1.jar, /home/runner/.m2/repository/com/guardsquare/proguard-core/9.3.2/proguard-core-9.3.2.jar]
2026-10-04T14:20:33.2749283Z  [proguard] ProGuard, version 7.9.1
2026-10-04T14:20:33.7739952Z  [proguard] Note: com.google.gson.internal.GsonTypes calls 'Class.getDeclaringClass'
2026-10-04T14:20:33.8774092Z  [proguard] Note: com.google.gson.internal.UnsafeAllocator: can't find dynamically referenced class sun.misc.Unsafe
2026-10-04T14:20:33.8775567Z  [proguard] Note: com.google.gson.internal.UnsafeAllocator accesses a declared field 'theUnsafe' dynamically
2026-10-04T14:20:33.8790522Z  [proguard] Note: com.google.gson.internal.UnsafeAllocator accesses a method 'allocateInstance(java.lang.Class)' dynamically
2026-10-04T14:20:33.8792756Z  [proguard] Note: com.google.gson.internal.reflect.ReflectionHelper$RecordSupportedHelper accesses a method 'getType()' dynamically
2026-10-04T14:20:34.0750556Z  [proguard] Warning: can't derive deserialized type from fromJson() invocation in com/example/Main.fromJson(Lcom/google/gson/Gson;Ljava/lang/String;Ljava/lang/Class;)Ljava/lang/Object;
2026-10-04T14:20:34.0752591Z  [proguard] Warning: can't derive serialized type from toJson() invocation in com/example/Main.lambda$testTypeTokenWriteRead$2(Lcom/google/gson/Gson;Ljava/util/function/Supplier;)Ljava/lang/String;
2026-10-04T14:20:34.0754320Z  [proguard] Warning: can't derive deserialized type from fromJson() invocation in com/example/NoSerializedNameMain.runTestNoArgsConstructor()Ljava/lang/String;
2026-10-04T14:20:34.0755597Z  [proguard] Warning: can't derive deserialized type from fromJson() invocation in com/example/NoSerializedNameMain.runTestNoJdkUnsafe()Ljava/lang/String;
2026-10-04T14:20:34.0756813Z  [proguard] Warning: can't derive deserialized type from fromJson() invocation in com/example/NoSerializedNameMain.runTestHasArgsConstructor()Ljava/lang/String;
2026-10-04T14:20:35.6281909Z [INFO] 
2026-10-04T14:20:35.6282286Z [INFO] --- shade:3.6.2:shade (default) @ test-shrinker ---
2026-10-04T14:20:36.7995194Z [INFO] Replacing original artifact with shaded artifact.
2026-10-04T14:20:36.7998667Z [INFO] 
2026-10-04T14:20:36.7999005Z [INFO] --- exec:3.6.3:java (r8) @ test-shrinker ---
2026-10-04T14:20:52.2228113Z [INFO] 
2026-10-04T14:20:52.2234046Z [INFO] --- failsafe:3.5.6:integration-test (default) @ test-shrinker ---
2026-10-04T14:20:52.2701864Z [INFO] Using auto detected provider org.apache.maven.surefire.junit4.JUnit4Provider
2026-10-04T14:20:52.2818090Z [INFO] 
2026-10-04T14:20:52.2819130Z [INFO] -------------------------------------------------------
2026-10-04T14:20:52.2819860Z [INFO]  T E S T S
2026-10-04T14:20:52.2820375Z [INFO] -------------------------------------------------------
2026-10-04T14:20:52.4990340Z [INFO] Running com.google.gson.it.ShrinkingIT
2026-10-04T14:20:52.7899599Z [WARNING] Tests run: 10, Failures: 0, Errors: 0, Skipped: 1, Time elapsed: 0.277 s -- in com.google.gson.it.ShrinkingIT
2026-10-04T14:20:52.7993396Z [INFO] 
2026-10-04T14:20:52.7994125Z [INFO] Results:
2026-10-04T14:20:52.7994771Z [INFO] 
2026-10-04T14:20:52.7998553Z [INFO] Tests run: 10, Failures: 0, Errors: 0, Skipped: 1
2026-10-04T14:20:52.8000601Z [INFO] 
2026-10-04T14:20:52.8030928Z [INFO] 
2026-10-04T14:20:52.8031732Z [INFO] --- spotless:3.8.0:check (default) @ test-shrinker ---
2026-10-04T14:20:52.9254019Z [INFO] Index file does not exist. Fallback to an empty index
2026-10-04T14:20:52.9258557Z [INFO] Spotless.Format is keeping 2 files clean - 0 needs changes to be clean, 2 were already clean, 0 were skipped because caching determined they were already clean
2026-10-04T14:20:53.2446181Z [INFO] Spotless.Java is keeping 19 files clean - 0 needs changes to be clean, 19 were already clean, 0 were skipped because caching determined they were already clean
2026-10-04T14:20:53.2447236Z [INFO] 
2026-10-04T14:20:53.2447934Z [INFO] --- artifact:3.6.1:buildinfo (default) @ test-shrinker ---
2026-10-04T14:20:53.2996536Z [INFO] Auto-skipping goal because module skips install and/or deploy
2026-10-04T14:20:53.2997530Z [INFO] 
2026-10-04T14:20:53.2998242Z [INFO] --- failsafe:3.5.6:verify (default) @ test-shrinker ---
2026-10-04T14:20:53.3031103Z [INFO] 
2026-10-04T14:20:53.3031682Z [INFO] --- javadoc:3.12.0:jar (default-cli) @ test-shrinker ---
2026-10-04T14:20:53.3850929Z [INFO] Skipping javadoc generation
2026-10-04T14:20:53.3851632Z [INFO] 
2026-10-04T14:20:53.3853728Z [INFO] ------------------< com.google.code.gson:gson-extras >------------------
2026-10-04T14:20:53.3854457Z [INFO] Building Gson Extras 2.14.1-SNAPSHOT                               [6/8]
2026-10-04T14:20:53.3855765Z [INFO]   from extras/pom.xml
2026-10-04T14:20:53.3856304Z [INFO] --------------------------------[ jar ]---------------------------------
2026-10-04T14:20:53.4774830Z [INFO] 
2026-10-04T14:20:53.4775590Z [INFO] --- enforcer:3.6.3:enforce (enforce-versions) @ gson-extras ---
2026-10-04T14:20:53.4776480Z [INFO] 
2026-10-04T14:20:53.4776922Z [INFO] --- resources:3.4.0:resources (default-resources) @ gson-extras ---
2026-10-04T14:20:53.4777888Z [INFO] skip non existing resourceDirectory /home/runner/work/gson/gson/extras/src/main/resources
2026-10-04T14:20:53.4778536Z [INFO] 
2026-10-04T14:20:53.4779197Z [INFO] --- compiler:3.15.0:compile (default-compile) @ gson-extras ---
2026-10-04T14:20:53.4816894Z [INFO] Recompiling the module because of changed dependency.
2026-10-04T14:20:53.4818191Z [INFO] Compiling 7 source files with javac [debug deprecation release 8] to target/classes
2026-10-04T14:20:53.5998808Z [INFO] 
2026-10-04T14:20:53.6019611Z [INFO] --- resources:3.4.0:testResources (default-testResources) @ gson-extras ---
2026-10-04T14:20:53.6021945Z [INFO] skip non existing resourceDirectory /home/runner/work/gson/gson/extras/src/test/resources
2026-10-04T14:20:53.6023435Z [INFO] 
2026-10-04T14:20:53.6024886Z [INFO] --- compiler:3.15.0:testCompile (default-testCompile) @ gson-extras ---
2026-10-04T14:20:53.6033955Z [INFO] Recompiling the module because of changed dependency.
2026-10-04T14:20:53.6035078Z [INFO] Compiling 4 source files with javac [debug deprecation release 11] to target/test-classes
2026-10-04T14:20:53.6844538Z [INFO] 
2026-10-04T14:20:53.6846177Z [INFO] --- surefire:3.5.6:test (default-test) @ gson-extras ---
2026-10-04T14:20:53.6882190Z [INFO] Using auto detected provider org.apache.maven.surefire.junit4.JUnit4Provider
2026-10-04T14:20:53.6901834Z [INFO] 
2026-10-04T14:20:53.6902431Z [INFO] -------------------------------------------------------
2026-10-04T14:20:53.6905642Z [INFO]  T E S T S
2026-10-04T14:20:53.6907484Z [INFO] -------------------------------------------------------
2026-10-04T14:20:53.8723748Z [INFO] Running com.google.gson.typeadapters.RuntimeTypeAdapterFactoryTest
2026-10-04T14:20:54.0048216Z [INFO] Tests run: 14, Failures: 0, Errors: 0, Skipped: 0, Time elapsed: 0.133 s -- in com.google.gson.typeadapters.RuntimeTypeAdapterFactoryTest
2026-10-04T14:20:54.0102554Z [INFO] Running com.google.gson.typeadapters.UtcDateTypeAdapterTest
2026-10-04T14:20:54.1242684Z [INFO] Tests run: 6, Failures: 0, Errors: 0, Skipped: 0, Time elapsed: 0.117 s -- in com.google.gson.typeadapters.UtcDateTypeAdapterTest
2026-10-04T14:20:54.1252992Z [INFO] Running com.google.gson.typeadapters.PostConstructAdapterFactoryTest
2026-10-04T14:20:54.1361092Z [INFO] Tests run: 2, Failures: 0, Errors: 0, Skipped: 0, Time elapsed: 0.009 s -- in com.google.gson.typeadapters.PostConstructAdapterFactoryTest
2026-10-04T14:20:54.1386491Z [INFO] Running com.google.gson.interceptors.InterceptorTest
2026-10-04T14:20:54.1549547Z [INFO] Tests run: 8, Failures: 0, Errors: 0, Skipped: 0, Time elapsed: 0.017 s -- in com.google.gson.interceptors.InterceptorTest
2026-10-04T14:20:54.1649716Z [INFO] 
2026-10-04T14:20:54.1650236Z [INFO] Results:
2026-10-04T14:20:54.1650534Z [INFO] 
2026-10-04T14:20:54.1650879Z [INFO] Tests run: 30, Failures: 0, Errors: 0, Skipped: 0
2026-10-04T14:20:54.1652658Z [INFO] 
2026-10-04T14:20:54.1675318Z [INFO] 
2026-10-04T14:20:54.1685374Z [INFO] --- jar:3.5.1:jar (default-jar) @ gson-extras ---
2026-10-04T14:20:54.1740131Z [INFO] Building jar: /home/runner/work/gson/gson/extras/target/gson-extras-2.14.1-SNAPSHOT.jar
2026-10-04T14:20:54.1779742Z [INFO] 
2026-10-04T14:20:54.1780747Z [INFO] --- spotless:3.8.0:check (default) @ gson-extras ---
2026-10-04T14:20:54.1854217Z [INFO] Index file does not exist. Fallback to an empty index
2026-10-04T14:20:54.1862761Z [INFO] Spotless.Format is keeping 2 files clean - 0 needs changes to be clean, 2 were already clean, 0 were skipped because caching determined they were already clean
2026-10-04T14:20:54.3400299Z [INFO] Spotless.Java is keeping 11 files clean - 0 needs changes to be clean, 11 were already clean, 0 were skipped because caching determined they were already clean
2026-10-04T14:20:54.3419724Z [INFO] 
2026-10-04T14:20:54.3434242Z [INFO] --- artifact:3.6.1:buildinfo (default) @ gson-extras ---
2026-10-04T14:20:54.3434676Z [INFO] Auto-skipping goal because module skips install and/or deploy
2026-10-04T14:20:54.3434994Z [INFO] 
2026-10-04T14:20:54.3435229Z [INFO] --- javadoc:3.12.0:jar (default-cli) @ gson-extras ---
2026-10-04T14:20:55.7723385Z [INFO] Building jar: /home/runner/work/gson/gson/extras/target/gson-extras-2.14.1-SNAPSHOT-javadoc.jar
2026-10-04T14:20:55.7984352Z [INFO] 
2026-10-04T14:20:55.7984843Z [INFO] -----------------< com.google.code.gson:gson-metrics >------------------
2026-10-04T14:20:55.7987546Z [INFO] Building Gson Metrics 2.14.1-SNAPSHOT                              [7/8]
2026-10-04T14:20:55.7988263Z [INFO]   from metrics/pom.xml
2026-10-04T14:20:55.7988763Z [INFO] --------------------------------[ jar ]---------------------------------
2026-10-04T14:20:58.9022496Z [INFO] 
2026-10-04T14:20:58.9022782Z [INFO] --- enforcer:3.6.3:enforce (enforce-versions) @ gson-metrics ---
2026-10-04T14:20:58.9042608Z [INFO] 
2026-10-04T14:20:58.9043037Z [INFO] --- resources:3.4.0:resources (default-resources) @ gson-metrics ---
2026-10-04T14:20:58.9052574Z [INFO] Copying 1 resource from src/main/resources to target/classes
2026-10-04T14:20:58.9055451Z [INFO] 
2026-10-04T14:20:58.9059818Z [INFO] --- compiler:3.15.0:compile (default-compile) @ gson-metrics ---
2026-10-04T14:20:58.9086190Z [INFO] Recompiling the module because of changed dependency.
2026-10-04T14:20:58.9090605Z [INFO] Compiling 6 source files with javac [debug deprecation release 8] to target/classes
2026-10-04T14:20:59.0040703Z [INFO] 
2026-10-04T14:20:59.0115431Z [INFO] --- resources:3.4.0:testResources (default-testResources) @ gson-metrics ---
2026-10-04T14:20:59.0134492Z [INFO] skip non existing resourceDirectory /home/runner/work/gson/gson/metrics/src/test/resources
2026-10-04T14:20:59.0137724Z [INFO] 
2026-10-04T14:20:59.0148967Z [INFO] --- compiler:3.15.0:testCompile (default-testCompile) @ gson-metrics ---
2026-10-04T14:20:59.0162013Z [INFO] No sources to compile
2026-10-04T14:20:59.0166218Z [INFO] 
2026-10-04T14:20:59.0166687Z [INFO] --- surefire:3.5.6:test (default-test) @ gson-metrics ---
2026-10-04T14:20:59.0182183Z [INFO] No tests to run.
2026-10-04T14:20:59.0182417Z [INFO] 
2026-10-04T14:20:59.0184230Z [INFO] --- jar:3.5.1:jar (default-jar) @ gson-metrics ---
2026-10-04T14:20:59.0187639Z [INFO] Building jar: /home/runner/work/gson/gson/metrics/target/gson-metrics-2.14.1-SNAPSHOT.jar
2026-10-04T14:20:59.0221719Z [INFO] 
2026-10-04T14:20:59.0222252Z [INFO] --- spotless:3.8.0:check (default) @ gson-metrics ---
2026-10-04T14:20:59.0564295Z [INFO] Index file does not exist. Fallback to an empty index
2026-10-04T14:20:59.0565265Z [INFO] Spotless.Format is keeping 2 files clean - 0 needs changes to be clean, 2 were already clean, 0 were skipped because caching determined they were already clean
2026-10-04T14:20:59.1035679Z [INFO] Spotless.Java is keeping 6 files clean - 0 needs changes to be clean, 6 were already clean, 0 were skipped because caching determined they were already clean
2026-10-04T14:20:59.1036196Z [INFO] 
2026-10-04T14:20:59.1036825Z [INFO] --- artifact:3.6.1:buildinfo (default) @ gson-metrics ---
2026-10-04T14:20:59.1037225Z [INFO] Auto-skipping goal because module skips install and/or deploy
2026-10-04T14:20:59.1037532Z [INFO] 
2026-10-04T14:20:59.1038114Z [INFO] --- javadoc:3.12.0:jar (default-cli) @ gson-metrics ---
2026-10-04T14:20:59.1038420Z [INFO] Skipping javadoc generation
2026-10-04T14:20:59.1038841Z [INFO] 
2026-10-04T14:20:59.1039401Z [INFO] ---------------------< com.google.code.gson:proto >---------------------
2026-10-04T14:20:59.1039848Z [INFO] Building Gson Protobuf Support 2.14.1-SNAPSHOT                     [8/8]
2026-10-04T14:20:59.1040237Z [INFO]   from proto/pom.xml
2026-10-04T14:20:59.1050865Z [INFO] --------------------------------[ jar ]---------------------------------
2026-10-04T14:21:00.3634660Z [INFO] 
2026-10-04T14:21:00.3634953Z [INFO] --- enforcer:3.6.3:enforce (enforce-versions) @ proto ---
2026-10-04T14:21:00.3642103Z [INFO] 
2026-10-04T14:21:00.3642415Z [INFO] --- resources:3.4.0:resources (default-resources) @ proto ---
2026-10-04T14:21:00.3646716Z [INFO] skip non existing resourceDirectory /home/runner/work/gson/gson/proto/src/main/resources
2026-10-04T14:21:00.3647230Z [INFO] 
2026-10-04T14:21:00.3647530Z [INFO] --- compiler:3.15.0:compile (default-compile) @ proto ---
2026-10-04T14:21:00.3665518Z [INFO] Recompiling the module because of changed dependency.
2026-10-04T14:21:00.3668952Z [INFO] Compiling 3 source files with javac [debug deprecation release 8] to target/classes
2026-10-04T14:21:00.4361113Z [INFO] 
2026-10-04T14:21:00.4383876Z [INFO] --- protobuf:5.1.7:generate-test (default) @ proto ---
2026-10-04T14:21:00.6989941Z [INFO] Registering "/home/runner/work/gson/gson/proto/target/generated-test-sources/protobuf" as a Maven test source root for compiler plugins
2026-10-04T14:21:00.7079171Z [INFO] All sources will be compiled, as no previous build data was detected
2026-10-04T14:21:00.7086152Z [INFO] Generating source code from 4 proto source files and 0 descriptor files (discovered a total of 4 proto source files and 0 descriptor files)
2026-10-04T14:21:00.7151264Z [INFO] Invoking protoc. Enable debug logs (--debug --errors) for more details
2026-10-04T14:21:00.7731326Z [INFO] protoc (pid 2972) returned exit code 0 (success) after 56ms
2026-10-04T14:21:00.7731857Z [INFO] PROTOC SUCCEEDED: Protoc invocation succeeded.
2026-10-04T14:21:00.7733713Z [INFO] 
2026-10-04T14:21:00.7734620Z [INFO] --- resources:3.4.0:testResources (default-testResources) @ proto ---
2026-10-04T14:21:00.7740052Z [INFO] skip non existing resourceDirectory /home/runner/work/gson/gson/proto/src/test/resources
2026-10-04T14:21:00.7740813Z [INFO] 
2026-10-04T14:21:00.7741511Z [INFO] --- compiler:3.15.0:testCompile (default-testCompile) @ proto ---
2026-10-04T14:21:00.7791069Z [INFO] Recompiling the module because of changed dependency.
2026-10-04T14:21:00.7794002Z [INFO] Compiling 39 source files with javac [debug deprecation release 11] to target/test-classes
2026-10-04T14:21:01.7334736Z [INFO] 
2026-10-04T14:21:01.7335666Z [INFO] --- surefire:3.5.6:test (default-test) @ proto ---
2026-10-04T14:21:01.7383913Z [INFO] Using auto detected provider org.apache.maven.surefire.junit4.JUnit4Provider
2026-10-04T14:21:01.7417173Z [INFO] 
2026-10-04T14:21:01.7418236Z [INFO] -------------------------------------------------------
2026-10-04T14:21:01.7420697Z [INFO]  T E S T S
2026-10-04T14:21:01.7421368Z [INFO] -------------------------------------------------------
2026-10-04T14:21:02.0262856Z [INFO] Running com.google.gson.protobuf.functional.StructTypeAdapterTest
2026-10-04T14:21:02.1742413Z [INFO] Tests run: 8, Failures: 0, Errors: 0, Skipped: 0, Time elapsed: 0.148 s -- in com.google.gson.protobuf.functional.StructTypeAdapterTest
2026-10-04T14:21:02.1743898Z [INFO] Running com.google.gson.protobuf.functional.ProtosWithPrimitiveTypesTest
2026-10-04T14:21:02.1875783Z [INFO] Tests run: 5, Failures: 0, Errors: 0, Skipped: 0, Time elapsed: 0.011 s -- in com.google.gson.protobuf.functional.ProtosWithPrimitiveTypesTest
2026-10-04T14:21:02.1883948Z [INFO] Running com.google.gson.protobuf.functional.ProtosWithAnnotationsTest
2026-10-04T14:21:02.2138296Z [INFO] Tests run: 6, Failures: 0, Errors: 0, Skipped: 0, Time elapsed: 0.023 s -- in com.google.gson.protobuf.functional.ProtosWithAnnotationsTest
2026-10-04T14:21:02.2139391Z [INFO] Running com.google.gson.protobuf.functional.LegacyProtoTypeAdapterFactoryTest
2026-10-04T14:21:02.5767132Z [INFO] Tests run: 128, Failures: 0, Errors: 0, Skipped: 0, Time elapsed: 0.355 s -- in com.google.gson.protobuf.functional.LegacyProtoTypeAdapterFactoryTest
2026-10-04T14:21:02.5805266Z [INFO] Running com.google.gson.protobuf.functional.ProtosWithAnnotationsAndJsonNamesTest
2026-10-04T14:21:02.5906119Z [INFO] Tests run: 6, Failures: 0, Errors: 0, Skipped: 0, Time elapsed: 0.010 s -- in com.google.gson.protobuf.functional.ProtosWithAnnotationsAndJsonNamesTest
2026-10-04T14:21:02.5907496Z [INFO] Running com.google.gson.protobuf.functional.ProtosWithComplexAndRepeatedFieldsTest
2026-10-04T14:21:02.6107124Z [INFO] Tests run: 4, Failures: 0, Errors: 0, Skipped: 0, Time elapsed: 0.020 s -- in com.google.gson.protobuf.functional.ProtosWithComplexAndRepeatedFieldsTest
2026-10-04T14:21:02.6354765Z [INFO] 
2026-10-04T14:21:02.6358488Z [INFO] Results:
2026-10-04T14:21:02.6358724Z [INFO] 
2026-10-04T14:21:02.6358984Z [INFO] Tests run: 157, Failures: 0, Errors: 0, Skipped: 0
2026-10-04T14:21:02.6359270Z [INFO] 
2026-10-04T14:21:02.6364922Z [INFO] 
2026-10-04T14:21:02.6365390Z [INFO] --- jar:3.5.1:jar (default-jar) @ proto ---
2026-10-04T14:21:02.6400402Z [INFO] Building jar: /home/runner/work/gson/gson/proto/target/gson-proto.jar
2026-10-04T14:21:02.6464845Z [INFO] 
2026-10-04T14:21:02.6465204Z [INFO] --- spotless:3.8.0:check (default) @ proto ---
2026-10-04T14:21:02.6595226Z [INFO] Index file does not exist. Fallback to an empty index
2026-10-04T14:21:02.6596718Z [INFO] Spotless.Format is keeping 2 files clean - 0 needs changes to be clean, 2 were already clean, 0 were skipped because caching determined they were already clean
2026-10-04T14:21:02.9117216Z [INFO] Spotless.Java is keeping 10 files clean - 0 needs changes to be clean, 10 were already clean, 0 were skipped because caching determined they were already clean
2026-10-04T14:21:02.9145215Z [INFO] 
2026-10-04T14:21:02.9169390Z [INFO] --- artifact:3.6.1:buildinfo (default) @ proto ---
2026-10-04T14:21:02.9170027Z [INFO] Auto-skipping goal because module skips install and/or deploy
2026-10-04T14:21:02.9170522Z [INFO] 
2026-10-04T14:21:02.9170954Z [INFO] --- javadoc:3.12.0:jar (default-cli) @ proto ---
2026-10-04T14:21:04.4181728Z [INFO] Building jar: /home/runner/work/gson/gson/proto/target/gson-proto-javadoc.jar
2026-10-04T14:21:04.4265181Z [INFO] ------------------------------------------------------------------------
2026-10-04T14:21:04.4265731Z [INFO] Reactor Summary for Gson Parent 2.14.1-SNAPSHOT:
2026-10-04T14:21:04.4265916Z [INFO] 
2026-10-04T14:21:04.4266094Z [INFO] Gson Parent ........................................ SUCCESS [ 16.235 s]
2026-10-04T14:21:04.4266338Z [INFO] Gson ............................................... SUCCESS [ 30.430 s]
2026-10-04T14:21:04.4266599Z [INFO] Test: Java Platform Module System (JPMS) ........... SUCCESS [  1.785 s]
2026-10-04T14:21:04.4266882Z [INFO] Test: GraalVM Native Image ......................... SUCCESS [  1.674 s]
2026-10-04T14:21:04.4267148Z [INFO] Test: Code shrinking (ProGuard / R8) ............... SUCCESS [ 22.381 s]
2026-10-04T14:21:04.4267403Z [INFO] Gson Extras ........................................ SUCCESS [  2.414 s]
2026-10-04T14:21:04.4267644Z [INFO] Gson Metrics ....................................... SUCCESS [  3.304 s]
2026-10-04T14:21:04.4267897Z [INFO] Gson Protobuf Support .............................. SUCCESS [  5.323 s]
2026-10-04T14:21:04.4268155Z [INFO] ------------------------------------------------------------------------
2026-10-04T14:21:04.4268355Z [INFO] BUILD SUCCESS
2026-10-04T14:21:04.4268530Z [INFO] ------------------------------------------------------------------------
2026-10-04T14:21:04.4268735Z [INFO] Total time:  01:27 min
2026-10-04T14:21:04.4268888Z [INFO] Finished at: 2026-10-04T14:21:04Z
2026-10-04T14:21:04.4269089Z [INFO] ------------------------------------------------------------------------
2026-10-04T14:21:04.4949815Z ##[group]Run touch optcd-5.txt
2026-10-04T14:21:04.4950007Z [36;1mtouch optcd-5.txt[0m
2026-10-04T14:21:04.5006159Z shell: /usr/bin/bash -e {0}
2026-10-04T14:21:04.5006310Z env:
2026-10-04T14:21:04.5006681Z   MAVEN_ARGS: --show-version --batch-mode --no-transfer-progress
2026-10-04T14:21:04.5006922Z   pythonLocation: /opt/hostedtoolcache/Python/3.10.21/x64
2026-10-04T14:21:04.5007157Z   PKG_CONFIG_PATH: /opt/hostedtoolcache/Python/3.10.21/x64/lib/pkgconfig
2026-10-04T14:21:04.5007407Z   Python_ROOT_DIR: /opt/hostedtoolcache/Python/3.10.21/x64
2026-10-04T14:21:04.5007618Z   Python2_ROOT_DIR: /opt/hostedtoolcache/Python/3.10.21/x64
2026-10-04T14:21:04.5007831Z   Python3_ROOT_DIR: /opt/hostedtoolcache/Python/3.10.21/x64
2026-10-04T14:21:04.5008047Z   LD_LIBRARY_PATH: /opt/hostedtoolcache/Python/3.10.21/x64/lib
2026-10-04T14:21:04.5008281Z   JAVA_HOME: /opt/hostedtoolcache/Java_Temurin-Hotspot_jdk/17.0.20-1/x64
2026-10-04T14:21:04.5008585Z   JAVA_HOME_17_X64: /opt/hostedtoolcache/Java_Temurin-Hotspot_jdk/17.0.20-1/x64
2026-10-04T14:21:04.5008798Z ##[endgroup]
2026-10-04T14:21:04.5131810Z ##[group]Run actions/upload-artifact@v4
2026-10-04T14:21:04.5131975Z with:
2026-10-04T14:21:04.5132095Z   name: inotifywait-build (17)
2026-10-04T14:21:04.5132260Z   path: /home/runner/inotifywait-log-build (17).csv
2026-10-04T14:21:04.5132434Z   if-no-files-found: warn
2026-10-04T14:21:04.5132564Z   compression-level: 6
2026-10-04T14:21:04.5132684Z   overwrite: false
2026-10-04T14:21:04.5132820Z   include-hidden-files: false
2026-10-04T14:21:04.5132949Z env:
2026-10-04T14:21:04.5133107Z   MAVEN_ARGS: --show-version --batch-mode --no-transfer-progress
2026-10-04T14:21:04.5133336Z   pythonLocation: /opt/hostedtoolcache/Python/3.10.21/x64
2026-10-04T14:21:04.5133780Z   PKG_CONFIG_PATH: /opt/hostedtoolcache/Python/3.10.21/x64/lib/pkgconfig
2026-10-04T14:21:04.5134012Z   Python_ROOT_DIR: /opt/hostedtoolcache/Python/3.10.21/x64
2026-10-04T14:21:04.5134225Z   Python2_ROOT_DIR: /opt/hostedtoolcache/Python/3.10.21/x64
2026-10-04T14:21:04.5134454Z   Python3_ROOT_DIR: /opt/hostedtoolcache/Python/3.10.21/x64
2026-10-04T14:21:04.5134666Z   LD_LIBRARY_PATH: /opt/hostedtoolcache/Python/3.10.21/x64/lib
2026-10-04T14:21:04.5134901Z   JAVA_HOME: /opt/hostedtoolcache/Java_Temurin-Hotspot_jdk/17.0.20-1/x64
2026-10-04T14:21:04.5135166Z   JAVA_HOME_17_X64: /opt/hostedtoolcache/Java_Temurin-Hotspot_jdk/17.0.20-1/x64
2026-10-04T14:21:04.5135375Z ##[endgroup]
2026-10-04T14:21:04.6246880Z (node:3084) [DEP0040] DeprecationWarning: The `punycode` module is deprecated. Please use a userland alternative instead.
2026-10-04T14:21:04.6248148Z (Use `node --trace-deprecation ...` to show where the warning was created)
2026-10-04T14:21:04.6279603Z With the provided path, there will be 1 file uploaded
2026-10-04T14:21:04.6283008Z Artifact name is valid!
2026-10-04T14:21:04.6283397Z Root directory input is valid!
2026-10-04T14:21:04.8895659Z Beginning upload of artifact content to blob storage
2026-10-04T14:21:04.9154480Z (node:3084) [DEP0169] DeprecationWarning: `url.parse()` behavior is not standardized and prone to errors that have security implications. Use the WHATWG URL API instead. CVEs are not issued for `url.parse()` vulnerabilities.
2026-10-04T14:21:05.1679716Z Uploaded bytes 120483
2026-10-04T14:21:05.2051449Z Finished uploading artifact content to blob storage!
2026-10-04T14:21:05.2052056Z SHA256 digest of uploaded artifact zip is ea75f51f1c92f92bb41eb7f6dd6c979e61917dd043f1a1a44f4f40ceb34a319a
2026-10-04T14:21:05.2052570Z Finalizing artifact upload
2026-10-04T14:21:05.4299599Z Artifact inotifywait-build (17).zip successfully finalized. Artifact ID 11305352941
2026-10-04T14:21:05.4300287Z Artifact inotifywait-build (17) has been successfully uploaded! Final size is 120483 bytes. Artifact ID is 11305352941
2026-10-04T14:21:05.4305262Z Artifact download URL: https://github.com/atanuroy911/gson/actions/runs/37208820120/artifacts/11305352941
2026-10-04T14:21:05.4449852Z Post job cleanup.
2026-10-04T14:21:05.5415211Z [command]/usr/bin/tar --posix -cf cache.tzst --exclude cache.tzst -P -C /home/runner/work/gson/gson --files-from manifest.txt --use-compress-program zstdmt
2026-10-04T14:21:06.9991731Z Sent 89325568 of 131750612 (67.8%), 85.2 MBs/sec
2026-10-04T14:21:07.7132641Z Sent 131750612 of 131750612 (100.0%), 73.3 MBs/sec
2026-10-04T14:21:07.9223128Z Cache saved with the key: setup-java-Linux-x64-maven-54d6cf3fdc484699667bbaed4dbae25f9a0a3aa7871d212484a098a067310682
2026-10-04T14:21:07.9365596Z Post job cleanup.
2026-10-04T14:21:07.9961058Z [command]/usr/bin/git version
2026-10-04T14:21:08.0004112Z git version 2.55.0
2026-10-04T14:21:08.0027339Z Temporarily overriding HOME='/home/runner/work/_temp/b558a14a-0e07-410a-b622-61de84a4bdb4' before making global git config changes
2026-10-04T14:21:08.0028215Z Adding repository directory to the temporary git global config as a safe directory
2026-10-04T14:21:08.0030922Z [command]/usr/bin/git config --global --add safe.directory /home/runner/work/gson/gson
2026-10-04T14:21:08.0067527Z Removing SSH command configuration
2026-10-04T14:21:08.0067998Z [command]/usr/bin/git config --local --name-only --get-regexp core\.sshCommand
2026-10-04T14:21:08.0109516Z [command]/usr/bin/git submodule foreach --recursive sh -c "git config --local --name-only --get-regexp 'core\.sshCommand' && git config --local --unset-all 'core.sshCommand' || :"
2026-10-04T14:21:08.0329806Z Removing HTTP extra header
2026-10-04T14:21:08.0345695Z [command]/usr/bin/git config --local --name-only --get-regexp http\.https\:\/\/github\.com\/\.extraheader
2026-10-04T14:21:08.0436346Z [command]/usr/bin/git submodule foreach --recursive sh -c "git config --local --name-only --get-regexp 'http\.https\:\/\/github\.com\/\.extraheader' && git config --local --unset-all 'http.https://github.com/.extraheader' || :"
2026-10-04T14:21:08.0670735Z Removing includeIf entries pointing to credentials config files
2026-10-04T14:21:08.0676147Z [command]/usr/bin/git config --local --name-only --get-regexp ^includeIf\.gitdir:
2026-10-04T14:21:08.0716859Z [command]/usr/bin/git submodule foreach --recursive git config --local --show-origin --name-only --get-regexp remote.origin.url
2026-10-04T14:21:08.1039147Z Post job cleanup.
2026-10-04T14:21:08.1873219Z (node:3212) [DEP0040] DeprecationWarning: The `punycode` module is deprecated. Please use a userland alternative instead.
2026-10-04T14:21:08.1874317Z (Use `node --trace-deprecation ...` to show where the warning was created)
2026-10-04T14:21:08.1993044Z Cleaning up orphan processes
2026-10-04T14:21:08.2248885Z Terminate orphan process: pid (2027) (python3)
2026-10-04T14:21:08.2259890Z ##[warning]Node.js 20 is deprecated. The following actions target Node.js 20 but are being forced to run on Node.js 24: actions/setup-python@v5, actions/upload-artifact@v4. For more information see: https://github.blog/changelog/2025-09-19-deprecation-of-node-20-on-github-actions-runners/
