2026-10-04T14:17:46.074330Z;/home/runner/work/JSON-java/JSON-java;;IN_ACCESS,IN_ISDIR
2026-10-04T14:17:46.087917Z;/home/runner/work/JSON-java/JSON-java;.git;IN_CREATE,IN_ISDIR
2026-10-04T14:17:46.088565Z;/home/runner/work/JSON-java/JSON-java;.git;IN_ACCESS,IN_ISDIR
2026-10-04T14:17:46.089273Z;/home/runner/work/JSON-java/JSON-java/.git;hooks;IN_CREATE,IN_ISDIR
2026-10-04T14:17:46.089813Z;/home/runner/work/JSON-java/JSON-java/.git;hooks;IN_ACCESS,IN_ISDIR
2026-10-04T14:17:46.090703Z;/home/runner/work/JSON-java/JSON-java/.git/hooks;fsmonitor-watchman.sample;IN_CREATE
2026-10-04T14:17:46.091588Z;/home/runner/work/JSON-java/JSON-java/.git/hooks;pre-push.sample;IN_CREATE
2026-10-04T14:17:46.092122Z;/home/runner/work/JSON-java/JSON-java/.git/hooks;update.sample;IN_CREATE
2026-10-04T14:17:46.092664Z;/home/runner/work/JSON-java/JSON-java/.git/hooks;commit-msg.sample;IN_CREATE
2026-10-04T14:17:46.093607Z;/home/runner/work/JSON-java/JSON-java/.git/hooks;applypatch-msg.sample;IN_CREATE
2026-10-04T14:17:46.094230Z;/home/runner/work/JSON-java/JSON-java/.git/hooks;pre-receive.sample;IN_CREATE
2026-10-04T14:17:46.094902Z;/home/runner/work/JSON-java/JSON-java/.git/hooks;prepare-commit-msg.sample;IN_CREATE
2026-10-04T14:17:46.095544Z;/home/runner/work/JSON-java/JSON-java/.git/hooks;pre-rebase.sample;IN_CREATE
2026-10-04T14:17:46.096300Z;/home/runner/work/JSON-java/JSON-java/.git/hooks;post-update.sample;IN_CREATE
2026-10-04T14:17:46.097005Z;/home/runner/work/JSON-java/JSON-java/.git/hooks;pre-applypatch.sample;IN_CREATE
2026-10-04T14:17:46.097524Z;/home/runner/work/JSON-java/JSON-java/.git/hooks;push-to-checkout.sample;IN_CREATE
2026-10-04T14:17:46.098157Z;/home/runner/work/JSON-java/JSON-java/.git/hooks;pre-commit.sample;IN_CREATE
2026-10-04T14:17:46.098981Z;/home/runner/work/JSON-java/JSON-java/.git/hooks;sendemail-validate.sample;IN_CREATE
2026-10-04T14:17:46.099799Z;/home/runner/work/JSON-java/JSON-java/.git;description;IN_CREATE
2026-10-04T14:17:46.100896Z;/home/runner/work/JSON-java/JSON-java/.git;info;IN_CREATE,IN_ISDIR
2026-10-04T14:17:46.101363Z;/home/runner/work/JSON-java/JSON-java/.git;config.lock;IN_CREATE
2026-10-04T14:17:46.101891Z;/home/runner/work/JSON-java/JSON-java/.git;info;IN_ACCESS,IN_ISDIR
2026-10-04T14:17:46.102223Z;/home/runner/work/JSON-java/JSON-java/.git;config;IN_ACCESS
2026-10-04T14:17:46.104011Z;/home/runner/work/JSON-java/JSON-java/.git;info;IN_ACCESS,IN_ISDIR
2026-10-04T14:17:46.104897Z;/home/runner/work/JSON-java/JSON-java/.git;config.lock;IN_CREATE
2026-10-04T14:17:46.105547Z;/home/runner/work/JSON-java/JSON-java/.git;config;IN_ACCESS
2026-10-04T14:17:46.106331Z;/home/runner/work/JSON-java/JSON-java/.git;config;IN_ACCESS
2026-10-04T14:17:46.107539Z;/home/runner/work/JSON-java/JSON-java/.git;config.lock;IN_CREATE
2026-10-04T14:17:46.108435Z;/home/runner/work/JSON-java/JSON-java/.git;config;IN_ACCESS
2026-10-04T14:17:46.108834Z;/home/runner/work/JSON-java/JSON-java/.git;config.lock;IN_CREATE
2026-10-04T14:17:46.109201Z;/home/runner/work/JSON-java/JSON-java/.git;config;IN_ACCESS
2026-10-04T14:17:46.109632Z;/home/runner/work/JSON-java/JSON-java/.git;traEvoE;IN_CREATE
2026-10-04T14:17:46.110282Z;/home/runner/work/JSON-java/JSON-java/.git;traEvoE;IN_DELETE
2026-10-04T14:17:46.111850Z;/home/runner/work/JSON-java/JSON-java/.git;traEvoE;IN_CREATE
2026-10-04T14:17:46.112276Z;/home/runner/work/JSON-java/JSON-java/.git;traEvoE;IN_DELETE
2026-10-04T14:17:46.113216Z;/home/runner/work/JSON-java/JSON-java/.git;refs;IN_CREATE,IN_ISDIR
2026-10-04T14:17:46.113635Z;/home/runner/work/JSON-java/JSON-java/.git;HEAD.lock;IN_CREATE
2026-10-04T14:17:46.114149Z;/home/runner/work/JSON-java/JSON-java/.git;objects;IN_CREATE,IN_ISDIR
2026-10-04T14:17:46.135262Z;/home/runner/work/JSON-java/JSON-java/.git;refs;IN_ACCESS,IN_ISDIR
2026-10-04T14:17:46.137753Z;/home/runner/work/JSON-java/JSON-java/.git;HEAD;IN_ACCESS
2026-10-04T14:17:46.139024Z;/home/runner/work/JSON-java/JSON-java/.git;config;IN_ACCESS
2026-10-04T14:17:46.143104Z;/home/runner/work/JSON-java/JSON-java/.git;objects;IN_ACCESS,IN_ISDIR
2026-10-04T14:17:46.146109Z;/home/runner/work/JSON-java/JSON-java/.git;config;IN_ACCESS
2026-10-04T14:17:46.148439Z;/home/runner/work/JSON-java/JSON-java/.git;HEAD;IN_ACCESS
2026-10-04T14:17:46.151981Z;/home/runner/work/JSON-java/JSON-java/.git;config.lock;IN_CREATE
2026-10-04T14:17:46.154357Z;/home/runner/work/JSON-java/JSON-java/.git;config;IN_ACCESS
2026-10-04T14:17:46.154784Z;/home/runner/work/JSON-java/JSON-java/.git;config.lock;IN_CREATE
2026-10-04T14:17:46.181598Z;/home/runner/work/JSON-java/JSON-java/.git;config;IN_ACCESS
2026-10-04T14:17:46.182890Z;/home/runner/work/JSON-java/JSON-java/.git;HEAD;IN_ACCESS
2026-10-04T14:17:46.185740Z;/home/runner/work/JSON-java/JSON-java/.git;config;IN_ACCESS
2026-10-04T14:17:46.186168Z;/home/runner/work/JSON-java/JSON-java/.git;config.lock;IN_CREATE
2026-10-04T14:17:46.186558Z;/home/runner/work/JSON-java/JSON-java/.git;config;IN_ACCESS
2026-10-04T14:17:46.187159Z;/home/runner/work/JSON-java/JSON-java/.git;HEAD;IN_ACCESS
2026-10-04T14:17:46.187617Z;/home/runner/work/JSON-java/JSON-java/.git;config;IN_ACCESS
2026-10-04T14:17:46.188113Z;/home/runner/work/JSON-java/JSON-java/.git;HEAD;IN_ACCESS
2026-10-04T14:17:46.188532Z;/home/runner/work/JSON-java/JSON-java/.git;config;IN_ACCESS
2026-10-04T14:17:46.203448Z;/home/runner/work/JSON-java/JSON-java/.git;HEAD;IN_ACCESS
2026-10-04T14:17:46.204257Z;/home/runner/work/JSON-java/JSON-java/.git;config;IN_ACCESS
2026-10-04T14:17:46.204744Z;/home/runner/work/JSON-java/JSON-java/.git;config;IN_ACCESS
2026-10-04T14:17:46.206807Z;/home/runner/work/JSON-java/JSON-java/.git;HEAD;IN_ACCESS
2026-10-04T14:17:46.207461Z;/home/runner/work/JSON-java/JSON-java/.git;config;IN_ACCESS
2026-10-04T14:17:46.208431Z;/home/runner/work/JSON-java/JSON-java/.git;HEAD;IN_ACCESS
2026-10-04T14:17:46.209000Z;/home/runner/work/JSON-java/JSON-java/.git;config;IN_ACCESS
2026-10-04T14:17:46.209458Z;/home/runner/work/JSON-java/JSON-java/.git;config;IN_ACCESS
2026-10-04T14:17:46.210000Z;/home/runner/work/JSON-java/JSON-java/.git;HEAD;IN_ACCESS
2026-10-04T14:17:46.210634Z;/home/runner/work/JSON-java/JSON-java/.git;config;IN_ACCESS
2026-10-04T14:17:46.211522Z;/home/runner/work/JSON-java/JSON-java/.git;HEAD;IN_ACCESS
2026-10-04T14:17:46.245749Z;/home/runner/work/JSON-java/JSON-java/.git;config;IN_ACCESS
2026-10-04T14:17:46.247455Z;/home/runner/work/JSON-java/JSON-java/.git;HEAD;IN_ACCESS
2026-10-04T14:17:46.248938Z;/home/runner/work/JSON-java/JSON-java/.git;config;IN_ACCESS
2026-10-04T14:17:46.252818Z;/home/runner/work/JSON-java/JSON-java/.git;HEAD;IN_ACCESS
2026-10-04T14:17:46.291799Z;/home/runner/work/JSON-java/JSON-java/.git;config;IN_ACCESS
2026-10-04T14:17:46.295277Z;/home/runner/work/JSON-java/JSON-java/.git;HEAD;IN_ACCESS
2026-10-04T14:17:46.297809Z;/home/runner/work/JSON-java/JSON-java/.git;config;IN_ACCESS
2026-10-04T14:17:46.341559Z;/home/runner/work/JSON-java/JSON-java/.git;HEAD;IN_ACCESS
2026-10-04T14:17:46.390033Z;/home/runner/work/JSON-java/JSON-java/.git;config;IN_ACCESS
2026-10-04T14:17:46.396164Z;/home/runner/work/JSON-java/JSON-java/.git;HEAD;IN_ACCESS
2026-10-04T14:17:46.596806Z;/home/runner/work/JSON-java/JSON-java/.git;config;IN_ACCESS
2026-10-04T14:17:46.690272Z;/home/runner/work/JSON-java/JSON-java/.git;HEAD;IN_ACCESS
2026-10-04T14:17:46.735994Z;/home/runner/work/JSON-java/JSON-java/.git;config;IN_ACCESS
2026-10-04T14:17:46.739089Z;/home/runner/work/JSON-java/JSON-java/.git;HEAD;IN_ACCESS
2026-10-04T14:17:46.741865Z;/home/runner/work/JSON-java/JSON-java/.git;config;IN_ACCESS
2026-10-04T14:17:46.847378Z;/home/runner/work/JSON-java/JSON-java/.git;HEAD;IN_ACCESS
2026-10-04T14:17:46.848178Z;/home/runner/work/JSON-java/JSON-java/.git;config;IN_ACCESS
2026-10-04T14:17:46.851664Z;/home/runner/work/JSON-java/JSON-java/.git;HEAD;IN_ACCESS
2026-10-04T14:17:46.894096Z;/home/runner/work/JSON-java/JSON-java/.git;config;IN_ACCESS
2026-10-04T14:17:46.897585Z;/home/runner/work/JSON-java/JSON-java/.git;HEAD;IN_ACCESS
2026-10-04T14:17:46.899734Z;/home/runner/work/JSON-java/JSON-java/.git;config;IN_ACCESS
2026-10-04T14:17:46.900417Z;/home/runner/work/JSON-java/JSON-java/.git;HEAD;IN_ACCESS
2026-10-04T14:17:46.900991Z;/home/runner/work/JSON-java/JSON-java/.git;config;IN_ACCESS
2026-10-04T14:17:46.901938Z;/home/runner/work/JSON-java/JSON-java/.git;HEAD;IN_ACCESS
2026-10-04T14:17:46.902597Z;/home/runner/work/JSON-java/JSON-java/.git;config;IN_ACCESS
2026-10-04T14:17:46.903339Z;/home/runner/work/JSON-java/JSON-java/.git;HEAD;IN_ACCESS
2026-10-04T14:17:46.903999Z;/home/runner/work/JSON-java/JSON-java/.git;config;IN_ACCESS
2026-10-04T14:17:46.943005Z;/home/runner/work/JSON-java/JSON-java/.git;HEAD;IN_ACCESS
2026-10-04T14:17:46.944134Z;/home/runner/work/JSON-java/JSON-java/.git;config;IN_ACCESS
2026-10-04T14:17:46.946248Z;/home/runner/work/JSON-java/JSON-java/.git;HEAD;IN_ACCESS
2026-10-04T14:17:46.946991Z;/home/runner/work/JSON-java/JSON-java/.git;config;IN_ACCESS
2026-10-04T14:17:46.947822Z;/home/runner/work/JSON-java/JSON-java/.git;HEAD;IN_ACCESS
2026-10-04T14:17:46.948732Z;/home/runner/work/JSON-java/JSON-java/.git;config;IN_ACCESS
2026-10-04T14:17:46.950538Z;/home/runner/work/JSON-java/JSON-java/.git;HEAD;IN_ACCESS
2026-10-04T14:17:47.038051Z;/home/runner/work/JSON-java/JSON-java/.git;config;IN_ACCESS
2026-10-04T14:17:47.041121Z;/home/runner/work/JSON-java/JSON-java/.git;HEAD;IN_ACCESS
2026-10-04T14:17:47.041755Z;/home/runner/work/JSON-java/JSON-java/.git;config;IN_ACCESS
2026-10-04T14:17:47.085179Z;/home/runner/work/JSON-java/JSON-java/.git;config.lock;IN_CREATE
2026-10-04T14:17:47.086436Z;/home/runner/work/JSON-java/JSON-java/.git;config;IN_ACCESS
2026-10-04T14:17:47.087012Z;/home/runner/work/JSON-java/JSON-java/.git;HEAD;IN_ACCESS
2026-10-04T14:17:47.087558Z;/home/runner/work/JSON-java/JSON-java/.git;config;IN_ACCESS
2026-10-04T14:17:47.088477Z;/home/runner/work/JSON-java/JSON-java/.git;HEAD;IN_ACCESS
2026-10-04T14:17:47.149476Z;/home/runner/work/JSON-java/JSON-java/.git;config;IN_ACCESS
2026-10-04T14:17:47.194002Z;/home/runner/work/JSON-java/JSON-java/.git;HEAD;IN_ACCESS
2026-10-04T14:17:47.197360Z;/home/runner/work/JSON-java/JSON-java/.git;config;IN_ACCESS
2026-10-04T14:17:47.199971Z;/home/runner/work/JSON-java/JSON-java/.git;HEAD;IN_ACCESS
2026-10-04T14:17:47.335485Z;/home/runner/work/JSON-java/JSON-java/.git;FETCH_HEAD;IN_CREATE
2026-10-04T14:17:47.336096Z;/home/runner/work/JSON-java/JSON-java/.git;refs;IN_ACCESS,IN_ISDIR
2026-10-04T14:17:47.336461Z;/home/runner/work/JSON-java/JSON-java/.git/refs;;IN_ACCESS,IN_ISDIR
2026-10-04T14:17:47.336834Z;/home/runner/work/JSON-java/JSON-java/.git;refs;IN_ACCESS,IN_ISDIR
2026-10-04T14:17:47.337146Z;/home/runner/work/JSON-java/JSON-java/.git/refs;;IN_ACCESS,IN_ISDIR
2026-10-04T14:17:47.337438Z;/home/runner/work/JSON-java/JSON-java/.git/refs;heads;IN_ACCESS,IN_ISDIR
2026-10-04T14:17:47.337766Z;/home/runner/work/JSON-java/JSON-java/.git/refs/heads;;IN_ACCESS,IN_ISDIR
2026-10-04T14:17:47.338153Z;/home/runner/work/JSON-java/JSON-java/.git/refs;heads;IN_ACCESS,IN_ISDIR
2026-10-04T14:17:47.338440Z;/home/runner/work/JSON-java/JSON-java/.git/refs/heads;;IN_ACCESS,IN_ISDIR
2026-10-04T14:17:47.338725Z;/home/runner/work/JSON-java/JSON-java/.git/refs;tags;IN_ACCESS,IN_ISDIR
2026-10-04T14:17:47.339065Z;/home/runner/work/JSON-java/JSON-java/.git/refs/tags;;IN_ACCESS,IN_ISDIR
2026-10-04T14:17:47.339368Z;/home/runner/work/JSON-java/JSON-java/.git/refs;tags;IN_ACCESS,IN_ISDIR
2026-10-04T14:17:47.339725Z;/home/runner/work/JSON-java/JSON-java/.git/refs/tags;;IN_ACCESS,IN_ISDIR
2026-10-04T14:17:47.456315Z;/home/runner/work/JSON-java/JSON-java/.git;shallow.lock;IN_CREATE
2026-10-04T14:17:47.473371Z;/home/runner/work/JSON-java/JSON-java/.git;HEAD;IN_ACCESS
2026-10-04T14:17:47.473804Z;/home/runner/work/JSON-java/JSON-java/.git;config;IN_ACCESS
2026-10-04T14:17:47.474146Z;/home/runner/work/JSON-java/JSON-java/.git;config;IN_ACCESS
2026-10-04T14:17:47.474501Z;/home/runner/work/JSON-java/JSON-java/.git/objects/pack;tmp_pack_ouf496;IN_CREATE
2026-10-04T14:17:47.476099Z;/home/runner/work/JSON-java/JSON-java/.git/objects;pack;IN_ACCESS,IN_ISDIR
2026-10-04T14:17:47.476477Z;/home/runner/work/JSON-java/JSON-java/.git/objects/pack;;IN_ACCESS,IN_ISDIR
2026-10-04T14:17:47.476796Z;/home/runner/work/JSON-java/JSON-java/.git/objects;pack;IN_ACCESS,IN_ISDIR
2026-10-04T14:17:47.477331Z;/home/runner/work/JSON-java/JSON-java/.git/objects/pack;;IN_ACCESS,IN_ISDIR
2026-10-04T14:17:47.538536Z;/home/runner/work/JSON-java/JSON-java/.git/objects/pack;tmp_pack_ouf496;IN_ACCESS
2026-10-04T14:17:47.539025Z;/home/runner/work/JSON-java/JSON-java/.git/objects/pack;tmp_pack_ouf496;IN_ACCESS
2026-10-04T14:17:47.539364Z;/home/runner/work/JSON-java/JSON-java/.git/objects/pack;tmp_idx_FwUKUe;IN_CREATE
2026-10-04T14:17:47.540294Z;/home/runner/work/JSON-java/JSON-java/.git/objects/pack;tmp_rev_U4PW7O;IN_CREATE
2026-10-04T14:17:47.541744Z;/home/runner/work/JSON-java/JSON-java/.git/objects/pack;pack-0f6668a2d6b2b09d0a20ea78fb4b8846d3e62181.keep;IN_CREATE
2026-10-04T14:17:47.542116Z;/home/runner/work/JSON-java/JSON-java/.git/objects/pack;pack-0f6668a2d6b2b09d0a20ea78fb4b8846d3e62181.pack;IN_CREATE
2026-10-04T14:17:47.542444Z;/home/runner/work/JSON-java/JSON-java/.git/objects/pack;tmp_pack_ouf496;IN_DELETE
2026-10-04T14:17:47.542829Z;/home/runner/work/JSON-java/JSON-java/.git/objects/pack;pack-0f6668a2d6b2b09d0a20ea78fb4b8846d3e62181.rev;IN_CREATE
2026-10-04T14:17:47.546206Z;/home/runner/work/JSON-java/JSON-java/.git/objects/pack;tmp_rev_U4PW7O;IN_DELETE
2026-10-04T14:17:47.546480Z;/home/runner/work/JSON-java/JSON-java/.git/objects/pack;pack-0f6668a2d6b2b09d0a20ea78fb4b8846d3e62181.idx;IN_CREATE
2026-10-04T14:17:47.546728Z;/home/runner/work/JSON-java/JSON-java/.git/objects/pack;tmp_idx_FwUKUe;IN_DELETE
2026-10-04T14:17:47.546996Z;/home/runner/work/JSON-java/JSON-java/.git/objects;pack;IN_ACCESS,IN_ISDIR
2026-10-04T14:17:47.547375Z;/home/runner/work/JSON-java/JSON-java/.git/objects/pack;;IN_ACCESS,IN_ISDIR
2026-10-04T14:17:47.547663Z;/home/runner/work/JSON-java/JSON-java/.git/objects;pack;IN_ACCESS,IN_ISDIR
2026-10-04T14:17:47.547955Z;/home/runner/work/JSON-java/JSON-java/.git/objects/pack;;IN_ACCESS,IN_ISDIR
2026-10-04T14:17:47.548278Z;/home/runner/work/JSON-java/JSON-java/.git;HEAD;IN_ACCESS
2026-10-04T14:17:47.548542Z;/home/runner/work/JSON-java/JSON-java/.git;config;IN_ACCESS
2026-10-04T14:17:47.549170Z;/home/runner/work/JSON-java/JSON-java/.git;refs;IN_ACCESS,IN_ISDIR
2026-10-04T14:17:47.549551Z;/home/runner/work/JSON-java/JSON-java/.git/refs;;IN_ACCESS,IN_ISDIR
2026-10-04T14:17:47.549842Z;/home/runner/work/JSON-java/JSON-java/.git;refs;IN_ACCESS,IN_ISDIR
2026-10-04T14:17:47.550181Z;/home/runner/work/JSON-java/JSON-java/.git/refs;;IN_ACCESS,IN_ISDIR
2026-10-04T14:17:47.550691Z;/home/runner/work/JSON-java/JSON-java/.git;shallow.lock;IN_ACCESS
2026-10-04T14:17:47.550981Z;/home/runner/work/JSON-java/JSON-java/.git/objects;pack;IN_ACCESS,IN_ISDIR
2026-10-04T14:17:47.551263Z;/home/runner/work/JSON-java/JSON-java/.git/objects/pack;;IN_ACCESS,IN_ISDIR
2026-10-04T14:17:47.551630Z;/home/runner/work/JSON-java/JSON-java/.git/objects;pack;IN_ACCESS,IN_ISDIR
2026-10-04T14:17:47.551923Z;/home/runner/work/JSON-java/JSON-java/.git/objects/pack;;IN_ACCESS,IN_ISDIR
2026-10-04T14:17:47.552224Z;/home/runner/work/JSON-java/JSON-java/.git/objects/pack;pack-0f6668a2d6b2b09d0a20ea78fb4b8846d3e62181.pack;IN_ACCESS
2026-10-04T14:17:47.552572Z;/home/runner/work/JSON-java/JSON-java/.git;shallow;IN_ACCESS
2026-10-04T14:17:47.552855Z;/home/runner/work/JSON-java/JSON-java/.git/objects/pack;pack-0f6668a2d6b2b09d0a20ea78fb4b8846d3e62181.pack;IN_ACCESS
2026-10-04T14:17:47.553171Z;/home/runner/work/JSON-java/JSON-java/.git/objects/pack;pack-0f6668a2d6b2b09d0a20ea78fb4b8846d3e62181.keep;IN_DELETE
2026-10-04T14:17:47.553434Z;/home/runner/work/JSON-java/JSON-java/.git;HEAD;IN_ACCESS
2026-10-04T14:17:47.553874Z;/home/runner/work/JSON-java/JSON-java/.git/refs;remotes;IN_CREATE,IN_ISDIR
2026-10-04T14:17:47.554310Z;/home/runner/work/JSON-java/JSON-java/.git;logs;IN_CREATE,IN_ISDIR
2026-10-04T14:17:47.554641Z;/home/runner/work/JSON-java/JSON-java/.git/refs;remotes;IN_ACCESS,IN_ISDIR
2026-10-04T14:17:47.554998Z;/home/runner/work/JSON-java/JSON-java/.git;logs;IN_ACCESS,IN_ISDIR
2026-10-04T14:17:47.555348Z;/home/runner/work/JSON-java/JSON-java/.git;HEAD;IN_ACCESS
2026-10-04T14:17:47.555829Z;/home/runner/work/JSON-java/JSON-java/.git;config;IN_ACCESS
2026-10-04T14:17:47.556449Z;/home/runner/work/JSON-java/JSON-java/.git;config.lock;IN_CREATE
2026-10-04T14:17:47.556906Z;/home/runner/work/JSON-java/JSON-java/.git;config;IN_ACCESS
2026-10-04T14:17:47.557354Z;/home/runner/work/JSON-java/JSON-java/.git;config;IN_ACCESS
2026-10-04T14:17:47.557747Z;/home/runner/work/JSON-java/JSON-java/.git;config.worktree.lock;IN_CREATE
2026-10-04T14:17:47.558164Z;/home/runner/work/JSON-java/JSON-java/.git;config;IN_ACCESS
2026-10-04T14:17:47.558463Z;/home/runner/work/JSON-java/JSON-java/.git;config.worktree;IN_ACCESS
2026-10-04T14:17:47.558890Z;/home/runner/work/JSON-java/JSON-java/.git;config.worktree.lock;IN_CREATE
2026-10-04T14:17:47.559289Z;/home/runner/work/JSON-java/JSON-java/.git;config.worktree;IN_ACCESS
2026-10-04T14:17:47.559634Z;/home/runner/work/JSON-java/JSON-java/.git;config;IN_ACCESS
2026-10-04T14:17:47.559956Z;/home/runner/work/JSON-java/JSON-java/.git;config.worktree;IN_ACCESS
2026-10-04T14:17:47.560252Z;/home/runner/work/JSON-java/JSON-java/.git;config.worktree.lock;IN_CREATE
2026-10-04T14:17:47.560580Z;/home/runner/work/JSON-java/JSON-java/.git;config.worktree;IN_ACCESS
2026-10-04T14:17:47.562047Z;/home/runner/work/JSON-java/JSON-java/.git;HEAD;IN_ACCESS
2026-10-04T14:17:47.563128Z;/home/runner/work/JSON-java/JSON-java/.git;config;IN_ACCESS
2026-10-04T14:17:47.563451Z;/home/runner/work/JSON-java/JSON-java/.git;config.worktree;IN_ACCESS
2026-10-04T14:17:47.563726Z;/home/runner/work/JSON-java/JSON-java/.git;config;IN_ACCESS
2026-10-04T14:17:47.563983Z;/home/runner/work/JSON-java/JSON-java/.git;config.worktree;IN_ACCESS
2026-10-04T14:17:47.564275Z;/home/runner/work/JSON-java/JSON-java/.git;config.lock;IN_CREATE
2026-10-04T14:17:47.564633Z;/home/runner/work/JSON-java/JSON-java/.git;config;IN_ACCESS
2026-10-04T14:17:47.565958Z;/home/runner/work/JSON-java/JSON-java/.git;HEAD;IN_ACCESS
2026-10-04T14:17:47.566248Z;/home/runner/work/JSON-java/JSON-java/.git;config;IN_ACCESS
2026-10-04T14:17:47.566555Z;/home/runner/work/JSON-java/JSON-java/.git/refs/remotes/origin;optcd-run;IN_ACCESS
2026-10-04T14:17:47.566820Z;/home/runner/work/JSON-java/JSON-java/.git;refs;IN_ACCESS,IN_ISDIR
2026-10-04T14:17:47.567128Z;/home/runner/work/JSON-java/JSON-java/.git/refs;;IN_ACCESS,IN_ISDIR
2026-10-04T14:17:47.572847Z;/home/runner/work/JSON-java/JSON-java/.git;refs;IN_ACCESS,IN_ISDIR
2026-10-04T14:17:47.592177Z;/home/runner/work/JSON-java/JSON-java/.git/refs;;IN_ACCESS,IN_ISDIR
2026-10-04T14:17:47.599344Z;/home/runner/work/JSON-java/JSON-java/.git/objects;pack;IN_ACCESS,IN_ISDIR
2026-10-04T14:17:47.599670Z;/home/runner/work/JSON-java/JSON-java/.git/objects/pack;;IN_ACCESS,IN_ISDIR
2026-10-04T14:17:47.600037Z;/home/runner/work/JSON-java/JSON-java/.git/objects;pack;IN_ACCESS,IN_ISDIR
2026-10-04T14:17:47.600382Z;/home/runner/work/JSON-java/JSON-java/.git/objects/pack;;IN_ACCESS,IN_ISDIR
2026-10-04T14:17:47.600715Z;/home/runner/work/JSON-java/JSON-java/.git/objects/pack;pack-0f6668a2d6b2b09d0a20ea78fb4b8846d3e62181.pack;IN_ACCESS
2026-10-04T14:17:47.601000Z;/home/runner/work/JSON-java/JSON-java/.git;shallow;IN_ACCESS
2026-10-04T14:17:47.601338Z;/home/runner/work/JSON-java/JSON-java/.git;HEAD;IN_ACCESS
2026-10-04T14:17:47.601679Z;/home/runner/work/JSON-java/JSON-java/.git;index.lock;IN_CREATE
2026-10-04T14:17:47.602029Z;/home/runner/work/JSON-java/JSON-java/.git/info;exclude;IN_ACCESS
2026-10-04T14:17:47.602514Z;/home/runner/work/JSON-java/JSON-java;.github;IN_CREATE,IN_ISDIR
2026-10-04T14:17:47.602994Z;/home/runner/work/JSON-java/JSON-java;.gitignore;IN_CREATE
2026-10-04T14:17:47.603429Z;/home/runner/work/JSON-java/JSON-java;CODE_OF_CONDUCT.md;IN_CREATE
2026-10-04T14:17:47.603874Z;/home/runner/work/JSON-java/JSON-java;CONTRIBUTING.md;IN_CREATE
2026-10-04T14:17:47.604216Z;/home/runner/work/JSON-java/JSON-java;Examples.md;IN_CREATE
2026-10-04T14:17:47.604652Z;/home/runner/work/JSON-java/JSON-java;LICENSE;IN_CREATE
2026-10-04T14:17:47.605038Z;/home/runner/work/JSON-java/JSON-java;README.md;IN_CREATE
2026-10-04T14:17:47.605334Z;/home/runner/work/JSON-java/JSON-java;build.gradle;IN_CREATE
2026-10-04T14:17:47.605927Z;/home/runner/work/JSON-java/JSON-java;docs;IN_CREATE,IN_ISDIR
2026-10-04T14:17:47.606315Z;/home/runner/work/JSON-java/JSON-java;.github;IN_ACCESS,IN_ISDIR
2026-10-04T14:17:47.606790Z;/home/runner/work/JSON-java/JSON-java;gradle;IN_CREATE,IN_ISDIR
2026-10-04T14:17:47.607084Z;/home/runner/work/JSON-java/JSON-java;gradlew;IN_CREATE
2026-10-04T14:17:47.607412Z;/home/runner/work/JSON-java/JSON-java;gradlew.bat;IN_CREATE
2026-10-04T14:17:47.607847Z;/home/runner/work/JSON-java/JSON-java;images;IN_CREATE,IN_ISDIR
2026-10-04T14:17:47.608172Z;/home/runner/work/JSON-java/JSON-java;pom.xml;IN_CREATE
2026-10-04T14:17:47.608866Z;/home/runner/work/JSON-java/JSON-java;src;IN_CREATE,IN_ISDIR
2026-10-04T14:17:47.609267Z;/home/runner/work/JSON-java/JSON-java;docs;IN_ACCESS,IN_ISDIR
2026-10-04T14:17:47.609648Z;/home/runner/work/JSON-java/JSON-java;gradle;IN_ACCESS,IN_ISDIR
2026-10-04T14:17:47.609961Z;/home/runner/work/JSON-java/JSON-java;images;IN_ACCESS,IN_ISDIR
2026-10-04T14:17:47.610282Z;/home/runner/work/JSON-java/JSON-java;src;IN_ACCESS,IN_ISDIR
2026-10-04T14:17:47.610646Z;/home/runner/work/JSON-java/JSON-java/src/main/java/org/json;XMLXsiTypeConverter.java;IN_CREATE
2026-10-04T14:17:47.611162Z;/home/runner/work/JSON-java/JSON-java/src;test;IN_CREATE,IN_ISDIR
2026-10-04T14:17:47.611540Z;/home/runner/work/JSON-java/JSON-java/src;test;IN_ACCESS,IN_ISDIR
2026-10-04T14:17:47.611853Z;/home/runner/work/JSON-java/JSON-java/src/test/java/org/json/junit;JSONParserConfigurationTest.java;IN_CREATE
2026-10-04T14:17:47.612212Z;/home/runner/work/JSON-java/JSON-java/src/test/java/org/json/junit;JSONPointerTest.java;IN_CREATE
2026-10-04T14:17:47.612521Z;/home/runner/work/JSON-java/JSON-java/src/test/java/org/json/junit;JSONStringTest.java;IN_CREATE
2026-10-04T14:17:47.612859Z;/home/runner/work/JSON-java/JSON-java/src/test/java/org/json/junit;JSONStringerTest.java;IN_CREATE
2026-10-04T14:17:47.613167Z;/home/runner/work/JSON-java/JSON-java/src/test/java/org/json/junit;JSONTokenerTest.java;IN_CREATE
2026-10-04T14:17:47.613528Z;/home/runner/work/JSON-java/JSON-java/src/test/java/org/json/junit;PropertyTest.java;IN_CREATE
2026-10-04T14:17:47.613949Z;/home/runner/work/JSON-java/JSON-java/src/test/java/org/json/junit;StringBuilderWriterTest.java;IN_CREATE
2026-10-04T14:17:47.614258Z;/home/runner/work/JSON-java/JSON-java/src/test/java/org/json/junit;Util.java;IN_CREATE
2026-10-04T14:17:47.614601Z;/home/runner/work/JSON-java/JSON-java/src/test/java/org/json/junit;XMLConfigurationTest.java;IN_CREATE
2026-10-04T14:17:47.614900Z;/home/runner/work/JSON-java/JSON-java/src/test/java/org/json/junit;XMLTest.java;IN_CREATE
2026-10-04T14:17:47.615208Z;/home/runner/work/JSON-java/JSON-java/src/test/java/org/json/junit;XMLTokenerTest.java;IN_CREATE
2026-10-04T14:17:47.615756Z;/home/runner/work/JSON-java/JSON-java/src/test/java/org/json/junit;data;IN_CREATE,IN_ISDIR
2026-10-04T14:17:47.616097Z;/home/runner/work/JSON-java/JSON-java/src/test/java/org/json/junit;data;IN_ACCESS,IN_ISDIR
2026-10-04T14:17:47.616445Z;/home/runner/work/JSON-java/JSON-java/src/test/java/org/json/junit/data;MyBeanCustomNameInterface.java;IN_CREATE
2026-10-04T14:17:47.616728Z;/home/runner/work/JSON-java/JSON-java/src/test/java/org/json/junit/data;MyBeanCustomNameSubClass.java;IN_CREATE
2026-10-04T14:17:47.617103Z;/home/runner/work/JSON-java/JSON-java/src/test/java/org/json/junit/data;MyBigNumberBean.java;IN_CREATE
2026-10-04T14:17:47.617421Z;/home/runner/work/JSON-java/JSON-java/src/test/java/org/json/junit/data;MyEnum.java;IN_CREATE
2026-10-04T14:17:47.617726Z;/home/runner/work/JSON-java/JSON-java/src/test/java/org/json/junit/data;MyEnumClass.java;IN_CREATE
2026-10-04T14:17:47.618102Z;/home/runner/work/JSON-java/JSON-java/src/test/java/org/json/junit/data;MyEnumField.java;IN_CREATE
2026-10-04T14:17:47.618390Z;/home/runner/work/JSON-java/JSON-java/src/test/java/org/json/junit/data;MyJsonString.java;IN_CREATE
2026-10-04T14:17:47.621910Z;/home/runner/work/JSON-java/JSON-java/src/test/java/org/json/junit/data;MyLocaleBean.java;IN_CREATE
2026-10-04T14:17:47.622341Z;/home/runner/work/JSON-java/JSON-java/src/test/java/org/json/junit/data;MyNumber.java;IN_CREATE
2026-10-04T14:17:47.622830Z;/home/runner/work/JSON-java/JSON-java/src/test/java/org/json/junit/data;MyNumberContainer.java;IN_CREATE
2026-10-04T14:17:47.623199Z;/home/runner/work/JSON-java/JSON-java/src/test/java/org/json/junit/data;MyPublicClass.java;IN_CREATE
2026-10-04T14:17:47.623592Z;/home/runner/work/JSON-java/JSON-java/src/test/java/org/json/junit/data;PersonRecord.java;IN_CREATE
2026-10-04T14:17:47.623937Z;/home/runner/work/JSON-java/JSON-java/src/test/java/org/json/junit/data;RecursiveBean.java;IN_CREATE
2026-10-04T14:17:47.624354Z;/home/runner/work/JSON-java/JSON-java/src/test/java/org/json/junit/data;RecursiveBeanEquals.java;IN_CREATE
2026-10-04T14:17:47.624756Z;/home/runner/work/JSON-java/JSON-java/src/test/java/org/json/junit/data;Singleton.java;IN_CREATE
2026-10-04T14:17:47.625173Z;/home/runner/work/JSON-java/JSON-java/src/test/java/org/json/junit/data;SingletonEnum.java;IN_CREATE
2026-10-04T14:17:47.625517Z;/home/runner/work/JSON-java/JSON-java/src/test/java/org/json/junit/data;StringsResourceBundle.java;IN_CREATE
2026-10-04T14:17:47.625917Z;/home/runner/work/JSON-java/JSON-java/src/test/java/org/json/junit/data;WeirdList.java;IN_CREATE
2026-10-04T14:17:47.626413Z;/home/runner/work/JSON-java/JSON-java/src/test;resources;IN_CREATE,IN_ISDIR
2026-10-04T14:17:47.626829Z;/home/runner/work/JSON-java/JSON-java/.git/refs/remotes/origin;optcd-run;IN_ACCESS
2026-10-04T14:17:47.627146Z;/home/runner/work/JSON-java/JSON-java/.git;HEAD;IN_ACCESS
2026-10-04T14:17:47.627519Z;/home/runner/work/JSON-java/JSON-java/.git/refs/heads;optcd-run.lock;IN_CREATE
2026-10-04T14:17:47.627890Z;/home/runner/work/JSON-java/JSON-java/.git/logs/refs;heads;IN_CREATE,IN_ISDIR
2026-10-04T14:17:47.628195Z;/home/runner/work/JSON-java/JSON-java/.git;config.lock;IN_CREATE
2026-10-04T14:17:47.628512Z;/home/runner/work/JSON-java/JSON-java/.git;config;IN_ACCESS
2026-10-04T14:17:47.628830Z;/home/runner/work/JSON-java/JSON-java/.git;config.lock;IN_CREATE
2026-10-04T14:17:47.629177Z;/home/runner/work/JSON-java/JSON-java/.git;config;IN_ACCESS
2026-10-04T14:17:47.629459Z;/home/runner/work/JSON-java/JSON-java/.git;config.lock;IN_DELETE
2026-10-04T14:17:47.629749Z;/home/runner/work/JSON-java/JSON-java/.git;config.lock;IN_CREATE
2026-10-04T14:17:47.630022Z;/home/runner/work/JSON-java/JSON-java/.git;config;IN_ACCESS
2026-10-04T14:17:47.630285Z;/home/runner/work/JSON-java/JSON-java/.git/refs/heads;optcd-run;IN_ACCESS
2026-10-04T14:17:47.630684Z;/home/runner/work/JSON-java/JSON-java/.git;config;IN_ACCESS
2026-10-04T14:17:47.631020Z;/home/runner/work/JSON-java/JSON-java/.git;HEAD;IN_ACCESS
2026-10-04T14:17:47.631345Z;/home/runner/work/JSON-java/JSON-java/.git;HEAD.lock;IN_CREATE
2026-10-04T14:17:47.631647Z;/home/runner/work/JSON-java/JSON-java/.git;HEAD;IN_ACCESS
2026-10-04T14:17:47.632048Z;/home/runner/work/JSON-java/JSON-java/.git/refs/heads;optcd-run;IN_ACCESS
2026-10-04T14:17:47.632345Z;/home/runner/work/JSON-java/JSON-java/.git/logs;HEAD;IN_CREATE
2026-10-04T14:17:47.632721Z;/home/runner/work/JSON-java/JSON-java/.git;HEAD;IN_ACCESS
2026-10-04T14:17:47.632983Z;/home/runner/work/JSON-java/JSON-java/.git;AUTO_MERGE.lock;IN_CREATE
2026-10-04T14:17:47.633318Z;/home/runner/work/JSON-java/JSON-java/.git;packed-refs.lock;IN_CREATE
2026-10-04T14:17:47.633586Z;/home/runner/work/JSON-java/JSON-java/.git;AUTO_MERGE.lock;IN_DELETE
2026-10-04T14:17:47.633861Z;/home/runner/work/JSON-java/JSON-java/.git;packed-refs.lock;IN_DELETE
2026-10-04T14:17:47.634404Z;/home/runner/work/JSON-java/JSON-java/.git;HEAD;IN_ACCESS
2026-10-04T14:17:47.634883Z;/home/runner/work/JSON-java/JSON-java/.git;AUTO_MERGE.lock;IN_CREATE
2026-10-04T14:17:47.635219Z;/home/runner/work/JSON-java/JSON-java/.git;packed-refs.lock;IN_CREATE
2026-10-04T14:17:47.635605Z;/home/runner/work/JSON-java/JSON-java/.git;AUTO_MERGE.lock;IN_DELETE
2026-10-04T14:17:47.635957Z;/home/runner/work/JSON-java/JSON-java/.git;packed-refs.lock;IN_DELETE
2026-10-04T14:17:47.636475Z;/home/runner/work/JSON-java/JSON-java/.git/refs/heads;optcd-run;IN_ACCESS
2026-10-04T14:17:47.636940Z;/home/runner/work/JSON-java/JSON-java/src/test;resources;IN_ACCESS,IN_ISDIR
2026-10-04T14:17:47.637313Z;/home/runner/work/JSON-java/JSON-java/.git/refs/heads;optcd-run;IN_ACCESS
2026-10-04T14:17:47.638349Z;/home/runner/work/JSON-java/JSON-java/src/test;resources;IN_ACCESS,IN_ISDIR
2026-10-04T14:17:47.638807Z;/home/runner/work/JSON-java/JSON-java/.git/logs/refs;heads;IN_ACCESS,IN_ISDIR
2026-10-04T14:17:47.639180Z;/home/runner/work/JSON-java/JSON-java/.git;HEAD;IN_ACCESS
2026-10-04T14:17:47.639458Z;/home/runner/work/JSON-java/JSON-java/.git;config;IN_ACCESS
2026-10-04T14:17:47.639980Z;/home/runner/work/JSON-java/JSON-java/.git;HEAD;IN_ACCESS
2026-10-04T14:17:47.640312Z;/home/runner/work/JSON-java/JSON-java/.git/refs/heads;optcd-run;IN_ACCESS
2026-10-04T14:17:47.640666Z;/home/runner/work/JSON-java/JSON-java/.git;refs;IN_ACCESS,IN_ISDIR
2026-10-04T14:17:47.640932Z;/home/runner/work/JSON-java/JSON-java/.git/refs;;IN_ACCESS,IN_ISDIR
2026-10-04T14:17:47.641214Z;/home/runner/work/JSON-java/JSON-java/.git;refs;IN_ACCESS,IN_ISDIR
2026-10-04T14:17:47.641519Z;/home/runner/work/JSON-java/JSON-java/.git/refs;;IN_ACCESS,IN_ISDIR
2026-10-04T14:17:47.641844Z;/home/runner/work/JSON-java/JSON-java/.git;shallow;IN_ACCESS
2026-10-04T14:17:47.642211Z;/home/runner/work/JSON-java/JSON-java/.git/objects;pack;IN_ACCESS,IN_ISDIR
2026-10-04T14:17:47.642523Z;/home/runner/work/JSON-java/JSON-java/.git/objects/pack;;IN_ACCESS,IN_ISDIR
2026-10-04T14:17:47.642813Z;/home/runner/work/JSON-java/JSON-java/.git/objects;pack;IN_ACCESS,IN_ISDIR
2026-10-04T14:17:47.643137Z;/home/runner/work/JSON-java/JSON-java/.git/objects/pack;;IN_ACCESS,IN_ISDIR
2026-10-04T14:17:47.643523Z;/home/runner/work/JSON-java/JSON-java/.git/objects/pack;pack-0f6668a2d6b2b09d0a20ea78fb4b8846d3e62181.pack;IN_ACCESS
2026-10-04T14:17:47.643906Z;/home/runner/work/JSON-java/JSON-java/.git;HEAD;IN_ACCESS
2026-10-04T14:17:47.644158Z;/home/runner/work/JSON-java/JSON-java/.git;config;IN_ACCESS
2026-10-04T14:17:47.644393Z;/home/runner/work/JSON-java/JSON-java/.git;HEAD;IN_ACCESS
2026-10-04T14:17:47.644621Z;/home/runner/work/JSON-java/JSON-java/.git/refs/heads;optcd-run;IN_ACCESS
2026-10-04T14:17:47.644866Z;/home/runner/work/JSON-java/JSON-java/.git;refs;IN_ACCESS,IN_ISDIR
2026-10-04T14:17:47.645128Z;/home/runner/work/JSON-java/JSON-java/.git/refs;;IN_ACCESS,IN_ISDIR
2026-10-04T14:17:47.645452Z;/home/runner/work/JSON-java/JSON-java/.git;refs;IN_ACCESS,IN_ISDIR
2026-10-04T14:17:47.645809Z;/home/runner/work/JSON-java/JSON-java/.git/refs;;IN_ACCESS,IN_ISDIR
2026-10-04T14:17:47.646058Z;/home/runner/work/JSON-java/JSON-java/.git;shallow;IN_ACCESS
2026-10-04T14:17:47.646518Z;/home/runner/work/JSON-java/JSON-java/.git/objects;pack;IN_ACCESS,IN_ISDIR
2026-10-04T14:17:47.646890Z;/home/runner/work/JSON-java/JSON-java/.git/objects/pack;;IN_ACCESS,IN_ISDIR
2026-10-04T14:17:47.647150Z;/home/runner/work/JSON-java/JSON-java/.git/objects;pack;IN_ACCESS,IN_ISDIR
2026-10-04T14:17:47.647418Z;/home/runner/work/JSON-java/JSON-java/.git/objects/pack;;IN_ACCESS,IN_ISDIR
2026-10-04T14:17:47.647691Z;/home/runner/work/JSON-java/JSON-java/.git/objects/pack;pack-0f6668a2d6b2b09d0a20ea78fb4b8846d3e62181.pack;IN_ACCESS
2026-10-04T14:17:47.664806Z;/home/runner/work/JSON-java/JSON-java;optcd-3.txt;IN_CREATE
2026-10-04T14:17:47.851166Z;/home/runner/work/JSON-java/JSON-java;;IN_ACCESS,IN_ISDIR
2026-10-04T14:17:47.852936Z;/home/runner/work/JSON-java/JSON-java;.git;IN_ACCESS,IN_ISDIR
2026-10-04T14:17:47.853297Z;/home/runner/work/JSON-java/JSON-java/.git;;IN_ACCESS,IN_ISDIR
2026-10-04T14:17:47.853606Z;/home/runner/work/JSON-java/JSON-java;.git;IN_ACCESS,IN_ISDIR
2026-10-04T14:17:47.853907Z;/home/runner/work/JSON-java/JSON-java/.git;;IN_ACCESS,IN_ISDIR
2026-10-04T14:17:47.854254Z;/home/runner/work/JSON-java/JSON-java/.git;hooks;IN_ACCESS,IN_ISDIR
2026-10-04T14:17:47.854663Z;/home/runner/work/JSON-java/JSON-java/.git/hooks;;IN_ACCESS,IN_ISDIR
2026-10-04T14:17:47.854950Z;/home/runner/work/JSON-java/JSON-java/.git;hooks;IN_ACCESS,IN_ISDIR
2026-10-04T14:17:47.855572Z;/home/runner/work/JSON-java/JSON-java/.git/hooks;;IN_ACCESS,IN_ISDIR
2026-10-04T14:17:47.858124Z;/home/runner/work/JSON-java/JSON-java/.git;info;IN_ACCESS,IN_ISDIR
2026-10-04T14:17:47.858583Z;/home/runner/work/JSON-java/JSON-java/.git/info;;IN_ACCESS,IN_ISDIR
2026-10-04T14:17:47.858966Z;/home/runner/work/JSON-java/JSON-java/.git;info;IN_ACCESS,IN_ISDIR
2026-10-04T14:17:47.859322Z;/home/runner/work/JSON-java/JSON-java/.git/info;;IN_ACCESS,IN_ISDIR
2026-10-04T14:17:47.859749Z;/home/runner/work/JSON-java/JSON-java/.git;logs;IN_ACCESS,IN_ISDIR
2026-10-04T14:17:47.860117Z;/home/runner/work/JSON-java/JSON-java/.git/logs;;IN_ACCESS,IN_ISDIR
2026-10-04T14:17:47.860505Z;/home/runner/work/JSON-java/JSON-java/.git;logs;IN_ACCESS,IN_ISDIR
2026-10-04T14:17:47.860806Z;/home/runner/work/JSON-java/JSON-java/.git/logs;;IN_ACCESS,IN_ISDIR
2026-10-04T14:17:47.861238Z;/home/runner/work/JSON-java/JSON-java/.git/logs;refs;IN_ACCESS,IN_ISDIR
2026-10-04T14:17:47.861529Z;/home/runner/work/JSON-java/JSON-java/.git/logs/refs;;IN_ACCESS,IN_ISDIR
2026-10-04T14:17:47.861849Z;/home/runner/work/JSON-java/JSON-java/.git/logs;refs;IN_ACCESS,IN_ISDIR
2026-10-04T14:17:47.862282Z;/home/runner/work/JSON-java/JSON-java/.git/logs/refs;;IN_ACCESS,IN_ISDIR
2026-10-04T14:17:47.862590Z;/home/runner/work/JSON-java/JSON-java/.git/logs/refs;heads;IN_ACCESS,IN_ISDIR
2026-10-04T14:17:47.862870Z;/home/runner/work/JSON-java/JSON-java/.git/logs/refs/heads;;IN_ACCESS,IN_ISDIR
2026-10-04T14:17:47.863172Z;/home/runner/work/JSON-java/JSON-java/.git/logs/refs;heads;IN_ACCESS,IN_ISDIR
2026-10-04T14:17:47.863460Z;/home/runner/work/JSON-java/JSON-java/.git/logs/refs/heads;;IN_ACCESS,IN_ISDIR
2026-10-04T14:17:47.864496Z;/home/runner/work/JSON-java/JSON-java/.git/logs/refs;remotes;IN_ACCESS,IN_ISDIR
2026-10-04T14:17:47.864776Z;/home/runner/work/JSON-java/JSON-java/.git/logs/refs/remotes;;IN_ACCESS,IN_ISDIR
2026-10-04T14:17:47.865599Z;/home/runner/work/JSON-java/JSON-java/.git/logs/refs;remotes;IN_ACCESS,IN_ISDIR
2026-10-04T14:17:47.865934Z;/home/runner/work/JSON-java/JSON-java/.git/logs/refs/remotes;;IN_ACCESS,IN_ISDIR
2026-10-04T14:17:47.866291Z;/home/runner/work/JSON-java/JSON-java/.git/logs/refs/remotes;origin;IN_ACCESS,IN_ISDIR
2026-10-04T14:17:47.866634Z;/home/runner/work/JSON-java/JSON-java/.git/logs/refs/remotes/origin;;IN_ACCESS,IN_ISDIR
2026-10-04T14:17:47.867040Z;/home/runner/work/JSON-java/JSON-java/.git/logs/refs/remotes;origin;IN_ACCESS,IN_ISDIR
2026-10-04T14:17:47.867380Z;/home/runner/work/JSON-java/JSON-java/.git/logs/refs/remotes/origin;;IN_ACCESS,IN_ISDIR
2026-10-04T14:17:47.867905Z;/home/runner/work/JSON-java/JSON-java/.git;objects;IN_ACCESS,IN_ISDIR
2026-10-04T14:17:47.868304Z;/home/runner/work/JSON-java/JSON-java/.git/objects;;IN_ACCESS,IN_ISDIR
2026-10-04T14:17:47.868857Z;/home/runner/work/JSON-java/JSON-java/.git;objects;IN_ACCESS,IN_ISDIR
2026-10-04T14:17:47.869247Z;/home/runner/work/JSON-java/JSON-java/.git/objects;;IN_ACCESS,IN_ISDIR
2026-10-04T14:17:47.869693Z;/home/runner/work/JSON-java/JSON-java/.git/objects;info;IN_ACCESS,IN_ISDIR
2026-10-04T14:17:47.870042Z;/home/runner/work/JSON-java/JSON-java/.git/objects/info;;IN_ACCESS,IN_ISDIR
2026-10-04T14:17:47.870450Z;/home/runner/work/JSON-java/JSON-java/.git/objects;info;IN_ACCESS,IN_ISDIR
2026-10-04T14:17:47.870925Z;/home/runner/work/JSON-java/JSON-java/.git/objects/info;;IN_ACCESS,IN_ISDIR
2026-10-04T14:17:47.871362Z;/home/runner/work/JSON-java/JSON-java/.git/objects;pack;IN_ACCESS,IN_ISDIR
2026-10-04T14:17:47.871670Z;/home/runner/work/JSON-java/JSON-java/.git/objects/pack;;IN_ACCESS,IN_ISDIR
2026-10-04T14:17:47.872147Z;/home/runner/work/JSON-java/JSON-java/.git/objects;pack;IN_ACCESS,IN_ISDIR
2026-10-04T14:17:47.872534Z;/home/runner/work/JSON-java/JSON-java/.git/objects/pack;;IN_ACCESS,IN_ISDIR
2026-10-04T14:17:47.872867Z;/home/runner/work/JSON-java/JSON-java/.git;refs;IN_ACCESS,IN_ISDIR
2026-10-04T14:17:47.873262Z;/home/runner/work/JSON-java/JSON-java/.git/refs;;IN_ACCESS,IN_ISDIR
2026-10-04T14:17:47.873775Z;/home/runner/work/JSON-java/JSON-java/.git;refs;IN_ACCESS,IN_ISDIR
2026-10-04T14:17:47.874116Z;/home/runner/work/JSON-java/JSON-java/.git/refs;;IN_ACCESS,IN_ISDIR
2026-10-04T14:17:47.874552Z;/home/runner/work/JSON-java/JSON-java/.git/refs;heads;IN_ACCESS,IN_ISDIR
2026-10-04T14:17:47.874887Z;/home/runner/work/JSON-java/JSON-java/.git/refs/heads;;IN_ACCESS,IN_ISDIR
2026-10-04T14:17:47.875259Z;/home/runner/work/JSON-java/JSON-java/.git/refs;heads;IN_ACCESS,IN_ISDIR
2026-10-04T14:17:47.875670Z;/home/runner/work/JSON-java/JSON-java/.git/refs/heads;;IN_ACCESS,IN_ISDIR
2026-10-04T14:17:47.875995Z;/home/runner/work/JSON-java/JSON-java/.git/refs;remotes;IN_ACCESS,IN_ISDIR
2026-10-04T14:17:47.876401Z;/home/runner/work/JSON-java/JSON-java/.git/refs/remotes;;IN_ACCESS,IN_ISDIR
2026-10-04T14:17:47.876785Z;/home/runner/work/JSON-java/JSON-java/.git/refs;remotes;IN_ACCESS,IN_ISDIR
2026-10-04T14:17:47.877438Z;/home/runner/work/JSON-java/JSON-java/.git/refs/remotes;;IN_ACCESS,IN_ISDIR
2026-10-04T14:17:47.877839Z;/home/runner/work/JSON-java/JSON-java/.git/refs/remotes;origin;IN_ACCESS,IN_ISDIR
2026-10-04T14:17:47.878217Z;/home/runner/work/JSON-java/JSON-java/.git/refs/remotes/origin;;IN_ACCESS,IN_ISDIR
2026-10-04T14:17:47.878560Z;/home/runner/work/JSON-java/JSON-java/.git/refs/remotes;origin;IN_ACCESS,IN_ISDIR
2026-10-04T14:17:47.878934Z;/home/runner/work/JSON-java/JSON-java/.git/refs/remotes/origin;;IN_ACCESS,IN_ISDIR
2026-10-04T14:17:47.879629Z;/home/runner/work/JSON-java/JSON-java/.git/refs;tags;IN_ACCESS,IN_ISDIR
2026-10-04T14:17:47.880086Z;/home/runner/work/JSON-java/JSON-java/.git/refs/tags;;IN_ACCESS,IN_ISDIR
2026-10-04T14:17:47.880388Z;/home/runner/work/JSON-java/JSON-java/.git/refs;tags;IN_ACCESS,IN_ISDIR
2026-10-04T14:17:47.880705Z;/home/runner/work/JSON-java/JSON-java/.git/refs/tags;;IN_ACCESS,IN_ISDIR
2026-10-04T14:17:47.881111Z;/home/runner/work/JSON-java/JSON-java;.github;IN_ACCESS,IN_ISDIR
2026-10-04T14:17:47.881556Z;/home/runner/work/JSON-java/JSON-java/.github;;IN_ACCESS,IN_ISDIR
2026-10-04T14:17:47.881881Z;/home/runner/work/JSON-java/JSON-java;.github;IN_ACCESS,IN_ISDIR
2026-10-04T14:17:47.882194Z;/home/runner/work/JSON-java/JSON-java/.github;;IN_ACCESS,IN_ISDIR
2026-10-04T14:17:47.882498Z;/home/runner/work/JSON-java/JSON-java/.github;workflows;IN_ACCESS,IN_ISDIR
2026-10-04T14:17:47.882796Z;/home/runner/work/JSON-java/JSON-java/.github/workflows;;IN_ACCESS,IN_ISDIR
2026-10-04T14:17:47.883273Z;/home/runner/work/JSON-java/JSON-java/.github;workflows;IN_ACCESS,IN_ISDIR
2026-10-04T14:17:47.883649Z;/home/runner/work/JSON-java/JSON-java/.github/workflows;;IN_ACCESS,IN_ISDIR
2026-10-04T14:17:47.884784Z;/home/runner/work/JSON-java/JSON-java;docs;IN_ACCESS,IN_ISDIR
2026-10-04T14:17:47.885104Z;/home/runner/work/JSON-java/JSON-java/docs;;IN_ACCESS,IN_ISDIR
2026-10-04T14:17:47.885398Z;/home/runner/work/JSON-java/JSON-java;docs;IN_ACCESS,IN_ISDIR
2026-10-04T14:17:47.885746Z;/home/runner/work/JSON-java/JSON-java/docs;;IN_ACCESS,IN_ISDIR
2026-10-04T14:17:47.886056Z;/home/runner/work/JSON-java/JSON-java;gradle;IN_ACCESS,IN_ISDIR
2026-10-04T14:17:47.886354Z;/home/runner/work/JSON-java/JSON-java/gradle;;IN_ACCESS,IN_ISDIR
2026-10-04T14:17:47.886638Z;/home/runner/work/JSON-java/JSON-java;gradle;IN_ACCESS,IN_ISDIR
2026-10-04T14:17:47.886890Z;/home/runner/work/JSON-java/JSON-java/gradle;;IN_ACCESS,IN_ISDIR
2026-10-04T14:17:47.887219Z;/home/runner/work/JSON-java/JSON-java/gradle;wrapper;IN_ACCESS,IN_ISDIR
2026-10-04T14:17:47.887725Z;/home/runner/work/JSON-java/JSON-java/gradle/wrapper;;IN_ACCESS,IN_ISDIR
2026-10-04T14:17:47.888140Z;/home/runner/work/JSON-java/JSON-java/gradle;wrapper;IN_ACCESS,IN_ISDIR
2026-10-04T14:17:47.888718Z;/home/runner/work/JSON-java/JSON-java/gradle/wrapper;;IN_ACCESS,IN_ISDIR
2026-10-04T14:17:47.889035Z;/home/runner/work/JSON-java/JSON-java;images;IN_ACCESS,IN_ISDIR
2026-10-04T14:17:47.890127Z;/home/runner/work/JSON-java/JSON-java/images;;IN_ACCESS,IN_ISDIR
2026-10-04T14:17:47.890429Z;/home/runner/work/JSON-java/JSON-java;images;IN_ACCESS,IN_ISDIR
2026-10-04T14:17:47.890763Z;/home/runner/work/JSON-java/JSON-java/images;;IN_ACCESS,IN_ISDIR
2026-10-04T14:17:47.891099Z;/home/runner/work/JSON-java/JSON-java;pom.xml;IN_ACCESS
2026-10-04T14:17:47.891484Z;/home/runner/work/JSON-java/JSON-java;src;IN_ACCESS,IN_ISDIR
2026-10-04T14:17:47.893443Z;/home/runner/work/JSON-java/JSON-java/src;;IN_ACCESS,IN_ISDIR
2026-10-04T14:17:47.893785Z;/home/runner/work/JSON-java/JSON-java;src;IN_ACCESS,IN_ISDIR
2026-10-04T14:17:47.894142Z;/home/runner/work/JSON-java/JSON-java/src;;IN_ACCESS,IN_ISDIR
2026-10-04T14:17:47.894450Z;/home/runner/work/JSON-java/JSON-java/src;main;IN_ACCESS,IN_ISDIR
2026-10-04T14:17:47.894746Z;/home/runner/work/JSON-java/JSON-java/src/main;;IN_ACCESS,IN_ISDIR
2026-10-04T14:17:47.895156Z;/home/runner/work/JSON-java/JSON-java/src;main;IN_ACCESS,IN_ISDIR
2026-10-04T14:17:47.896293Z;/home/runner/work/JSON-java/JSON-java/src/main;;IN_ACCESS,IN_ISDIR
2026-10-04T14:17:47.896555Z;/home/runner/work/JSON-java/JSON-java/src/main;java;IN_ACCESS,IN_ISDIR
2026-10-04T14:17:47.896838Z;/home/runner/work/JSON-java/JSON-java/src/main/java;;IN_ACCESS,IN_ISDIR
2026-10-04T14:17:47.897217Z;/home/runner/work/JSON-java/JSON-java/src/main;java;IN_ACCESS,IN_ISDIR
2026-10-04T14:17:47.897525Z;/home/runner/work/JSON-java/JSON-java/src/main/java;;IN_ACCESS,IN_ISDIR
2026-10-04T14:17:47.897834Z;/home/runner/work/JSON-java/JSON-java/src/main/java;org;IN_ACCESS,IN_ISDIR
2026-10-04T14:17:47.898160Z;/home/runner/work/JSON-java/JSON-java/src/main/java/org;;IN_ACCESS,IN_ISDIR
2026-10-04T14:17:47.898468Z;/home/runner/work/JSON-java/JSON-java/src/main/java;org;IN_ACCESS,IN_ISDIR
2026-10-04T14:17:47.898753Z;/home/runner/work/JSON-java/JSON-java/src/main/java/org;;IN_ACCESS,IN_ISDIR
2026-10-04T14:17:47.899428Z;/home/runner/work/JSON-java/JSON-java/src/main/java/org;json;IN_ACCESS,IN_ISDIR
2026-10-04T14:17:47.899724Z;/home/runner/work/JSON-java/JSON-java/src/main/java/org/json;;IN_ACCESS,IN_ISDIR
2026-10-04T14:17:47.899995Z;/home/runner/work/JSON-java/JSON-java/src/main/java/org;json;IN_ACCESS,IN_ISDIR
2026-10-04T14:17:47.901297Z;/home/runner/work/JSON-java/JSON-java/src/main/java/org/json;;IN_ACCESS,IN_ISDIR
2026-10-04T14:17:47.901649Z;/home/runner/work/JSON-java/JSON-java/src;test;IN_ACCESS,IN_ISDIR
2026-10-04T14:17:47.902024Z;/home/runner/work/JSON-java/JSON-java/src/test;;IN_ACCESS,IN_ISDIR
2026-10-04T14:17:47.902388Z;/home/runner/work/JSON-java/JSON-java/src;test;IN_ACCESS,IN_ISDIR
2026-10-04T14:17:47.902707Z;/home/runner/work/JSON-java/JSON-java/src/test;;IN_ACCESS,IN_ISDIR
2026-10-04T14:17:47.903077Z;/home/runner/work/JSON-java/JSON-java/src/test;java;IN_ACCESS,IN_ISDIR
2026-10-04T14:17:47.903416Z;/home/runner/work/JSON-java/JSON-java/src/test/java;;IN_ACCESS,IN_ISDIR
2026-10-04T14:17:47.904011Z;/home/runner/work/JSON-java/JSON-java/src/test;java;IN_ACCESS,IN_ISDIR
2026-10-04T14:17:47.904626Z;/home/runner/work/JSON-java/JSON-java/src/test/java;;IN_ACCESS,IN_ISDIR
2026-10-04T14:17:47.904945Z;/home/runner/work/JSON-java/JSON-java/src/test/java;org;IN_ACCESS,IN_ISDIR
2026-10-04T14:17:47.905305Z;/home/runner/work/JSON-java/JSON-java/src/test/java/org;;IN_ACCESS,IN_ISDIR
2026-10-04T14:17:47.905685Z;/home/runner/work/JSON-java/JSON-java/src/test/java;org;IN_ACCESS,IN_ISDIR
2026-10-04T14:17:47.906845Z;/home/runner/work/JSON-java/JSON-java/src/test/java/org;;IN_ACCESS,IN_ISDIR
2026-10-04T14:17:47.907231Z;/home/runner/work/JSON-java/JSON-java/src/test/java/org;json;IN_ACCESS,IN_ISDIR
2026-10-04T14:17:47.907526Z;/home/runner/work/JSON-java/JSON-java/src/test/java/org/json;;IN_ACCESS,IN_ISDIR
2026-10-04T14:17:47.907959Z;/home/runner/work/JSON-java/JSON-java/src/test/java/org;json;IN_ACCESS,IN_ISDIR
2026-10-04T14:17:47.908433Z;/home/runner/work/JSON-java/JSON-java/src/test/java/org/json;;IN_ACCESS,IN_ISDIR
2026-10-04T14:17:47.908810Z;/home/runner/work/JSON-java/JSON-java/src/test/java/org/json;junit;IN_ACCESS,IN_ISDIR
2026-10-04T14:17:47.909196Z;/home/runner/work/JSON-java/JSON-java/src/test/java/org/json/junit;;IN_ACCESS,IN_ISDIR
2026-10-04T14:17:47.909509Z;/home/runner/work/JSON-java/JSON-java/src/test/java/org/json;junit;IN_ACCESS,IN_ISDIR
2026-10-04T14:17:47.909850Z;/home/runner/work/JSON-java/JSON-java/src/test/java/org/json/junit;;IN_ACCESS,IN_ISDIR
2026-10-04T14:17:47.910152Z;/home/runner/work/JSON-java/JSON-java/src/test/java/org/json/junit;data;IN_ACCESS,IN_ISDIR
2026-10-04T14:17:47.910736Z;/home/runner/work/JSON-java/JSON-java/src/test/java/org/json/junit/data;;IN_ACCESS,IN_ISDIR
2026-10-04T14:17:47.911029Z;/home/runner/work/JSON-java/JSON-java/src/test/java/org/json/junit;data;IN_ACCESS,IN_ISDIR
2026-10-04T14:17:47.911316Z;/home/runner/work/JSON-java/JSON-java/src/test/java/org/json/junit/data;;IN_ACCESS,IN_ISDIR
2026-10-04T14:17:47.911613Z;/home/runner/work/JSON-java/JSON-java/src/test;resources;IN_ACCESS,IN_ISDIR
2026-10-04T14:17:47.911939Z;/home/runner/work/JSON-java/JSON-java/src/test/resources;;IN_ACCESS,IN_ISDIR
2026-10-04T14:17:47.912303Z;/home/runner/work/JSON-java/JSON-java/src/test;resources;IN_ACCESS,IN_ISDIR
2026-10-04T14:17:47.912602Z;/home/runner/work/JSON-java/JSON-java/src/test/resources;;IN_ACCESS,IN_ISDIR
2026-10-04T14:17:48.145825Z;/home/runner/work/JSON-java/JSON-java;;IN_ACCESS,IN_ISDIR
2026-10-04T14:17:48.146477Z;/home/runner/work/JSON-java/JSON-java;.git;IN_ACCESS,IN_ISDIR
2026-10-04T14:17:48.146904Z;/home/runner/work/JSON-java/JSON-java/.git;;IN_ACCESS,IN_ISDIR
2026-10-04T14:17:48.147265Z;/home/runner/work/JSON-java/JSON-java;.git;IN_ACCESS,IN_ISDIR
2026-10-04T14:17:48.147657Z;/home/runner/work/JSON-java/JSON-java/.git;;IN_ACCESS,IN_ISDIR
2026-10-04T14:17:48.148035Z;/home/runner/work/JSON-java/JSON-java/.git;hooks;IN_ACCESS,IN_ISDIR
2026-10-04T14:17:48.148518Z;/home/runner/work/JSON-java/JSON-java/.git/hooks;;IN_ACCESS,IN_ISDIR
2026-10-04T14:17:48.148852Z;/home/runner/work/JSON-java/JSON-java/.git;hooks;IN_ACCESS,IN_ISDIR
2026-10-04T14:17:48.149223Z;/home/runner/work/JSON-java/JSON-java/.git/hooks;;IN_ACCESS,IN_ISDIR
2026-10-04T14:17:48.149573Z;/home/runner/work/JSON-java/JSON-java/.git;info;IN_ACCESS,IN_ISDIR
2026-10-04T14:17:48.150033Z;/home/runner/work/JSON-java/JSON-java/.git/info;;IN_ACCESS,IN_ISDIR
2026-10-04T14:17:48.150542Z;/home/runner/work/JSON-java/JSON-java/.git;info;IN_ACCESS,IN_ISDIR
2026-10-04T14:17:48.150991Z;/home/runner/work/JSON-java/JSON-java/.git/info;;IN_ACCESS,IN_ISDIR
2026-10-04T14:17:48.151451Z;/home/runner/work/JSON-java/JSON-java/.git;logs;IN_ACCESS,IN_ISDIR
2026-10-04T14:17:48.151772Z;/home/runner/work/JSON-java/JSON-java/.git/logs;;IN_ACCESS,IN_ISDIR
2026-10-04T14:17:48.152196Z;/home/runner/work/JSON-java/JSON-java/.git;logs;IN_ACCESS,IN_ISDIR
2026-10-04T14:17:48.152526Z;/home/runner/work/JSON-java/JSON-java/.git/logs;;IN_ACCESS,IN_ISDIR
2026-10-04T14:17:48.152915Z;/home/runner/work/JSON-java/JSON-java/.git/logs;refs;IN_ACCESS,IN_ISDIR
2026-10-04T14:17:48.153230Z;/home/runner/work/JSON-java/JSON-java/.git/logs/refs;;IN_ACCESS,IN_ISDIR
2026-10-04T14:17:48.153552Z;/home/runner/work/JSON-java/JSON-java/.git/logs;refs;IN_ACCESS,IN_ISDIR
2026-10-04T14:17:48.153888Z;/home/runner/work/JSON-java/JSON-java/.git/logs/refs;;IN_ACCESS,IN_ISDIR
2026-10-04T14:17:48.154252Z;/home/runner/work/JSON-java/JSON-java/.git/logs/refs;heads;IN_ACCESS,IN_ISDIR
2026-10-04T14:17:48.154633Z;/home/runner/work/JSON-java/JSON-java/.git/logs/refs/heads;;IN_ACCESS,IN_ISDIR
2026-10-04T14:17:48.154961Z;/home/runner/work/JSON-java/JSON-java/.git/logs/refs;heads;IN_ACCESS,IN_ISDIR
2026-10-04T14:17:48.155298Z;/home/runner/work/JSON-java/JSON-java/.git/logs/refs/heads;;IN_ACCESS,IN_ISDIR
2026-10-04T14:17:48.155727Z;/home/runner/work/JSON-java/JSON-java/.git/logs/refs;remotes;IN_ACCESS,IN_ISDIR
2026-10-04T14:17:48.156102Z;/home/runner/work/JSON-java/JSON-java/.git/logs/refs/remotes;;IN_ACCESS,IN_ISDIR
2026-10-04T14:17:48.156402Z;/home/runner/work/JSON-java/JSON-java/.git/logs/refs;remotes;IN_ACCESS,IN_ISDIR
2026-10-04T14:17:48.156824Z;/home/runner/work/JSON-java/JSON-java/.git/logs/refs/remotes;;IN_ACCESS,IN_ISDIR
2026-10-04T14:17:48.157136Z;/home/runner/work/JSON-java/JSON-java/.git/logs/refs/remotes;origin;IN_ACCESS,IN_ISDIR
2026-10-04T14:17:48.157432Z;/home/runner/work/JSON-java/JSON-java/.git/logs/refs/remotes/origin;;IN_ACCESS,IN_ISDIR
2026-10-04T14:17:48.157732Z;/home/runner/work/JSON-java/JSON-java/.git/logs/refs/remotes;origin;IN_ACCESS,IN_ISDIR
2026-10-04T14:17:48.158328Z;/home/runner/work/JSON-java/JSON-java/.git/logs/refs/remotes/origin;;IN_ACCESS,IN_ISDIR
2026-10-04T14:17:48.158989Z;/home/runner/work/JSON-java/JSON-java/.git;objects;IN_ACCESS,IN_ISDIR
2026-10-04T14:17:48.159362Z;/home/runner/work/JSON-java/JSON-java/.git/objects;;IN_ACCESS,IN_ISDIR
2026-10-04T14:17:48.159725Z;/home/runner/work/JSON-java/JSON-java/.git;objects;IN_ACCESS,IN_ISDIR
2026-10-04T14:17:48.160071Z;/home/runner/work/JSON-java/JSON-java/.git/objects;;IN_ACCESS,IN_ISDIR
2026-10-04T14:17:48.160497Z;/home/runner/work/JSON-java/JSON-java/.git/objects;info;IN_ACCESS,IN_ISDIR
2026-10-04T14:17:48.160848Z;/home/runner/work/JSON-java/JSON-java/.git/objects/info;;IN_ACCESS,IN_ISDIR
2026-10-04T14:17:48.161188Z;/home/runner/work/JSON-java/JSON-java/.git/objects;info;IN_ACCESS,IN_ISDIR
2026-10-04T14:17:48.161563Z;/home/runner/work/JSON-java/JSON-java/.git/objects/info;;IN_ACCESS,IN_ISDIR
2026-10-04T14:17:48.161904Z;/home/runner/work/JSON-java/JSON-java/.git/objects;pack;IN_ACCESS,IN_ISDIR
2026-10-04T14:17:48.162224Z;/home/runner/work/JSON-java/JSON-java/.git/objects/pack;;IN_ACCESS,IN_ISDIR
2026-10-04T14:17:48.162657Z;/home/runner/work/JSON-java/JSON-java/.git/objects;pack;IN_ACCESS,IN_ISDIR
2026-10-04T14:17:48.163026Z;/home/runner/work/JSON-java/JSON-java/.git/objects/pack;;IN_ACCESS,IN_ISDIR
2026-10-04T14:17:48.163348Z;/home/runner/work/JSON-java/JSON-java/.git;refs;IN_ACCESS,IN_ISDIR
2026-10-04T14:17:48.163665Z;/home/runner/work/JSON-java/JSON-java/.git/refs;;IN_ACCESS,IN_ISDIR
2026-10-04T14:17:48.163955Z;/home/runner/work/JSON-java/JSON-java/.git;refs;IN_ACCESS,IN_ISDIR
2026-10-04T14:17:48.164376Z;/home/runner/work/JSON-java/JSON-java/.git/refs;;IN_ACCESS,IN_ISDIR
2026-10-04T14:17:48.164667Z;/home/runner/work/JSON-java/JSON-java/.git/refs;heads;IN_ACCESS,IN_ISDIR
2026-10-04T14:17:48.164947Z;/home/runner/work/JSON-java/JSON-java/.git/refs/heads;;IN_ACCESS,IN_ISDIR
2026-10-04T14:17:48.165237Z;/home/runner/work/JSON-java/JSON-java/.git/refs;heads;IN_ACCESS,IN_ISDIR
2026-10-04T14:17:48.165518Z;/home/runner/work/JSON-java/JSON-java/.git/refs/heads;;IN_ACCESS,IN_ISDIR
2026-10-04T14:17:48.165881Z;/home/runner/work/JSON-java/JSON-java/.git/refs;remotes;IN_ACCESS,IN_ISDIR
2026-10-04T14:17:48.166220Z;/home/runner/work/JSON-java/JSON-java/.git/refs/remotes;;IN_ACCESS,IN_ISDIR
2026-10-04T14:17:48.166566Z;/home/runner/work/JSON-java/JSON-java/.git/refs;remotes;IN_ACCESS,IN_ISDIR
2026-10-04T14:17:48.166879Z;/home/runner/work/JSON-java/JSON-java/.git/refs/remotes;;IN_ACCESS,IN_ISDIR
2026-10-04T14:17:48.167167Z;/home/runner/work/JSON-java/JSON-java/.git/refs/remotes;origin;IN_ACCESS,IN_ISDIR
2026-10-04T14:17:48.167477Z;/home/runner/work/JSON-java/JSON-java/.git/refs/remotes/origin;;IN_ACCESS,IN_ISDIR
2026-10-04T14:17:48.167838Z;/home/runner/work/JSON-java/JSON-java/.git/refs/remotes;origin;IN_ACCESS,IN_ISDIR
2026-10-04T14:17:48.168171Z;/home/runner/work/JSON-java/JSON-java/.git/refs/remotes/origin;;IN_ACCESS,IN_ISDIR
2026-10-04T14:17:48.168472Z;/home/runner/work/JSON-java/JSON-java/.git/refs;tags;IN_ACCESS,IN_ISDIR
2026-10-04T14:17:48.168768Z;/home/runner/work/JSON-java/JSON-java/.git/refs/tags;;IN_ACCESS,IN_ISDIR
2026-10-04T14:17:48.169068Z;/home/runner/work/JSON-java/JSON-java/.git/refs;tags;IN_ACCESS,IN_ISDIR
2026-10-04T14:17:48.169431Z;/home/runner/work/JSON-java/JSON-java/.git/refs/tags;;IN_ACCESS,IN_ISDIR
2026-10-04T14:17:48.169719Z;/home/runner/work/JSON-java/JSON-java;.github;IN_ACCESS,IN_ISDIR
2026-10-04T14:17:48.169997Z;/home/runner/work/JSON-java/JSON-java/.github;;IN_ACCESS,IN_ISDIR
2026-10-04T14:17:48.170287Z;/home/runner/work/JSON-java/JSON-java;.github;IN_ACCESS,IN_ISDIR
2026-10-04T14:17:48.170587Z;/home/runner/work/JSON-java/JSON-java/.github;;IN_ACCESS,IN_ISDIR
2026-10-04T14:17:48.170963Z;/home/runner/work/JSON-java/JSON-java/.github;workflows;IN_ACCESS,IN_ISDIR
2026-10-04T14:17:48.171266Z;/home/runner/work/JSON-java/JSON-java/.github/workflows;;IN_ACCESS,IN_ISDIR
2026-10-04T14:17:48.171560Z;/home/runner/work/JSON-java/JSON-java/.github;workflows;IN_ACCESS,IN_ISDIR
2026-10-04T14:17:48.171803Z;/home/runner/work/JSON-java/JSON-java/.github/workflows;;IN_ACCESS,IN_ISDIR
2026-10-04T14:17:48.172151Z;/home/runner/work/JSON-java/JSON-java;docs;IN_ACCESS,IN_ISDIR
2026-10-04T14:17:48.172467Z;/home/runner/work/JSON-java/JSON-java/docs;;IN_ACCESS,IN_ISDIR
2026-10-04T14:17:48.172726Z;/home/runner/work/JSON-java/JSON-java;docs;IN_ACCESS,IN_ISDIR
2026-10-04T14:17:48.172973Z;/home/runner/work/JSON-java/JSON-java/docs;;IN_ACCESS,IN_ISDIR
2026-10-04T14:17:48.173218Z;/home/runner/work/JSON-java/JSON-java;gradle;IN_ACCESS,IN_ISDIR
2026-10-04T14:17:48.173609Z;/home/runner/work/JSON-java/JSON-java/gradle;;IN_ACCESS,IN_ISDIR
2026-10-04T14:17:48.174058Z;/home/runner/work/JSON-java/JSON-java;gradle;IN_ACCESS,IN_ISDIR
2026-10-04T14:17:48.174460Z;/home/runner/work/JSON-java/JSON-java/gradle;;IN_ACCESS,IN_ISDIR
2026-10-04T14:17:48.174829Z;/home/runner/work/JSON-java/JSON-java/gradle;wrapper;IN_ACCESS,IN_ISDIR
2026-10-04T14:17:48.175070Z;/home/runner/work/JSON-java/JSON-java/gradle/wrapper;;IN_ACCESS,IN_ISDIR
2026-10-04T14:17:48.175352Z;/home/runner/work/JSON-java/JSON-java/gradle;wrapper;IN_ACCESS,IN_ISDIR
2026-10-04T14:17:48.175603Z;/home/runner/work/JSON-java/JSON-java/gradle/wrapper;;IN_ACCESS,IN_ISDIR
2026-10-04T14:17:48.175915Z;/home/runner/work/JSON-java/JSON-java;images;IN_ACCESS,IN_ISDIR
2026-10-04T14:17:48.176304Z;/home/runner/work/JSON-java/JSON-java/images;;IN_ACCESS,IN_ISDIR
2026-10-04T14:17:48.176648Z;/home/runner/work/JSON-java/JSON-java;images;IN_ACCESS,IN_ISDIR
2026-10-04T14:17:48.176975Z;/home/runner/work/JSON-java/JSON-java/images;;IN_ACCESS,IN_ISDIR
2026-10-04T14:17:48.177289Z;/home/runner/work/JSON-java/JSON-java;src;IN_ACCESS,IN_ISDIR
2026-10-04T14:17:48.177573Z;/home/runner/work/JSON-java/JSON-java/src;;IN_ACCESS,IN_ISDIR
2026-10-04T14:17:48.177860Z;/home/runner/work/JSON-java/JSON-java;src;IN_ACCESS,IN_ISDIR
2026-10-04T14:17:48.178175Z;/home/runner/work/JSON-java/JSON-java/src;;IN_ACCESS,IN_ISDIR
2026-10-04T14:17:48.178490Z;/home/runner/work/JSON-java/JSON-java/src;main;IN_ACCESS,IN_ISDIR
2026-10-04T14:17:48.178727Z;/home/runner/work/JSON-java/JSON-java/src/main;;IN_ACCESS,IN_ISDIR
2026-10-04T14:17:48.178953Z;/home/runner/work/JSON-java/JSON-java/src;main;IN_ACCESS,IN_ISDIR
2026-10-04T14:17:48.179236Z;/home/runner/work/JSON-java/JSON-java/src/main;;IN_ACCESS,IN_ISDIR
2026-10-04T14:17:48.179525Z;/home/runner/work/JSON-java/JSON-java/src/main;java;IN_ACCESS,IN_ISDIR
2026-10-04T14:17:48.179787Z;/home/runner/work/JSON-java/JSON-java/src/main/java;;IN_ACCESS,IN_ISDIR
2026-10-04T14:17:48.180027Z;/home/runner/work/JSON-java/JSON-java/src/main;java;IN_ACCESS,IN_ISDIR
2026-10-04T14:17:48.180327Z;/home/runner/work/JSON-java/JSON-java/src/main/java;;IN_ACCESS,IN_ISDIR
2026-10-04T14:17:48.180603Z;/home/runner/work/JSON-java/JSON-java/src/main/java;org;IN_ACCESS,IN_ISDIR
2026-10-04T14:17:48.180886Z;/home/runner/work/JSON-java/JSON-java/src/main/java/org;;IN_ACCESS,IN_ISDIR
2026-10-04T14:17:48.181152Z;/home/runner/work/JSON-java/JSON-java/src/main/java;org;IN_ACCESS,IN_ISDIR
2026-10-04T14:17:48.181399Z;/home/runner/work/JSON-java/JSON-java/src/main/java/org;;IN_ACCESS,IN_ISDIR
2026-10-04T14:17:48.181644Z;/home/runner/work/JSON-java/JSON-java/src/main/java/org;json;IN_ACCESS,IN_ISDIR
2026-10-04T14:17:48.181931Z;/home/runner/work/JSON-java/JSON-java/src/main/java/org/json;;IN_ACCESS,IN_ISDIR
2026-10-04T14:17:48.182217Z;/home/runner/work/JSON-java/JSON-java/src/main/java/org;json;IN_ACCESS,IN_ISDIR
2026-10-04T14:17:48.182464Z;/home/runner/work/JSON-java/JSON-java/src/main/java/org/json;;IN_ACCESS,IN_ISDIR
2026-10-04T14:17:48.182709Z;/home/runner/work/JSON-java/JSON-java/src;test;IN_ACCESS,IN_ISDIR
2026-10-04T14:17:48.182952Z;/home/runner/work/JSON-java/JSON-java/src/test;;IN_ACCESS,IN_ISDIR
2026-10-04T14:17:48.183219Z;/home/runner/work/JSON-java/JSON-java/src;test;IN_ACCESS,IN_ISDIR
2026-10-04T14:17:48.183452Z;/home/runner/work/JSON-java/JSON-java/src/test;;IN_ACCESS,IN_ISDIR
2026-10-04T14:17:48.183714Z;/home/runner/work/JSON-java/JSON-java/src/test;java;IN_ACCESS,IN_ISDIR
2026-10-04T14:17:48.183973Z;/home/runner/work/JSON-java/JSON-java/src/test/java;;IN_ACCESS,IN_ISDIR
2026-10-04T14:17:48.184377Z;/home/runner/work/JSON-java/JSON-java/src/test;java;IN_ACCESS,IN_ISDIR
2026-10-04T14:17:48.184625Z;/home/runner/work/JSON-java/JSON-java/src/test/java;;IN_ACCESS,IN_ISDIR
2026-10-04T14:17:48.184876Z;/home/runner/work/JSON-java/JSON-java/src/test/java;org;IN_ACCESS,IN_ISDIR
2026-10-04T14:17:48.185119Z;/home/runner/work/JSON-java/JSON-java/src/test/java/org;;IN_ACCESS,IN_ISDIR
2026-10-04T14:17:48.185371Z;/home/runner/work/JSON-java/JSON-java/src/test/java;org;IN_ACCESS,IN_ISDIR
2026-10-04T14:17:48.185615Z;/home/runner/work/JSON-java/JSON-java/src/test/java/org;;IN_ACCESS,IN_ISDIR
2026-10-04T14:17:48.185860Z;/home/runner/work/JSON-java/JSON-java/src/test/java/org;json;IN_ACCESS,IN_ISDIR
2026-10-04T14:17:48.186103Z;/home/runner/work/JSON-java/JSON-java/src/test/java/org/json;;IN_ACCESS,IN_ISDIR
2026-10-04T14:17:48.186349Z;/home/runner/work/JSON-java/JSON-java/src/test/java/org;json;IN_ACCESS,IN_ISDIR
2026-10-04T14:17:48.186593Z;/home/runner/work/JSON-java/JSON-java/src/test/java/org/json;;IN_ACCESS,IN_ISDIR
2026-10-04T14:17:48.186850Z;/home/runner/work/JSON-java/JSON-java/src/test/java/org/json;junit;IN_ACCESS,IN_ISDIR
2026-10-04T14:17:48.187092Z;/home/runner/work/JSON-java/JSON-java/src/test/java/org/json/junit;;IN_ACCESS,IN_ISDIR
2026-10-04T14:17:48.187345Z;/home/runner/work/JSON-java/JSON-java/src/test/java/org/json;junit;IN_ACCESS,IN_ISDIR
2026-10-04T14:17:48.187578Z;/home/runner/work/JSON-java/JSON-java/src/test/java/org/json/junit;;IN_ACCESS,IN_ISDIR
2026-10-04T14:17:48.187814Z;/home/runner/work/JSON-java/JSON-java/src/test/java/org/json/junit;data;IN_ACCESS,IN_ISDIR
2026-10-04T14:17:48.188054Z;/home/runner/work/JSON-java/JSON-java/src/test/java/org/json/junit/data;;IN_ACCESS,IN_ISDIR
2026-10-04T14:17:48.188292Z;/home/runner/work/JSON-java/JSON-java/src/test/java/org/json/junit;data;IN_ACCESS,IN_ISDIR
2026-10-04T14:17:48.188530Z;/home/runner/work/JSON-java/JSON-java/src/test/java/org/json/junit/data;;IN_ACCESS,IN_ISDIR
2026-10-04T14:17:48.188916Z;/home/runner/work/JSON-java/JSON-java/src/test;resources;IN_ACCESS,IN_ISDIR
2026-10-04T14:17:48.198189Z;/home/runner/work/JSON-java/JSON-java/src/test/resources;;IN_ACCESS,IN_ISDIR
2026-10-04T14:17:48.198526Z;/home/runner/work/JSON-java/JSON-java/src/test;resources;IN_ACCESS,IN_ISDIR
2026-10-04T14:17:48.198776Z;/home/runner/work/JSON-java/JSON-java/src/test/resources;;IN_ACCESS,IN_ISDIR
2026-10-04T14:17:48.199150Z;/home/runner/work/JSON-java/JSON-java;optcd-4.txt;IN_CREATE
2026-10-04T14:17:51.813223Z;/home/runner/work/JSON-java/JSON-java;pom.xml;IN_ACCESS
2026-10-04T14:17:51.814959Z;/home/runner/work/JSON-java/JSON-java;pom.xml;IN_ACCESS
2026-10-04T14:17:51.818146Z;/home/runner/work/JSON-java/JSON-java;pom.xml;IN_ACCESS
2026-10-04T14:18:02.351295Z;/home/runner/work/JSON-java/JSON-java;target;IN_CREATE,IN_ISDIR
2026-10-04T14:18:02.354614Z;/home/runner/work/JSON-java/JSON-java;target;IN_ACCESS,IN_ISDIR
2026-10-04T14:18:02.355513Z;/home/runner/work/JSON-java/JSON-java/src/main;java;IN_ACCESS,IN_ISDIR
2026-10-04T14:18:02.355792Z;/home/runner/work/JSON-java/JSON-java/src/main/java;;IN_ACCESS,IN_ISDIR
2026-10-04T14:18:02.356090Z;/home/runner/work/JSON-java/JSON-java/src/main;java;IN_ACCESS,IN_ISDIR
2026-10-04T14:18:02.356344Z;/home/runner/work/JSON-java/JSON-java/src/main/java;;IN_ACCESS,IN_ISDIR
2026-10-04T14:18:02.357774Z;/home/runner/work/JSON-java/JSON-java/src/main/java;org;IN_ACCESS,IN_ISDIR
2026-10-04T14:18:02.358292Z;/home/runner/work/JSON-java/JSON-java/src/main/java/org;;IN_ACCESS,IN_ISDIR
2026-10-04T14:18:02.358631Z;/home/runner/work/JSON-java/JSON-java/src/main/java;org;IN_ACCESS,IN_ISDIR
2026-10-04T14:18:02.358970Z;/home/runner/work/JSON-java/JSON-java/src/main/java/org;;IN_ACCESS,IN_ISDIR
2026-10-04T14:18:02.359381Z;/home/runner/work/JSON-java/JSON-java/src/main/java/org;json;IN_ACCESS,IN_ISDIR
2026-10-04T14:18:02.359685Z;/home/runner/work/JSON-java/JSON-java/src/main/java/org/json;;IN_ACCESS,IN_ISDIR
2026-10-04T14:18:02.360007Z;/home/runner/work/JSON-java/JSON-java/src/main/java/org;json;IN_ACCESS,IN_ISDIR
2026-10-04T14:18:02.360262Z;/home/runner/work/JSON-java/JSON-java/src/main/java/org/json;;IN_ACCESS,IN_ISDIR
2026-10-04T14:18:02.360795Z;/home/runner/work/JSON-java/JSON-java/target;maven-status;IN_CREATE,IN_ISDIR
2026-10-04T14:18:02.361049Z;/home/runner/work/JSON-java/JSON-java/target;maven-status;IN_ACCESS,IN_ISDIR
2026-10-04T14:18:02.362125Z;/home/runner/work/JSON-java/JSON-java/target/maven-status/maven-compiler-plugin/compile/default-compile;inputFiles.lst;IN_CREATE
2026-10-04T14:18:02.362930Z;/home/runner/work/JSON-java/JSON-java/src/main;java;IN_ACCESS,IN_ISDIR
2026-10-04T14:18:02.363232Z;/home/runner/work/JSON-java/JSON-java/src/main/java;;IN_ACCESS,IN_ISDIR
2026-10-04T14:18:02.363480Z;/home/runner/work/JSON-java/JSON-java/src/main;java;IN_ACCESS,IN_ISDIR
2026-10-04T14:18:02.363749Z;/home/runner/work/JSON-java/JSON-java/src/main/java;;IN_ACCESS,IN_ISDIR
2026-10-04T14:18:02.364313Z;/home/runner/work/JSON-java/JSON-java/src/main/java;org;IN_ACCESS,IN_ISDIR
2026-10-04T14:18:02.364820Z;/home/runner/work/JSON-java/JSON-java/src/main/java/org;;IN_ACCESS,IN_ISDIR
2026-10-04T14:18:02.365297Z;/home/runner/work/JSON-java/JSON-java/src/main/java;org;IN_ACCESS,IN_ISDIR
2026-10-04T14:18:02.365572Z;/home/runner/work/JSON-java/JSON-java/src/main/java/org;;IN_ACCESS,IN_ISDIR
2026-10-04T14:18:02.365912Z;/home/runner/work/JSON-java/JSON-java/src/main/java/org;json;IN_ACCESS,IN_ISDIR
2026-10-04T14:18:02.366158Z;/home/runner/work/JSON-java/JSON-java/src/main/java/org/json;;IN_ACCESS,IN_ISDIR
2026-10-04T14:18:02.366396Z;/home/runner/work/JSON-java/JSON-java/src/main/java/org;json;IN_ACCESS,IN_ISDIR
2026-10-04T14:18:02.366627Z;/home/runner/work/JSON-java/JSON-java/src/main/java/org/json;;IN_ACCESS,IN_ISDIR
2026-10-04T14:18:02.366886Z;/home/runner/work/JSON-java/JSON-java/target/generated-sources;annotations;IN_ACCESS,IN_ISDIR
2026-10-04T14:18:02.367174Z;/home/runner/work/JSON-java/JSON-java/target/generated-sources/annotations;;IN_ACCESS,IN_ISDIR
2026-10-04T14:18:02.367448Z;/home/runner/work/JSON-java/JSON-java/target/generated-sources;annotations;IN_ACCESS,IN_ISDIR
2026-10-04T14:18:02.367714Z;/home/runner/work/JSON-java/JSON-java/target/generated-sources/annotations;;IN_ACCESS,IN_ISDIR
2026-10-04T14:18:02.368095Z;/home/runner/work/JSON-java/JSON-java/target;classes;IN_CREATE,IN_ISDIR
2026-10-04T14:18:02.368394Z;/home/runner/work/JSON-java/JSON-java/target;classes;IN_ACCESS,IN_ISDIR
2026-10-04T14:18:03.048367Z;/home/runner/work/JSON-java/JSON-java/src/main/java/org/json;CDL.java;IN_ACCESS
2026-10-04T14:18:03.087866Z;/home/runner/work/JSON-java/JSON-java/src/main/java/org/json;JSONStringer.java;IN_ACCESS
2026-10-04T14:18:03.088940Z;/home/runner/work/JSON-java/JSON-java/src/main/java/org/json;CookieList.java;IN_ACCESS
2026-10-04T14:18:03.090811Z;/home/runner/work/JSON-java/JSON-java/src/main/java/org/json;Cookie.java;IN_ACCESS
2026-10-04T14:18:03.096435Z;/home/runner/work/JSON-java/JSON-java/src/main/java/org/json;StringBuilderWriter.java;IN_ACCESS
2026-10-04T14:18:03.098583Z;/home/runner/work/JSON-java/JSON-java/src/main/java/org/json;JSONPropertyName.java;IN_ACCESS
2026-10-04T14:18:03.099282Z;/home/runner/work/JSON-java/JSON-java/src/main/java/org/json;JSONML.java;IN_ACCESS
2026-10-04T14:18:03.119152Z;/home/runner/work/JSON-java/JSON-java/src/main/java/org/json;ParserConfiguration.java;IN_ACCESS
2026-10-04T14:18:03.119755Z;/home/runner/work/JSON-java/JSON-java/src/main/java/org/json;JSONObject.java;IN_ACCESS
2026-10-04T14:18:03.204557Z;/home/runner/work/JSON-java/JSON-java/src/main/java/org/json;XMLParserConfiguration.java;IN_ACCESS
2026-10-04T14:18:03.208940Z;/home/runner/work/JSON-java/JSON-java/src/main/java/org/json;JSONPropertyIgnore.java;IN_ACCESS
2026-10-04T14:18:03.210986Z;/home/runner/work/JSON-java/JSON-java/src/main/java/org/json;JSONPointer.java;IN_ACCESS
2026-10-04T14:18:03.214861Z;/home/runner/work/JSON-java/JSON-java/src/main/java/org/json;JSONString.java;IN_ACCESS
2026-10-04T14:18:03.215248Z;/home/runner/work/JSON-java/JSON-java/src/main/java/org/json;XMLTokener.java;IN_ACCESS
2026-10-04T14:18:03.221328Z;/home/runner/work/JSON-java/JSON-java/src/main/java/org/json;JSONTokener.java;IN_ACCESS
2026-10-04T14:18:03.229938Z;/home/runner/work/JSON-java/JSON-java/src/main/java/org/json;HTTP.java;IN_ACCESS
2026-10-04T14:18:03.231255Z;/home/runner/work/JSON-java/JSON-java/src/main/java/org/json;Property.java;IN_ACCESS
2026-10-04T14:18:03.231955Z;/home/runner/work/JSON-java/JSON-java/src/main/java/org/json;JSONParserConfiguration.java;IN_ACCESS
2026-10-04T14:18:03.233393Z;/home/runner/work/JSON-java/JSON-java/src/main/java/org/json;JSONMLParserConfiguration.java;IN_ACCESS
2026-10-04T14:18:03.234121Z;/home/runner/work/JSON-java/JSON-java/src/main/java/org/json;JSONWriter.java;IN_ACCESS
2026-10-04T14:18:03.237455Z;/home/runner/work/JSON-java/JSON-java/src/main/java/org/json;JSONArray.java;IN_ACCESS
2026-10-04T14:18:03.255529Z;/home/runner/work/JSON-java/JSON-java/src/main/java/org/json;XMLXsiTypeConverter.java;IN_ACCESS
2026-10-04T14:18:03.255914Z;/home/runner/work/JSON-java/JSON-java/src/main/java/org/json;XML.java;IN_ACCESS
2026-10-04T14:18:03.266683Z;/home/runner/work/JSON-java/JSON-java/src/main/java/org/json;JSONException.java;IN_ACCESS
2026-10-04T14:18:03.267067Z;/home/runner/work/JSON-java/JSON-java/src/main/java/org/json;JSONPointerException.java;IN_ACCESS
2026-10-04T14:18:03.271171Z;/home/runner/work/JSON-java/JSON-java/src/main/java/org/json;HTTPTokener.java;IN_ACCESS
2026-10-04T14:18:03.334240Z;/home/runner/work/JSON-java/JSON-java/src/main/java/org;json;IN_ACCESS,IN_ISDIR
2026-10-04T14:18:03.334605Z;/home/runner/work/JSON-java/JSON-java/src/main/java/org/json;;IN_ACCESS,IN_ISDIR
2026-10-04T14:18:03.334892Z;/home/runner/work/JSON-java/JSON-java/src/main/java/org;json;IN_ACCESS,IN_ISDIR
2026-10-04T14:18:03.335182Z;/home/runner/work/JSON-java/JSON-java/src/main/java/org/json;;IN_ACCESS,IN_ISDIR
2026-10-04T14:18:03.381973Z;/home/runner/work/JSON-java/JSON-java/src/main/java;org;IN_ACCESS,IN_ISDIR
2026-10-04T14:18:03.383184Z;/home/runner/work/JSON-java/JSON-java/src/main/java/org;;IN_ACCESS,IN_ISDIR
2026-10-04T14:18:03.383508Z;/home/runner/work/JSON-java/JSON-java/src/main/java;org;IN_ACCESS,IN_ISDIR
2026-10-04T14:18:03.383780Z;/home/runner/work/JSON-java/JSON-java/src/main/java/org;;IN_ACCESS,IN_ISDIR
2026-10-04T14:18:03.813365Z;/home/runner/work/JSON-java/JSON-java/target/classes;org;IN_CREATE,IN_ISDIR
2026-10-04T14:18:03.813789Z;/home/runner/work/JSON-java/JSON-java/target/classes;org;IN_ACCESS,IN_ISDIR
2026-10-04T14:18:03.874946Z;/home/runner/work/JSON-java/JSON-java/target/classes/org/json;JSONTokener.class;IN_CREATE
2026-10-04T14:18:03.879888Z;/home/runner/work/JSON-java/JSON-java/target/classes/org/json;JSONException.class;IN_CREATE
2026-10-04T14:18:04.029911Z;/home/runner/work/JSON-java/JSON-java/target/classes/org/json;JSONArray.class;IN_CREATE
2026-10-04T14:18:04.206530Z;/home/runner/work/JSON-java/JSON-java/target/classes/org/json;JSONObject$Null.class;IN_CREATE
2026-10-04T14:18:04.207615Z;/home/runner/work/JSON-java/JSON-java/target/classes/org/json;JSONObject$1.class;IN_CREATE
2026-10-04T14:18:04.244724Z;/home/runner/work/JSON-java/JSON-java/target/classes/org/json;JSONObject.class;IN_CREATE
2026-10-04T14:18:04.258184Z;/home/runner/work/JSON-java/JSON-java/target/classes/org/json;JSONParserConfiguration.class;IN_CREATE
2026-10-04T14:18:04.259589Z;/home/runner/work/JSON-java/JSON-java/target/classes/org/json;ParserConfiguration.class;IN_CREATE
2026-10-04T14:18:04.266148Z;/home/runner/work/JSON-java/JSON-java/target/classes/org/json;JSONPropertyName.class;IN_CREATE
2026-10-04T14:18:04.283008Z;/home/runner/work/JSON-java/JSON-java/target/classes/org/json;JSONPointer$Builder.class;IN_CREATE
2026-10-04T14:18:04.294188Z;/home/runner/work/JSON-java/JSON-java/target/classes/org/json;JSONPointer.class;IN_CREATE
2026-10-04T14:18:04.295989Z;/home/runner/work/JSON-java/JSON-java/target/classes/org/json;JSONPointerException.class;IN_CREATE
2026-10-04T14:18:04.307350Z;/home/runner/work/JSON-java/JSON-java/target/classes/org/json;JSONStringer.class;IN_CREATE
2026-10-04T14:18:04.310325Z;/home/runner/work/JSON-java/JSON-java/target/classes/org/json;JSONWriter.class;IN_CREATE
2026-10-04T14:18:04.315997Z;/home/runner/work/JSON-java/JSON-java/target/classes/org/json;CookieList.class;IN_CREATE
2026-10-04T14:18:04.335515Z;/home/runner/work/JSON-java/JSON-java/target/classes/org/json;Cookie.class;IN_CREATE
2026-10-04T14:18:04.342481Z;/home/runner/work/JSON-java/JSON-java/target/classes/org/json;StringBuilderWriter.class;IN_CREATE
2026-10-04T14:18:04.382376Z;/home/runner/work/JSON-java/JSON-java/target/classes/org/json;JSONML.class;IN_CREATE
2026-10-04T14:18:04.409725Z;/home/runner/work/JSON-java/JSON-java/target/classes/org/json;XMLTokener.class;IN_CREATE
2026-10-04T14:18:04.414402Z;/home/runner/work/JSON-java/JSON-java/target/classes/org/json;JSONMLParserConfiguration.class;IN_CREATE
2026-10-04T14:18:04.425166Z;/home/runner/work/JSON-java/JSON-java/target/classes/org/json;XMLParserConfiguration.class;IN_CREATE
2026-10-04T14:18:04.426681Z;/home/runner/work/JSON-java/JSON-java/target/classes/org/json;XMLXsiTypeConverter.class;IN_CREATE
2026-10-04T14:18:04.426965Z;/home/runner/work/JSON-java/JSON-java/target/classes/org/json;JSONPropertyIgnore.class;IN_CREATE
2026-10-04T14:18:04.427534Z;/home/runner/work/JSON-java/JSON-java/target/classes/org/json;JSONString.class;IN_CREATE
2026-10-04T14:18:04.442533Z;/home/runner/work/JSON-java/JSON-java/target/classes/org/json;HTTP.class;IN_CREATE
2026-10-04T14:18:04.445827Z;/home/runner/work/JSON-java/JSON-java/target/classes/org/json;Property.class;IN_CREATE
2026-10-04T14:18:04.495598Z;/home/runner/work/JSON-java/JSON-java/target/classes/org/json;XML$1$1.class;IN_CREATE
2026-10-04T14:18:04.496068Z;/home/runner/work/JSON-java/JSON-java/target/classes/org/json;XML$1.class;IN_CREATE
2026-10-04T14:18:04.501673Z;/home/runner/work/JSON-java/JSON-java/target/classes/org/json;XML.class;IN_CREATE
2026-10-04T14:18:04.505538Z;/home/runner/work/JSON-java/JSON-java/target/classes/org/json;HTTPTokener.class;IN_CREATE
2026-10-04T14:18:04.512640Z;/home/runner/work/JSON-java/JSON-java/target;classes;IN_ACCESS,IN_ISDIR
2026-10-04T14:18:04.512983Z;/home/runner/work/JSON-java/JSON-java/target/classes;;IN_ACCESS,IN_ISDIR
2026-10-04T14:18:04.513289Z;/home/runner/work/JSON-java/JSON-java/target;classes;IN_ACCESS,IN_ISDIR
2026-10-04T14:18:04.513581Z;/home/runner/work/JSON-java/JSON-java/target/classes;;IN_ACCESS,IN_ISDIR
2026-10-04T14:18:04.516340Z;/home/runner/work/JSON-java/JSON-java/target/classes;org;IN_ACCESS,IN_ISDIR
2026-10-04T14:18:04.518161Z;/home/runner/work/JSON-java/JSON-java/target/classes/org;;IN_ACCESS,IN_ISDIR
2026-10-04T14:18:04.518428Z;/home/runner/work/JSON-java/JSON-java/target/classes;org;IN_ACCESS,IN_ISDIR
2026-10-04T14:18:04.518690Z;/home/runner/work/JSON-java/JSON-java/target/classes/org;;IN_ACCESS,IN_ISDIR
2026-10-04T14:18:04.518946Z;/home/runner/work/JSON-java/JSON-java/target/classes/org;json;IN_ACCESS,IN_ISDIR
2026-10-04T14:18:04.519227Z;/home/runner/work/JSON-java/JSON-java/target/classes/org/json;;IN_ACCESS,IN_ISDIR
2026-10-04T14:18:04.519544Z;/home/runner/work/JSON-java/JSON-java/target/classes/org;json;IN_ACCESS,IN_ISDIR
2026-10-04T14:18:04.519869Z;/home/runner/work/JSON-java/JSON-java/target/classes/org/json;;IN_ACCESS,IN_ISDIR
2026-10-04T14:18:04.520154Z;/home/runner/work/JSON-java/JSON-java/target/maven-status/maven-compiler-plugin/compile/default-compile;createdFiles.lst;IN_CREATE
2026-10-04T14:18:04.570430Z;/home/runner/work/JSON-java/JSON-java;optcd-5.txt;IN_CREATE
2026-10-04T14:18:05.803230Z;/home/runner/work/JSON-java/JSON-java;pom.xml;IN_ACCESS
2026-10-04T14:18:05.806140Z;/home/runner/work/JSON-java/JSON-java;pom.xml;IN_ACCESS
2026-10-04T14:18:05.809151Z;/home/runner/work/JSON-java/JSON-java;pom.xml;IN_ACCESS
2026-10-04T14:18:07.652235Z;/home/runner/work/JSON-java/JSON-java/src/main;java;IN_ACCESS,IN_ISDIR
2026-10-04T14:18:07.653178Z;/home/runner/work/JSON-java/JSON-java/src/main/java;;IN_ACCESS,IN_ISDIR
2026-10-04T14:18:07.653440Z;/home/runner/work/JSON-java/JSON-java/src/main;java;IN_ACCESS,IN_ISDIR
2026-10-04T14:18:07.653674Z;/home/runner/work/JSON-java/JSON-java/src/main/java;;IN_ACCESS,IN_ISDIR
2026-10-04T14:18:07.653899Z;/home/runner/work/JSON-java/JSON-java/src/main/java;org;IN_ACCESS,IN_ISDIR
2026-10-04T14:18:07.654285Z;/home/runner/work/JSON-java/JSON-java/src/main/java/org;;IN_ACCESS,IN_ISDIR
2026-10-04T14:18:07.654548Z;/home/runner/work/JSON-java/JSON-java/src/main/java;org;IN_ACCESS,IN_ISDIR
2026-10-04T14:18:07.654819Z;/home/runner/work/JSON-java/JSON-java/src/main/java/org;;IN_ACCESS,IN_ISDIR
2026-10-04T14:18:07.656266Z;/home/runner/work/JSON-java/JSON-java/src/main/java/org;json;IN_ACCESS,IN_ISDIR
2026-10-04T14:18:07.656522Z;/home/runner/work/JSON-java/JSON-java/src/main/java/org/json;;IN_ACCESS,IN_ISDIR
2026-10-04T14:18:07.656768Z;/home/runner/work/JSON-java/JSON-java/src/main/java/org;json;IN_ACCESS,IN_ISDIR
2026-10-04T14:18:07.656998Z;/home/runner/work/JSON-java/JSON-java/src/main/java/org/json;;IN_ACCESS,IN_ISDIR
2026-10-04T14:18:07.657252Z;/home/runner/work/JSON-java/JSON-java/target/maven-status/maven-compiler-plugin/compile/default-compile;inputFiles.lst;IN_ACCESS
2026-10-04T14:18:07.659654Z;/home/runner/work/JSON-java/JSON-java/src/main;java;IN_ACCESS,IN_ISDIR
2026-10-04T14:18:07.660315Z;/home/runner/work/JSON-java/JSON-java/src/main/java;;IN_ACCESS,IN_ISDIR
2026-10-04T14:18:07.660763Z;/home/runner/work/JSON-java/JSON-java/src/main;java;IN_ACCESS,IN_ISDIR
2026-10-04T14:18:07.661997Z;/home/runner/work/JSON-java/JSON-java/src/main/java;;IN_ACCESS,IN_ISDIR
2026-10-04T14:18:07.662363Z;/home/runner/work/JSON-java/JSON-java/src/main/java;org;IN_ACCESS,IN_ISDIR
2026-10-04T14:18:07.662728Z;/home/runner/work/JSON-java/JSON-java/src/main/java/org;;IN_ACCESS,IN_ISDIR
2026-10-04T14:18:07.663026Z;/home/runner/work/JSON-java/JSON-java/src/main/java;org;IN_ACCESS,IN_ISDIR
2026-10-04T14:18:07.665143Z;/home/runner/work/JSON-java/JSON-java/src/main/java/org;;IN_ACCESS,IN_ISDIR
2026-10-04T14:18:07.665486Z;/home/runner/work/JSON-java/JSON-java/src/main/java/org;json;IN_ACCESS,IN_ISDIR
2026-10-04T14:18:07.665756Z;/home/runner/work/JSON-java/JSON-java/src/main/java/org/json;;IN_ACCESS,IN_ISDIR
2026-10-04T14:18:07.665998Z;/home/runner/work/JSON-java/JSON-java/src/main/java/org;json;IN_ACCESS,IN_ISDIR
2026-10-04T14:18:07.666247Z;/home/runner/work/JSON-java/JSON-java/src/main/java/org/json;;IN_ACCESS,IN_ISDIR
2026-10-04T14:18:07.666851Z;/home/runner/work/JSON-java/JSON-java/target/generated-sources;annotations;IN_ACCESS,IN_ISDIR
2026-10-04T14:18:07.667121Z;/home/runner/work/JSON-java/JSON-java/target/generated-sources/annotations;;IN_ACCESS,IN_ISDIR
2026-10-04T14:18:07.668268Z;/home/runner/work/JSON-java/JSON-java/target/generated-sources;annotations;IN_ACCESS,IN_ISDIR
2026-10-04T14:18:07.669272Z;/home/runner/work/JSON-java/JSON-java/target/generated-sources/annotations;;IN_ACCESS,IN_ISDIR
2026-10-04T14:18:07.669633Z;/home/runner/work/JSON-java/JSON-java/target;test-classes;IN_CREATE,IN_ISDIR
2026-10-04T14:18:07.669877Z;/home/runner/work/JSON-java/JSON-java/src/test;resources;IN_ACCESS,IN_ISDIR
2026-10-04T14:18:07.670279Z;/home/runner/work/JSON-java/JSON-java/src/test/resources;;IN_ACCESS,IN_ISDIR
2026-10-04T14:18:07.670549Z;/home/runner/work/JSON-java/JSON-java/src/test;resources;IN_ACCESS,IN_ISDIR
2026-10-04T14:18:07.670844Z;/home/runner/work/JSON-java/JSON-java/src/test/resources;;IN_ACCESS,IN_ISDIR
2026-10-04T14:18:07.671141Z;/home/runner/work/JSON-java/JSON-java/target;test-classes;IN_ACCESS,IN_ISDIR
2026-10-04T14:18:07.671396Z;/home/runner/work/JSON-java/JSON-java/target/test-classes;Issue537.json;IN_CREATE
2026-10-04T14:18:07.671656Z;/home/runner/work/JSON-java/JSON-java/src/test/resources;Issue537.json;IN_ACCESS
2026-10-04T14:18:07.671903Z;/home/runner/work/JSON-java/JSON-java/target/test-classes;Issue537.xml;IN_CREATE
2026-10-04T14:18:07.675286Z;/home/runner/work/JSON-java/JSON-java/src/test/resources;Issue537.xml;IN_ACCESS
2026-10-04T14:18:07.675535Z;/home/runner/work/JSON-java/JSON-java/target/test-classes;Issue593.json;IN_CREATE
2026-10-04T14:18:07.675779Z;/home/runner/work/JSON-java/JSON-java/src/test/resources;Issue593.json;IN_ACCESS
2026-10-04T14:18:07.676061Z;/home/runner/work/JSON-java/JSON-java/target/test-classes;compliantJsonObject.json;IN_CREATE
2026-10-04T14:18:07.676435Z;/home/runner/work/JSON-java/JSON-java/src/test/resources;compliantJsonObject.json;IN_ACCESS
2026-10-04T14:18:07.676766Z;/home/runner/work/JSON-java/JSON-java/target/test-classes;jsonpointer-testdoc.json;IN_CREATE
2026-10-04T14:18:07.677036Z;/home/runner/work/JSON-java/JSON-java/src/test/resources;jsonpointer-testdoc.json;IN_ACCESS
2026-10-04T14:18:07.677301Z;/home/runner/work/JSON-java/JSON-java/target/test-classes;Issue654WellFormedObject.json;IN_CREATE
2026-10-04T14:18:07.677549Z;/home/runner/work/JSON-java/JSON-java/src/test/resources;Issue654WellFormedObject.json;IN_ACCESS
2026-10-04T14:18:07.677782Z;/home/runner/work/JSON-java/JSON-java/target/test-classes;Issue593.xml;IN_CREATE
2026-10-04T14:18:07.678062Z;/home/runner/work/JSON-java/JSON-java/src/test/resources;Issue593.xml;IN_ACCESS
2026-10-04T14:18:07.678302Z;/home/runner/work/JSON-java/JSON-java/target/test-classes;compliantJsonArray.json;IN_CREATE
2026-10-04T14:18:07.678985Z;/home/runner/work/JSON-java/JSON-java/src/test/resources;compliantJsonArray.json;IN_ACCESS
2026-10-04T14:18:07.679286Z;/home/runner/work/JSON-java/JSON-java/target/test-classes;Issue654WellFormedArray.json;IN_CREATE
2026-10-04T14:18:07.679527Z;/home/runner/work/JSON-java/JSON-java/src/test/resources;Issue654WellFormedArray.json;IN_ACCESS
2026-10-04T14:18:07.679850Z;/home/runner/work/JSON-java/JSON-java/target;generated-test-sources;IN_CREATE,IN_ISDIR
2026-10-04T14:18:07.680073Z;/home/runner/work/JSON-java/JSON-java/src/test;java;IN_ACCESS,IN_ISDIR
2026-10-04T14:18:07.682579Z;/home/runner/work/JSON-java/JSON-java/src/test/java;;IN_ACCESS,IN_ISDIR
2026-10-04T14:18:07.682870Z;/home/runner/work/JSON-java/JSON-java/src/test;java;IN_ACCESS,IN_ISDIR
2026-10-04T14:18:07.685649Z;/home/runner/work/JSON-java/JSON-java/src/test/java;;IN_ACCESS,IN_ISDIR
2026-10-04T14:18:07.686809Z;/home/runner/work/JSON-java/JSON-java/src/test/java;org;IN_ACCESS,IN_ISDIR
2026-10-04T14:18:07.687107Z;/home/runner/work/JSON-java/JSON-java/src/test/java/org;;IN_ACCESS,IN_ISDIR
2026-10-04T14:18:07.688935Z;/home/runner/work/JSON-java/JSON-java/src/test/java;org;IN_ACCESS,IN_ISDIR
2026-10-04T14:18:07.689364Z;/home/runner/work/JSON-java/JSON-java/src/test/java/org;;IN_ACCESS,IN_ISDIR
2026-10-04T14:18:07.689612Z;/home/runner/work/JSON-java/JSON-java/src/test/java/org;json;IN_ACCESS,IN_ISDIR
2026-10-04T14:18:07.689865Z;/home/runner/work/JSON-java/JSON-java/src/test/java/org/json;;IN_ACCESS,IN_ISDIR
2026-10-04T14:18:07.691215Z;/home/runner/work/JSON-java/JSON-java/src/test/java/org;json;IN_ACCESS,IN_ISDIR
2026-10-04T14:18:07.691520Z;/home/runner/work/JSON-java/JSON-java/src/test/java/org/json;;IN_ACCESS,IN_ISDIR
2026-10-04T14:18:07.691910Z;/home/runner/work/JSON-java/JSON-java/src/test/java/org/json;junit;IN_ACCESS,IN_ISDIR
2026-10-04T14:18:07.692189Z;/home/runner/work/JSON-java/JSON-java/src/test/java/org/json/junit;;IN_ACCESS,IN_ISDIR
2026-10-04T14:18:07.692723Z;/home/runner/work/JSON-java/JSON-java/src/test/java/org/json;junit;IN_ACCESS,IN_ISDIR
2026-10-04T14:18:07.693019Z;/home/runner/work/JSON-java/JSON-java/src/test/java/org/json/junit;;IN_ACCESS,IN_ISDIR
2026-10-04T14:18:07.693277Z;/home/runner/work/JSON-java/JSON-java/src/test/java/org/json/junit;data;IN_ACCESS,IN_ISDIR
2026-10-04T14:18:07.693779Z;/home/runner/work/JSON-java/JSON-java/src/test/java/org/json/junit/data;;IN_ACCESS,IN_ISDIR
2026-10-04T14:18:07.694398Z;/home/runner/work/JSON-java/JSON-java/src/test/java/org/json/junit;data;IN_ACCESS,IN_ISDIR
2026-10-04T14:18:07.694646Z;/home/runner/work/JSON-java/JSON-java/src/test/java/org/json/junit/data;;IN_ACCESS,IN_ISDIR
2026-10-04T14:18:07.695281Z;/home/runner/work/JSON-java/JSON-java/target/maven-status/maven-compiler-plugin;testCompile;IN_CREATE,IN_ISDIR
2026-10-04T14:18:07.695795Z;/home/runner/work/JSON-java/JSON-java/target;classes;IN_ACCESS,IN_ISDIR
2026-10-04T14:18:07.696036Z;/home/runner/work/JSON-java/JSON-java/target/classes;;IN_ACCESS,IN_ISDIR
2026-10-04T14:18:07.696289Z;/home/runner/work/JSON-java/JSON-java/target;classes;IN_ACCESS,IN_ISDIR
2026-10-04T14:18:07.696546Z;/home/runner/work/JSON-java/JSON-java/target/classes;;IN_ACCESS,IN_ISDIR
2026-10-04T14:18:07.697002Z;/home/runner/work/JSON-java/JSON-java/target/classes;org;IN_ACCESS,IN_ISDIR
2026-10-04T14:18:07.697268Z;/home/runner/work/JSON-java/JSON-java/target/classes/org;;IN_ACCESS,IN_ISDIR
2026-10-04T14:18:07.697874Z;/home/runner/work/JSON-java/JSON-java/target/classes;org;IN_ACCESS,IN_ISDIR
2026-10-04T14:18:07.698154Z;/home/runner/work/JSON-java/JSON-java/target/classes/org;;IN_ACCESS,IN_ISDIR
2026-10-04T14:18:07.698395Z;/home/runner/work/JSON-java/JSON-java/target/classes/org;json;IN_ACCESS,IN_ISDIR
2026-10-04T14:18:07.698655Z;/home/runner/work/JSON-java/JSON-java/target/classes/org/json;;IN_ACCESS,IN_ISDIR
2026-10-04T14:18:07.699609Z;/home/runner/work/JSON-java/JSON-java/target/classes/org;json;IN_ACCESS,IN_ISDIR
2026-10-04T14:18:07.699970Z;/home/runner/work/JSON-java/JSON-java/target/classes/org/json;;IN_ACCESS,IN_ISDIR
2026-10-04T14:18:07.700521Z;/home/runner/work/JSON-java/JSON-java/target;generated-test-sources;IN_ACCESS,IN_ISDIR
2026-10-04T14:18:07.700798Z;/home/runner/work/JSON-java/JSON-java/src/test;java;IN_ACCESS,IN_ISDIR
2026-10-04T14:18:07.701060Z;/home/runner/work/JSON-java/JSON-java/src/test/java;;IN_ACCESS,IN_ISDIR
2026-10-04T14:18:07.701327Z;/home/runner/work/JSON-java/JSON-java/src/test;java;IN_ACCESS,IN_ISDIR
2026-10-04T14:18:07.701728Z;/home/runner/work/JSON-java/JSON-java/src/test/java;;IN_ACCESS,IN_ISDIR
2026-10-04T14:18:07.702771Z;/home/runner/work/JSON-java/JSON-java/src/test/java;org;IN_ACCESS,IN_ISDIR
2026-10-04T14:18:07.703149Z;/home/runner/work/JSON-java/JSON-java/src/test/java/org;;IN_ACCESS,IN_ISDIR
2026-10-04T14:18:07.705213Z;/home/runner/work/JSON-java/JSON-java/src/test/java;org;IN_ACCESS,IN_ISDIR
2026-10-04T14:18:07.705507Z;/home/runner/work/JSON-java/JSON-java/src/test/java/org;;IN_ACCESS,IN_ISDIR
2026-10-04T14:18:07.705785Z;/home/runner/work/JSON-java/JSON-java/src/test/java/org;json;IN_ACCESS,IN_ISDIR
2026-10-04T14:18:07.706082Z;/home/runner/work/JSON-java/JSON-java/src/test/java/org/json;;IN_ACCESS,IN_ISDIR
2026-10-04T14:18:07.706451Z;/home/runner/work/JSON-java/JSON-java/src/test/java/org;json;IN_ACCESS,IN_ISDIR
2026-10-04T14:18:07.706704Z;/home/runner/work/JSON-java/JSON-java/src/test/java/org/json;;IN_ACCESS,IN_ISDIR
2026-10-04T14:18:07.706896Z;/home/runner/work/JSON-java/JSON-java/src/test/java/org/json;junit;IN_ACCESS,IN_ISDIR
2026-10-04T14:18:07.707305Z;/home/runner/work/JSON-java/JSON-java/src/test/java/org/json/junit;;IN_ACCESS,IN_ISDIR
2026-10-04T14:18:07.707494Z;/home/runner/work/JSON-java/JSON-java/src/test/java/org/json;junit;IN_ACCESS,IN_ISDIR
2026-10-04T14:18:07.707679Z;/home/runner/work/JSON-java/JSON-java/src/test/java/org/json/junit;;IN_ACCESS,IN_ISDIR
2026-10-04T14:18:07.708230Z;/home/runner/work/JSON-java/JSON-java/src/test/java/org/json/junit;data;IN_ACCESS,IN_ISDIR
2026-10-04T14:18:07.708434Z;/home/runner/work/JSON-java/JSON-java/src/test/java/org/json/junit/data;;IN_ACCESS,IN_ISDIR
2026-10-04T14:18:07.708627Z;/home/runner/work/JSON-java/JSON-java/src/test/java/org/json/junit;data;IN_ACCESS,IN_ISDIR
2026-10-04T14:18:07.708830Z;/home/runner/work/JSON-java/JSON-java/src/test/java/org/json/junit/data;;IN_ACCESS,IN_ISDIR
2026-10-04T14:18:07.709015Z;/home/runner/work/JSON-java/JSON-java/target/generated-test-sources;test-annotations;IN_ACCESS,IN_ISDIR
2026-10-04T14:18:07.709229Z;/home/runner/work/JSON-java/JSON-java/target/generated-test-sources/test-annotations;;IN_ACCESS,IN_ISDIR
2026-10-04T14:18:07.710127Z;/home/runner/work/JSON-java/JSON-java/target/generated-test-sources;test-annotations;IN_ACCESS,IN_ISDIR
2026-10-04T14:18:07.710364Z;/home/runner/work/JSON-java/JSON-java/target/generated-test-sources/test-annotations;;IN_ACCESS,IN_ISDIR
2026-10-04T14:18:07.710594Z;/home/runner/work/JSON-java/JSON-java/target;test-classes;IN_ACCESS,IN_ISDIR
2026-10-04T14:18:07.710830Z;/home/runner/work/JSON-java/JSON-java/target/test-classes;;IN_ACCESS,IN_ISDIR
2026-10-04T14:18:07.711074Z;/home/runner/work/JSON-java/JSON-java/target;test-classes;IN_ACCESS,IN_ISDIR
2026-10-04T14:18:07.711315Z;/home/runner/work/JSON-java/JSON-java/target/test-classes;;IN_ACCESS,IN_ISDIR
2026-10-04T14:18:07.711659Z;/home/runner/work/JSON-java/JSON-java/target/maven-status/maven-compiler-plugin;testCompile;IN_ACCESS,IN_ISDIR
2026-10-04T14:18:07.856987Z;/home/runner/work/JSON-java/JSON-java/src/test/java/org/json/junit/data;MyBeanCustomNameInterface.java;IN_ACCESS
2026-10-04T14:18:07.865323Z;/home/runner/work/JSON-java/JSON-java/src/test/java/org/json/junit;JSONObjectRecordTest.java;IN_ACCESS
2026-10-04T14:18:07.881159Z;/home/runner/work/JSON-java/JSON-java/src/test/java/org/json/junit;Util.java;IN_ACCESS
2026-10-04T14:18:07.890680Z;/home/runner/work/JSON-java/JSON-java/src/test/java/org/json/junit/data;MyBigNumberBean.java;IN_ACCESS
2026-10-04T14:18:07.891195Z;/home/runner/work/JSON-java/JSON-java/src/test/java/org/json/junit/data;CustomClassE.java;IN_ACCESS
2026-10-04T14:18:07.891954Z;/home/runner/work/JSON-java/JSON-java/src/test/java/org/json/junit/data;MyBeanCustomNameSubClass.java;IN_ACCESS
2026-10-04T14:18:07.893270Z;/home/runner/work/JSON-java/JSON-java/src/test/java/org/json/junit/data;MyNumberContainer.java;IN_ACCESS
2026-10-04T14:18:07.893727Z;/home/runner/work/JSON-java/JSON-java/src/test/java/org/json/junit;JSONStringerTest.java;IN_ACCESS
2026-10-04T14:18:07.915125Z;/home/runner/work/JSON-java/JSON-java/src/test/java/org/json/junit;HTTPTest.java;IN_ACCESS
2026-10-04T14:18:07.921212Z;/home/runner/work/JSON-java/JSON-java/src/test/java/org/json/junit;StringBuilderWriterTest.java;IN_ACCESS
2026-10-04T14:18:07.922608Z;/home/runner/work/JSON-java/JSON-java/src/test/java/org/json/junit;XMLTokenerTest.java;IN_ACCESS
2026-10-04T14:18:07.924323Z;/home/runner/work/JSON-java/JSON-java/src/test/java/org/json/junit;JSONTokenerTest.java;IN_ACCESS
2026-10-04T14:18:07.934173Z;/home/runner/work/JSON-java/JSON-java/src/test/java/org/json/junit;JSONObjectNumberTest.java;IN_ACCESS
2026-10-04T14:18:07.937244Z;/home/runner/work/JSON-java/JSON-java/src/test/java/org/json/junit/data;CustomClassA.java;IN_ACCESS
2026-10-04T14:18:07.937678Z;/home/runner/work/JSON-java/JSON-java/src/test/java/org/json/junit/data;CustomClassD.java;IN_ACCESS
2026-10-04T14:18:07.938157Z;/home/runner/work/JSON-java/JSON-java/src/test/java/org/json/junit/data;GenericBeanInt.java;IN_ACCESS
2026-10-04T14:18:07.939226Z;/home/runner/work/JSON-java/JSON-java/src/test/java/org/json/junit;CookieListTest.java;IN_ACCESS
2026-10-04T14:18:07.943175Z;/home/runner/work/JSON-java/JSON-java/src/test/java/org/json/junit;HTTPTokenerTest.java;IN_ACCESS
2026-10-04T14:18:07.945307Z;/home/runner/work/JSON-java/JSON-java/src/test/java/org/json/junit/data;MyBean.java;IN_ACCESS
2026-10-04T14:18:07.945715Z;/home/runner/work/JSON-java/JSON-java/src/test/java/org/json/junit/data;CustomClassI.java;IN_ACCESS
2026-10-04T14:18:07.946140Z;/home/runner/work/JSON-java/JSON-java/src/test/java/org/json/junit/data;CustomClassF.java;IN_ACCESS
2026-10-04T14:18:07.946601Z;/home/runner/work/JSON-java/JSON-java/src/test/java/org/json/junit/data;SingletonEnum.java;IN_ACCESS
2026-10-04T14:18:07.947608Z;/home/runner/work/JSON-java/JSON-java/src/test/java/org/json/junit/data;CustomClass.java;IN_ACCESS
2026-10-04T14:18:07.948131Z;/home/runner/work/JSON-java/JSON-java/src/test/java/org/json/junit/data;MyBeanCustomName.java;IN_ACCESS
2026-10-04T14:18:07.949024Z;/home/runner/work/JSON-java/JSON-java/src/test/java/org/json/junit;XMLConfigurationTest.java;IN_ACCESS
2026-10-04T14:18:07.969837Z;/home/runner/work/JSON-java/JSON-java/src/test/java/org/json/junit;JSONMLTest.java;IN_ACCESS
2026-10-04T14:18:07.980597Z;/home/runner/work/JSON-java/JSON-java/src/test/java/org/json/junit;JSONParserConfigurationTest.java;IN_ACCESS
2026-10-04T14:18:07.991099Z;/home/runner/work/JSON-java/JSON-java/src/test/java/org/json/junit/data;ExceptionalBean.java;IN_ACCESS
2026-10-04T14:18:07.991783Z;/home/runner/work/JSON-java/JSON-java/src/test/java/org/json/junit/data;MyEnumField.java;IN_ACCESS
2026-10-04T14:18:07.992294Z;/home/runner/work/JSON-java/JSON-java/src/test/java/org/json/junit;CookieTest.java;IN_ACCESS
2026-10-04T14:18:07.995646Z;/home/runner/work/JSON-java/JSON-java/src/test/java/org/json/junit/data;MyPublicClass.java;IN_ACCESS
2026-10-04T14:18:07.998329Z;/home/runner/work/JSON-java/JSON-java/src/test/java/org/json/junit/data;GenericBean.java;IN_ACCESS
2026-10-04T14:18:07.998658Z;/home/runner/work/JSON-java/JSON-java/src/test/java/org/json/junit/data;CustomClassH.java;IN_ACCESS
2026-10-04T14:18:07.998953Z;/home/runner/work/JSON-java/JSON-java/src/test/java/org/json/junit;CDLTest.java;IN_ACCESS
2026-10-04T14:18:08.000146Z;/home/runner/work/JSON-java/JSON-java/src/test/java/org/json/junit/data;RecursiveBean.java;IN_ACCESS
2026-10-04T14:18:08.000529Z;/home/runner/work/JSON-java/JSON-java/src/test/java/org/json/junit/data;CustomClassC.java;IN_ACCESS
2026-10-04T14:18:08.001116Z;/home/runner/work/JSON-java/JSON-java/src/test/java/org/json/junit/data;PersonRecord.java;IN_ACCESS
2026-10-04T14:18:08.005155Z;/home/runner/work/JSON-java/JSON-java/src/test/java/org/json/junit/data;MyNumber.java;IN_ACCESS
2026-10-04T14:18:08.005525Z;/home/runner/work/JSON-java/JSON-java/src/test/java/org/json/junit/data;MyLocaleBean.java;IN_ACCESS
2026-10-04T14:18:08.005877Z;/home/runner/work/JSON-java/JSON-java/src/test/java/org/json/junit/data;StringsResourceBundle.java;IN_ACCESS
2026-10-04T14:18:08.006146Z;/home/runner/work/JSON-java/JSON-java/src/test/java/org/json/junit;EnumTest.java;IN_ACCESS
2026-10-04T14:18:08.009534Z;/home/runner/work/JSON-java/JSON-java/src/test/java/org/json/junit/data;Fraction.java;IN_ACCESS
2026-10-04T14:18:08.011533Z;/home/runner/work/JSON-java/JSON-java/src/test/java/org/json/junit;JSONPointerTest.java;IN_ACCESS
2026-10-04T14:18:08.015727Z;/home/runner/work/JSON-java/JSON-java/src/test/java/org/json/junit;JSONObjectTest.java;IN_ACCESS
2026-10-04T14:18:08.066861Z;/home/runner/work/JSON-java/JSON-java/src/test/java/org/json/junit/data;CustomClassG.java;IN_ACCESS
2026-10-04T14:18:08.067607Z;/home/runner/work/JSON-java/JSON-java/src/test/java/org/json/junit/data;MyEnum.java;IN_ACCESS
2026-10-04T14:18:08.067932Z;/home/runner/work/JSON-java/JSON-java/src/test/java/org/json/junit/data;BrokenToString.java;IN_ACCESS
2026-10-04T14:18:08.068246Z;/home/runner/work/JSON-java/JSON-java/src/test/java/org/json/junit;JSONStringTest.java;IN_ACCESS
2026-10-04T14:18:08.071420Z;/home/runner/work/JSON-java/JSON-java/src/test/java/org/json/junit/data;CustomClassJ.java;IN_ACCESS
2026-10-04T14:18:08.071872Z;/home/runner/work/JSON-java/JSON-java/src/test/java/org/json/junit;JSONObjectLocaleTest.java;IN_ACCESS
2026-10-04T14:18:08.072404Z;/home/runner/work/JSON-java/JSON-java/src/test/java/org/json/junit/data;Singleton.java;IN_ACCESS
2026-10-04T14:18:08.072713Z;/home/runner/work/JSON-java/JSON-java/src/test/java/org/json/junit/data;WeirdList.java;IN_ACCESS
2026-10-04T14:18:08.072996Z;/home/runner/work/JSON-java/JSON-java/src/test/java/org/json/junit/data;RecursiveBeanEquals.java;IN_ACCESS
2026-10-04T14:18:08.073303Z;/home/runner/work/JSON-java/JSON-java/src/test/java/org/json/junit;XMLTest.java;IN_ACCESS
2026-10-04T14:18:08.082115Z;/home/runner/work/JSON-java/JSON-java/src/test/java/org/json/junit/data;MyEnumClass.java;IN_ACCESS
2026-10-04T14:18:08.082468Z;/home/runner/work/JSON-java/JSON-java/src/test/java/org/json/junit;PropertyTest.java;IN_ACCESS
2026-10-04T14:18:08.083191Z;/home/runner/work/JSON-java/JSON-java/src/test/java/org/json/junit/data;MyJsonString.java;IN_ACCESS
2026-10-04T14:18:08.083506Z;/home/runner/work/JSON-java/JSON-java/src/test/java/org/json/junit/data;CustomClassB.java;IN_ACCESS
2026-10-04T14:18:08.083800Z;/home/runner/work/JSON-java/JSON-java/src/test/java/org/json/junit;JSONArrayTest.java;IN_ACCESS
2026-10-04T14:18:08.210253Z;/home/runner/work/JSON-java/JSON-java/src/test/java/org/json/junit;data;IN_ACCESS,IN_ISDIR
2026-10-04T14:18:08.210695Z;/home/runner/work/JSON-java/JSON-java/src/test/java/org/json/junit/data;;IN_ACCESS,IN_ISDIR
2026-10-04T14:18:08.211009Z;/home/runner/work/JSON-java/JSON-java/src/test/java/org/json/junit;data;IN_ACCESS,IN_ISDIR
2026-10-04T14:18:08.211273Z;/home/runner/work/JSON-java/JSON-java/src/test/java/org/json/junit/data;;IN_ACCESS,IN_ISDIR
2026-10-04T14:18:08.215929Z;/home/runner/work/JSON-java/JSON-java/src/test/java/org/json;junit;IN_ACCESS,IN_ISDIR
2026-10-04T14:18:08.216345Z;/home/runner/work/JSON-java/JSON-java/src/test/java/org/json/junit;;IN_ACCESS,IN_ISDIR
2026-10-04T14:18:08.216835Z;/home/runner/work/JSON-java/JSON-java/src/test/java/org/json;junit;IN_ACCESS,IN_ISDIR
2026-10-04T14:18:08.217171Z;/home/runner/work/JSON-java/JSON-java/src/test/java/org/json/junit;;IN_ACCESS,IN_ISDIR
2026-10-04T14:18:08.263228Z;/home/runner/work/JSON-java/JSON-java/target/classes/org;json;IN_ACCESS,IN_ISDIR
2026-10-04T14:18:08.265323Z;/home/runner/work/JSON-java/JSON-java/target/classes/org/json;;IN_ACCESS,IN_ISDIR
2026-10-04T14:18:08.266150Z;/home/runner/work/JSON-java/JSON-java/target/classes/org;json;IN_ACCESS,IN_ISDIR
2026-10-04T14:18:08.266432Z;/home/runner/work/JSON-java/JSON-java/target/classes/org/json;;IN_ACCESS,IN_ISDIR
2026-10-04T14:18:08.267515Z;/home/runner/work/JSON-java/JSON-java/src/test/java/org;json;IN_ACCESS,IN_ISDIR
2026-10-04T14:18:08.267797Z;/home/runner/work/JSON-java/JSON-java/src/test/java/org/json;;IN_ACCESS,IN_ISDIR
2026-10-04T14:18:08.268063Z;/home/runner/work/JSON-java/JSON-java/src/test/java/org;json;IN_ACCESS,IN_ISDIR
2026-10-04T14:18:08.268345Z;/home/runner/work/JSON-java/JSON-java/src/test/java/org/json;;IN_ACCESS,IN_ISDIR
2026-10-04T14:18:08.268619Z;/home/runner/work/JSON-java/JSON-java/target/classes;org;IN_ACCESS,IN_ISDIR
2026-10-04T14:18:08.268889Z;/home/runner/work/JSON-java/JSON-java/target/classes/org;;IN_ACCESS,IN_ISDIR
2026-10-04T14:18:08.269202Z;/home/runner/work/JSON-java/JSON-java/target/classes;org;IN_ACCESS,IN_ISDIR
2026-10-04T14:18:08.269557Z;/home/runner/work/JSON-java/JSON-java/target/classes/org;;IN_ACCESS,IN_ISDIR
2026-10-04T14:18:08.269849Z;/home/runner/work/JSON-java/JSON-java/src/test/java;org;IN_ACCESS,IN_ISDIR
2026-10-04T14:18:08.270118Z;/home/runner/work/JSON-java/JSON-java/src/test/java/org;;IN_ACCESS,IN_ISDIR
2026-10-04T14:18:08.270375Z;/home/runner/work/JSON-java/JSON-java/src/test/java;org;IN_ACCESS,IN_ISDIR
2026-10-04T14:18:08.270691Z;/home/runner/work/JSON-java/JSON-java/src/test/java/org;;IN_ACCESS,IN_ISDIR
2026-10-04T14:18:08.275983Z;/home/runner/work/JSON-java/JSON-java/target/classes/org/json;JSONPropertyIgnore.class;IN_ACCESS
2026-10-04T14:18:08.280143Z;/home/runner/work/JSON-java/JSON-java/target/classes/org/json;JSONPropertyName.class;IN_ACCESS
2026-10-04T14:18:08.309525Z;/home/runner/work/JSON-java/JSON-java/target/classes/org/json;JSONObject.class;IN_ACCESS
2026-10-04T14:18:08.339048Z;/home/runner/work/JSON-java/JSON-java/target/classes/org/json;JSONArray.class;IN_ACCESS
2026-10-04T14:18:08.372715Z;/home/runner/work/JSON-java/JSON-java/target/classes/org/json;StringBuilderWriter.class;IN_ACCESS
2026-10-04T14:18:08.373936Z;/home/runner/work/JSON-java/JSON-java/target/classes/org/json;XMLTokener.class;IN_ACCESS
2026-10-04T14:18:08.380155Z;/home/runner/work/JSON-java/JSON-java/target/classes/org/json;JSONException.class;IN_ACCESS
2026-10-04T14:18:08.391290Z;/home/runner/work/JSON-java/JSON-java/target/classes/org/json;HTTPTokener.class;IN_ACCESS
2026-10-04T14:18:08.399958Z;/home/runner/work/JSON-java/JSON-java/target/classes/org/json;XML.class;IN_ACCESS
2026-10-04T14:18:08.400512Z;/home/runner/work/JSON-java/JSON-java/target/classes/org/json;XMLParserConfiguration.class;IN_ACCESS
2026-10-04T14:18:08.405832Z;/home/runner/work/JSON-java/JSON-java/target/classes/org/json;JSONParserConfiguration.class;IN_ACCESS
2026-10-04T14:18:08.406175Z;/home/runner/work/JSON-java/JSON-java/target/classes/org/json;JSONTokener.class;IN_ACCESS
2026-10-04T14:18:08.438186Z;/home/runner/work/JSON-java/JSON-java/target/classes/org/json;CDL.class;IN_ACCESS
2026-10-04T14:18:08.445252Z;/home/runner/work/JSON-java/JSON-java/target/classes/org/json;JSONPointer.class;IN_ACCESS
2026-10-04T14:18:08.445581Z;/home/runner/work/JSON-java/JSON-java/target/classes/org/json;JSONPointerException.class;IN_ACCESS
2026-10-04T14:18:08.455814Z;/home/runner/work/JSON-java/JSON-java/target/classes/org/json;JSONString.class;IN_ACCESS
2026-10-04T14:18:08.456341Z;/home/runner/work/JSON-java/JSON-java/target/classes/org/json;ParserConfiguration.class;IN_ACCESS
2026-10-04T14:18:08.555180Z;/home/runner/work/JSON-java/JSON-java/target/test-classes;org;IN_CREATE,IN_ISDIR
2026-10-04T14:18:08.558282Z;/home/runner/work/JSON-java/JSON-java/target/test-classes;org;IN_ACCESS,IN_ISDIR
2026-10-04T14:18:08.558700Z;/home/runner/work/JSON-java/JSON-java/target/test-classes/org;json;IN_CREATE,IN_ISDIR
2026-10-04T14:18:08.558954Z;/home/runner/work/JSON-java/JSON-java/target/test-classes/org;json;IN_ACCESS,IN_ISDIR
2026-10-04T14:18:08.606136Z;/home/runner/work/JSON-java/JSON-java/target/test-classes/org/json/junit;JSONObjectRecordTest.class;IN_CREATE
2026-10-04T14:18:08.654210Z;/home/runner/work/JSON-java/JSON-java/target/test-classes/org/json/junit;Util.class;IN_CREATE
2026-10-04T14:18:08.657376Z;/home/runner/work/JSON-java/JSON-java/target/test-classes/org/json/junit/data;MyBigNumberBean.class;IN_CREATE
2026-10-04T14:18:08.660038Z;/home/runner/work/JSON-java/JSON-java/target/test-classes/org/json/junit/data;CustomClassE.class;IN_CREATE
2026-10-04T14:18:08.665942Z;/home/runner/work/JSON-java/JSON-java/target/test-classes/org/json/junit/data;CustomClassC.class;IN_CREATE
2026-10-04T14:18:08.670196Z;/home/runner/work/JSON-java/JSON-java/target/test-classes/org/json/junit/data;MyBeanCustomNameSubClass.class;IN_CREATE
2026-10-04T14:18:08.671446Z;/home/runner/work/JSON-java/JSON-java/target/test-classes/org/json/junit/data;MyBeanCustomName.class;IN_CREATE
2026-10-04T14:18:08.673313Z;/home/runner/work/JSON-java/JSON-java/target/test-classes/org/json/junit/data;MyNumberContainer.class;IN_CREATE
2026-10-04T14:18:08.680367Z;/home/runner/work/JSON-java/JSON-java/target/test-classes/org/json/junit/data;MyNumber.class;IN_CREATE
2026-10-04T14:18:08.681476Z;/home/runner/work/JSON-java/JSON-java/target/classes/org/json;JSONStringer.class;IN_ACCESS
2026-10-04T14:18:08.682040Z;/home/runner/work/JSON-java/JSON-java/target/classes/org/json;JSONWriter.class;IN_ACCESS
2026-10-04T14:18:08.825821Z;/home/runner/work/JSON-java/JSON-java/target/test-classes/org/json/junit;JSONStringerTest.class;IN_CREATE
2026-10-04T14:18:08.827953Z;/home/runner/work/JSON-java/JSON-java/target/classes/org/json;HTTP.class;IN_ACCESS
2026-10-04T14:18:08.839556Z;/home/runner/work/JSON-java/JSON-java/target/test-classes/org/json/junit;HTTPTest.class;IN_CREATE
2026-10-04T14:18:08.847842Z;/home/runner/work/JSON-java/JSON-java/target/test-classes/org/json/junit;StringBuilderWriterTest.class;IN_CREATE
2026-10-04T14:18:08.860021Z;/home/runner/work/JSON-java/JSON-java/target/test-classes/org/json/junit;XMLTokenerTest.class;IN_CREATE
2026-10-04T14:18:08.919605Z;/home/runner/work/JSON-java/JSON-java/target/test-classes/org/json/junit;JSONTokenerTest.class;IN_CREATE
2026-10-04T14:18:08.941763Z;/home/runner/work/JSON-java/JSON-java/target/test-classes/org/json/junit;JSONObjectNumberTest.class;IN_CREATE
2026-10-04T14:18:08.945004Z;/home/runner/work/JSON-java/JSON-java/target/test-classes/org/json/junit/data;CustomClassA.class;IN_CREATE
2026-10-04T14:18:08.946646Z;/home/runner/work/JSON-java/JSON-java/target/test-classes/org/json/junit/data;CustomClassD.class;IN_CREATE
2026-10-04T14:18:08.955575Z;/home/runner/work/JSON-java/JSON-java/target/test-classes/org/json/junit/data;GenericBeanInt.class;IN_CREATE
2026-10-04T14:18:08.955934Z;/home/runner/work/JSON-java/JSON-java/target/test-classes/org/json/junit/data;GenericBean.class;IN_CREATE
2026-10-04T14:18:08.957309Z;/home/runner/work/JSON-java/JSON-java/target/test-classes/org/json/junit/data;MyBean.class;IN_CREATE
2026-10-04T14:18:08.957599Z;/home/runner/work/JSON-java/JSON-java/target/classes/org/json;CookieList.class;IN_ACCESS
2026-10-04T14:18:08.983305Z;/home/runner/work/JSON-java/JSON-java/target/test-classes/org/json/junit;CookieListTest.class;IN_CREATE
2026-10-04T14:18:09.025439Z;/home/runner/work/JSON-java/JSON-java/target/test-classes/org/json/junit;HTTPTokenerTest.class;IN_CREATE
2026-10-04T14:18:09.036154Z;/home/runner/work/JSON-java/JSON-java/target/test-classes/org/json/junit/data;CustomClassI.class;IN_CREATE
2026-10-04T14:18:09.038330Z;/home/runner/work/JSON-java/JSON-java/target/test-classes/org/json/junit/data;CustomClassF.class;IN_CREATE
2026-10-04T14:18:09.041609Z;/home/runner/work/JSON-java/JSON-java/target/test-classes/org/json/junit/data;SingletonEnum.class;IN_CREATE
2026-10-04T14:18:09.044333Z;/home/runner/work/JSON-java/JSON-java/target/test-classes/org/json/junit/data;CustomClass.class;IN_CREATE
2026-10-04T14:18:09.141209Z;/home/runner/work/JSON-java/JSON-java/target/test-classes/org/json/junit;XMLConfigurationTest.class;IN_CREATE
2026-10-04T14:18:09.143851Z;/home/runner/work/JSON-java/JSON-java/target/classes/org/json;JSONML.class;IN_ACCESS
2026-10-04T14:18:09.152591Z;/home/runner/work/JSON-java/JSON-java/target/classes/org/json;JSONMLParserConfiguration.class;IN_ACCESS
2026-10-04T14:18:09.173065Z;/home/runner/work/JSON-java/JSON-java/target/test-classes/org/json/junit;JSONMLTest.class;IN_CREATE
2026-10-04T14:18:09.277306Z;/home/runner/work/JSON-java/JSON-java/target/test-classes/org/json/junit;JSONParserConfigurationTest.class;IN_CREATE
2026-10-04T14:18:09.281753Z;/home/runner/work/JSON-java/JSON-java/target/test-classes/org/json/junit/data;ExceptionalBean$MyCloseable.class;IN_CREATE
2026-10-04T14:18:09.282371Z;/home/runner/work/JSON-java/JSON-java/target/test-classes/org/json/junit/data;ExceptionalBean.class;IN_CREATE
2026-10-04T14:18:09.286068Z;/home/runner/work/JSON-java/JSON-java/target/test-classes/org/json/junit/data;MyEnumField.class;IN_CREATE
2026-10-04T14:18:09.286741Z;/home/runner/work/JSON-java/JSON-java/target/classes/org/json;Cookie.class;IN_ACCESS
2026-10-04T14:18:09.292999Z;/home/runner/work/JSON-java/JSON-java/target/test-classes/org/json/junit;CookieTest.class;IN_CREATE
2026-10-04T14:18:09.293934Z;/home/runner/work/JSON-java/JSON-java/target/test-classes/org/json/junit/data;MyPublicClass.class;IN_CREATE
2026-10-04T14:18:09.299647Z;/home/runner/work/JSON-java/JSON-java/target/test-classes/org/json/junit/data;CustomClassH.class;IN_CREATE
2026-10-04T14:18:09.314870Z;/home/runner/work/JSON-java/JSON-java/target/test-classes/org/json/junit;CDLTest.class;IN_CREATE
2026-10-04T14:18:09.317628Z;/home/runner/work/JSON-java/JSON-java/target/test-classes/org/json/junit/data;RecursiveBean.class;IN_CREATE
2026-10-04T14:18:09.319143Z;/home/runner/work/JSON-java/JSON-java/target/test-classes/org/json/junit/data;PersonRecord.class;IN_CREATE
2026-10-04T14:18:09.319556Z;/home/runner/work/JSON-java/JSON-java/target/test-classes/org/json/junit/data;MyLocaleBean.class;IN_CREATE
2026-10-04T14:18:09.320000Z;/home/runner/work/JSON-java/JSON-java/target/test-classes/org/json/junit/data;StringsResourceBundle.class;IN_CREATE
2026-10-04T14:18:09.403170Z;/home/runner/work/JSON-java/JSON-java/target/test-classes/org/json/junit;EnumTest.class;IN_CREATE
2026-10-04T14:18:09.429518Z;/home/runner/work/JSON-java/JSON-java/target/test-classes/org/json/junit/data;Fraction.class;IN_CREATE
2026-10-04T14:18:09.437015Z;/home/runner/work/JSON-java/JSON-java/target/classes/org/json;JSONPointer$Builder.class;IN_ACCESS
2026-10-04T14:18:09.467347Z;/home/runner/work/JSON-java/JSON-java/target/test-classes/org/json/junit;JSONPointerTest.class;IN_CREATE
2026-10-04T14:18:09.886204Z;/home/runner/work/JSON-java/JSON-java/target/test-classes/org/json/junit;JSONObjectTest$1.class;IN_CREATE
2026-10-04T14:18:09.886656Z;/home/runner/work/JSON-java/JSON-java/target/test-classes/org/json/junit;JSONObjectTest$2.class;IN_CREATE
2026-10-04T14:18:09.916335Z;/home/runner/work/JSON-java/JSON-java/target/test-classes/org/json/junit;JSONObjectTest.class;IN_CREATE
2026-10-04T14:18:09.923179Z;/home/runner/work/JSON-java/JSON-java/target/test-classes/org/json/junit/data;CustomClassG.class;IN_CREATE
2026-10-04T14:18:09.925439Z;/home/runner/work/JSON-java/JSON-java/target/test-classes/org/json/junit/data;MyEnum.class;IN_CREATE
2026-10-04T14:18:09.926568Z;/home/runner/work/JSON-java/JSON-java/target/test-classes/org/json/junit/data;BrokenToString.class;IN_CREATE
2026-10-04T14:18:09.947873Z;/home/runner/work/JSON-java/JSON-java/target/test-classes/org/json/junit;JSONStringTest$MyEnum.class;IN_CREATE
2026-10-04T14:18:09.948489Z;/home/runner/work/JSON-java/JSON-java/target/test-classes/org/json/junit;JSONStringTest$JSONStringValue.class;IN_CREATE
2026-10-04T14:18:09.948860Z;/home/runner/work/JSON-java/JSON-java/target/test-classes/org/json/junit;JSONStringTest$JSONNullStringValue.class;IN_CREATE
2026-10-04T14:18:09.949759Z;/home/runner/work/JSON-java/JSON-java/target/test-classes/org/json/junit;JSONStringTest$JSONStringExceptionValue.class;IN_CREATE
2026-10-04T14:18:09.950094Z;/home/runner/work/JSON-java/JSON-java/target/test-classes/org/json/junit;JSONStringTest$StringValue.class;IN_CREATE
2026-10-04T14:18:09.950431Z;/home/runner/work/JSON-java/JSON-java/target/test-classes/org/json/junit;JSONStringTest$NullStringValue.class;IN_CREATE
2026-10-04T14:18:09.950715Z;/home/runner/work/JSON-java/JSON-java/target/test-classes/org/json/junit;JSONStringTest$1.class;IN_CREATE
2026-10-04T14:18:09.952038Z;/home/runner/work/JSON-java/JSON-java/target/test-classes/org/json/junit;JSONStringTest.class;IN_CREATE
2026-10-04T14:18:09.953256Z;/home/runner/work/JSON-java/JSON-java/target/test-classes/org/json/junit/data;CustomClassJ.class;IN_CREATE
2026-10-04T14:18:09.956239Z;/home/runner/work/JSON-java/JSON-java/target/test-classes/org/json/junit;JSONObjectLocaleTest.class;IN_CREATE
2026-10-04T14:18:09.959143Z;/home/runner/work/JSON-java/JSON-java/target/test-classes/org/json/junit/data;Singleton.class;IN_CREATE
2026-10-04T14:18:09.962056Z;/home/runner/work/JSON-java/JSON-java/target/test-classes/org/json/junit/data;WeirdList.class;IN_CREATE
2026-10-04T14:18:09.963604Z;/home/runner/work/JSON-java/JSON-java/target/test-classes/org/json/junit/data;RecursiveBeanEquals.class;IN_CREATE
2026-10-04T14:18:09.988617Z;/home/runner/work/JSON-java/JSON-java/target/classes/org/json;XMLXsiTypeConverter.class;IN_ACCESS
2026-10-04T14:18:10.017529Z;/home/runner/work/JSON-java/JSON-java/target/test-classes/org/json/junit;XMLTest$1.class;IN_CREATE
2026-10-04T14:18:10.017906Z;/home/runner/work/JSON-java/JSON-java/target/test-classes/org/json/junit;XMLTest$2.class;IN_CREATE
2026-10-04T14:18:10.018303Z;/home/runner/work/JSON-java/JSON-java/target/test-classes/org/json/junit;XMLTest$3.class;IN_CREATE
2026-10-04T14:18:10.018814Z;/home/runner/work/JSON-java/JSON-java/target/test-classes/org/json/junit;XMLTest$4.class;IN_CREATE
2026-10-04T14:18:10.019204Z;/home/runner/work/JSON-java/JSON-java/target/test-classes/org/json/junit;XMLTest$5.class;IN_CREATE
2026-10-04T14:18:10.019496Z;/home/runner/work/JSON-java/JSON-java/target/test-classes/org/json/junit;XMLTest$6.class;IN_CREATE
2026-10-04T14:18:10.019890Z;/home/runner/work/JSON-java/JSON-java/target/test-classes/org/json/junit;XMLTest$7.class;IN_CREATE
2026-10-04T14:18:10.025829Z;/home/runner/work/JSON-java/JSON-java/target/test-classes/org/json/junit;XMLTest.class;IN_CREATE
2026-10-04T14:18:10.029359Z;/home/runner/work/JSON-java/JSON-java/target/test-classes/org/json/junit/data;MyEnumClass.class;IN_CREATE
2026-10-04T14:18:10.029677Z;/home/runner/work/JSON-java/JSON-java/target/classes/org/json;Property.class;IN_ACCESS
2026-10-04T14:18:10.032953Z;/home/runner/work/JSON-java/JSON-java/target/test-classes/org/json/junit;PropertyTest.class;IN_CREATE
2026-10-04T14:18:10.033984Z;/home/runner/work/JSON-java/JSON-java/target/test-classes/org/json/junit/data;MyJsonString.class;IN_CREATE
2026-10-04T14:18:10.035455Z;/home/runner/work/JSON-java/JSON-java/target/test-classes/org/json/junit/data;CustomClassB.class;IN_CREATE
2026-10-04T14:18:10.167197Z;/home/runner/work/JSON-java/JSON-java/target/test-classes/org/json/junit;JSONArrayTest$1.class;IN_CREATE
2026-10-04T14:18:10.177511Z;/home/runner/work/JSON-java/JSON-java/target/test-classes/org/json/junit;JSONArrayTest.class;IN_CREATE
2026-10-04T14:18:10.185803Z;/home/runner/work/JSON-java/JSON-java/target;test-classes;IN_ACCESS,IN_ISDIR
2026-10-04T14:18:10.186194Z;/home/runner/work/JSON-java/JSON-java/target/test-classes;;IN_ACCESS,IN_ISDIR
2026-10-04T14:18:10.186470Z;/home/runner/work/JSON-java/JSON-java/target;test-classes;IN_ACCESS,IN_ISDIR
2026-10-04T14:18:10.186856Z;/home/runner/work/JSON-java/JSON-java/target/test-classes;;IN_ACCESS,IN_ISDIR
2026-10-04T14:18:10.187152Z;/home/runner/work/JSON-java/JSON-java/target/test-classes;org;IN_ACCESS,IN_ISDIR
2026-10-04T14:18:10.187412Z;/home/runner/work/JSON-java/JSON-java/target/test-classes/org;;IN_ACCESS,IN_ISDIR
2026-10-04T14:18:10.187726Z;/home/runner/work/JSON-java/JSON-java/target/test-classes;org;IN_ACCESS,IN_ISDIR
2026-10-04T14:18:10.188032Z;/home/runner/work/JSON-java/JSON-java/target/test-classes/org;;IN_ACCESS,IN_ISDIR
2026-10-04T14:18:10.188297Z;/home/runner/work/JSON-java/JSON-java/target/test-classes/org;json;IN_ACCESS,IN_ISDIR
2026-10-04T14:18:10.188579Z;/home/runner/work/JSON-java/JSON-java/target/test-classes/org/json;;IN_ACCESS,IN_ISDIR
2026-10-04T14:18:10.189029Z;/home/runner/work/JSON-java/JSON-java/target/test-classes/org;json;IN_ACCESS,IN_ISDIR
2026-10-04T14:18:10.189634Z;/home/runner/work/JSON-java/JSON-java/target/test-classes/org/json;;IN_ACCESS,IN_ISDIR
2026-10-04T14:18:10.189878Z;/home/runner/work/JSON-java/JSON-java/target/test-classes/org/json;junit;IN_ACCESS,IN_ISDIR
2026-10-04T14:18:10.190121Z;/home/runner/work/JSON-java/JSON-java/target/test-classes/org/json/junit;;IN_ACCESS,IN_ISDIR
2026-10-04T14:18:10.190377Z;/home/runner/work/JSON-java/JSON-java/target/test-classes/org/json;junit;IN_ACCESS,IN_ISDIR
2026-10-04T14:18:10.190635Z;/home/runner/work/JSON-java/JSON-java/target/test-classes/org/json/junit;;IN_ACCESS,IN_ISDIR
2026-10-04T14:18:10.190907Z;/home/runner/work/JSON-java/JSON-java/target/test-classes/org/json/junit;data;IN_ACCESS,IN_ISDIR
2026-10-04T14:18:10.191380Z;/home/runner/work/JSON-java/JSON-java/target/test-classes/org/json/junit/data;;IN_ACCESS,IN_ISDIR
2026-10-04T14:18:10.191627Z;/home/runner/work/JSON-java/JSON-java/target/test-classes/org/json/junit;data;IN_ACCESS,IN_ISDIR
2026-10-04T14:18:10.191860Z;/home/runner/work/JSON-java/JSON-java/target/test-classes/org/json/junit/data;;IN_ACCESS,IN_ISDIR
2026-10-04T14:18:10.192141Z;/home/runner/work/JSON-java/JSON-java/target/maven-status/maven-compiler-plugin/testCompile/default-testCompile;createdFiles.lst;IN_CREATE
2026-10-04T14:18:10.977019Z;/home/runner/work/JSON-java/JSON-java/target;test-classes;IN_ACCESS,IN_ISDIR
2026-10-04T14:18:10.977836Z;/home/runner/work/JSON-java/JSON-java/target/test-classes;;IN_ACCESS,IN_ISDIR
2026-10-04T14:18:10.978147Z;/home/runner/work/JSON-java/JSON-java/target;test-classes;IN_ACCESS,IN_ISDIR
2026-10-04T14:18:10.978408Z;/home/runner/work/JSON-java/JSON-java/target/test-classes;;IN_ACCESS,IN_ISDIR
2026-10-04T14:18:10.978649Z;/home/runner/work/JSON-java/JSON-java/target/test-classes;org;IN_ACCESS,IN_ISDIR
2026-10-04T14:18:10.978907Z;/home/runner/work/JSON-java/JSON-java/target/test-classes/org;;IN_ACCESS,IN_ISDIR
2026-10-04T14:18:10.979161Z;/home/runner/work/JSON-java/JSON-java/target/test-classes;org;IN_ACCESS,IN_ISDIR
2026-10-04T14:18:10.979435Z;/home/runner/work/JSON-java/JSON-java/target/test-classes/org;;IN_ACCESS,IN_ISDIR
2026-10-04T14:18:10.979715Z;/home/runner/work/JSON-java/JSON-java/target/test-classes/org;json;IN_ACCESS,IN_ISDIR
2026-10-04T14:18:10.979987Z;/home/runner/work/JSON-java/JSON-java/target/test-classes/org/json;;IN_ACCESS,IN_ISDIR
2026-10-04T14:18:10.980255Z;/home/runner/work/JSON-java/JSON-java/target/test-classes/org;json;IN_ACCESS,IN_ISDIR
2026-10-04T14:18:10.980498Z;/home/runner/work/JSON-java/JSON-java/target/test-classes/org/json;;IN_ACCESS,IN_ISDIR
2026-10-04T14:18:10.980820Z;/home/runner/work/JSON-java/JSON-java/target/test-classes/org/json;junit;IN_ACCESS,IN_ISDIR
2026-10-04T14:18:10.981113Z;/home/runner/work/JSON-java/JSON-java/target/test-classes/org/json/junit;;IN_ACCESS,IN_ISDIR
2026-10-04T14:18:10.981368Z;/home/runner/work/JSON-java/JSON-java/target/test-classes/org/json;junit;IN_ACCESS,IN_ISDIR
2026-10-04T14:18:10.981613Z;/home/runner/work/JSON-java/JSON-java/target/test-classes/org/json/junit;;IN_ACCESS,IN_ISDIR
2026-10-04T14:18:10.981853Z;/home/runner/work/JSON-java/JSON-java/target/test-classes/org/json/junit;data;IN_ACCESS,IN_ISDIR
2026-10-04T14:18:10.983374Z;/home/runner/work/JSON-java/JSON-java/target/test-classes/org/json/junit/data;;IN_ACCESS,IN_ISDIR
2026-10-04T14:18:10.984175Z;/home/runner/work/JSON-java/JSON-java/target/test-classes/org/json/junit;data;IN_ACCESS,IN_ISDIR
2026-10-04T14:18:10.984434Z;/home/runner/work/JSON-java/JSON-java/target/test-classes/org/json/junit/data;;IN_ACCESS,IN_ISDIR
2026-10-04T14:18:10.997258Z;/home/runner/work/JSON-java/JSON-java/target;surefire;IN_CREATE,IN_ISDIR
2026-10-04T14:18:10.997653Z;/home/runner/work/JSON-java/JSON-java/target;surefire;IN_ACCESS,IN_ISDIR
2026-10-04T14:18:11.315880Z;/home/runner/work/JSON-java/JSON-java/target/surefire;surefire-20261004141811315_1tmp;IN_CREATE
2026-10-04T14:18:11.316689Z;/home/runner/work/JSON-java/JSON-java/target/surefire;surefire_0-20261004141811315_2tmp;IN_CREATE
2026-10-04T14:18:11.319718Z;/home/runner/work/JSON-java/JSON-java/target/surefire;surefirebooter-20261004141811315_3.jar;IN_CREATE
2026-10-04T14:18:11.363448Z;/home/runner/work/JSON-java/JSON-java/target/surefire;surefirebooter-20261004141811315_3.jar;IN_ACCESS
2026-10-04T14:18:11.416920Z;/home/runner/work/JSON-java/JSON-java/target/surefire;surefirebooter-20261004141811315_3.jar;IN_ACCESS
2026-10-04T14:18:11.417443Z;/home/runner/work/JSON-java/JSON-java/target/surefire;surefirebooter-20261004141811315_3.jar;IN_ACCESS
2026-10-04T14:18:11.419325Z;/home/runner/work/JSON-java/JSON-java/target/surefire;surefirebooter-20261004141811315_3.jar;IN_ACCESS
2026-10-04T14:18:11.419676Z;/home/runner/work/JSON-java/JSON-java/target/surefire;surefirebooter-20261004141811315_3.jar;IN_ACCESS
2026-10-04T14:18:11.420644Z;/home/runner/work/JSON-java/JSON-java/target/surefire;surefirebooter-20261004141811315_3.jar;IN_ACCESS
2026-10-04T14:18:11.420980Z;/home/runner/work/JSON-java/JSON-java/target/surefire;surefirebooter-20261004141811315_3.jar;IN_ACCESS
2026-10-04T14:18:11.421285Z;/home/runner/work/JSON-java/JSON-java/target/surefire;surefirebooter-20261004141811315_3.jar;IN_ACCESS
2026-10-04T14:18:11.444155Z;/home/runner/work/JSON-java/JSON-java/target/surefire;surefire-20261004141811315_1tmp;IN_ACCESS
2026-10-04T14:18:11.448150Z;/home/runner/work/JSON-java/JSON-java/target/surefire;surefire_0-20261004141811315_2tmp;IN_ACCESS
2026-10-04T14:18:11.465677Z;/home/runner/work/JSON-java/JSON-java/target;surefire-reports;IN_CREATE,IN_ISDIR
2026-10-04T14:18:11.466165Z;/home/runner/work/JSON-java/JSON-java/target;surefire-reports;IN_ACCESS,IN_ISDIR
2026-10-04T14:18:11.654754Z;/home/runner/work/JSON-java/JSON-java/target/test-classes/org/json/junit;JSONTokenerTest.class;IN_ACCESS
2026-10-04T14:18:11.655201Z;/home/runner/work/JSON-java/JSON-java/target/test-classes/org/json/junit;CDLTest.class;IN_ACCESS
2026-10-04T14:18:11.655522Z;/home/runner/work/JSON-java/JSON-java/target/test-classes/org/json/junit;JSONObjectRecordTest.class;IN_ACCESS
2026-10-04T14:18:11.655796Z;/home/runner/work/JSON-java/JSON-java/target/test-classes/org/json/junit;JSONParserConfigurationTest.class;IN_ACCESS
2026-10-04T14:18:11.656277Z;/home/runner/work/JSON-java/JSON-java/target/test-classes/org/json/junit;CookieListTest.class;IN_ACCESS
2026-10-04T14:18:11.656595Z;/home/runner/work/JSON-java/JSON-java/target/test-classes/org/json/junit;XMLTokenerTest.class;IN_ACCESS
2026-10-04T14:18:11.656823Z;/home/runner/work/JSON-java/JSON-java/target/test-classes/org/json/junit;JSONObjectNumberTest.class;IN_ACCESS
2026-10-04T14:18:11.657039Z;/home/runner/work/JSON-java/JSON-java/target/test-classes/org/json/junit;JSONPointerTest.class;IN_ACCESS
2026-10-04T14:18:11.657436Z;/home/runner/work/JSON-java/JSON-java/target/test-classes/org/json/junit;XMLConfigurationTest.class;IN_ACCESS
2026-10-04T14:18:11.657769Z;/home/runner/work/JSON-java/JSON-java/target/test-classes/org/json/junit;HTTPTest.class;IN_ACCESS
2026-10-04T14:18:11.658220Z;/home/runner/work/JSON-java/JSON-java/target/test-classes/org/json/junit;PropertyTest.class;IN_ACCESS
2026-10-04T14:18:11.658546Z;/home/runner/work/JSON-java/JSON-java/target/test-classes/org/json/junit;JSONStringTest.class;IN_ACCESS
2026-10-04T14:18:11.658956Z;/home/runner/work/JSON-java/JSON-java/target/test-classes/org/json/junit;JSONObjectTest.class;IN_ACCESS
2026-10-04T14:18:11.659907Z;/home/runner/work/JSON-java/JSON-java/target/test-classes/org/json/junit;JSONObjectLocaleTest.class;IN_ACCESS
2026-10-04T14:18:11.660194Z;/home/runner/work/JSON-java/JSON-java/target/test-classes/org/json/junit;JSONArrayTest.class;IN_ACCESS
2026-10-04T14:18:11.660654Z;/home/runner/work/JSON-java/JSON-java/target/test-classes/org/json/junit;JSONMLTest.class;IN_ACCESS
2026-10-04T14:18:11.660886Z;/home/runner/work/JSON-java/JSON-java/target/test-classes/org/json/junit;JSONMLTest.class;IN_ACCESS
2026-10-04T14:18:11.661152Z;/home/runner/work/JSON-java/JSON-java/target/test-classes/org/json/junit;StringBuilderWriterTest.class;IN_ACCESS
2026-10-04T14:18:11.661385Z;/home/runner/work/JSON-java/JSON-java/target/test-classes/org/json/junit;XMLTest.class;IN_ACCESS
2026-10-04T14:18:11.661646Z;/home/runner/work/JSON-java/JSON-java/target/test-classes/org/json/junit;JSONStringerTest.class;IN_ACCESS
2026-10-04T14:18:11.661933Z;/home/runner/work/JSON-java/JSON-java/target/test-classes/org/json/junit;EnumTest.class;IN_ACCESS
2026-10-04T14:18:11.662253Z;/home/runner/work/JSON-java/JSON-java/target/test-classes/org/json/junit;HTTPTokenerTest.class;IN_ACCESS
2026-10-04T14:18:11.662539Z;/home/runner/work/JSON-java/JSON-java/target/test-classes/org/json/junit;CookieTest.class;IN_ACCESS
2026-10-04T14:18:11.811601Z;/home/runner/work/JSON-java/JSON-java/target/classes/org/json;JSONException.class;IN_ACCESS
2026-10-04T14:18:11.936664Z;/home/runner/work/JSON-java/JSON-java/target/classes/org/json;JSONParserConfiguration.class;IN_ACCESS
2026-10-04T14:18:11.937153Z;/home/runner/work/JSON-java/JSON-java/target/classes/org/json;ParserConfiguration.class;IN_ACCESS
2026-10-04T14:18:11.937464Z;/home/runner/work/JSON-java/JSON-java/target/classes/org/json;JSONTokener.class;IN_ACCESS
2026-10-04T14:18:11.960453Z;/home/runner/work/JSON-java/JSON-java/target/classes/org/json;JSONObject.class;IN_ACCESS
2026-10-04T14:18:11.960806Z;/home/runner/work/JSON-java/JSON-java/target/classes/org/json;JSONObject.class;IN_ACCESS
2026-10-04T14:18:11.992951Z;/home/runner/work/JSON-java/JSON-java/target/classes/org/json;JSONPointerException.class;IN_ACCESS
2026-10-04T14:18:11.998740Z;/home/runner/work/JSON-java/JSON-java/target/classes/org/json;XMLParserConfiguration.class;IN_ACCESS
2026-10-04T14:18:12.014144Z;/home/runner/work/JSON-java/JSON-java/target/test-classes/org/json/junit/data;MyEnum.class;IN_ACCESS
2026-10-04T14:18:12.017224Z;/home/runner/work/JSON-java/JSON-java/target/test-classes/org/json/junit/data;GenericBean.class;IN_ACCESS
2026-10-04T14:18:12.017512Z;/home/runner/work/JSON-java/JSON-java/target/test-classes/org/json/junit/data;MyBean.class;IN_ACCESS
2026-10-04T14:18:12.043947Z;/home/runner/work/JSON-java/JSON-java/target/classes/org/json;StringBuilderWriter.class;IN_ACCESS
2026-10-04T14:18:12.053385Z;/home/runner/work/JSON-java/JSON-java/target/test-classes/org/json/junit/data;MyEnumField.class;IN_ACCESS
2026-10-04T14:18:12.180472Z;/home/runner/work/JSON-java/JSON-java/target/classes/org/json;JSONObject$Null.class;IN_ACCESS
2026-10-04T14:18:12.180996Z;/home/runner/work/JSON-java/JSON-java/target/classes/org/json;JSONArray.class;IN_ACCESS
2026-10-04T14:18:12.186891Z;/home/runner/work/JSON-java/JSON-java/target/classes/org/json;JSONString.class;IN_ACCESS
2026-10-04T14:18:12.197957Z;/home/runner/work/JSON-java/JSON-java/target/classes/org/json;CDL.class;IN_ACCESS
2026-10-04T14:18:12.200635Z;/home/runner/work/JSON-java/JSON-java/target/surefire-reports;org.json.junit.JSONTokenerTest.txt;IN_CREATE
2026-10-04T14:18:12.207137Z;/home/runner/work/JSON-java/JSON-java/target/test-classes/org/json/junit;Util.class;IN_ACCESS
2026-10-04T14:18:12.208413Z;/home/runner/work/JSON-java/JSON-java/target/surefire-reports;TEST-org.json.junit.JSONTokenerTest.xml;IN_CREATE
2026-10-04T14:18:12.240189Z;/home/runner/work/JSON-java/JSON-java/target/test-classes/org/json/junit/data;GenericBeanInt.class;IN_ACCESS
2026-10-04T14:18:12.243359Z;/home/runner/work/JSON-java/JSON-java/target/surefire-reports;org.json.junit.CDLTest.txt;IN_CREATE
2026-10-04T14:18:12.244131Z;/home/runner/work/JSON-java/JSON-java/target/surefire-reports;TEST-org.json.junit.CDLTest.xml;IN_CREATE
2026-10-04T14:18:12.246284Z;/home/runner/work/JSON-java/JSON-java/target/classes/org/json;JSONPropertyIgnore.class;IN_ACCESS
2026-10-04T14:18:12.247852Z;/home/runner/work/JSON-java/JSON-java/target/classes/org/json;JSONPropertyName.class;IN_ACCESS
2026-10-04T14:18:12.256304Z;/home/runner/work/JSON-java/JSON-java/target/test-classes/org/json/junit/data;MyNumber.class;IN_ACCESS
2026-10-04T14:18:12.273157Z;/home/runner/work/JSON-java/JSON-java/target/surefire-reports;org.json.junit.JSONObjectRecordTest.txt;IN_CREATE
2026-10-04T14:18:12.277149Z;/home/runner/work/JSON-java/JSON-java/target/surefire-reports;TEST-org.json.junit.JSONObjectRecordTest.xml;IN_CREATE
2026-10-04T14:18:12.333721Z;/home/runner/work/JSON-java/JSON-java/src/test/resources;compliantJsonObject.json;IN_ACCESS
2026-10-04T14:18:12.335673Z;/home/runner/work/JSON-java/JSON-java/src/test/resources;compliantJsonObject.json;IN_ACCESS
2026-10-04T14:18:12.336067Z;/home/runner/work/JSON-java/JSON-java/src/test/resources;compliantJsonObject.json;IN_ACCESS
2026-10-04T14:18:12.336395Z;/home/runner/work/JSON-java/JSON-java/src/test/resources;compliantJsonObject.json;IN_ACCESS
2026-10-04T14:18:12.336656Z;/home/runner/work/JSON-java/JSON-java/src/test/resources;compliantJsonObject.json;IN_ACCESS
2026-10-04T14:18:12.336907Z;/home/runner/work/JSON-java/JSON-java/src/test/resources;compliantJsonObject.json;IN_ACCESS
2026-10-04T14:18:12.337166Z;/home/runner/work/JSON-java/JSON-java/src/test/resources;compliantJsonObject.json;IN_ACCESS
2026-10-04T14:18:12.354163Z;/home/runner/work/JSON-java/JSON-java/src/test/resources;compliantJsonArray.json;IN_ACCESS
2026-10-04T14:18:12.354556Z;/home/runner/work/JSON-java/JSON-java/src/test/resources;compliantJsonArray.json;IN_ACCESS
2026-10-04T14:18:12.364708Z;/home/runner/work/JSON-java/JSON-java/target/surefire-reports;org.json.junit.JSONParserConfigurationTest.txt;IN_CREATE
2026-10-04T14:18:12.366146Z;/home/runner/work/JSON-java/JSON-java/target/classes/org/json;CookieList.class;IN_ACCESS
2026-10-04T14:18:12.366443Z;/home/runner/work/JSON-java/JSON-java/target/classes/org/json;Cookie.class;IN_ACCESS
2026-10-04T14:18:12.367293Z;/home/runner/work/JSON-java/JSON-java/target/surefire-reports;TEST-org.json.junit.JSONParserConfigurationTest.xml;IN_CREATE
2026-10-04T14:18:12.412869Z;/home/runner/work/JSON-java/JSON-java/target/classes/org/json;JSONPointer.class;IN_ACCESS
2026-10-04T14:18:12.422499Z;/home/runner/work/JSON-java/JSON-java/target/classes/org/json;XMLTokener.class;IN_ACCESS
2026-10-04T14:18:12.423270Z;/home/runner/work/JSON-java/JSON-java/target/classes/org/json;XML.class;IN_ACCESS
2026-10-04T14:18:12.423556Z;/home/runner/work/JSON-java/JSON-java/target/classes/org/json;XML.class;IN_ACCESS
2026-10-04T14:18:12.426163Z;/home/runner/work/JSON-java/JSON-java/target/surefire-reports;org.json.junit.CookieListTest.txt;IN_CREATE
2026-10-04T14:18:12.427537Z;/home/runner/work/JSON-java/JSON-java/target/surefire-reports;TEST-org.json.junit.CookieListTest.xml;IN_CREATE
2026-10-04T14:18:12.439157Z;/home/runner/work/JSON-java/JSON-java/target/surefire-reports;org.json.junit.XMLTokenerTest.txt;IN_CREATE
2026-10-04T14:18:12.445143Z;/home/runner/work/JSON-java/JSON-java/target/surefire-reports;TEST-org.json.junit.XMLTokenerTest.xml;IN_CREATE
2026-10-04T14:18:12.619789Z;/home/runner/work/JSON-java/JSON-java/target/surefire-reports;org.json.junit.JSONObjectNumberTest.txt;IN_CREATE
2026-10-04T14:18:12.620591Z;/home/runner/work/JSON-java/JSON-java/target/test-classes;jsonpointer-testdoc.json;IN_ACCESS
2026-10-04T14:18:12.622840Z;/home/runner/work/JSON-java/JSON-java/target/classes/org/json;JSONPointer$Builder.class;IN_ACCESS
2026-10-04T14:18:12.631859Z;/home/runner/work/JSON-java/JSON-java/target/surefire-reports;TEST-org.json.junit.JSONObjectNumberTest.xml;IN_CREATE
2026-10-04T14:18:12.666762Z;/home/runner/work/JSON-java/JSON-java/target/surefire-reports;org.json.junit.JSONPointerTest.txt;IN_CREATE
2026-10-04T14:18:12.667557Z;/home/runner/work/JSON-java/JSON-java/target/surefire-reports;TEST-org.json.junit.JSONPointerTest.xml;IN_CREATE
2026-10-04T14:18:12.695677Z;/home/runner/work/JSON-java/JSON-java/target/classes/org/json;XML$1.class;IN_ACCESS
2026-10-04T14:18:12.696135Z;/home/runner/work/JSON-java/JSON-java/target/classes/org/json;XML$1$1.class;IN_ACCESS
2026-10-04T14:18:12.751533Z;/home/runner/work/JSON-java/JSON-java/target/classes/org/json;HTTP.class;IN_ACCESS
2026-10-04T14:18:12.752035Z;/home/runner/work/JSON-java/JSON-java/target/classes/org/json;HTTPTokener.class;IN_ACCESS
2026-10-04T14:18:12.752410Z;/home/runner/work/JSON-java/JSON-java/target/surefire-reports;org.json.junit.XMLConfigurationTest.txt;IN_CREATE
2026-10-04T14:18:12.753687Z;/home/runner/work/JSON-java/JSON-java/target/surefire-reports;TEST-org.json.junit.XMLConfigurationTest.xml;IN_CREATE
2026-10-04T14:18:12.758791Z;/home/runner/work/JSON-java/JSON-java/target/classes/org/json;Property.class;IN_ACCESS
2026-10-04T14:18:12.763906Z;/home/runner/work/JSON-java/JSON-java/target/surefire-reports;org.json.junit.HTTPTest.txt;IN_CREATE
2026-10-04T14:18:12.764256Z;/home/runner/work/JSON-java/JSON-java/target/test-classes/org/json/junit;JSONStringTest$JSONNullStringValue.class;IN_ACCESS
2026-10-04T14:18:12.767067Z;/home/runner/work/JSON-java/JSON-java/target/classes/org/json;JSONWriter.class;IN_ACCESS
2026-10-04T14:18:12.767475Z;/home/runner/work/JSON-java/JSON-java/target/test-classes/org/json/junit;JSONStringTest$MyEnum.class;IN_ACCESS
2026-10-04T14:18:12.769273Z;/home/runner/work/JSON-java/JSON-java/target/surefire-reports;TEST-org.json.junit.HTTPTest.xml;IN_CREATE
2026-10-04T14:18:12.769559Z;/home/runner/work/JSON-java/JSON-java/target/test-classes/org/json/junit;JSONStringTest$NullStringValue.class;IN_ACCESS
2026-10-04T14:18:12.770621Z;/home/runner/work/JSON-java/JSON-java/target/test-classes/org/json/junit;JSONStringTest$JSONStringValue.class;IN_ACCESS
2026-10-04T14:18:12.771269Z;/home/runner/work/JSON-java/JSON-java/target/test-classes/org/json/junit;JSONStringTest$JSONStringExceptionValue.class;IN_ACCESS
2026-10-04T14:18:12.772295Z;/home/runner/work/JSON-java/JSON-java/target/test-classes/org/json/junit;JSONStringTest$StringValue.class;IN_ACCESS
2026-10-04T14:18:12.773298Z;/home/runner/work/JSON-java/JSON-java/target/surefire-reports;org.json.junit.PropertyTest.txt;IN_CREATE
2026-10-04T14:18:12.775293Z;/home/runner/work/JSON-java/JSON-java/target/surefire-reports;TEST-org.json.junit.PropertyTest.xml;IN_CREATE
2026-10-04T14:18:12.776810Z;/home/runner/work/JSON-java/JSON-java/target/test-classes/org/json/junit/data;SingletonEnum.class;IN_ACCESS
2026-10-04T14:18:12.778313Z;/home/runner/work/JSON-java/JSON-java/target/test-classes/org/json/junit/data;Singleton.class;IN_ACCESS
2026-10-04T14:18:12.780266Z;/home/runner/work/JSON-java/JSON-java/target/surefire-reports;org.json.junit.JSONStringTest.txt;IN_CREATE
2026-10-04T14:18:12.780544Z;/home/runner/work/JSON-java/JSON-java/target/surefire-reports;TEST-org.json.junit.JSONStringTest.xml;IN_CREATE
2026-10-04T14:18:12.785109Z;/home/runner/work/JSON-java/JSON-java/target/test-classes/org/json/junit/data;StringsResourceBundle.class;IN_ACCESS
2026-10-04T14:18:12.794165Z;/home/runner/work/JSON-java/JSON-java/target/test-classes/org/json/junit/data;CustomClass.class;IN_ACCESS
2026-10-04T14:18:12.795320Z;/home/runner/work/JSON-java/JSON-java/target/test-classes/org/json/junit/data;CustomClassA.class;IN_ACCESS
2026-10-04T14:18:12.796204Z;/home/runner/work/JSON-java/JSON-java/target/test-classes/org/json/junit/data;CustomClassB.class;IN_ACCESS
2026-10-04T14:18:12.797300Z;/home/runner/work/JSON-java/JSON-java/target/test-classes/org/json/junit/data;CustomClassC.class;IN_ACCESS
2026-10-04T14:18:12.798384Z;/home/runner/work/JSON-java/JSON-java/target/test-classes/org/json/junit/data;CustomClassD.class;IN_ACCESS
2026-10-04T14:18:12.800857Z;/home/runner/work/JSON-java/JSON-java/target/test-classes/org/json/junit/data;CustomClassE.class;IN_ACCESS
2026-10-04T14:18:12.801669Z;/home/runner/work/JSON-java/JSON-java/target/test-classes/org/json/junit/data;CustomClassF.class;IN_ACCESS
2026-10-04T14:18:12.801987Z;/home/runner/work/JSON-java/JSON-java/target/test-classes/org/json/junit/data;CustomClassG.class;IN_ACCESS
2026-10-04T14:18:12.802592Z;/home/runner/work/JSON-java/JSON-java/target/test-classes/org/json/junit/data;CustomClassH.class;IN_ACCESS
2026-10-04T14:18:12.803357Z;/home/runner/work/JSON-java/JSON-java/target/test-classes/org/json/junit/data;CustomClassI.class;IN_ACCESS
2026-10-04T14:18:12.803990Z;/home/runner/work/JSON-java/JSON-java/target/test-classes/org/json/junit/data;CustomClassJ.class;IN_ACCESS
2026-10-04T14:18:12.817836Z;/home/runner/work/JSON-java/JSON-java/target/test-classes/org/json/junit/data;RecursiveBean.class;IN_ACCESS
2026-10-04T14:18:12.822291Z;/home/runner/work/JSON-java/JSON-java/target/test-classes/org/json/junit/data;ExceptionalBean.class;IN_ACCESS
2026-10-04T14:18:12.822929Z;/home/runner/work/JSON-java/JSON-java/target/test-classes/org/json/junit/data;ExceptionalBean$MyCloseable.class;IN_ACCESS
2026-10-04T14:18:12.830850Z;/home/runner/work/JSON-java/JSON-java/target/test-classes/org/json/junit/data;MyNumberContainer.class;IN_ACCESS
2026-10-04T14:18:12.833496Z;/home/runner/work/JSON-java/JSON-java/target/test-classes/org/json/junit/data;Fraction.class;IN_ACCESS
2026-10-04T14:18:12.854662Z;/home/runner/work/JSON-java/JSON-java/target/test-classes/org/json/junit/data;BrokenToString.class;IN_ACCESS
2026-10-04T14:18:12.859007Z;/home/runner/work/JSON-java/JSON-java/target/test-classes/org/json/junit/data;MyBigNumberBean.class;IN_ACCESS
2026-10-04T14:18:13.229762Z;/home/runner/work/JSON-java/JSON-java/target/test-classes/org/json/junit/data;RecursiveBeanEquals.class;IN_ACCESS
2026-10-04T14:18:13.260766Z;/home/runner/work/JSON-java/JSON-java/target/test-classes/org/json/junit/data;MyJsonString.class;IN_ACCESS
2026-10-04T14:18:13.261429Z;/home/runner/work/JSON-java/JSON-java/target/test-classes/org/json/junit;JSONObjectTest$2.class;IN_ACCESS
2026-10-04T14:18:13.282839Z;/home/runner/work/JSON-java/JSON-java/target/test-classes/org/json/junit;JSONObjectTest$1.class;IN_ACCESS
2026-10-04T14:18:13.286126Z;/home/runner/work/JSON-java/JSON-java/target/test-classes/org/json/junit/data;MyBeanCustomName.class;IN_ACCESS
2026-10-04T14:18:13.288410Z;/home/runner/work/JSON-java/JSON-java/target/test-classes/org/json/junit/data;MyBeanCustomNameInterface.class;IN_ACCESS
2026-10-04T14:18:13.289159Z;/home/runner/work/JSON-java/JSON-java/target/test-classes/org/json/junit/data;MyBeanCustomNameSubClass.class;IN_ACCESS
2026-10-04T14:18:13.294012Z;/home/runner/work/JSON-java/JSON-java/target/test-classes/org/json/junit/data;WeirdList.class;IN_ACCESS
2026-10-04T14:18:13.296267Z;/home/runner/work/JSON-java/JSON-java/target/test-classes/org/json/junit/data;MyPublicClass.class;IN_ACCESS
2026-10-04T14:18:13.439826Z;/home/runner/work/JSON-java/JSON-java/target/test-classes/org/json/junit/data;MyLocaleBean.class;IN_ACCESS
2026-10-04T14:18:13.449115Z;/home/runner/work/JSON-java/JSON-java/target/surefire-reports;org.json.junit.JSONObjectTest.txt;IN_CREATE
2026-10-04T14:18:13.449530Z;/home/runner/work/JSON-java/JSON-java/target/surefire-reports;TEST-org.json.junit.JSONObjectTest.xml;IN_CREATE
2026-10-04T14:18:13.462761Z;/home/runner/work/JSON-java/JSON-java/target/surefire-reports;org.json.junit.JSONObjectLocaleTest.txt;IN_CREATE
2026-10-04T14:18:13.468167Z;/home/runner/work/JSON-java/JSON-java/target/surefire-reports;TEST-org.json.junit.JSONObjectLocaleTest.xml;IN_CREATE
2026-10-04T14:18:13.472270Z;/home/runner/work/JSON-java/JSON-java/target/test-classes/org/json/junit;JSONArrayTest$1.class;IN_ACCESS
2026-10-04T14:18:13.478030Z;/home/runner/work/JSON-java/JSON-java/target/classes/org/json;JSONML.class;IN_ACCESS
2026-10-04T14:18:13.483164Z;/home/runner/work/JSON-java/JSON-java/target/surefire-reports;org.json.junit.JSONArrayTest.txt;IN_CREATE
2026-10-04T14:18:13.484277Z;/home/runner/work/JSON-java/JSON-java/target/classes/org/json;JSONMLParserConfiguration.class;IN_ACCESS
2026-10-04T14:18:13.484727Z;/home/runner/work/JSON-java/JSON-java/target/surefire-reports;TEST-org.json.junit.JSONArrayTest.xml;IN_CREATE
2026-10-04T14:18:13.506526Z;/home/runner/work/JSON-java/JSON-java/target/surefire-reports;org.json.junit.JSONMLTest.txt;IN_CREATE
2026-10-04T14:18:13.509237Z;/home/runner/work/JSON-java/JSON-java/target/surefire-reports;TEST-org.json.junit.JSONMLTest.xml;IN_CREATE
2026-10-04T14:18:13.513677Z;/home/runner/work/JSON-java/JSON-java/target/surefire-reports;org.json.junit.StringBuilderWriterTest.txt;IN_CREATE
2026-10-04T14:18:13.516172Z;/home/runner/work/JSON-java/JSON-java/target/surefire-reports;TEST-org.json.junit.StringBuilderWriterTest.xml;IN_CREATE
2026-10-04T14:18:13.529596Z;/home/runner/work/JSON-java/JSON-java/target/test-classes/org/json/junit;XMLTest$1.class;IN_ACCESS
2026-10-04T14:18:13.530124Z;/home/runner/work/JSON-java/JSON-java/target/classes/org/json;XMLXsiTypeConverter.class;IN_ACCESS
2026-10-04T14:18:13.530550Z;/home/runner/work/JSON-java/JSON-java/target/test-classes/org/json/junit;XMLTest$2.class;IN_ACCESS
2026-10-04T14:18:13.540559Z;/home/runner/work/JSON-java/JSON-java/target/test-classes;Issue537.xml;IN_ACCESS
2026-10-04T14:18:13.544227Z;/home/runner/work/JSON-java/JSON-java/target/test-classes;Issue537.json;IN_ACCESS
2026-10-04T14:18:13.550889Z;/home/runner/work/JSON-java/JSON-java/target/test-classes/org/json/junit;XMLTest$6.class;IN_ACCESS
2026-10-04T14:18:13.551324Z;/home/runner/work/JSON-java/JSON-java/target/test-classes/org/json/junit;XMLTest$7.class;IN_ACCESS
2026-10-04T14:18:13.554114Z;/home/runner/work/JSON-java/JSON-java/target/test-classes/org/json/junit;XMLTest$5.class;IN_ACCESS
2026-10-04T14:18:13.558713Z;/home/runner/work/JSON-java/JSON-java/target/test-classes/org/json/junit;XMLTest$3.class;IN_ACCESS
2026-10-04T14:18:13.559229Z;/home/runner/work/JSON-java/JSON-java/target/test-classes/org/json/junit;XMLTest$4.class;IN_ACCESS
2026-10-04T14:18:13.565056Z;/home/runner/work/JSON-java/JSON-java/target/test-classes;Issue593.json;IN_ACCESS
2026-10-04T14:18:13.565865Z;/home/runner/work/JSON-java/JSON-java/target/test-classes;Issue593.json;IN_ACCESS
2026-10-04T14:18:13.566456Z;/home/runner/work/JSON-java/JSON-java/target/test-classes;Issue593.json;IN_ACCESS
2026-10-04T14:18:13.572151Z;/home/runner/work/JSON-java/JSON-java/target/test-classes;Issue593.xml;IN_ACCESS
2026-10-04T14:18:13.593276Z;/home/runner/work/JSON-java/JSON-java/target/classes/org/json;JSONStringer.class;IN_ACCESS
2026-10-04T14:18:13.593720Z;/home/runner/work/JSON-java/JSON-java/target/surefire-reports;org.json.junit.XMLTest.txt;IN_CREATE
2026-10-04T14:18:13.594037Z;/home/runner/work/JSON-java/JSON-java/target/surefire-reports;TEST-org.json.junit.XMLTest.xml;IN_CREATE
2026-10-04T14:18:13.601818Z;/home/runner/work/JSON-java/JSON-java/target/test-classes/org/json/junit/data;MyEnumClass.class;IN_ACCESS
2026-10-04T14:18:13.622322Z;/home/runner/work/JSON-java/JSON-java/target/surefire-reports;org.json.junit.JSONStringerTest.txt;IN_CREATE
2026-10-04T14:18:13.622727Z;/home/runner/work/JSON-java/JSON-java/target/surefire-reports;TEST-org.json.junit.JSONStringerTest.xml;IN_CREATE
2026-10-04T14:18:13.629160Z;/home/runner/work/JSON-java/JSON-java/target/surefire-reports;org.json.junit.EnumTest.txt;IN_CREATE
2026-10-04T14:18:13.629623Z;/home/runner/work/JSON-java/JSON-java/target/surefire-reports;TEST-org.json.junit.EnumTest.xml;IN_CREATE
2026-10-04T14:18:13.632913Z;/home/runner/work/JSON-java/JSON-java/target/surefire-reports;org.json.junit.HTTPTokenerTest.txt;IN_CREATE
2026-10-04T14:18:13.635363Z;/home/runner/work/JSON-java/JSON-java/target/surefire-reports;TEST-org.json.junit.HTTPTokenerTest.xml;IN_CREATE
2026-10-04T14:18:13.638341Z;/home/runner/work/JSON-java/JSON-java/target/surefire-reports;org.json.junit.CookieTest.txt;IN_CREATE
2026-10-04T14:18:13.639288Z;/home/runner/work/JSON-java/JSON-java/target/surefire-reports;TEST-org.json.junit.CookieTest.xml;IN_CREATE
2026-10-04T14:18:13.675457Z;/home/runner/work/JSON-java/JSON-java/target;surefire;IN_ACCESS,IN_ISDIR
2026-10-04T14:18:13.675829Z;/home/runner/work/JSON-java/JSON-java/target/surefire;;IN_ACCESS,IN_ISDIR
2026-10-04T14:18:13.676246Z;/home/runner/work/JSON-java/JSON-java/target;surefire;IN_ACCESS,IN_ISDIR
2026-10-04T14:18:13.676740Z;/home/runner/work/JSON-java/JSON-java/target/surefire;;IN_ACCESS,IN_ISDIR
2026-10-04T14:18:13.677009Z;/home/runner/work/JSON-java/JSON-java/target/surefire;surefire_0-20261004141811315_2tmp;IN_DELETE
2026-10-04T14:18:13.677287Z;/home/runner/work/JSON-java/JSON-java/target/surefire;surefire-20261004141811315_1tmp;IN_DELETE
2026-10-04T14:18:13.677548Z;/home/runner/work/JSON-java/JSON-java/target/surefire;surefirebooter-20261004141811315_3.jar;IN_DELETE
2026-10-04T14:18:13.677779Z;/home/runner/work/JSON-java/JSON-java/target/surefire;;IN_IGNORED
2026-10-04T14:18:13.678059Z;/home/runner/work/JSON-java/JSON-java/target;surefire;IN_DELETE,IN_ISDIR
2026-10-04T14:18:13.716917Z;/home/runner/work/JSON-java/JSON-java;optcd-6.txt;IN_CREATE
2026-10-04T14:18:14.979835Z;/home/runner/work/JSON-java/JSON-java;pom.xml;IN_ACCESS
2026-10-04T14:18:14.987159Z;/home/runner/work/JSON-java/JSON-java;pom.xml;IN_ACCESS
2026-10-04T14:18:19.994161Z;/home/runner/work/JSON-java/JSON-java/target;reports;IN_CREATE,IN_ISDIR
2026-10-04T14:18:19.996703Z;/home/runner/work/JSON-java/JSON-java/target;reports;IN_ACCESS,IN_ISDIR
2026-10-04T14:18:19.997462Z;/home/runner/work/JSON-java/JSON-java/target/reports/css;apache-maven-fluido-2.0.0-M9.min.css;IN_CREATE
2026-10-04T14:18:19.997854Z;/home/runner/work/JSON-java/JSON-java/target/reports/css;print.css;IN_CREATE
2026-10-04T14:18:19.998151Z;/home/runner/work/JSON-java/JSON-java/target/reports/fonts;glyphicons-halflings-regular.eot;IN_CREATE
2026-10-04T14:18:19.998434Z;/home/runner/work/JSON-java/JSON-java/target/reports/fonts;glyphicons-halflings-regular.svg;IN_CREATE
2026-10-04T14:18:19.998688Z;/home/runner/work/JSON-java/JSON-java/target/reports/fonts;glyphicons-halflings-regular.ttf;IN_CREATE
2026-10-04T14:18:19.998979Z;/home/runner/work/JSON-java/JSON-java/target/reports/fonts;glyphicons-halflings-regular.woff;IN_CREATE
2026-10-04T14:18:19.999300Z;/home/runner/work/JSON-java/JSON-java/target/reports/images;accessories-text-editor.png;IN_CREATE
2026-10-04T14:18:19.999562Z;/home/runner/work/JSON-java/JSON-java/target/reports/images;add.gif;IN_CREATE
2026-10-04T14:18:19.999824Z;/home/runner/work/JSON-java/JSON-java/target/reports/images;apache-maven-project-2.png;IN_CREATE
2026-10-04T14:18:20.000161Z;/home/runner/work/JSON-java/JSON-java/target/reports/images;application-certificate.png;IN_CREATE
2026-10-04T14:18:20.000507Z;/home/runner/work/JSON-java/JSON-java/target/reports/images;contact-new.png;IN_CREATE
2026-10-04T14:18:20.000766Z;/home/runner/work/JSON-java/JSON-java/target/reports/images;document-properties.png;IN_CREATE
2026-10-04T14:18:20.001021Z;/home/runner/work/JSON-java/JSON-java/target/reports/images;drive-harddisk.png;IN_CREATE
2026-10-04T14:18:20.001296Z;/home/runner/work/JSON-java/JSON-java/target/reports/images;fix.gif;IN_CREATE
2026-10-04T14:18:20.001553Z;/home/runner/work/JSON-java/JSON-java/target/reports/images;icon_error_sml.gif;IN_CREATE
2026-10-04T14:18:20.001806Z;/home/runner/work/JSON-java/JSON-java/target/reports/images;icon_help_sml.gif;IN_CREATE
2026-10-04T14:18:20.002100Z;/home/runner/work/JSON-java/JSON-java/target/reports/images;icon_info_sml.gif;IN_CREATE
2026-10-04T14:18:20.002405Z;/home/runner/work/JSON-java/JSON-java/target/reports/images;icon_success_sml.gif;IN_CREATE
2026-10-04T14:18:20.002711Z;/home/runner/work/JSON-java/JSON-java/target/reports/images;icon_warning_sml.gif;IN_CREATE
2026-10-04T14:18:20.002982Z;/home/runner/work/JSON-java/JSON-java/target/reports/images;image-x-generic.png;IN_CREATE
2026-10-04T14:18:20.003257Z;/home/runner/work/JSON-java/JSON-java/target/reports/images;internet-web-browser.png;IN_CREATE
2026-10-04T14:18:20.003559Z;/home/runner/work/JSON-java/JSON-java/target/reports/images/logos;build-by-maven-black.png;IN_CREATE
2026-10-04T14:18:20.003828Z;/home/runner/work/JSON-java/JSON-java/target/reports/images/logos;build-by-maven-white.png;IN_CREATE
2026-10-04T14:18:20.004221Z;/home/runner/work/JSON-java/JSON-java/target/reports/images/logos;maven-feather.png;IN_CREATE
2026-10-04T14:18:20.004492Z;/home/runner/work/JSON-java/JSON-java/target/reports/images;network-server.png;IN_CREATE
2026-10-04T14:18:20.004748Z;/home/runner/work/JSON-java/JSON-java/target/reports/images;package-x-generic.png;IN_CREATE
2026-10-04T14:18:20.005009Z;/home/runner/work/JSON-java/JSON-java/target/reports/images/profiles;pre-release.png;IN_CREATE
2026-10-04T14:18:20.005289Z;/home/runner/work/JSON-java/JSON-java/target/reports/images/profiles;retired.png;IN_CREATE
2026-10-04T14:18:20.005547Z;/home/runner/work/JSON-java/JSON-java/target/reports/images/profiles;sandbox.png;IN_CREATE
2026-10-04T14:18:20.005807Z;/home/runner/work/JSON-java/JSON-java/target/reports/images;remove.gif;IN_CREATE
2026-10-04T14:18:20.006082Z;/home/runner/work/JSON-java/JSON-java/target/reports/images;rss.png;IN_CREATE
2026-10-04T14:18:20.006328Z;/home/runner/work/JSON-java/JSON-java/target/reports/images;update.gif;IN_CREATE
2026-10-04T14:18:20.006619Z;/home/runner/work/JSON-java/JSON-java/target/reports/images;window-new.png;IN_CREATE
2026-10-04T14:18:20.006901Z;/home/runner/work/JSON-java/JSON-java/target/reports/css;site.css;IN_CREATE
2026-10-04T14:18:20.049335Z;/home/runner/work/JSON-java/JSON-java/target;surefire-reports;IN_ACCESS,IN_ISDIR
2026-10-04T14:18:20.049698Z;/home/runner/work/JSON-java/JSON-java/target/surefire-reports;;IN_ACCESS,IN_ISDIR
2026-10-04T14:18:20.050873Z;/home/runner/work/JSON-java/JSON-java/target;surefire-reports;IN_ACCESS,IN_ISDIR
2026-10-04T14:18:20.051269Z;/home/runner/work/JSON-java/JSON-java/target/surefire-reports;;IN_ACCESS,IN_ISDIR
2026-10-04T14:18:20.322796Z;/home/runner/work/JSON-java/JSON-java/target/surefire-reports;TEST-org.json.junit.XMLTokenerTest.xml;IN_ACCESS
2026-10-04T14:18:20.336314Z;/home/runner/work/JSON-java/JSON-java/target/surefire-reports;TEST-org.json.junit.StringBuilderWriterTest.xml;IN_ACCESS
2026-10-04T14:18:20.338800Z;/home/runner/work/JSON-java/JSON-java/target/surefire-reports;TEST-org.json.junit.PropertyTest.xml;IN_ACCESS
2026-10-04T14:18:20.340742Z;/home/runner/work/JSON-java/JSON-java/target/surefire-reports;TEST-org.json.junit.XMLTest.xml;IN_ACCESS
2026-10-04T14:18:20.341083Z;/home/runner/work/JSON-java/JSON-java/target/surefire-reports;TEST-org.json.junit.XMLTest.xml;IN_ACCESS
2026-10-04T14:18:20.343965Z;/home/runner/work/JSON-java/JSON-java/target/surefire-reports;TEST-org.json.junit.JSONStringerTest.xml;IN_ACCESS
2026-10-04T14:18:20.345606Z;/home/runner/work/JSON-java/JSON-java/target/surefire-reports;TEST-org.json.junit.CookieListTest.xml;IN_ACCESS
2026-10-04T14:18:20.347374Z;/home/runner/work/JSON-java/JSON-java/target/surefire-reports;TEST-org.json.junit.JSONObjectLocaleTest.xml;IN_ACCESS
2026-10-04T14:18:20.348628Z;/home/runner/work/JSON-java/JSON-java/target/surefire-reports;TEST-org.json.junit.XMLConfigurationTest.xml;IN_ACCESS
2026-10-04T14:18:20.349005Z;/home/runner/work/JSON-java/JSON-java/target/surefire-reports;TEST-org.json.junit.XMLConfigurationTest.xml;IN_ACCESS
2026-10-04T14:18:20.351208Z;/home/runner/work/JSON-java/JSON-java/target/surefire-reports;TEST-org.json.junit.HTTPTest.xml;IN_ACCESS
2026-10-04T14:18:20.355146Z;/home/runner/work/JSON-java/JSON-java/target/surefire-reports;TEST-org.json.junit.JSONMLTest.xml;IN_ACCESS
2026-10-04T14:18:20.355511Z;/home/runner/work/JSON-java/JSON-java/target/surefire-reports;TEST-org.json.junit.CookieTest.xml;IN_ACCESS
2026-10-04T14:18:20.356899Z;/home/runner/work/JSON-java/JSON-java/target/surefire-reports;TEST-org.json.junit.JSONArrayTest.xml;IN_ACCESS
2026-10-04T14:18:20.361380Z;/home/runner/work/JSON-java/JSON-java/target/surefire-reports;TEST-org.json.junit.JSONArrayTest.xml;IN_ACCESS
2026-10-04T14:18:20.364568Z;/home/runner/work/JSON-java/JSON-java/target/surefire-reports;TEST-org.json.junit.JSONObjectTest.xml;IN_ACCESS
2026-10-04T14:18:20.364903Z;/home/runner/work/JSON-java/JSON-java/target/surefire-reports;TEST-org.json.junit.JSONObjectTest.xml;IN_ACCESS
2026-10-04T14:18:20.366299Z;/home/runner/work/JSON-java/JSON-java/target/surefire-reports;TEST-org.json.junit.JSONObjectNumberTest.xml;IN_ACCESS
2026-10-04T14:18:20.366986Z;/home/runner/work/JSON-java/JSON-java/target/surefire-reports;TEST-org.json.junit.JSONObjectNumberTest.xml;IN_ACCESS
2026-10-04T14:18:20.367866Z;/home/runner/work/JSON-java/JSON-java/target/surefire-reports;TEST-org.json.junit.JSONObjectNumberTest.xml;IN_ACCESS
2026-10-04T14:18:20.369549Z;/home/runner/work/JSON-java/JSON-java/target/surefire-reports;TEST-org.json.junit.JSONParserConfigurationTest.xml;IN_ACCESS
2026-10-04T14:18:20.369857Z;/home/runner/work/JSON-java/JSON-java/target/surefire-reports;TEST-org.json.junit.JSONParserConfigurationTest.xml;IN_ACCESS
2026-10-04T14:18:20.371341Z;/home/runner/work/JSON-java/JSON-java/target/surefire-reports;TEST-org.json.junit.CDLTest.xml;IN_ACCESS
2026-10-04T14:18:20.372654Z;/home/runner/work/JSON-java/JSON-java/target/surefire-reports;TEST-org.json.junit.JSONObjectRecordTest.xml;IN_ACCESS
2026-10-04T14:18:20.373788Z;/home/runner/work/JSON-java/JSON-java/target/surefire-reports;TEST-org.json.junit.JSONStringTest.xml;IN_ACCESS
2026-10-04T14:18:20.375043Z;/home/runner/work/JSON-java/JSON-java/target/surefire-reports;TEST-org.json.junit.EnumTest.xml;IN_ACCESS
2026-10-04T14:18:20.377410Z;/home/runner/work/JSON-java/JSON-java/target/surefire-reports;TEST-org.json.junit.JSONPointerTest.xml;IN_ACCESS
2026-10-04T14:18:20.377657Z;/home/runner/work/JSON-java/JSON-java/target/surefire-reports;TEST-org.json.junit.JSONTokenerTest.xml;IN_ACCESS
2026-10-04T14:18:20.378494Z;/home/runner/work/JSON-java/JSON-java/target/surefire-reports;TEST-org.json.junit.HTTPTokenerTest.xml;IN_ACCESS
2026-10-04T14:18:20.506926Z;/home/runner/work/JSON-java/JSON-java/target/reports;surefire.html;IN_CREATE
2026-10-04T14:18:22.178586Z;/home/runner/work/JSON-java/JSON-java;pom.xml;IN_ACCESS
2026-10-04T14:18:22.182169Z;/home/runner/work/JSON-java/JSON-java;pom.xml;IN_ACCESS
2026-10-04T14:18:22.185129Z;/home/runner/work/JSON-java/JSON-java;pom.xml;IN_ACCESS
2026-10-04T14:18:27.840203Z;/home/runner/work/JSON-java/JSON-java/target;site;IN_CREATE,IN_ISDIR
2026-10-04T14:18:27.843758Z;/home/runner/work/JSON-java/JSON-java/target;site;IN_ACCESS,IN_ISDIR
2026-10-04T14:18:27.846747Z;/home/runner/work/JSON-java/JSON-java/target/site;css;IN_CREATE,IN_ISDIR
2026-10-04T14:18:27.849059Z;/home/runner/work/JSON-java/JSON-java/target/site;images;IN_CREATE,IN_ISDIR
2026-10-04T14:18:27.849549Z;/home/runner/work/JSON-java/JSON-java/target/site;css;IN_ACCESS,IN_ISDIR
2026-10-04T14:18:27.849830Z;/home/runner/work/JSON-java/JSON-java/target/site/css;maven-theme.css;IN_CREATE
2026-10-04T14:18:27.850176Z;/home/runner/work/JSON-java/JSON-java/target/site/css;maven-base.css;IN_CREATE
2026-10-04T14:18:27.850519Z;/home/runner/work/JSON-java/JSON-java/target/site;images;IN_ACCESS,IN_ISDIR
2026-10-04T14:18:27.850913Z;/home/runner/work/JSON-java/JSON-java/target/site/css;print.css;IN_CREATE
2026-10-04T14:18:27.851148Z;/home/runner/work/JSON-java/JSON-java/target/site/css;site.css;IN_CREATE
2026-10-04T14:18:27.901692Z;/home/runner/work/JSON-java/JSON-java;optcd-7.txt;IN_CREATE
2026-10-04T14:18:28.077348Z;/home/runner/work/JSON-java/JSON-java/target;surefire-reports;IN_ACCESS,IN_ISDIR
2026-10-04T14:18:28.077971Z;/home/runner/work/JSON-java/JSON-java/target/surefire-reports;;IN_ACCESS,IN_ISDIR
2026-10-04T14:18:28.078323Z;/home/runner/work/JSON-java/JSON-java/target;surefire-reports;IN_ACCESS,IN_ISDIR
2026-10-04T14:18:28.080315Z;/home/runner/work/JSON-java/JSON-java/target/surefire-reports;;IN_ACCESS,IN_ISDIR
2026-10-04T14:18:28.486142Z;/home/runner/work/JSON-java/JSON-java/target/surefire-reports;TEST-org.json.junit.CDLTest.xml;IN_ACCESS
2026-10-04T14:18:28.491461Z;/home/runner/work/JSON-java/JSON-java/target/surefire-reports;TEST-org.json.junit.CookieTest.xml;IN_ACCESS
2026-10-04T14:18:28.493600Z;/home/runner/work/JSON-java/JSON-java/target/surefire-reports;TEST-org.json.junit.CookieListTest.xml;IN_ACCESS
2026-10-04T14:18:28.495750Z;/home/runner/work/JSON-java/JSON-java/target/surefire-reports;TEST-org.json.junit.EnumTest.xml;IN_ACCESS
2026-10-04T14:18:28.496996Z;/home/runner/work/JSON-java/JSON-java/target/surefire-reports;TEST-org.json.junit.HTTPTest.xml;IN_ACCESS
2026-10-04T14:18:28.498188Z;/home/runner/work/JSON-java/JSON-java/target/surefire-reports;TEST-org.json.junit.HTTPTokenerTest.xml;IN_ACCESS
2026-10-04T14:18:28.499216Z;/home/runner/work/JSON-java/JSON-java/target/surefire-reports;TEST-org.json.junit.JSONArrayTest.xml;IN_ACCESS
2026-10-04T14:18:28.500332Z;/home/runner/work/JSON-java/JSON-java/target/surefire-reports;TEST-org.json.junit.JSONMLTest.xml;IN_ACCESS
2026-10-04T14:18:28.501439Z;/home/runner/work/JSON-java/JSON-java/target/surefire-reports;TEST-org.json.junit.JSONObjectLocaleTest.xml;IN_ACCESS
2026-10-04T14:18:28.502878Z;/home/runner/work/JSON-java/JSON-java/target/surefire-reports;TEST-org.json.junit.JSONObjectNumberTest.xml;IN_ACCESS
2026-10-04T14:18:28.504347Z;/home/runner/work/JSON-java/JSON-java/target/surefire-reports;TEST-org.json.junit.JSONObjectRecordTest.xml;IN_ACCESS
2026-10-04T14:18:28.505483Z;/home/runner/work/JSON-java/JSON-java/target/surefire-reports;TEST-org.json.junit.JSONObjectTest.xml;IN_ACCESS
2026-10-04T14:18:28.506615Z;/home/runner/work/JSON-java/JSON-java/target/surefire-reports;TEST-org.json.junit.JSONParserConfigurationTest.xml;IN_ACCESS
2026-10-04T14:18:28.507605Z;/home/runner/work/JSON-java/JSON-java/target/surefire-reports;TEST-org.json.junit.JSONPointerTest.xml;IN_ACCESS
2026-10-04T14:18:28.508516Z;/home/runner/work/JSON-java/JSON-java/target/surefire-reports;TEST-org.json.junit.JSONStringTest.xml;IN_ACCESS
2026-10-04T14:18:28.509735Z;/home/runner/work/JSON-java/JSON-java/target/surefire-reports;TEST-org.json.junit.JSONStringerTest.xml;IN_ACCESS
2026-10-04T14:18:28.510882Z;/home/runner/work/JSON-java/JSON-java/target/surefire-reports;TEST-org.json.junit.JSONTokenerTest.xml;IN_ACCESS
2026-10-04T14:18:28.511679Z;/home/runner/work/JSON-java/JSON-java/target/surefire-reports;TEST-org.json.junit.PropertyTest.xml;IN_ACCESS
2026-10-04T14:18:28.512619Z;/home/runner/work/JSON-java/JSON-java/target/surefire-reports;TEST-org.json.junit.StringBuilderWriterTest.xml;IN_ACCESS
2026-10-04T14:18:28.513451Z;/home/runner/work/JSON-java/JSON-java/target/surefire-reports;TEST-org.json.junit.XMLConfigurationTest.xml;IN_ACCESS
2026-10-04T14:18:28.514101Z;/home/runner/work/JSON-java/JSON-java/target/surefire-reports;TEST-org.json.junit.XMLTest.xml;IN_ACCESS
2026-10-04T14:18:28.514858Z;/home/runner/work/JSON-java/JSON-java/target/surefire-reports;TEST-org.json.junit.XMLTokenerTest.xml;IN_ACCESS
2026-10-04T14:18:28.515571Z;/home/runner/work/JSON-java/JSON-java/target/surefire-reports;org.json.junit.CDLTest.txt;IN_ACCESS
2026-10-04T14:18:28.516174Z;/home/runner/work/JSON-java/JSON-java/target/surefire-reports;org.json.junit.CookieListTest.txt;IN_ACCESS
2026-10-04T14:18:28.516926Z;/home/runner/work/JSON-java/JSON-java/target/surefire-reports;org.json.junit.CookieTest.txt;IN_ACCESS
2026-10-04T14:18:28.517713Z;/home/runner/work/JSON-java/JSON-java/target/surefire-reports;org.json.junit.EnumTest.txt;IN_ACCESS
2026-10-04T14:18:28.518504Z;/home/runner/work/JSON-java/JSON-java/target/surefire-reports;org.json.junit.HTTPTest.txt;IN_ACCESS
2026-10-04T14:18:28.519270Z;/home/runner/work/JSON-java/JSON-java/target/surefire-reports;org.json.junit.HTTPTokenerTest.txt;IN_ACCESS
2026-10-04T14:18:28.519933Z;/home/runner/work/JSON-java/JSON-java/target/surefire-reports;org.json.junit.JSONArrayTest.txt;IN_ACCESS
2026-10-04T14:18:28.520654Z;/home/runner/work/JSON-java/JSON-java/target/surefire-reports;org.json.junit.JSONMLTest.txt;IN_ACCESS
2026-10-04T14:18:28.521434Z;/home/runner/work/JSON-java/JSON-java/target/surefire-reports;org.json.junit.JSONObjectLocaleTest.txt;IN_ACCESS
2026-10-04T14:18:28.522355Z;/home/runner/work/JSON-java/JSON-java/target/surefire-reports;org.json.junit.JSONObjectNumberTest.txt;IN_ACCESS
2026-10-04T14:18:28.523201Z;/home/runner/work/JSON-java/JSON-java/target/surefire-reports;org.json.junit.JSONObjectRecordTest.txt;IN_ACCESS
2026-10-04T14:18:28.523898Z;/home/runner/work/JSON-java/JSON-java/target/surefire-reports;org.json.junit.JSONObjectTest.txt;IN_ACCESS
2026-10-04T14:18:28.524701Z;/home/runner/work/JSON-java/JSON-java/target/surefire-reports;org.json.junit.JSONParserConfigurationTest.txt;IN_ACCESS
2026-10-04T14:18:28.525559Z;/home/runner/work/JSON-java/JSON-java/target/surefire-reports;org.json.junit.JSONPointerTest.txt;IN_ACCESS
2026-10-04T14:18:28.526312Z;/home/runner/work/JSON-java/JSON-java/target/surefire-reports;org.json.junit.JSONStringTest.txt;IN_ACCESS
2026-10-04T14:18:28.527095Z;/home/runner/work/JSON-java/JSON-java/target/surefire-reports;org.json.junit.JSONStringerTest.txt;IN_ACCESS
2026-10-04T14:18:28.527838Z;/home/runner/work/JSON-java/JSON-java/target/surefire-reports;org.json.junit.JSONTokenerTest.txt;IN_ACCESS
2026-10-04T14:18:28.528554Z;/home/runner/work/JSON-java/JSON-java/target/surefire-reports;org.json.junit.PropertyTest.txt;IN_ACCESS
2026-10-04T14:18:28.529273Z;/home/runner/work/JSON-java/JSON-java/target/surefire-reports;org.json.junit.StringBuilderWriterTest.txt;IN_ACCESS
2026-10-04T14:18:28.529946Z;/home/runner/work/JSON-java/JSON-java/target/surefire-reports;org.json.junit.XMLConfigurationTest.txt;IN_ACCESS
2026-10-04T14:18:28.530662Z;/home/runner/work/JSON-java/JSON-java/target/surefire-reports;org.json.junit.XMLTest.txt;IN_ACCESS
2026-10-04T14:18:28.531344Z;/home/runner/work/JSON-java/JSON-java/target/surefire-reports;org.json.junit.XMLTokenerTest.txt;IN_ACCESS
2026-10-04T14:18:29.312189Z;/home/runner/work/JSON-java/JSON-java;optcd-8.txt;IN_CREATE
2026-10-04T14:18:29.484316Z;/home/runner/work/JSON-java/JSON-java/target;site;IN_ACCESS,IN_ISDIR
2026-10-04T14:18:29.485961Z;/home/runner/work/JSON-java/JSON-java/target/site;;IN_ACCESS,IN_ISDIR
2026-10-04T14:18:29.486333Z;/home/runner/work/JSON-java/JSON-java/target;site;IN_ACCESS,IN_ISDIR
2026-10-04T14:18:29.486615Z;/home/runner/work/JSON-java/JSON-java/target/site;;IN_ACCESS,IN_ISDIR
2026-10-04T14:18:29.486897Z;/home/runner/work/JSON-java/JSON-java/target/site;css;IN_ACCESS,IN_ISDIR
2026-10-04T14:18:29.487173Z;/home/runner/work/JSON-java/JSON-java/target/site/css;;IN_ACCESS,IN_ISDIR
2026-10-04T14:18:29.487438Z;/home/runner/work/JSON-java/JSON-java/target/site;css;IN_ACCESS,IN_ISDIR
2026-10-04T14:18:29.487666Z;/home/runner/work/JSON-java/JSON-java/target/site/css;;IN_ACCESS,IN_ISDIR
2026-10-04T14:18:29.487931Z;/home/runner/work/JSON-java/JSON-java/target/site;images;IN_ACCESS,IN_ISDIR
2026-10-04T14:18:29.488170Z;/home/runner/work/JSON-java/JSON-java/target/site/images;;IN_ACCESS,IN_ISDIR
2026-10-04T14:18:29.488454Z;/home/runner/work/JSON-java/JSON-java/target/site;images;IN_ACCESS,IN_ISDIR
2026-10-04T14:18:29.488712Z;/home/runner/work/JSON-java/JSON-java/target/site/images;;IN_ACCESS,IN_ISDIR
2026-10-04T14:18:29.488969Z;/home/runner/work/JSON-java/JSON-java/target/site/images;logos;IN_ACCESS,IN_ISDIR
2026-10-04T14:18:29.489337Z;/home/runner/work/JSON-java/JSON-java/target/site/images/logos;;IN_ACCESS,IN_ISDIR
2026-10-04T14:18:29.491300Z;/home/runner/work/JSON-java/JSON-java/target/site/images;logos;IN_ACCESS,IN_ISDIR
2026-10-04T14:18:29.491566Z;/home/runner/work/JSON-java/JSON-java/target/site/images/logos;;IN_ACCESS,IN_ISDIR
2026-10-04T14:18:29.886893Z;/home/runner/work/JSON-java/JSON-java/target/site/css;maven-base.css;IN_ACCESS
2026-10-04T14:18:29.892104Z;/home/runner/work/JSON-java/JSON-java/target/site/css;maven-theme.css;IN_ACCESS
2026-10-04T14:18:29.893699Z;/home/runner/work/JSON-java/JSON-java/target/site/css;print.css;IN_ACCESS
2026-10-04T14:18:29.895175Z;/home/runner/work/JSON-java/JSON-java/target/site/css;site.css;IN_ACCESS
2026-10-04T14:18:29.896275Z;/home/runner/work/JSON-java/JSON-java/target/site/images;collapsed.gif;IN_ACCESS
2026-10-04T14:18:29.897660Z;/home/runner/work/JSON-java/JSON-java/target/site/images;expanded.gif;IN_ACCESS
2026-10-04T14:18:29.898900Z;/home/runner/work/JSON-java/JSON-java/target/site/images;external.png;IN_ACCESS
2026-10-04T14:18:29.900014Z;/home/runner/work/JSON-java/JSON-java/target/site/images;icon_error_sml.gif;IN_ACCESS
2026-10-04T14:18:29.901116Z;/home/runner/work/JSON-java/JSON-java/target/site/images;icon_info_sml.gif;IN_ACCESS
2026-10-04T14:18:29.902804Z;/home/runner/work/JSON-java/JSON-java/target/site/images;icon_success_sml.gif;IN_ACCESS
2026-10-04T14:18:29.904387Z;/home/runner/work/JSON-java/JSON-java/target/site/images;icon_warning_sml.gif;IN_ACCESS
2026-10-04T14:18:29.905692Z;/home/runner/work/JSON-java/JSON-java/target/site/images/logos;build-by-maven-black.png;IN_ACCESS
2026-10-04T14:18:29.906800Z;/home/runner/work/JSON-java/JSON-java/target/site/images/logos;build-by-maven-white.png;IN_ACCESS
2026-10-04T14:18:29.907671Z;/home/runner/work/JSON-java/JSON-java/target/site/images/logos;maven-feather.png;IN_ACCESS
2026-10-04T14:18:29.908561Z;/home/runner/work/JSON-java/JSON-java/target/site/images;newwindow.png;IN_ACCESS
2026-10-04T14:18:30.638643Z;/home/runner/work/JSON-java/JSON-java;optcd-9.txt;IN_CREATE
2026-10-04T14:18:31.849590Z;/home/runner/work/JSON-java/JSON-java;pom.xml;IN_ACCESS
2026-10-04T14:18:31.852443Z;/home/runner/work/JSON-java/JSON-java;pom.xml;IN_ACCESS
2026-10-04T14:18:31.855640Z;/home/runner/work/JSON-java/JSON-java;pom.xml;IN_ACCESS
2026-10-04T14:18:32.930569Z;/home/runner/work/JSON-java/JSON-java;target;IN_ACCESS,IN_ISDIR
2026-10-04T14:18:32.931053Z;/home/runner/work/JSON-java/JSON-java/target;;IN_ACCESS,IN_ISDIR
2026-10-04T14:18:32.931399Z;/home/runner/work/JSON-java/JSON-java;target;IN_ACCESS,IN_ISDIR
2026-10-04T14:18:32.931686Z;/home/runner/work/JSON-java/JSON-java/target;;IN_ACCESS,IN_ISDIR
2026-10-04T14:18:32.931980Z;/home/runner/work/JSON-java/JSON-java/target;test-classes;IN_ACCESS,IN_ISDIR
2026-10-04T14:18:32.932275Z;/home/runner/work/JSON-java/JSON-java/target/test-classes;;IN_ACCESS,IN_ISDIR
2026-10-04T14:18:32.932580Z;/home/runner/work/JSON-java/JSON-java/target;test-classes;IN_ACCESS,IN_ISDIR
2026-10-04T14:18:32.932887Z;/home/runner/work/JSON-java/JSON-java/target/test-classes;;IN_ACCESS,IN_ISDIR
2026-10-04T14:18:32.933159Z;/home/runner/work/JSON-java/JSON-java/target/test-classes;Issue654WellFormedArray.json;IN_DELETE
2026-10-04T14:18:32.933480Z;/home/runner/work/JSON-java/JSON-java/target/test-classes;compliantJsonArray.json;IN_DELETE
2026-10-04T14:18:32.933793Z;/home/runner/work/JSON-java/JSON-java/target/test-classes;Issue593.xml;IN_DELETE
2026-10-04T14:18:32.934310Z;/home/runner/work/JSON-java/JSON-java/target/test-classes;Issue654WellFormedObject.json;IN_DELETE
2026-10-04T14:18:32.934654Z;/home/runner/work/JSON-java/JSON-java/target/test-classes;jsonpointer-testdoc.json;IN_DELETE
2026-10-04T14:18:32.934966Z;/home/runner/work/JSON-java/JSON-java/target/test-classes;compliantJsonObject.json;IN_DELETE
2026-10-04T14:18:32.935320Z;/home/runner/work/JSON-java/JSON-java/target/test-classes;Issue593.json;IN_DELETE
2026-10-04T14:18:32.935659Z;/home/runner/work/JSON-java/JSON-java/target/test-classes;Issue537.xml;IN_DELETE
2026-10-04T14:18:32.935934Z;/home/runner/work/JSON-java/JSON-java/target/test-classes;Issue537.json;IN_DELETE
2026-10-04T14:18:32.936249Z;/home/runner/work/JSON-java/JSON-java/target/test-classes;org;IN_ACCESS,IN_ISDIR
2026-10-04T14:18:32.936526Z;/home/runner/work/JSON-java/JSON-java/target/test-classes/org;;IN_ACCESS,IN_ISDIR
2026-10-04T14:18:32.936928Z;/home/runner/work/JSON-java/JSON-java/target/test-classes;org;IN_ACCESS,IN_ISDIR
2026-10-04T14:18:32.937680Z;/home/runner/work/JSON-java/JSON-java/target/test-classes/org;;IN_ACCESS,IN_ISDIR
2026-10-04T14:18:32.938115Z;/home/runner/work/JSON-java/JSON-java/target/test-classes/org;json;IN_ACCESS,IN_ISDIR
2026-10-04T14:18:32.938440Z;/home/runner/work/JSON-java/JSON-java/target/test-classes/org/json;;IN_ACCESS,IN_ISDIR
2026-10-04T14:18:32.938709Z;/home/runner/work/JSON-java/JSON-java/target/test-classes/org;json;IN_ACCESS,IN_ISDIR
2026-10-04T14:18:32.939015Z;/home/runner/work/JSON-java/JSON-java/target/test-classes/org/json;;IN_ACCESS,IN_ISDIR
2026-10-04T14:18:32.939322Z;/home/runner/work/JSON-java/JSON-java/target/test-classes/org/json;junit;IN_ACCESS,IN_ISDIR
2026-10-04T14:18:32.939633Z;/home/runner/work/JSON-java/JSON-java/target/test-classes/org/json/junit;;IN_ACCESS,IN_ISDIR
2026-10-04T14:18:32.939923Z;/home/runner/work/JSON-java/JSON-java/target/test-classes/org/json;junit;IN_ACCESS,IN_ISDIR
2026-10-04T14:18:32.940294Z;/home/runner/work/JSON-java/JSON-java/target/test-classes/org/json/junit;;IN_ACCESS,IN_ISDIR
2026-10-04T14:18:32.940567Z;/home/runner/work/JSON-java/JSON-java/target/test-classes/org/json/junit;CookieTest.class;IN_DELETE
2026-10-04T14:18:32.940835Z;/home/runner/work/JSON-java/JSON-java/target/test-classes/org/json/junit;HTTPTokenerTest.class;IN_DELETE
2026-10-04T14:18:32.941188Z;/home/runner/work/JSON-java/JSON-java/target/test-classes/org/json/junit;EnumTest.class;IN_DELETE
2026-10-04T14:18:32.941551Z;/home/runner/work/JSON-java/JSON-java/target/test-classes/org/json/junit;JSONStringerTest.class;IN_DELETE
2026-10-04T14:18:32.941872Z;/home/runner/work/JSON-java/JSON-java/target/test-classes/org/json/junit;JSONArrayTest$1.class;IN_DELETE
2026-10-04T14:18:32.942158Z;/home/runner/work/JSON-java/JSON-java/target/test-classes/org/json/junit;XMLTest$4.class;IN_DELETE
2026-10-04T14:18:32.942426Z;/home/runner/work/JSON-java/JSON-java/target/test-classes/org/json/junit;XMLTest.class;IN_DELETE
2026-10-04T14:18:32.942685Z;/home/runner/work/JSON-java/JSON-java/target/test-classes/org/json/junit;StringBuilderWriterTest.class;IN_DELETE
2026-10-04T14:18:32.942986Z;/home/runner/work/JSON-java/JSON-java/target/test-classes/org/json/junit;JSONMLTest.class;IN_DELETE
2026-10-04T14:18:32.943301Z;/home/runner/work/JSON-java/JSON-java/target/test-classes/org/json/junit;XMLTest$6.class;IN_DELETE
2026-10-04T14:18:32.943702Z;/home/runner/work/JSON-java/JSON-java/target/test-classes/org/json/junit;JSONStringTest$NullStringValue.class;IN_DELETE
2026-10-04T14:18:32.944045Z;/home/runner/work/JSON-java/JSON-java/target/test-classes/org/json/junit;JSONArrayTest.class;IN_DELETE
2026-10-04T14:18:32.944364Z;/home/runner/work/JSON-java/JSON-java/target/test-classes/org/json/junit;JSONObjectLocaleTest.class;IN_DELETE
2026-10-04T14:18:32.944724Z;/home/runner/work/JSON-java/JSON-java/target/test-classes/org/json/junit;XMLTest$2.class;IN_DELETE
2026-10-04T14:18:32.945042Z;/home/runner/work/JSON-java/JSON-java/target/test-classes/org/json/junit;JSONStringTest$JSONStringExceptionValue.class;IN_DELETE
2026-10-04T14:18:32.945392Z;/home/runner/work/JSON-java/JSON-java/target/test-classes/org/json/junit;JSONObjectTest.class;IN_DELETE
2026-10-04T14:18:32.945693Z;/home/runner/work/JSON-java/JSON-java/target/test-classes/org/json/junit;JSONStringTest$StringValue.class;IN_DELETE
2026-10-04T14:18:32.945988Z;/home/runner/work/JSON-java/JSON-java/target/test-classes/org/json/junit;JSONStringTest.class;IN_DELETE
2026-10-04T14:18:32.946307Z;/home/runner/work/JSON-java/JSON-java/target/test-classes/org/json/junit;PropertyTest.class;IN_DELETE
2026-10-04T14:18:32.946624Z;/home/runner/work/JSON-java/JSON-java/target/test-classes/org/json/junit;XMLTest$7.class;IN_DELETE
2026-10-04T14:18:32.946948Z;/home/runner/work/JSON-java/JSON-java/target/test-classes/org/json/junit;HTTPTest.class;IN_DELETE
2026-10-04T14:18:32.947286Z;/home/runner/work/JSON-java/JSON-java/target/test-classes/org/json/junit;data;IN_ACCESS,IN_ISDIR
2026-10-04T14:18:32.947567Z;/home/runner/work/JSON-java/JSON-java/target/test-classes/org/json/junit/data;;IN_ACCESS,IN_ISDIR
2026-10-04T14:18:32.947863Z;/home/runner/work/JSON-java/JSON-java/target/test-classes/org/json/junit;data;IN_ACCESS,IN_ISDIR
2026-10-04T14:18:32.948155Z;/home/runner/work/JSON-java/JSON-java/target/test-classes/org/json/junit/data;;IN_ACCESS,IN_ISDIR
2026-10-04T14:18:32.948454Z;/home/runner/work/JSON-java/JSON-java/target/test-classes/org/json/junit/data;RecursiveBean.class;IN_DELETE
2026-10-04T14:18:32.948719Z;/home/runner/work/JSON-java/JSON-java/target/test-classes/org/json/junit/data;CustomClassJ.class;IN_DELETE
2026-10-04T14:18:32.949003Z;/home/runner/work/JSON-java/JSON-java/target/test-classes/org/json/junit/data;CustomClass.class;IN_DELETE
2026-10-04T14:18:32.949278Z;/home/runner/work/JSON-java/JSON-java/target/test-classes/org/json/junit/data;MyNumberContainer.class;IN_DELETE
2026-10-04T14:18:32.949542Z;/home/runner/work/JSON-java/JSON-java/target/test-classes/org/json/junit/data;MyEnumClass.class;IN_DELETE
2026-10-04T14:18:32.950639Z;/home/runner/work/JSON-java/JSON-java/target/test-classes/org/json/junit/data;MyEnumField.class;IN_DELETE
2026-10-04T14:18:32.953133Z;/home/runner/work/JSON-java/JSON-java/target/test-classes/org/json/junit/data;MyNumber.class;IN_DELETE
2026-10-04T14:18:32.956300Z;/home/runner/work/JSON-java/JSON-java/target/test-classes/org/json/junit/data;CustomClassI.class;IN_DELETE
2026-10-04T14:18:32.956636Z;/home/runner/work/JSON-java/JSON-java/target/test-classes/org/json/junit/data;MyPublicClass.class;IN_DELETE
2026-10-04T14:18:32.959283Z;/home/runner/work/JSON-java/JSON-java/target/test-classes/org/json/junit/data;CustomClassA.class;IN_DELETE
2026-10-04T14:18:32.959567Z;/home/runner/work/JSON-java/JSON-java/target/test-classes/org/json/junit/data;Fraction.class;IN_DELETE
2026-10-04T14:18:32.959821Z;/home/runner/work/JSON-java/JSON-java/target/test-classes/org/json/junit/data;ExceptionalBean.class;IN_DELETE
2026-10-04T14:18:32.960124Z;/home/runner/work/JSON-java/JSON-java/target/test-classes/org/json/junit/data;MyJsonString.class;IN_DELETE
2026-10-04T14:18:32.960398Z;/home/runner/work/JSON-java/JSON-java/target/test-classes/org/json/junit/data;CustomClassD.class;IN_DELETE
2026-10-04T14:18:32.960654Z;/home/runner/work/JSON-java/JSON-java/target/test-classes/org/json/junit/data;GenericBeanInt.class;IN_DELETE
2026-10-04T14:18:32.960909Z;/home/runner/work/JSON-java/JSON-java/target/test-classes/org/json/junit/data;GenericBean.class;IN_DELETE
2026-10-04T14:18:32.961167Z;/home/runner/work/JSON-java/JSON-java/target/test-classes/org/json/junit/data;RecursiveBeanEquals.class;IN_DELETE
2026-10-04T14:18:32.961410Z;/home/runner/work/JSON-java/JSON-java/target/test-classes/org/json/junit/data;Singleton.class;IN_DELETE
2026-10-04T14:18:32.961645Z;/home/runner/work/JSON-java/JSON-java/target/test-classes/org/json/junit/data;CustomClassG.class;IN_DELETE
2026-10-04T14:18:32.961878Z;/home/runner/work/JSON-java/JSON-java/target/test-classes/org/json/junit/data;MyBigNumberBean.class;IN_DELETE
2026-10-04T14:18:32.962176Z;/home/runner/work/JSON-java/JSON-java/target/test-classes/org/json/junit/data;MyBeanCustomNameInterface.class;IN_DELETE
2026-10-04T14:18:32.962474Z;/home/runner/work/JSON-java/JSON-java/target/test-classes/org/json/junit/data;ExceptionalBean$MyCloseable.class;IN_DELETE
2026-10-04T14:18:32.964132Z;/home/runner/work/JSON-java/JSON-java/target/test-classes/org/json/junit/data;CustomClassH.class;IN_DELETE
2026-10-04T14:18:32.964416Z;/home/runner/work/JSON-java/JSON-java/target/test-classes/org/json/junit/data;CustomClassF.class;IN_DELETE
2026-10-04T14:18:32.964720Z;/home/runner/work/JSON-java/JSON-java/target/test-classes/org/json/junit/data;StringsResourceBundle.class;IN_DELETE
2026-10-04T14:18:32.965029Z;/home/runner/work/JSON-java/JSON-java/target/test-classes/org/json/junit/data;MyBeanCustomNameSubClass.class;IN_DELETE
2026-10-04T14:18:32.965299Z;/home/runner/work/JSON-java/JSON-java/target/test-classes/org/json/junit/data;BrokenToString.class;IN_DELETE
2026-10-04T14:18:32.965555Z;/home/runner/work/JSON-java/JSON-java/target/test-classes/org/json/junit/data;CustomClassC.class;IN_DELETE
2026-10-04T14:18:32.965804Z;/home/runner/work/JSON-java/JSON-java/target/test-classes/org/json/junit/data;MyLocaleBean.class;IN_DELETE
2026-10-04T14:18:32.966044Z;/home/runner/work/JSON-java/JSON-java/target/test-classes/org/json/junit/data;WeirdList.class;IN_DELETE
2026-10-04T14:18:32.966341Z;/home/runner/work/JSON-java/JSON-java/target/test-classes/org/json/junit/data;PersonRecord.class;IN_DELETE
2026-10-04T14:18:32.966579Z;/home/runner/work/JSON-java/JSON-java/target/test-classes/org/json/junit/data;CustomClassB.class;IN_DELETE
2026-10-04T14:18:32.966842Z;/home/runner/work/JSON-java/JSON-java/target/test-classes/org/json/junit/data;MyBeanCustomName.class;IN_DELETE
2026-10-04T14:18:32.967124Z;/home/runner/work/JSON-java/JSON-java/target/test-classes/org/json/junit/data;MyEnum.class;IN_DELETE
2026-10-04T14:18:32.967376Z;/home/runner/work/JSON-java/JSON-java/target/test-classes/org/json/junit/data;CustomClassE.class;IN_DELETE
2026-10-04T14:18:32.969998Z;/home/runner/work/JSON-java/JSON-java/target/test-classes/org/json/junit/data;MyBean.class;IN_DELETE
2026-10-04T14:18:32.970279Z;/home/runner/work/JSON-java/JSON-java/target/test-classes/org/json/junit/data;SingletonEnum.class;IN_DELETE
2026-10-04T14:18:32.970523Z;/home/runner/work/JSON-java/JSON-java/target/test-classes/org/json/junit/data;;IN_IGNORED
2026-10-04T14:18:32.970792Z;/home/runner/work/JSON-java/JSON-java/target/test-classes/org/json/junit;data;IN_DELETE,IN_ISDIR
2026-10-04T14:18:32.971041Z;/home/runner/work/JSON-java/JSON-java/target/test-classes/org/json/junit;XMLConfigurationTest.class;IN_DELETE
2026-10-04T14:18:32.971308Z;/home/runner/work/JSON-java/JSON-java/target/test-classes/org/json/junit;JSONPointerTest.class;IN_DELETE
2026-10-04T14:18:32.971603Z;/home/runner/work/JSON-java/JSON-java/target/test-classes/org/json/junit;JSONStringTest$JSONStringValue.class;IN_DELETE
2026-10-04T14:18:32.971890Z;/home/runner/work/JSON-java/JSON-java/target/test-classes/org/json/junit;JSONStringTest$1.class;IN_DELETE
2026-10-04T14:18:32.972152Z;/home/runner/work/JSON-java/JSON-java/target/test-classes/org/json/junit;JSONObjectNumberTest.class;IN_DELETE
2026-10-04T14:18:32.973151Z;/home/runner/work/JSON-java/JSON-java/target/test-classes/org/json/junit;Util.class;IN_DELETE
2026-10-04T14:18:32.973412Z;/home/runner/work/JSON-java/JSON-java/target/test-classes/org/json/junit;XMLTokenerTest.class;IN_DELETE
2026-10-04T14:18:32.973663Z;/home/runner/work/JSON-java/JSON-java/target/test-classes/org/json/junit;CookieListTest.class;IN_DELETE
2026-10-04T14:18:32.973903Z;/home/runner/work/JSON-java/JSON-java/target/test-classes/org/json/junit;JSONParserConfigurationTest.class;IN_DELETE
2026-10-04T14:18:32.974157Z;/home/runner/work/JSON-java/JSON-java/target/test-classes/org/json/junit;JSONObjectRecordTest.class;IN_DELETE
2026-10-04T14:18:32.974402Z;/home/runner/work/JSON-java/JSON-java/target/test-classes/org/json/junit;JSONObjectTest$1.class;IN_DELETE
2026-10-04T14:18:32.974676Z;/home/runner/work/JSON-java/JSON-java/target/test-classes/org/json/junit;JSONObjectTest$2.class;IN_DELETE
2026-10-04T14:18:32.974902Z;/home/runner/work/JSON-java/JSON-java/target/test-classes/org/json/junit;JSONStringTest$JSONNullStringValue.class;IN_DELETE
2026-10-04T14:18:32.975175Z;/home/runner/work/JSON-java/JSON-java/target/test-classes/org/json/junit;CDLTest.class;IN_DELETE
2026-10-04T14:18:32.975397Z;/home/runner/work/JSON-java/JSON-java/target/test-classes/org/json/junit;XMLTest$5.class;IN_DELETE
2026-10-04T14:18:32.975614Z;/home/runner/work/JSON-java/JSON-java/target/test-classes/org/json/junit;XMLTest$3.class;IN_DELETE
2026-10-04T14:18:32.975820Z;/home/runner/work/JSON-java/JSON-java/target/test-classes/org/json/junit;XMLTest$1.class;IN_DELETE
2026-10-04T14:18:32.976028Z;/home/runner/work/JSON-java/JSON-java/target/test-classes/org/json/junit;JSONStringTest$MyEnum.class;IN_DELETE
2026-10-04T14:18:32.976246Z;/home/runner/work/JSON-java/JSON-java/target/test-classes/org/json/junit;JSONTokenerTest.class;IN_DELETE
2026-10-04T14:18:32.976479Z;/home/runner/work/JSON-java/JSON-java/target/test-classes/org/json/junit;;IN_IGNORED
2026-10-04T14:18:32.976764Z;/home/runner/work/JSON-java/JSON-java/target/test-classes/org/json;junit;IN_DELETE,IN_ISDIR
2026-10-04T14:18:32.977069Z;/home/runner/work/JSON-java/JSON-java/target/test-classes/org/json;;IN_IGNORED
2026-10-04T14:18:32.978149Z;/home/runner/work/JSON-java/JSON-java/target/test-classes/org;json;IN_DELETE,IN_ISDIR
2026-10-04T14:18:32.978399Z;/home/runner/work/JSON-java/JSON-java/target/test-classes/org;;IN_IGNORED
2026-10-04T14:18:32.978643Z;/home/runner/work/JSON-java/JSON-java/target/test-classes;org;IN_DELETE,IN_ISDIR
2026-10-04T14:18:32.978878Z;/home/runner/work/JSON-java/JSON-java/target/test-classes;;IN_IGNORED
2026-10-04T14:18:32.979136Z;/home/runner/work/JSON-java/JSON-java/target;test-classes;IN_DELETE,IN_ISDIR
2026-10-04T14:18:32.979377Z;/home/runner/work/JSON-java/JSON-java/target;generated-test-sources;IN_ACCESS,IN_ISDIR
2026-10-04T14:18:32.979743Z;/home/runner/work/JSON-java/JSON-java/target/generated-test-sources;;IN_ACCESS,IN_ISDIR
2026-10-04T14:18:32.980040Z;/home/runner/work/JSON-java/JSON-java/target;generated-test-sources;IN_ACCESS,IN_ISDIR
2026-10-04T14:18:32.980323Z;/home/runner/work/JSON-java/JSON-java/target/generated-test-sources;;IN_ACCESS,IN_ISDIR
2026-10-04T14:18:32.980574Z;/home/runner/work/JSON-java/JSON-java/target/generated-test-sources;test-annotations;IN_ACCESS,IN_ISDIR
2026-10-04T14:18:32.980821Z;/home/runner/work/JSON-java/JSON-java/target/generated-test-sources/test-annotations;;IN_ACCESS,IN_ISDIR
2026-10-04T14:18:32.981064Z;/home/runner/work/JSON-java/JSON-java/target/generated-test-sources;test-annotations;IN_ACCESS,IN_ISDIR
2026-10-04T14:18:32.981413Z;/home/runner/work/JSON-java/JSON-java/target/generated-test-sources/test-annotations;;IN_ACCESS,IN_ISDIR
2026-10-04T14:18:32.981653Z;/home/runner/work/JSON-java/JSON-java/target/generated-test-sources/test-annotations;;IN_IGNORED
2026-10-04T14:18:32.981880Z;/home/runner/work/JSON-java/JSON-java/target/generated-test-sources;test-annotations;IN_DELETE,IN_ISDIR
2026-10-04T14:18:32.983721Z;/home/runner/work/JSON-java/JSON-java/target/generated-test-sources;;IN_IGNORED
2026-10-04T14:18:32.983980Z;/home/runner/work/JSON-java/JSON-java/target;generated-test-sources;IN_DELETE,IN_ISDIR
2026-10-04T14:18:32.987675Z;/home/runner/work/JSON-java/JSON-java/target;surefire-reports;IN_ACCESS,IN_ISDIR
2026-10-04T14:18:32.988028Z;/home/runner/work/JSON-java/JSON-java/target/surefire-reports;;IN_ACCESS,IN_ISDIR
2026-10-04T14:18:32.988473Z;/home/runner/work/JSON-java/JSON-java/target;surefire-reports;IN_ACCESS,IN_ISDIR
2026-10-04T14:18:32.988830Z;/home/runner/work/JSON-java/JSON-java/target/surefire-reports;;IN_ACCESS,IN_ISDIR
2026-10-04T14:18:32.990728Z;/home/runner/work/JSON-java/JSON-java/target/surefire-reports;org.json.junit.JSONPointerTest.txt;IN_DELETE
2026-10-04T14:18:32.991045Z;/home/runner/work/JSON-java/JSON-java/target/surefire-reports;org.json.junit.CookieListTest.txt;IN_DELETE
2026-10-04T14:18:32.991307Z;/home/runner/work/JSON-java/JSON-java/target/surefire-reports;org.json.junit.HTTPTest.txt;IN_DELETE
2026-10-04T14:18:32.991565Z;/home/runner/work/JSON-java/JSON-java/target/surefire-reports;TEST-org.json.junit.HTTPTokenerTest.xml;IN_DELETE
2026-10-04T14:18:32.991821Z;/home/runner/work/JSON-java/JSON-java/target/surefire-reports;org.json.junit.JSONObjectTest.txt;IN_DELETE
2026-10-04T14:18:32.992170Z;/home/runner/work/JSON-java/JSON-java/target/surefire-reports;TEST-org.json.junit.JSONTokenerTest.xml;IN_DELETE
2026-10-04T14:18:32.992425Z;/home/runner/work/JSON-java/JSON-java/target/surefire-reports;org.json.junit.CDLTest.txt;IN_DELETE
2026-10-04T14:18:32.992719Z;/home/runner/work/JSON-java/JSON-java/target/surefire-reports;TEST-org.json.junit.JSONPointerTest.xml;IN_DELETE
2026-10-04T14:18:32.993222Z;/home/runner/work/JSON-java/JSON-java/target/surefire-reports;TEST-org.json.junit.EnumTest.xml;IN_DELETE
2026-10-04T14:18:32.995364Z;/home/runner/work/JSON-java/JSON-java/target/surefire-reports;org.json.junit.XMLTokenerTest.txt;IN_DELETE
2026-10-04T14:18:32.995682Z;/home/runner/work/JSON-java/JSON-java/target/surefire-reports;TEST-org.json.junit.JSONStringTest.xml;IN_DELETE
2026-10-04T14:18:32.995962Z;/home/runner/work/JSON-java/JSON-java/target/surefire-reports;TEST-org.json.junit.JSONObjectRecordTest.xml;IN_DELETE
2026-10-04T14:18:32.996249Z;/home/runner/work/JSON-java/JSON-java/target/surefire-reports;TEST-org.json.junit.CDLTest.xml;IN_DELETE
2026-10-04T14:18:32.996524Z;/home/runner/work/JSON-java/JSON-java/target/surefire-reports;org.json.junit.JSONTokenerTest.txt;IN_DELETE
2026-10-04T14:18:32.996814Z;/home/runner/work/JSON-java/JSON-java/target/surefire-reports;org.json.junit.XMLConfigurationTest.txt;IN_DELETE
2026-10-04T14:18:32.997063Z;/home/runner/work/JSON-java/JSON-java/target/surefire-reports;org.json.junit.JSONStringTest.txt;IN_DELETE
2026-10-04T14:18:32.997312Z;/home/runner/work/JSON-java/JSON-java/target/surefire-reports;TEST-org.json.junit.JSONParserConfigurationTest.xml;IN_DELETE
2026-10-04T14:18:32.997684Z;/home/runner/work/JSON-java/JSON-java/target/surefire-reports;TEST-org.json.junit.JSONObjectNumberTest.xml;IN_DELETE
2026-10-04T14:18:32.998126Z;/home/runner/work/JSON-java/JSON-java/target/surefire-reports;org.json.junit.StringBuilderWriterTest.txt;IN_DELETE
2026-10-04T14:18:32.998395Z;/home/runner/work/JSON-java/JSON-java/target/surefire-reports;TEST-org.json.junit.JSONObjectTest.xml;IN_DELETE
2026-10-04T14:18:32.998679Z;/home/runner/work/JSON-java/JSON-java/target/surefire-reports;org.json.junit.JSONObjectRecordTest.txt;IN_DELETE
2026-10-04T14:18:32.998952Z;/home/runner/work/JSON-java/JSON-java/target/surefire-reports;TEST-org.json.junit.JSONArrayTest.xml;IN_DELETE
2026-10-04T14:18:32.999275Z;/home/runner/work/JSON-java/JSON-java/target/surefire-reports;TEST-org.json.junit.CookieTest.xml;IN_DELETE
2026-10-04T14:18:32.999564Z;/home/runner/work/JSON-java/JSON-java/target/surefire-reports;org.json.junit.PropertyTest.txt;IN_DELETE
2026-10-04T14:18:32.999906Z;/home/runner/work/JSON-java/JSON-java/target/surefire-reports;TEST-org.json.junit.JSONMLTest.xml;IN_DELETE
2026-10-04T14:18:33.000425Z;/home/runner/work/JSON-java/JSON-java/target/surefire-reports;org.json.junit.EnumTest.txt;IN_DELETE
2026-10-04T14:18:33.000823Z;/home/runner/work/JSON-java/JSON-java/target/surefire-reports;TEST-org.json.junit.HTTPTest.xml;IN_DELETE
2026-10-04T14:18:33.001157Z;/home/runner/work/JSON-java/JSON-java/target/surefire-reports;org.json.junit.JSONObjectNumberTest.txt;IN_DELETE
2026-10-04T14:18:33.001511Z;/home/runner/work/JSON-java/JSON-java/target/surefire-reports;org.json.junit.CookieTest.txt;IN_DELETE
2026-10-04T14:18:33.001881Z;/home/runner/work/JSON-java/JSON-java/target/surefire-reports;org.json.junit.JSONArrayTest.txt;IN_DELETE
2026-10-04T14:18:33.002233Z;/home/runner/work/JSON-java/JSON-java/target/surefire-reports;TEST-org.json.junit.XMLConfigurationTest.xml;IN_DELETE
2026-10-04T14:18:33.002582Z;/home/runner/work/JSON-java/JSON-java/target/surefire-reports;org.json.junit.XMLTest.txt;IN_DELETE
2026-10-04T14:18:33.002935Z;/home/runner/work/JSON-java/JSON-java/target/surefire-reports;TEST-org.json.junit.JSONObjectLocaleTest.xml;IN_DELETE
2026-10-04T14:18:33.003268Z;/home/runner/work/JSON-java/JSON-java/target/surefire-reports;TEST-org.json.junit.CookieListTest.xml;IN_DELETE
2026-10-04T14:18:33.003651Z;/home/runner/work/JSON-java/JSON-java/target/surefire-reports;org.json.junit.JSONParserConfigurationTest.txt;IN_DELETE
2026-10-04T14:18:33.004009Z;/home/runner/work/JSON-java/JSON-java/target/surefire-reports;TEST-org.json.junit.JSONStringerTest.xml;IN_DELETE
2026-10-04T14:18:33.004377Z;/home/runner/work/JSON-java/JSON-java/target/surefire-reports;TEST-org.json.junit.XMLTest.xml;IN_DELETE
2026-10-04T14:18:33.004717Z;/home/runner/work/JSON-java/JSON-java/target/surefire-reports;org.json.junit.JSONStringerTest.txt;IN_DELETE
2026-10-04T14:18:33.005057Z;/home/runner/work/JSON-java/JSON-java/target/surefire-reports;org.json.junit.JSONObjectLocaleTest.txt;IN_DELETE
2026-10-04T14:18:33.005410Z;/home/runner/work/JSON-java/JSON-java/target/surefire-reports;org.json.junit.HTTPTokenerTest.txt;IN_DELETE
2026-10-04T14:18:33.005689Z;/home/runner/work/JSON-java/JSON-java/target/surefire-reports;TEST-org.json.junit.PropertyTest.xml;IN_DELETE
2026-10-04T14:18:33.005947Z;/home/runner/work/JSON-java/JSON-java/target/surefire-reports;TEST-org.json.junit.StringBuilderWriterTest.xml;IN_DELETE
2026-10-04T14:18:33.006239Z;/home/runner/work/JSON-java/JSON-java/target/surefire-reports;TEST-org.json.junit.XMLTokenerTest.xml;IN_DELETE
2026-10-04T14:18:33.006515Z;/home/runner/work/JSON-java/JSON-java/target/surefire-reports;org.json.junit.JSONMLTest.txt;IN_DELETE
2026-10-04T14:18:33.006816Z;/home/runner/work/JSON-java/JSON-java/target/surefire-reports;;IN_IGNORED
2026-10-04T14:18:33.007123Z;/home/runner/work/JSON-java/JSON-java/target;surefire-reports;IN_DELETE,IN_ISDIR
2026-10-04T14:18:33.007458Z;/home/runner/work/JSON-java/JSON-java/target;reports;IN_ACCESS,IN_ISDIR
2026-10-04T14:18:33.007892Z;/home/runner/work/JSON-java/JSON-java/target/reports;;IN_ACCESS,IN_ISDIR
2026-10-04T14:18:33.008162Z;/home/runner/work/JSON-java/JSON-java/target;reports;IN_ACCESS,IN_ISDIR
2026-10-04T14:18:33.008878Z;/home/runner/work/JSON-java/JSON-java/target/reports;;IN_ACCESS,IN_ISDIR
2026-10-04T14:18:33.009175Z;/home/runner/work/JSON-java/JSON-java/target/reports;fonts;IN_ACCESS,IN_ISDIR
2026-10-04T14:18:33.009434Z;/home/runner/work/JSON-java/JSON-java/target/reports/fonts;;IN_ACCESS,IN_ISDIR
2026-10-04T14:18:33.009752Z;/home/runner/work/JSON-java/JSON-java/target/reports;fonts;IN_ACCESS,IN_ISDIR
2026-10-04T14:18:33.010024Z;/home/runner/work/JSON-java/JSON-java/target/reports/fonts;;IN_ACCESS,IN_ISDIR
2026-10-04T14:18:33.010276Z;/home/runner/work/JSON-java/JSON-java/target/reports/fonts;glyphicons-halflings-regular.eot;IN_DELETE
2026-10-04T14:18:33.010650Z;/home/runner/work/JSON-java/JSON-java/target/reports/fonts;glyphicons-halflings-regular.svg;IN_DELETE
2026-10-04T14:18:33.010954Z;/home/runner/work/JSON-java/JSON-java/target/reports/fonts;glyphicons-halflings-regular.woff;IN_DELETE
2026-10-04T14:18:33.011231Z;/home/runner/work/JSON-java/JSON-java/target/reports/fonts;glyphicons-halflings-regular.ttf;IN_DELETE
2026-10-04T14:18:33.011484Z;/home/runner/work/JSON-java/JSON-java/target/reports/fonts;;IN_IGNORED
2026-10-04T14:18:33.011783Z;/home/runner/work/JSON-java/JSON-java/target/reports;fonts;IN_DELETE,IN_ISDIR
2026-10-04T14:18:33.012053Z;/home/runner/work/JSON-java/JSON-java/target/reports;images;IN_ACCESS,IN_ISDIR
2026-10-04T14:18:33.012315Z;/home/runner/work/JSON-java/JSON-java/target/reports/images;;IN_ACCESS,IN_ISDIR
2026-10-04T14:18:33.012579Z;/home/runner/work/JSON-java/JSON-java/target/reports;images;IN_ACCESS,IN_ISDIR
2026-10-04T14:18:33.012848Z;/home/runner/work/JSON-java/JSON-java/target/reports/images;;IN_ACCESS,IN_ISDIR
2026-10-04T14:18:33.013106Z;/home/runner/work/JSON-java/JSON-java/target/reports/images;image-x-generic.png;IN_DELETE
2026-10-04T14:18:33.013424Z;/home/runner/work/JSON-java/JSON-java/target/reports/images;rss.png;IN_DELETE
2026-10-04T14:18:33.013673Z;/home/runner/work/JSON-java/JSON-java/target/reports/images;icon_help_sml.gif;IN_DELETE
2026-10-04T14:18:33.013925Z;/home/runner/work/JSON-java/JSON-java/target/reports/images;contact-new.png;IN_DELETE
2026-10-04T14:18:33.014164Z;/home/runner/work/JSON-java/JSON-java/target/reports/images;document-properties.png;IN_DELETE
2026-10-04T14:18:33.014399Z;/home/runner/work/JSON-java/JSON-java/target/reports/images;application-certificate.png;IN_DELETE
2026-10-04T14:18:33.014641Z;/home/runner/work/JSON-java/JSON-java/target/reports/images;profiles;IN_ACCESS,IN_ISDIR
2026-10-04T14:18:33.014885Z;/home/runner/work/JSON-java/JSON-java/target/reports/images/profiles;;IN_ACCESS,IN_ISDIR
2026-10-04T14:18:33.015150Z;/home/runner/work/JSON-java/JSON-java/target/reports/images;profiles;IN_ACCESS,IN_ISDIR
2026-10-04T14:18:33.015420Z;/home/runner/work/JSON-java/JSON-java/target/reports/images/profiles;;IN_ACCESS,IN_ISDIR
2026-10-04T14:18:33.015664Z;/home/runner/work/JSON-java/JSON-java/target/reports/images/profiles;retired.png;IN_DELETE
2026-10-04T14:18:33.016067Z;/home/runner/work/JSON-java/JSON-java/target/reports/images/profiles;sandbox.png;IN_DELETE
2026-10-04T14:18:33.016403Z;/home/runner/work/JSON-java/JSON-java/target/reports/images/profiles;pre-release.png;IN_DELETE
2026-10-04T14:18:33.016717Z;/home/runner/work/JSON-java/JSON-java/target/reports/images/profiles;;IN_IGNORED
2026-10-04T14:18:33.017070Z;/home/runner/work/JSON-java/JSON-java/target/reports/images;profiles;IN_DELETE,IN_ISDIR
2026-10-04T14:18:33.017367Z;/home/runner/work/JSON-java/JSON-java/target/reports/images;update.gif;IN_DELETE
2026-10-04T14:18:33.017652Z;/home/runner/work/JSON-java/JSON-java/target/reports/images;logos;IN_ACCESS,IN_ISDIR
2026-10-04T14:18:33.017910Z;/home/runner/work/JSON-java/JSON-java/target/reports/images/logos;;IN_ACCESS,IN_ISDIR
2026-10-04T14:18:33.018168Z;/home/runner/work/JSON-java/JSON-java/target/reports/images;logos;IN_ACCESS,IN_ISDIR
2026-10-04T14:18:33.018516Z;/home/runner/work/JSON-java/JSON-java/target/reports/images/logos;;IN_ACCESS,IN_ISDIR
2026-10-04T14:18:33.018747Z;/home/runner/work/JSON-java/JSON-java/target/reports/images/logos;build-by-maven-black.png;IN_DELETE
2026-10-04T14:18:33.018973Z;/home/runner/work/JSON-java/JSON-java/target/reports/images/logos;maven-feather.png;IN_DELETE
2026-10-04T14:18:33.019268Z;/home/runner/work/JSON-java/JSON-java/target/reports/images/logos;build-by-maven-white.png;IN_DELETE
2026-10-04T14:18:33.019511Z;/home/runner/work/JSON-java/JSON-java/target/reports/images/logos;;IN_IGNORED
2026-10-04T14:18:33.019774Z;/home/runner/work/JSON-java/JSON-java/target/reports/images;logos;IN_DELETE,IN_ISDIR
2026-10-04T14:18:33.020040Z;/home/runner/work/JSON-java/JSON-java/target/reports/images;drive-harddisk.png;IN_DELETE
2026-10-04T14:18:33.020290Z;/home/runner/work/JSON-java/JSON-java/target/reports/images;add.gif;IN_DELETE
2026-10-04T14:18:33.020559Z;/home/runner/work/JSON-java/JSON-java/target/reports/images;internet-web-browser.png;IN_DELETE
2026-10-04T14:18:33.020805Z;/home/runner/work/JSON-java/JSON-java/target/reports/images;fix.gif;IN_DELETE
2026-10-04T14:18:33.021041Z;/home/runner/work/JSON-java/JSON-java/target/reports/images;accessories-text-editor.png;IN_DELETE
2026-10-04T14:18:33.021361Z;/home/runner/work/JSON-java/JSON-java/target/reports/images;remove.gif;IN_DELETE
2026-10-04T14:18:33.021618Z;/home/runner/work/JSON-java/JSON-java/target/reports/images;package-x-generic.png;IN_DELETE
2026-10-04T14:18:33.021854Z;/home/runner/work/JSON-java/JSON-java/target/reports/images;icon_info_sml.gif;IN_DELETE
2026-10-04T14:18:33.022159Z;/home/runner/work/JSON-java/JSON-java/target/reports/images;icon_warning_sml.gif;IN_DELETE
2026-10-04T14:18:33.022530Z;/home/runner/work/JSON-java/JSON-java/target/reports/images;network-server.png;IN_DELETE
2026-10-04T14:18:33.022851Z;/home/runner/work/JSON-java/JSON-java/target/reports/images;window-new.png;IN_DELETE
2026-10-04T14:18:33.023152Z;/home/runner/work/JSON-java/JSON-java/target/reports/images;icon_success_sml.gif;IN_DELETE
2026-10-04T14:18:33.023396Z;/home/runner/work/JSON-java/JSON-java/target/reports/images;apache-maven-project-2.png;IN_DELETE
2026-10-04T14:18:33.023635Z;/home/runner/work/JSON-java/JSON-java/target/reports/images;icon_error_sml.gif;IN_DELETE
2026-10-04T14:18:33.023873Z;/home/runner/work/JSON-java/JSON-java/target/reports/images;;IN_IGNORED
2026-10-04T14:18:33.024150Z;/home/runner/work/JSON-java/JSON-java/target/reports;images;IN_DELETE,IN_ISDIR
2026-10-04T14:18:33.024429Z;/home/runner/work/JSON-java/JSON-java/target/reports;img;IN_ACCESS,IN_ISDIR
2026-10-04T14:18:33.024692Z;/home/runner/work/JSON-java/JSON-java/target/reports;img;IN_DELETE,IN_ISDIR
2026-10-04T14:18:33.024959Z;/home/runner/work/JSON-java/JSON-java/target/reports;css;IN_ACCESS,IN_ISDIR
2026-10-04T14:18:33.025242Z;/home/runner/work/JSON-java/JSON-java/target/reports/css;;IN_ACCESS,IN_ISDIR
2026-10-04T14:18:33.025498Z;/home/runner/work/JSON-java/JSON-java/target/reports;css;IN_ACCESS,IN_ISDIR
2026-10-04T14:18:33.025759Z;/home/runner/work/JSON-java/JSON-java/target/reports/css;;IN_ACCESS,IN_ISDIR
2026-10-04T14:18:33.026009Z;/home/runner/work/JSON-java/JSON-java/target/reports/css;apache-maven-fluido-2.0.0-M9.min.css;IN_DELETE
2026-10-04T14:18:33.026394Z;/home/runner/work/JSON-java/JSON-java/target/reports/css;site.css;IN_DELETE
2026-10-04T14:18:33.026706Z;/home/runner/work/JSON-java/JSON-java/target/reports/css;print.css;IN_DELETE
2026-10-04T14:18:33.026960Z;/home/runner/work/JSON-java/JSON-java/target/reports/css;;IN_IGNORED
2026-10-04T14:18:33.027256Z;/home/runner/work/JSON-java/JSON-java/target/reports;css;IN_DELETE,IN_ISDIR
2026-10-04T14:18:33.027511Z;/home/runner/work/JSON-java/JSON-java/target/reports;surefire.html;IN_DELETE
2026-10-04T14:18:33.027771Z;/home/runner/work/JSON-java/JSON-java/target/reports;js;IN_ACCESS,IN_ISDIR
2026-10-04T14:18:33.028032Z;/home/runner/work/JSON-java/JSON-java/target/reports;js;IN_DELETE,IN_ISDIR
2026-10-04T14:18:33.028282Z;/home/runner/work/JSON-java/JSON-java/target/reports;;IN_IGNORED
2026-10-04T14:18:33.028642Z;/home/runner/work/JSON-java/JSON-java/target;reports;IN_DELETE,IN_ISDIR
2026-10-04T14:18:33.028907Z;/home/runner/work/JSON-java/JSON-java/target;site;IN_ACCESS,IN_ISDIR
2026-10-04T14:18:33.029173Z;/home/runner/work/JSON-java/JSON-java/target/site;;IN_ACCESS,IN_ISDIR
2026-10-04T14:18:33.029417Z;/home/runner/work/JSON-java/JSON-java/target;site;IN_ACCESS,IN_ISDIR
2026-10-04T14:18:33.030757Z;/home/runner/work/JSON-java/JSON-java/target/site;;IN_ACCESS,IN_ISDIR
2026-10-04T14:18:33.031032Z;/home/runner/work/JSON-java/JSON-java/target/site;images;IN_ACCESS,IN_ISDIR
2026-10-04T14:18:33.031774Z;/home/runner/work/JSON-java/JSON-java/target/site/images;;IN_ACCESS,IN_ISDIR
2026-10-04T14:18:33.032250Z;/home/runner/work/JSON-java/JSON-java/target/site;images;IN_ACCESS,IN_ISDIR
2026-10-04T14:18:33.032561Z;/home/runner/work/JSON-java/JSON-java/target/site/images;;IN_ACCESS,IN_ISDIR
2026-10-04T14:18:33.033603Z;/home/runner/work/JSON-java/JSON-java/target/site/images;external.png;IN_DELETE
2026-10-04T14:18:33.033942Z;/home/runner/work/JSON-java/JSON-java/target/site/images;newwindow.png;IN_DELETE
2026-10-04T14:18:33.034283Z;/home/runner/work/JSON-java/JSON-java/target/site/images;collapsed.gif;IN_DELETE
2026-10-04T14:18:33.034661Z;/home/runner/work/JSON-java/JSON-java/target/site/images;logos;IN_ACCESS,IN_ISDIR
2026-10-04T14:18:33.034959Z;/home/runner/work/JSON-java/JSON-java/target/site/images/logos;;IN_ACCESS,IN_ISDIR
2026-10-04T14:18:33.035269Z;/home/runner/work/JSON-java/JSON-java/target/site/images;logos;IN_ACCESS,IN_ISDIR
2026-10-04T14:18:33.035549Z;/home/runner/work/JSON-java/JSON-java/target/site/images/logos;;IN_ACCESS,IN_ISDIR
2026-10-04T14:18:33.035843Z;/home/runner/work/JSON-java/JSON-java/target/site/images/logos;build-by-maven-black.png;IN_DELETE
2026-10-04T14:18:33.036181Z;/home/runner/work/JSON-java/JSON-java/target/site/images/logos;maven-feather.png;IN_DELETE
2026-10-04T14:18:33.036503Z;/home/runner/work/JSON-java/JSON-java/target/site/images/logos;build-by-maven-white.png;IN_DELETE
2026-10-04T14:18:33.036820Z;/home/runner/work/JSON-java/JSON-java/target/site/images/logos;;IN_IGNORED
2026-10-04T14:18:33.037186Z;/home/runner/work/JSON-java/JSON-java/target/site/images;logos;IN_DELETE,IN_ISDIR
2026-10-04T14:18:33.037502Z;/home/runner/work/JSON-java/JSON-java/target/site/images;expanded.gif;IN_DELETE
2026-10-04T14:18:33.037800Z;/home/runner/work/JSON-java/JSON-java/target/site/images;icon_info_sml.gif;IN_DELETE
2026-10-04T14:18:33.038249Z;/home/runner/work/JSON-java/JSON-java/target/site/images;icon_warning_sml.gif;IN_DELETE
2026-10-04T14:18:33.038538Z;/home/runner/work/JSON-java/JSON-java/target/site/images;icon_success_sml.gif;IN_DELETE
2026-10-04T14:18:33.038828Z;/home/runner/work/JSON-java/JSON-java/target/site/images;icon_error_sml.gif;IN_DELETE
2026-10-04T14:18:33.039150Z;/home/runner/work/JSON-java/JSON-java/target/site/images;;IN_IGNORED
2026-10-04T14:18:33.039404Z;/home/runner/work/JSON-java/JSON-java/target/site;images;IN_DELETE,IN_ISDIR
2026-10-04T14:18:33.039675Z;/home/runner/work/JSON-java/JSON-java/target/site;css;IN_ACCESS,IN_ISDIR
2026-10-04T14:18:33.039950Z;/home/runner/work/JSON-java/JSON-java/target/site/css;;IN_ACCESS,IN_ISDIR
2026-10-04T14:18:33.040264Z;/home/runner/work/JSON-java/JSON-java/target/site;css;IN_ACCESS,IN_ISDIR
2026-10-04T14:18:33.040704Z;/home/runner/work/JSON-java/JSON-java/target/site/css;;IN_ACCESS,IN_ISDIR
2026-10-04T14:18:33.040964Z;/home/runner/work/JSON-java/JSON-java/target/site/css;maven-base.css;IN_DELETE
2026-10-04T14:18:33.041387Z;/home/runner/work/JSON-java/JSON-java/target/site/css;maven-theme.css;IN_DELETE
2026-10-04T14:18:33.041742Z;/home/runner/work/JSON-java/JSON-java/target/site/css;site.css;IN_DELETE
2026-10-04T14:18:33.042042Z;/home/runner/work/JSON-java/JSON-java/target/site/css;print.css;IN_DELETE
2026-10-04T14:18:33.042349Z;/home/runner/work/JSON-java/JSON-java/target/site/css;;IN_IGNORED
2026-10-04T14:18:33.042682Z;/home/runner/work/JSON-java/JSON-java/target/site;css;IN_DELETE,IN_ISDIR
2026-10-04T14:18:33.043127Z;/home/runner/work/JSON-java/JSON-java/target/site;;IN_IGNORED
2026-10-04T14:18:33.043579Z;/home/runner/work/JSON-java/JSON-java/target;site;IN_DELETE,IN_ISDIR
2026-10-04T14:18:33.043910Z;/home/runner/work/JSON-java/JSON-java/target;generated-sources;IN_ACCESS,IN_ISDIR
2026-10-04T14:18:33.044195Z;/home/runner/work/JSON-java/JSON-java/target/generated-sources;;IN_ACCESS,IN_ISDIR
2026-10-04T14:18:33.044475Z;/home/runner/work/JSON-java/JSON-java/target;generated-sources;IN_ACCESS,IN_ISDIR
2026-10-04T14:18:33.044763Z;/home/runner/work/JSON-java/JSON-java/target/generated-sources;;IN_ACCESS,IN_ISDIR
2026-10-04T14:18:33.045025Z;/home/runner/work/JSON-java/JSON-java/target/generated-sources;annotations;IN_ACCESS,IN_ISDIR
2026-10-04T14:18:33.045340Z;/home/runner/work/JSON-java/JSON-java/target/generated-sources/annotations;;IN_ACCESS,IN_ISDIR
2026-10-04T14:18:33.045627Z;/home/runner/work/JSON-java/JSON-java/target/generated-sources;annotations;IN_ACCESS,IN_ISDIR
2026-10-04T14:18:33.045956Z;/home/runner/work/JSON-java/JSON-java/target/generated-sources/annotations;;IN_ACCESS,IN_ISDIR
2026-10-04T14:18:33.046230Z;/home/runner/work/JSON-java/JSON-java/target/generated-sources/annotations;;IN_IGNORED
2026-10-04T14:18:33.046498Z;/home/runner/work/JSON-java/JSON-java/target/generated-sources;annotations;IN_DELETE,IN_ISDIR
2026-10-04T14:18:33.046742Z;/home/runner/work/JSON-java/JSON-java/target/generated-sources;;IN_IGNORED
2026-10-04T14:18:33.047008Z;/home/runner/work/JSON-java/JSON-java/target;generated-sources;IN_DELETE,IN_ISDIR
2026-10-04T14:18:33.047423Z;/home/runner/work/JSON-java/JSON-java/target;classes;IN_ACCESS,IN_ISDIR
2026-10-04T14:18:33.047889Z;/home/runner/work/JSON-java/JSON-java/target/classes;;IN_ACCESS,IN_ISDIR
2026-10-04T14:18:33.048175Z;/home/runner/work/JSON-java/JSON-java/target;classes;IN_ACCESS,IN_ISDIR
2026-10-04T14:18:33.048458Z;/home/runner/work/JSON-java/JSON-java/target/classes;;IN_ACCESS,IN_ISDIR
2026-10-04T14:18:33.048736Z;/home/runner/work/JSON-java/JSON-java/target/classes;org;IN_ACCESS,IN_ISDIR
2026-10-04T14:18:33.049001Z;/home/runner/work/JSON-java/JSON-java/target/classes/org;;IN_ACCESS,IN_ISDIR
2026-10-04T14:18:33.049287Z;/home/runner/work/JSON-java/JSON-java/target/classes;org;IN_ACCESS,IN_ISDIR
2026-10-04T14:18:33.049563Z;/home/runner/work/JSON-java/JSON-java/target/classes/org;;IN_ACCESS,IN_ISDIR
2026-10-04T14:18:33.049822Z;/home/runner/work/JSON-java/JSON-java/target/classes/org;json;IN_ACCESS,IN_ISDIR
2026-10-04T14:18:33.050086Z;/home/runner/work/JSON-java/JSON-java/target/classes/org/json;;IN_ACCESS,IN_ISDIR
2026-10-04T14:18:33.050356Z;/home/runner/work/JSON-java/JSON-java/target/classes/org;json;IN_ACCESS,IN_ISDIR
2026-10-04T14:18:33.053283Z;/home/runner/work/JSON-java/JSON-java/target/classes/org/json;;IN_ACCESS,IN_ISDIR
2026-10-04T14:18:33.053533Z;/home/runner/work/JSON-java/JSON-java/target/classes/org/json;Property.class;IN_DELETE
2026-10-04T14:18:33.053816Z;/home/runner/work/JSON-java/JSON-java/target/classes/org/json;JSONTokener.class;IN_DELETE
2026-10-04T14:18:33.054063Z;/home/runner/work/JSON-java/JSON-java/target/classes/org/json;JSONMLParserConfiguration.class;IN_DELETE
2026-10-04T14:18:33.054330Z;/home/runner/work/JSON-java/JSON-java/target/classes/org/json;JSONObject$Null.class;IN_DELETE
2026-10-04T14:18:33.054568Z;/home/runner/work/JSON-java/JSON-java/target/classes/org/json;JSONWriter.class;IN_DELETE
2026-10-04T14:18:33.054864Z;/home/runner/work/JSON-java/JSON-java/target/classes/org/json;JSONML.class;IN_DELETE
2026-10-04T14:18:33.055158Z;/home/runner/work/JSON-java/JSON-java/target/classes/org/json;XML$1$1.class;IN_DELETE
2026-10-04T14:18:33.055420Z;/home/runner/work/JSON-java/JSON-java/target/classes/org/json;JSONString.class;IN_DELETE
2026-10-04T14:18:33.055647Z;/home/runner/work/JSON-java/JSON-java/target/classes/org/json;JSONPropertyIgnore.class;IN_DELETE
2026-10-04T14:18:33.055881Z;/home/runner/work/JSON-java/JSON-java/target/classes/org/json;JSONPointerException.class;IN_DELETE
2026-10-04T14:18:33.056129Z;/home/runner/work/JSON-java/JSON-java/target/classes/org/json;HTTP.class;IN_DELETE
2026-10-04T14:18:33.056470Z;/home/runner/work/JSON-java/JSON-java/target/classes/org/json;JSONPointer$Builder.class;IN_DELETE
2026-10-04T14:18:33.056713Z;/home/runner/work/JSON-java/JSON-java/target/classes/org/json;JSONParserConfiguration.class;IN_DELETE
2026-10-04T14:18:33.056957Z;/home/runner/work/JSON-java/JSON-java/target/classes/org/json;JSONStringer.class;IN_DELETE
2026-10-04T14:18:33.057234Z;/home/runner/work/JSON-java/JSON-java/target/classes/org/json;ParserConfiguration.class;IN_DELETE
2026-10-04T14:18:33.057476Z;/home/runner/work/JSON-java/JSON-java/target/classes/org/json;JSONArray.class;IN_DELETE
2026-10-04T14:18:33.057713Z;/home/runner/work/JSON-java/JSON-java/target/classes/org/json;XML.class;IN_DELETE
2026-10-04T14:18:33.057950Z;/home/runner/work/JSON-java/JSON-java/target/classes/org/json;JSONObject$1.class;IN_DELETE
2026-10-04T14:18:33.059742Z;/home/runner/work/JSON-java/JSON-java/target/classes/org/json;XML$1.class;IN_DELETE
2026-10-04T14:18:33.060015Z;/home/runner/work/JSON-java/JSON-java/target/classes/org/json;CookieList.class;IN_DELETE
2026-10-04T14:18:33.060335Z;/home/runner/work/JSON-java/JSON-java/target/classes/org/json;StringBuilderWriter.class;IN_DELETE
2026-10-04T14:18:33.060599Z;/home/runner/work/JSON-java/JSON-java/target/classes/org/json;JSONObject.class;IN_DELETE
2026-10-04T14:18:33.060837Z;/home/runner/work/JSON-java/JSON-java/target/classes/org/json;Cookie.class;IN_DELETE
2026-10-04T14:18:33.061106Z;/home/runner/work/JSON-java/JSON-java/target/classes/org/json;JSONPointer.class;IN_DELETE
2026-10-04T14:18:33.061409Z;/home/runner/work/JSON-java/JSON-java/target/classes/org/json;JSONException.class;IN_DELETE
2026-10-04T14:18:33.061657Z;/home/runner/work/JSON-java/JSON-java/target/classes/org/json;JSONPropertyName.class;IN_DELETE
2026-10-04T14:18:33.061972Z;/home/runner/work/JSON-java/JSON-java/target/classes/org/json;XMLParserConfiguration.class;IN_DELETE
2026-10-04T14:18:33.062267Z;/home/runner/work/JSON-java/JSON-java/target/classes/org/json;HTTPTokener.class;IN_DELETE
2026-10-04T14:18:33.062545Z;/home/runner/work/JSON-java/JSON-java/target/classes/org/json;XMLXsiTypeConverter.class;IN_DELETE
2026-10-04T14:18:33.062817Z;/home/runner/work/JSON-java/JSON-java/target/classes/org/json;CDL.class;IN_DELETE
2026-10-04T14:18:33.063083Z;/home/runner/work/JSON-java/JSON-java/target/classes/org/json;XMLTokener.class;IN_DELETE
2026-10-04T14:18:33.063627Z;/home/runner/work/JSON-java/JSON-java/target/classes/org/json;;IN_IGNORED
2026-10-04T14:18:33.064094Z;/home/runner/work/JSON-java/JSON-java/target/classes/org;json;IN_DELETE,IN_ISDIR
2026-10-04T14:18:33.064578Z;/home/runner/work/JSON-java/JSON-java/target/classes/org;;IN_IGNORED
2026-10-04T14:18:33.065036Z;/home/runner/work/JSON-java/JSON-java/target/classes;org;IN_DELETE,IN_ISDIR
2026-10-04T14:18:33.065362Z;/home/runner/work/JSON-java/JSON-java/target/classes;;IN_IGNORED
2026-10-04T14:18:33.065693Z;/home/runner/work/JSON-java/JSON-java/target;classes;IN_DELETE,IN_ISDIR
2026-10-04T14:18:33.066058Z;/home/runner/work/JSON-java/JSON-java/target;maven-status;IN_ACCESS,IN_ISDIR
2026-10-04T14:18:33.066396Z;/home/runner/work/JSON-java/JSON-java/target/maven-status;;IN_ACCESS,IN_ISDIR
2026-10-04T14:18:33.066707Z;/home/runner/work/JSON-java/JSON-java/target;maven-status;IN_ACCESS,IN_ISDIR
2026-10-04T14:18:33.066983Z;/home/runner/work/JSON-java/JSON-java/target/maven-status;;IN_ACCESS,IN_ISDIR
2026-10-04T14:18:33.067821Z;/home/runner/work/JSON-java/JSON-java/target/maven-status;maven-compiler-plugin;IN_ACCESS,IN_ISDIR
2026-10-04T14:18:33.068104Z;/home/runner/work/JSON-java/JSON-java/target/maven-status/maven-compiler-plugin;;IN_ACCESS,IN_ISDIR
2026-10-04T14:18:33.068381Z;/home/runner/work/JSON-java/JSON-java/target/maven-status;maven-compiler-plugin;IN_ACCESS,IN_ISDIR
2026-10-04T14:18:33.068678Z;/home/runner/work/JSON-java/JSON-java/target/maven-status/maven-compiler-plugin;;IN_ACCESS,IN_ISDIR
2026-10-04T14:18:33.069003Z;/home/runner/work/JSON-java/JSON-java/target/maven-status/maven-compiler-plugin;testCompile;IN_ACCESS,IN_ISDIR
2026-10-04T14:18:33.069277Z;/home/runner/work/JSON-java/JSON-java/target/maven-status/maven-compiler-plugin/testCompile;;IN_ACCESS,IN_ISDIR
2026-10-04T14:18:33.069656Z;/home/runner/work/JSON-java/JSON-java/target/maven-status/maven-compiler-plugin;testCompile;IN_ACCESS,IN_ISDIR
2026-10-04T14:18:33.069957Z;/home/runner/work/JSON-java/JSON-java/target/maven-status/maven-compiler-plugin/testCompile;;IN_ACCESS,IN_ISDIR
2026-10-04T14:18:33.070257Z;/home/runner/work/JSON-java/JSON-java/target/maven-status/maven-compiler-plugin/testCompile;default-testCompile;IN_ACCESS,IN_ISDIR
2026-10-04T14:18:33.070518Z;/home/runner/work/JSON-java/JSON-java/target/maven-status/maven-compiler-plugin/testCompile/default-testCompile;;IN_ACCESS,IN_ISDIR
2026-10-04T14:18:33.070812Z;/home/runner/work/JSON-java/JSON-java/target/maven-status/maven-compiler-plugin/testCompile;default-testCompile;IN_ACCESS,IN_ISDIR
2026-10-04T14:18:33.071110Z;/home/runner/work/JSON-java/JSON-java/target/maven-status/maven-compiler-plugin/testCompile/default-testCompile;;IN_ACCESS,IN_ISDIR
2026-10-04T14:18:33.071424Z;/home/runner/work/JSON-java/JSON-java/target/maven-status/maven-compiler-plugin/testCompile/default-testCompile;inputFiles.lst;IN_DELETE
2026-10-04T14:18:33.072067Z;/home/runner/work/JSON-java/JSON-java/target/maven-status/maven-compiler-plugin/testCompile/default-testCompile;createdFiles.lst;IN_DELETE
2026-10-04T14:18:33.072395Z;/home/runner/work/JSON-java/JSON-java/target/maven-status/maven-compiler-plugin/testCompile/default-testCompile;;IN_IGNORED
2026-10-04T14:18:33.072699Z;/home/runner/work/JSON-java/JSON-java/target/maven-status/maven-compiler-plugin/testCompile;default-testCompile;IN_DELETE,IN_ISDIR
2026-10-04T14:18:33.073083Z;/home/runner/work/JSON-java/JSON-java/target/maven-status/maven-compiler-plugin/testCompile;;IN_IGNORED
2026-10-04T14:18:33.073363Z;/home/runner/work/JSON-java/JSON-java/target/maven-status/maven-compiler-plugin;testCompile;IN_DELETE,IN_ISDIR
2026-10-04T14:18:33.074140Z;/home/runner/work/JSON-java/JSON-java/target/maven-status/maven-compiler-plugin;compile;IN_ACCESS,IN_ISDIR
2026-10-04T14:18:33.074443Z;/home/runner/work/JSON-java/JSON-java/target/maven-status/maven-compiler-plugin/compile;;IN_ACCESS,IN_ISDIR
2026-10-04T14:18:33.074709Z;/home/runner/work/JSON-java/JSON-java/target/maven-status/maven-compiler-plugin;compile;IN_ACCESS,IN_ISDIR
2026-10-04T14:18:33.074973Z;/home/runner/work/JSON-java/JSON-java/target/maven-status/maven-compiler-plugin/compile;;IN_ACCESS,IN_ISDIR
2026-10-04T14:18:33.075260Z;/home/runner/work/JSON-java/JSON-java/target/maven-status/maven-compiler-plugin/compile;default-compile;IN_ACCESS,IN_ISDIR
2026-10-04T14:18:33.075519Z;/home/runner/work/JSON-java/JSON-java/target/maven-status/maven-compiler-plugin/compile/default-compile;;IN_ACCESS,IN_ISDIR
2026-10-04T14:18:33.075818Z;/home/runner/work/JSON-java/JSON-java/target/maven-status/maven-compiler-plugin/compile;default-compile;IN_ACCESS,IN_ISDIR
2026-10-04T14:18:33.076105Z;/home/runner/work/JSON-java/JSON-java/target/maven-status/maven-compiler-plugin/compile/default-compile;;IN_ACCESS,IN_ISDIR
2026-10-04T14:18:33.076416Z;/home/runner/work/JSON-java/JSON-java/target/maven-status/maven-compiler-plugin/compile/default-compile;inputFiles.lst;IN_DELETE
2026-10-04T14:18:33.079124Z;/home/runner/work/JSON-java/JSON-java/target/maven-status/maven-compiler-plugin/compile/default-compile;createdFiles.lst;IN_DELETE
2026-10-04T14:18:33.079573Z;/home/runner/work/JSON-java/JSON-java/target/maven-status/maven-compiler-plugin/compile/default-compile;;IN_IGNORED
2026-10-04T14:18:33.079884Z;/home/runner/work/JSON-java/JSON-java/target/maven-status/maven-compiler-plugin/compile;default-compile;IN_DELETE,IN_ISDIR
2026-10-04T14:18:33.080149Z;/home/runner/work/JSON-java/JSON-java/target/maven-status/maven-compiler-plugin/compile;;IN_IGNORED
2026-10-04T14:18:33.080420Z;/home/runner/work/JSON-java/JSON-java/target/maven-status/maven-compiler-plugin;compile;IN_DELETE,IN_ISDIR
2026-10-04T14:18:33.081302Z;/home/runner/work/JSON-java/JSON-java/target/maven-status/maven-compiler-plugin;;IN_IGNORED
2026-10-04T14:18:33.081670Z;/home/runner/work/JSON-java/JSON-java/target/maven-status;maven-compiler-plugin;IN_DELETE,IN_ISDIR
2026-10-04T14:18:33.081905Z;/home/runner/work/JSON-java/JSON-java/target/maven-status;;IN_IGNORED
2026-10-04T14:18:33.082206Z;/home/runner/work/JSON-java/JSON-java/target;maven-status;IN_DELETE,IN_ISDIR
2026-10-04T14:18:33.082470Z;/home/runner/work/JSON-java/JSON-java/target;;IN_IGNORED
2026-10-04T14:18:33.082717Z;/home/runner/work/JSON-java/JSON-java;target;IN_DELETE,IN_ISDIR
2026-10-04T14:18:33.124658Z;/home/runner/work/JSON-java/JSON-java;target;IN_CREATE,IN_ISDIR
2026-10-04T14:18:33.125238Z;/home/runner/work/JSON-java/JSON-java;target;IN_ACCESS,IN_ISDIR
2026-10-04T14:18:33.128249Z;/home/runner/work/JSON-java/JSON-java/src/main;java;IN_ACCESS,IN_ISDIR
2026-10-04T14:18:33.128596Z;/home/runner/work/JSON-java/JSON-java/src/main/java;;IN_ACCESS,IN_ISDIR
2026-10-04T14:18:33.128997Z;/home/runner/work/JSON-java/JSON-java/src/main;java;IN_ACCESS,IN_ISDIR
2026-10-04T14:18:33.129321Z;/home/runner/work/JSON-java/JSON-java/src/main/java;;IN_ACCESS,IN_ISDIR
2026-10-04T14:18:33.131362Z;/home/runner/work/JSON-java/JSON-java/src/main/java;org;IN_ACCESS,IN_ISDIR
2026-10-04T14:18:33.131780Z;/home/runner/work/JSON-java/JSON-java/src/main/java/org;;IN_ACCESS,IN_ISDIR
2026-10-04T14:18:33.132104Z;/home/runner/work/JSON-java/JSON-java/src/main/java;org;IN_ACCESS,IN_ISDIR
2026-10-04T14:18:33.132372Z;/home/runner/work/JSON-java/JSON-java/src/main/java/org;;IN_ACCESS,IN_ISDIR
2026-10-04T14:18:33.132680Z;/home/runner/work/JSON-java/JSON-java/src/main/java/org;json;IN_ACCESS,IN_ISDIR
2026-10-04T14:18:33.132940Z;/home/runner/work/JSON-java/JSON-java/src/main/java/org/json;;IN_ACCESS,IN_ISDIR
2026-10-04T14:18:33.133195Z;/home/runner/work/JSON-java/JSON-java/src/main/java/org;json;IN_ACCESS,IN_ISDIR
2026-10-04T14:18:33.133485Z;/home/runner/work/JSON-java/JSON-java/src/main/java/org/json;;IN_ACCESS,IN_ISDIR
2026-10-04T14:18:33.133953Z;/home/runner/work/JSON-java/JSON-java/target;maven-status;IN_CREATE,IN_ISDIR
2026-10-04T14:18:33.134288Z;/home/runner/work/JSON-java/JSON-java/target;maven-status;IN_ACCESS,IN_ISDIR
2026-10-04T14:18:33.135336Z;/home/runner/work/JSON-java/JSON-java/target/maven-status/maven-compiler-plugin/compile/default-compile;inputFiles.lst;IN_CREATE
2026-10-04T14:18:33.136351Z;/home/runner/work/JSON-java/JSON-java/src/main;java;IN_ACCESS,IN_ISDIR
2026-10-04T14:18:33.136691Z;/home/runner/work/JSON-java/JSON-java/src/main/java;;IN_ACCESS,IN_ISDIR
2026-10-04T14:18:33.136979Z;/home/runner/work/JSON-java/JSON-java/src/main;java;IN_ACCESS,IN_ISDIR
2026-10-04T14:18:33.137246Z;/home/runner/work/JSON-java/JSON-java/src/main/java;;IN_ACCESS,IN_ISDIR
2026-10-04T14:18:33.139624Z;/home/runner/work/JSON-java/JSON-java/src/main/java;org;IN_ACCESS,IN_ISDIR
2026-10-04T14:18:33.139891Z;/home/runner/work/JSON-java/JSON-java/src/main/java/org;;IN_ACCESS,IN_ISDIR
2026-10-04T14:18:33.140173Z;/home/runner/work/JSON-java/JSON-java/src/main/java;org;IN_ACCESS,IN_ISDIR
2026-10-04T14:18:33.140455Z;/home/runner/work/JSON-java/JSON-java/src/main/java/org;;IN_ACCESS,IN_ISDIR
2026-10-04T14:18:33.140752Z;/home/runner/work/JSON-java/JSON-java/src/main/java/org;json;IN_ACCESS,IN_ISDIR
2026-10-04T14:18:33.141026Z;/home/runner/work/JSON-java/JSON-java/src/main/java/org/json;;IN_ACCESS,IN_ISDIR
2026-10-04T14:18:33.141336Z;/home/runner/work/JSON-java/JSON-java/src/main/java/org;json;IN_ACCESS,IN_ISDIR
2026-10-04T14:18:33.141641Z;/home/runner/work/JSON-java/JSON-java/src/main/java/org/json;;IN_ACCESS,IN_ISDIR
2026-10-04T14:18:33.141997Z;/home/runner/work/JSON-java/JSON-java/target/generated-sources;annotations;IN_ACCESS,IN_ISDIR
2026-10-04T14:18:33.142690Z;/home/runner/work/JSON-java/JSON-java/target/generated-sources/annotations;;IN_ACCESS,IN_ISDIR
2026-10-04T14:18:33.143132Z;/home/runner/work/JSON-java/JSON-java/target/generated-sources;annotations;IN_ACCESS,IN_ISDIR
2026-10-04T14:18:33.144304Z;/home/runner/work/JSON-java/JSON-java/target/generated-sources/annotations;;IN_ACCESS,IN_ISDIR
2026-10-04T14:18:33.144717Z;/home/runner/work/JSON-java/JSON-java/target;classes;IN_CREATE,IN_ISDIR
2026-10-04T14:18:33.145184Z;/home/runner/work/JSON-java/JSON-java/target;classes;IN_ACCESS,IN_ISDIR
2026-10-04T14:18:33.331475Z;/home/runner/work/JSON-java/JSON-java/src/main/java/org/json;CDL.java;IN_ACCESS
2026-10-04T14:18:33.368893Z;/home/runner/work/JSON-java/JSON-java/src/main/java/org/json;JSONStringer.java;IN_ACCESS
2026-10-04T14:18:33.369702Z;/home/runner/work/JSON-java/JSON-java/src/main/java/org/json;CookieList.java;IN_ACCESS
2026-10-04T14:18:33.372147Z;/home/runner/work/JSON-java/JSON-java/src/main/java/org/json;Cookie.java;IN_ACCESS
2026-10-04T14:18:33.378140Z;/home/runner/work/JSON-java/JSON-java/src/main/java/org/json;StringBuilderWriter.java;IN_ACCESS
2026-10-04T14:18:33.380518Z;/home/runner/work/JSON-java/JSON-java/src/main/java/org/json;JSONPropertyName.java;IN_ACCESS
2026-10-04T14:18:33.381337Z;/home/runner/work/JSON-java/JSON-java/src/main/java/org/json;JSONML.java;IN_ACCESS
2026-10-04T14:18:33.399184Z;/home/runner/work/JSON-java/JSON-java/src/main/java/org/json;ParserConfiguration.java;IN_ACCESS
2026-10-04T14:18:33.402805Z;/home/runner/work/JSON-java/JSON-java/src/main/java/org/json;JSONObject.java;IN_ACCESS
2026-10-04T14:18:33.459187Z;/home/runner/work/JSON-java/JSON-java/src/main/java/org/json;XMLParserConfiguration.java;IN_ACCESS
2026-10-04T14:18:33.463751Z;/home/runner/work/JSON-java/JSON-java/src/main/java/org/json;JSONPropertyIgnore.java;IN_ACCESS
2026-10-04T14:18:33.464202Z;/home/runner/work/JSON-java/JSON-java/src/main/java/org/json;JSONPointer.java;IN_ACCESS
2026-10-04T14:18:33.467425Z;/home/runner/work/JSON-java/JSON-java/src/main/java/org/json;JSONString.java;IN_ACCESS
2026-10-04T14:18:33.470276Z;/home/runner/work/JSON-java/JSON-java/src/main/java/org/json;XMLTokener.java;IN_ACCESS
2026-10-04T14:18:33.472970Z;/home/runner/work/JSON-java/JSON-java/src/main/java/org/json;JSONTokener.java;IN_ACCESS
2026-10-04T14:18:33.480736Z;/home/runner/work/JSON-java/JSON-java/src/main/java/org/json;HTTP.java;IN_ACCESS
2026-10-04T14:18:33.482285Z;/home/runner/work/JSON-java/JSON-java/src/main/java/org/json;Property.java;IN_ACCESS
2026-10-04T14:18:33.483240Z;/home/runner/work/JSON-java/JSON-java/src/main/java/org/json;JSONParserConfiguration.java;IN_ACCESS
2026-10-04T14:18:33.484707Z;/home/runner/work/JSON-java/JSON-java/src/main/java/org/json;JSONMLParserConfiguration.java;IN_ACCESS
2026-10-04T14:18:33.485603Z;/home/runner/work/JSON-java/JSON-java/src/main/java/org/json;JSONWriter.java;IN_ACCESS
2026-10-04T14:18:33.489424Z;/home/runner/work/JSON-java/JSON-java/src/main/java/org/json;JSONArray.java;IN_ACCESS
2026-10-04T14:18:33.508125Z;/home/runner/work/JSON-java/JSON-java/src/main/java/org/json;XMLXsiTypeConverter.java;IN_ACCESS
2026-10-04T14:18:33.509123Z;/home/runner/work/JSON-java/JSON-java/src/main/java/org/json;XML.java;IN_ACCESS
2026-10-04T14:18:33.522782Z;/home/runner/work/JSON-java/JSON-java/src/main/java/org/json;JSONException.java;IN_ACCESS
2026-10-04T14:18:33.523407Z;/home/runner/work/JSON-java/JSON-java/src/main/java/org/json;JSONPointerException.java;IN_ACCESS
2026-10-04T14:18:33.523910Z;/home/runner/work/JSON-java/JSON-java/src/main/java/org/json;HTTPTokener.java;IN_ACCESS
2026-10-04T14:18:33.560236Z;/home/runner/work/JSON-java/JSON-java/src/main/java/org;json;IN_ACCESS,IN_ISDIR
2026-10-04T14:18:33.566811Z;/home/runner/work/JSON-java/JSON-java/src/main/java/org/json;;IN_ACCESS,IN_ISDIR
2026-10-04T14:18:33.570449Z;/home/runner/work/JSON-java/JSON-java/src/main/java/org;json;IN_ACCESS,IN_ISDIR
2026-10-04T14:18:33.570812Z;/home/runner/work/JSON-java/JSON-java/src/main/java/org/json;;IN_ACCESS,IN_ISDIR
2026-10-04T14:18:33.599243Z;/home/runner/work/JSON-java/JSON-java/src/main/java;org;IN_ACCESS,IN_ISDIR
2026-10-04T14:18:33.602488Z;/home/runner/work/JSON-java/JSON-java/src/main/java/org;;IN_ACCESS,IN_ISDIR
2026-10-04T14:18:33.603160Z;/home/runner/work/JSON-java/JSON-java/src/main/java;org;IN_ACCESS,IN_ISDIR
2026-10-04T14:18:33.603477Z;/home/runner/work/JSON-java/JSON-java/src/main/java/org;;IN_ACCESS,IN_ISDIR
2026-10-04T14:18:33.906730Z;/home/runner/work/JSON-java/JSON-java/target/classes;org;IN_CREATE,IN_ISDIR
2026-10-04T14:18:33.907343Z;/home/runner/work/JSON-java/JSON-java/target/classes;org;IN_ACCESS,IN_ISDIR
2026-10-04T14:18:33.993012Z;/home/runner/work/JSON-java/JSON-java/target/classes/org/json;JSONTokener.class;IN_CREATE
2026-10-04T14:18:33.998583Z;/home/runner/work/JSON-java/JSON-java/target/classes/org/json;JSONException.class;IN_CREATE
2026-10-04T14:18:34.152931Z;/home/runner/work/JSON-java/JSON-java/target/classes/org/json;JSONArray.class;IN_CREATE
2026-10-04T14:18:34.353738Z;/home/runner/work/JSON-java/JSON-java/target/classes/org/json;JSONObject$Null.class;IN_CREATE
2026-10-04T14:18:34.354373Z;/home/runner/work/JSON-java/JSON-java/target/classes/org/json;JSONObject$1.class;IN_CREATE
2026-10-04T14:18:34.386724Z;/home/runner/work/JSON-java/JSON-java/target/classes/org/json;JSONObject.class;IN_CREATE
2026-10-04T14:18:34.399383Z;/home/runner/work/JSON-java/JSON-java/target/classes/org/json;JSONParserConfiguration.class;IN_CREATE
2026-10-04T14:18:34.400413Z;/home/runner/work/JSON-java/JSON-java/target/classes/org/json;ParserConfiguration.class;IN_CREATE
2026-10-04T14:18:34.401900Z;/home/runner/work/JSON-java/JSON-java/target/classes/org/json;JSONPropertyName.class;IN_CREATE
2026-10-04T14:18:34.413874Z;/home/runner/work/JSON-java/JSON-java/target/classes/org/json;JSONPointer$Builder.class;IN_CREATE
2026-10-04T14:18:34.416024Z;/home/runner/work/JSON-java/JSON-java/target/classes/org/json;JSONPointer.class;IN_CREATE
2026-10-04T14:18:34.417520Z;/home/runner/work/JSON-java/JSON-java/target/classes/org/json;JSONPointerException.class;IN_CREATE
2026-10-04T14:18:34.431066Z;/home/runner/work/JSON-java/JSON-java/target/classes/org/json;JSONStringer.class;IN_CREATE
2026-10-04T14:18:34.433591Z;/home/runner/work/JSON-java/JSON-java/target/classes/org/json;JSONWriter.class;IN_CREATE
2026-10-04T14:18:34.440349Z;/home/runner/work/JSON-java/JSON-java/target/classes/org/json;CookieList.class;IN_CREATE
2026-10-04T14:18:34.457551Z;/home/runner/work/JSON-java/JSON-java/target/classes/org/json;Cookie.class;IN_CREATE
2026-10-04T14:18:34.467157Z;/home/runner/work/JSON-java/JSON-java/target/classes/org/json;StringBuilderWriter.class;IN_CREATE
2026-10-04T14:18:34.501758Z;/home/runner/work/JSON-java/JSON-java/target/classes/org/json;JSONML.class;IN_CREATE
2026-10-04T14:18:34.520980Z;/home/runner/work/JSON-java/JSON-java/target/classes/org/json;XMLTokener.class;IN_CREATE
2026-10-04T14:18:34.525291Z;/home/runner/work/JSON-java/JSON-java/target/classes/org/json;JSONMLParserConfiguration.class;IN_CREATE
2026-10-04T14:18:34.537428Z;/home/runner/work/JSON-java/JSON-java/target/classes/org/json;XMLParserConfiguration.class;IN_CREATE
2026-10-04T14:18:34.540315Z;/home/runner/work/JSON-java/JSON-java/target/classes/org/json;XMLXsiTypeConverter.class;IN_CREATE
2026-10-04T14:18:34.540679Z;/home/runner/work/JSON-java/JSON-java/target/classes/org/json;JSONPropertyIgnore.class;IN_CREATE
2026-10-04T14:18:34.540917Z;/home/runner/work/JSON-java/JSON-java/target/classes/org/json;JSONString.class;IN_CREATE
2026-10-04T14:18:34.548583Z;/home/runner/work/JSON-java/JSON-java/target/classes/org/json;HTTP.class;IN_CREATE
2026-10-04T14:18:34.552098Z;/home/runner/work/JSON-java/JSON-java/target/classes/org/json;Property.class;IN_CREATE
2026-10-04T14:18:34.602615Z;/home/runner/work/JSON-java/JSON-java/target/classes/org/json;XML$1$1.class;IN_CREATE
2026-10-04T14:18:34.603291Z;/home/runner/work/JSON-java/JSON-java/target/classes/org/json;XML$1.class;IN_CREATE
2026-10-04T14:18:34.610355Z;/home/runner/work/JSON-java/JSON-java/target/classes/org/json;XML.class;IN_CREATE
2026-10-04T14:18:34.614915Z;/home/runner/work/JSON-java/JSON-java/target/classes/org/json;HTTPTokener.class;IN_CREATE
2026-10-04T14:18:34.619687Z;/home/runner/work/JSON-java/JSON-java/target;classes;IN_ACCESS,IN_ISDIR
2026-10-04T14:18:34.620057Z;/home/runner/work/JSON-java/JSON-java/target/classes;;IN_ACCESS,IN_ISDIR
2026-10-04T14:18:34.620392Z;/home/runner/work/JSON-java/JSON-java/target;classes;IN_ACCESS,IN_ISDIR
2026-10-04T14:18:34.620640Z;/home/runner/work/JSON-java/JSON-java/target/classes;;IN_ACCESS,IN_ISDIR
2026-10-04T14:18:34.621039Z;/home/runner/work/JSON-java/JSON-java/target/classes;org;IN_ACCESS,IN_ISDIR
2026-10-04T14:18:34.621322Z;/home/runner/work/JSON-java/JSON-java/target/classes/org;;IN_ACCESS,IN_ISDIR
2026-10-04T14:18:34.621574Z;/home/runner/work/JSON-java/JSON-java/target/classes;org;IN_ACCESS,IN_ISDIR
2026-10-04T14:18:34.621820Z;/home/runner/work/JSON-java/JSON-java/target/classes/org;;IN_ACCESS,IN_ISDIR
2026-10-04T14:18:34.622052Z;/home/runner/work/JSON-java/JSON-java/target/classes/org;json;IN_ACCESS,IN_ISDIR
2026-10-04T14:18:34.622305Z;/home/runner/work/JSON-java/JSON-java/target/classes/org/json;;IN_ACCESS,IN_ISDIR
2026-10-04T14:18:34.622544Z;/home/runner/work/JSON-java/JSON-java/target/classes/org;json;IN_ACCESS,IN_ISDIR
2026-10-04T14:18:34.622775Z;/home/runner/work/JSON-java/JSON-java/target/classes/org/json;;IN_ACCESS,IN_ISDIR
2026-10-04T14:18:34.623229Z;/home/runner/work/JSON-java/JSON-java/target/maven-status/maven-compiler-plugin/compile/default-compile;createdFiles.lst;IN_CREATE
2026-10-04T14:18:34.904589Z;/home/runner/work/JSON-java/JSON-java/target;classes;IN_ACCESS,IN_ISDIR
2026-10-04T14:18:34.905001Z;/home/runner/work/JSON-java/JSON-java/target/classes;;IN_ACCESS,IN_ISDIR
2026-10-04T14:18:34.905322Z;/home/runner/work/JSON-java/JSON-java/target/classes;org;IN_ACCESS,IN_ISDIR
2026-10-04T14:18:34.905596Z;/home/runner/work/JSON-java/JSON-java/target/classes/org;;IN_ACCESS,IN_ISDIR
2026-10-04T14:18:34.905879Z;/home/runner/work/JSON-java/JSON-java/target/classes/org;json;IN_ACCESS,IN_ISDIR
2026-10-04T14:18:34.906135Z;/home/runner/work/JSON-java/JSON-java/target/classes/org/json;;IN_ACCESS,IN_ISDIR
2026-10-04T14:18:34.907555Z;/home/runner/work/JSON-java/JSON-java/target/classes/org;json;IN_ACCESS,IN_ISDIR
2026-10-04T14:18:34.907879Z;/home/runner/work/JSON-java/JSON-java/target/classes/org/json;;IN_ACCESS,IN_ISDIR
2026-10-04T14:18:34.908225Z;/home/runner/work/JSON-java/JSON-java/target/classes;org;IN_ACCESS,IN_ISDIR
2026-10-04T14:18:34.908537Z;/home/runner/work/JSON-java/JSON-java/target/classes/org;;IN_ACCESS,IN_ISDIR
2026-10-04T14:18:34.908845Z;/home/runner/work/JSON-java/JSON-java/target;classes;IN_ACCESS,IN_ISDIR
2026-10-04T14:18:34.909127Z;/home/runner/work/JSON-java/JSON-java/target/classes;;IN_ACCESS,IN_ISDIR
2026-10-04T14:18:34.909403Z;/home/runner/work/JSON-java/JSON-java/src/main;java;IN_ACCESS,IN_ISDIR
2026-10-04T14:18:34.909708Z;/home/runner/work/JSON-java/JSON-java/src/main/java;;IN_ACCESS,IN_ISDIR
2026-10-04T14:18:34.909995Z;/home/runner/work/JSON-java/JSON-java/src/main;java;IN_ACCESS,IN_ISDIR
2026-10-04T14:18:34.910261Z;/home/runner/work/JSON-java/JSON-java/src/main/java;;IN_ACCESS,IN_ISDIR
2026-10-04T14:18:34.910736Z;/home/runner/work/JSON-java/JSON-java/src/main/java;org;IN_ACCESS,IN_ISDIR
2026-10-04T14:18:34.911022Z;/home/runner/work/JSON-java/JSON-java/src/main/java/org;;IN_ACCESS,IN_ISDIR
2026-10-04T14:18:34.911315Z;/home/runner/work/JSON-java/JSON-java/src/main/java;org;IN_ACCESS,IN_ISDIR
2026-10-04T14:18:34.913668Z;/home/runner/work/JSON-java/JSON-java/src/main/java/org;;IN_ACCESS,IN_ISDIR
2026-10-04T14:18:34.913968Z;/home/runner/work/JSON-java/JSON-java/src/main/java/org;json;IN_ACCESS,IN_ISDIR
2026-10-04T14:18:34.914501Z;/home/runner/work/JSON-java/JSON-java/src/main/java/org/json;;IN_ACCESS,IN_ISDIR
2026-10-04T14:18:34.914804Z;/home/runner/work/JSON-java/JSON-java/src/main/java/org;json;IN_ACCESS,IN_ISDIR
2026-10-04T14:18:34.915051Z;/home/runner/work/JSON-java/JSON-java/src/main/java/org/json;;IN_ACCESS,IN_ISDIR
2026-10-04T14:18:34.916354Z;/home/runner/work/JSON-java/JSON-java/target/generated-sources;annotations;IN_ACCESS,IN_ISDIR
2026-10-04T14:18:34.916642Z;/home/runner/work/JSON-java/JSON-java/target/generated-sources/annotations;;IN_ACCESS,IN_ISDIR
2026-10-04T14:18:34.916943Z;/home/runner/work/JSON-java/JSON-java/target/generated-sources;annotations;IN_ACCESS,IN_ISDIR
2026-10-04T14:18:34.917223Z;/home/runner/work/JSON-java/JSON-java/target/generated-sources/annotations;;IN_ACCESS,IN_ISDIR
2026-10-04T14:18:34.917485Z;/home/runner/work/JSON-java/JSON-java/src/test;resources;IN_ACCESS,IN_ISDIR
2026-10-04T14:18:34.917902Z;/home/runner/work/JSON-java/JSON-java/src/test/resources;;IN_ACCESS,IN_ISDIR
2026-10-04T14:18:34.918184Z;/home/runner/work/JSON-java/JSON-java/src/test;resources;IN_ACCESS,IN_ISDIR
2026-10-04T14:18:34.918451Z;/home/runner/work/JSON-java/JSON-java/src/test/resources;;IN_ACCESS,IN_ISDIR
2026-10-04T14:18:34.919272Z;/home/runner/work/JSON-java/JSON-java/src/main;java;IN_ACCESS,IN_ISDIR
2026-10-04T14:18:34.919515Z;/home/runner/work/JSON-java/JSON-java/src/main/java;;IN_ACCESS,IN_ISDIR
2026-10-04T14:18:34.919754Z;/home/runner/work/JSON-java/JSON-java/src/main;java;IN_ACCESS,IN_ISDIR
2026-10-04T14:18:34.919994Z;/home/runner/work/JSON-java/JSON-java/src/main/java;;IN_ACCESS,IN_ISDIR
2026-10-04T14:18:34.920253Z;/home/runner/work/JSON-java/JSON-java/src/main/java;org;IN_ACCESS,IN_ISDIR
2026-10-04T14:18:34.920489Z;/home/runner/work/JSON-java/JSON-java/src/main/java/org;;IN_ACCESS,IN_ISDIR
2026-10-04T14:18:34.920729Z;/home/runner/work/JSON-java/JSON-java/src/main/java;org;IN_ACCESS,IN_ISDIR
2026-10-04T14:18:34.921856Z;/home/runner/work/JSON-java/JSON-java/src/main/java/org;;IN_ACCESS,IN_ISDIR
2026-10-04T14:18:34.922249Z;/home/runner/work/JSON-java/JSON-java/src/main/java/org;json;IN_ACCESS,IN_ISDIR
2026-10-04T14:18:34.922481Z;/home/runner/work/JSON-java/JSON-java/src/main/java/org/json;;IN_ACCESS,IN_ISDIR
2026-10-04T14:18:34.924318Z;/home/runner/work/JSON-java/JSON-java/src/main/java/org;json;IN_ACCESS,IN_ISDIR
2026-10-04T14:18:34.924571Z;/home/runner/work/JSON-java/JSON-java/src/main/java/org/json;;IN_ACCESS,IN_ISDIR
2026-10-04T14:18:34.924873Z;/home/runner/work/JSON-java/JSON-java/target/generated-sources;annotations;IN_ACCESS,IN_ISDIR
2026-10-04T14:18:34.925148Z;/home/runner/work/JSON-java/JSON-java/target/generated-sources/annotations;;IN_ACCESS,IN_ISDIR
2026-10-04T14:18:34.925380Z;/home/runner/work/JSON-java/JSON-java/target/generated-sources;annotations;IN_ACCESS,IN_ISDIR
2026-10-04T14:18:34.925619Z;/home/runner/work/JSON-java/JSON-java/target/generated-sources/annotations;;IN_ACCESS,IN_ISDIR
2026-10-04T14:18:34.925886Z;/home/runner/work/JSON-java/JSON-java/target;classes;IN_ACCESS,IN_ISDIR
2026-10-04T14:18:34.926143Z;/home/runner/work/JSON-java/JSON-java/target/classes;;IN_ACCESS,IN_ISDIR
2026-10-04T14:18:34.926384Z;/home/runner/work/JSON-java/JSON-java/target;classes;IN_ACCESS,IN_ISDIR
2026-10-04T14:18:34.926610Z;/home/runner/work/JSON-java/JSON-java/target/classes;;IN_ACCESS,IN_ISDIR
2026-10-04T14:18:34.926840Z;/home/runner/work/JSON-java/JSON-java/target/classes;org;IN_ACCESS,IN_ISDIR
2026-10-04T14:18:34.927066Z;/home/runner/work/JSON-java/JSON-java/target/classes/org;;IN_ACCESS,IN_ISDIR
2026-10-04T14:18:34.927310Z;/home/runner/work/JSON-java/JSON-java/target/classes;org;IN_ACCESS,IN_ISDIR
2026-10-04T14:18:34.927530Z;/home/runner/work/JSON-java/JSON-java/target/classes/org;;IN_ACCESS,IN_ISDIR
2026-10-04T14:18:34.927754Z;/home/runner/work/JSON-java/JSON-java/target/classes/org;json;IN_ACCESS,IN_ISDIR
2026-10-04T14:18:34.927982Z;/home/runner/work/JSON-java/JSON-java/target/classes/org/json;;IN_ACCESS,IN_ISDIR
2026-10-04T14:18:34.928243Z;/home/runner/work/JSON-java/JSON-java/target/classes/org;json;IN_ACCESS,IN_ISDIR
2026-10-04T14:18:34.929242Z;/home/runner/work/JSON-java/JSON-java/target/classes/org/json;;IN_ACCESS,IN_ISDIR
2026-10-04T14:18:34.948320Z;/home/runner/work/JSON-java/JSON-java/target/classes/org/json;CDL.class;IN_ACCESS
2026-10-04T14:18:34.968806Z;/home/runner/work/JSON-java/JSON-java/target/classes/org/json;Cookie.class;IN_ACCESS
2026-10-04T14:18:34.970988Z;/home/runner/work/JSON-java/JSON-java/target/classes/org/json;CookieList.class;IN_ACCESS
2026-10-04T14:18:34.971716Z;/home/runner/work/JSON-java/JSON-java/target/classes/org/json;HTTP.class;IN_ACCESS
2026-10-04T14:18:34.974154Z;/home/runner/work/JSON-java/JSON-java/target/classes/org/json;HTTPTokener.class;IN_ACCESS
2026-10-04T14:18:34.974431Z;/home/runner/work/JSON-java/JSON-java/target/classes/org/json;JSONArray.class;IN_ACCESS
2026-10-04T14:18:34.985220Z;/home/runner/work/JSON-java/JSON-java/target/classes/org/json;JSONException.class;IN_ACCESS
2026-10-04T14:18:34.985658Z;/home/runner/work/JSON-java/JSON-java/target/classes/org/json;JSONML.class;IN_ACCESS
2026-10-04T14:18:34.987959Z;/home/runner/work/JSON-java/JSON-java/target/classes/org/json;JSONMLParserConfiguration.class;IN_ACCESS
2026-10-04T14:18:34.988531Z;/home/runner/work/JSON-java/JSON-java/target/classes/org/json;JSONObject$1.class;IN_ACCESS
2026-10-04T14:18:34.989622Z;/home/runner/work/JSON-java/JSON-java/target/classes/org/json;JSONObject$Null.class;IN_ACCESS
2026-10-04T14:18:34.989972Z;/home/runner/work/JSON-java/JSON-java/target/classes/org/json;JSONObject.class;IN_ACCESS
2026-10-04T14:18:35.001252Z;/home/runner/work/JSON-java/JSON-java/target/classes/org/json;JSONParserConfiguration.class;IN_ACCESS
2026-10-04T14:18:35.001590Z;/home/runner/work/JSON-java/JSON-java/target/classes/org/json;JSONPointer$Builder.class;IN_ACCESS
2026-10-04T14:18:35.001889Z;/home/runner/work/JSON-java/JSON-java/target/classes/org/json;JSONPointer.class;IN_ACCESS
2026-10-04T14:18:35.002444Z;/home/runner/work/JSON-java/JSON-java/target/classes/org/json;JSONPointerException.class;IN_ACCESS
2026-10-04T14:18:35.003302Z;/home/runner/work/JSON-java/JSON-java/target/classes/org/json;JSONPropertyIgnore.class;IN_ACCESS
2026-10-04T14:18:35.003550Z;/home/runner/work/JSON-java/JSON-java/target/classes/org/json;JSONPropertyName.class;IN_ACCESS
2026-10-04T14:18:35.003807Z;/home/runner/work/JSON-java/JSON-java/target/classes/org/json;JSONString.class;IN_ACCESS
2026-10-04T14:18:35.004056Z;/home/runner/work/JSON-java/JSON-java/target/classes/org/json;JSONStringer.class;IN_ACCESS
2026-10-04T14:18:35.004341Z;/home/runner/work/JSON-java/JSON-java/target/classes/org/json;JSONTokener.class;IN_ACCESS
2026-10-04T14:18:35.005271Z;/home/runner/work/JSON-java/JSON-java/target/classes/org/json;JSONWriter.class;IN_ACCESS
2026-10-04T14:18:35.006188Z;/home/runner/work/JSON-java/JSON-java/target/classes/org/json;ParserConfiguration.class;IN_ACCESS
2026-10-04T14:18:35.006542Z;/home/runner/work/JSON-java/JSON-java/target/classes/org/json;Property.class;IN_ACCESS
2026-10-04T14:18:35.006841Z;/home/runner/work/JSON-java/JSON-java/target/classes/org/json;StringBuilderWriter.class;IN_ACCESS
2026-10-04T14:18:35.007924Z;/home/runner/work/JSON-java/JSON-java/target/classes/org/json;XML$1$1.class;IN_ACCESS
2026-10-04T14:18:35.008168Z;/home/runner/work/JSON-java/JSON-java/target/classes/org/json;XML$1.class;IN_ACCESS
2026-10-04T14:18:35.008404Z;/home/runner/work/JSON-java/JSON-java/target/classes/org/json;XML.class;IN_ACCESS
2026-10-04T14:18:35.010143Z;/home/runner/work/JSON-java/JSON-java/target/classes/org/json;XMLParserConfiguration.class;IN_ACCESS
2026-10-04T14:18:35.010957Z;/home/runner/work/JSON-java/JSON-java/target/classes/org/json;XMLTokener.class;IN_ACCESS
2026-10-04T14:18:35.011750Z;/home/runner/work/JSON-java/JSON-java/target/classes/org/json;XMLXsiTypeConverter.class;IN_ACCESS
2026-10-04T14:18:35.809554Z;/home/runner/work/JSON-java/JSON-java/target;json-20260814.jar;IN_CREATE
2026-10-04T14:18:35.815689Z;/home/runner/work/JSON-java/JSON-java;pom.xml;IN_ACCESS
2026-10-04T14:18:35.835831Z;/home/runner/work/JSON-java/JSON-java/target/classes;META-INF;IN_CREATE,IN_ISDIR
2026-10-04T14:18:35.836251Z;/home/runner/work/JSON-java/JSON-java/target/classes;META-INF;IN_ACCESS,IN_ISDIR
2026-10-04T14:18:35.837301Z;/home/runner/work/JSON-java/JSON-java/target/classes/META-INF;MANIFEST.MF;IN_CREATE
2026-10-04T14:18:36.891018Z;/home/runner/work/JSON-java/JSON-java/src/main;java;IN_ACCESS,IN_ISDIR
2026-10-04T14:18:36.894485Z;/home/runner/work/JSON-java/JSON-java/src/main/java;;IN_ACCESS,IN_ISDIR
2026-10-04T14:18:36.894787Z;/home/runner/work/JSON-java/JSON-java/src/main;java;IN_ACCESS,IN_ISDIR
2026-10-04T14:18:36.895059Z;/home/runner/work/JSON-java/JSON-java/src/main/java;;IN_ACCESS,IN_ISDIR
2026-10-04T14:18:36.895342Z;/home/runner/work/JSON-java/JSON-java/src/main/java;org;IN_ACCESS,IN_ISDIR
2026-10-04T14:18:36.895590Z;/home/runner/work/JSON-java/JSON-java/src/main/java/org;;IN_ACCESS,IN_ISDIR
2026-10-04T14:18:36.895912Z;/home/runner/work/JSON-java/JSON-java/src/main/java;org;IN_ACCESS,IN_ISDIR
2026-10-04T14:18:36.896142Z;/home/runner/work/JSON-java/JSON-java/src/main/java/org;;IN_ACCESS,IN_ISDIR
2026-10-04T14:18:36.896372Z;/home/runner/work/JSON-java/JSON-java/src/main/java/org;json;IN_ACCESS,IN_ISDIR
2026-10-04T14:18:36.896596Z;/home/runner/work/JSON-java/JSON-java/src/main/java/org/json;;IN_ACCESS,IN_ISDIR
2026-10-04T14:18:36.896905Z;/home/runner/work/JSON-java/JSON-java/src/main/java/org;json;IN_ACCESS,IN_ISDIR
2026-10-04T14:18:36.897176Z;/home/runner/work/JSON-java/JSON-java/src/main/java/org/json;;IN_ACCESS,IN_ISDIR
2026-10-04T14:18:36.905164Z;/home/runner/work/JSON-java/JSON-java/target;maven-archiver;IN_CREATE,IN_ISDIR
2026-10-04T14:18:36.905603Z;/home/runner/work/JSON-java/JSON-java/target;maven-archiver;IN_ACCESS,IN_ISDIR
2026-10-04T14:18:36.906896Z;/home/runner/work/JSON-java/JSON-java/src/main;java;IN_ACCESS,IN_ISDIR
2026-10-04T14:18:36.909134Z;/home/runner/work/JSON-java/JSON-java/src/main/java;;IN_ACCESS,IN_ISDIR
2026-10-04T14:18:36.909430Z;/home/runner/work/JSON-java/JSON-java/src/main;java;IN_ACCESS,IN_ISDIR
2026-10-04T14:18:36.909687Z;/home/runner/work/JSON-java/JSON-java/src/main/java;;IN_ACCESS,IN_ISDIR
2026-10-04T14:18:36.910003Z;/home/runner/work/JSON-java/JSON-java/src/main/java;org;IN_ACCESS,IN_ISDIR
2026-10-04T14:18:36.910375Z;/home/runner/work/JSON-java/JSON-java/src/main/java/org;;IN_ACCESS,IN_ISDIR
2026-10-04T14:18:36.910800Z;/home/runner/work/JSON-java/JSON-java/src/main/java;org;IN_ACCESS,IN_ISDIR
2026-10-04T14:18:36.911154Z;/home/runner/work/JSON-java/JSON-java/src/main/java/org;;IN_ACCESS,IN_ISDIR
2026-10-04T14:18:36.911428Z;/home/runner/work/JSON-java/JSON-java/src/main/java/org;json;IN_ACCESS,IN_ISDIR
2026-10-04T14:18:36.911762Z;/home/runner/work/JSON-java/JSON-java/src/main/java/org/json;;IN_ACCESS,IN_ISDIR
2026-10-04T14:18:36.912182Z;/home/runner/work/JSON-java/JSON-java/src/main/java/org;json;IN_ACCESS,IN_ISDIR
2026-10-04T14:18:36.912481Z;/home/runner/work/JSON-java/JSON-java/src/main/java/org/json;;IN_ACCESS,IN_ISDIR
2026-10-04T14:18:36.914314Z;/home/runner/work/JSON-java/JSON-java/target;json-20260814-sources.jar;IN_CREATE
2026-10-04T14:18:36.948976Z;/home/runner/work/JSON-java/JSON-java/src/main/java/org/json;JSONPointerException.java;IN_ACCESS
2026-10-04T14:18:36.951459Z;/home/runner/work/JSON-java/JSON-java/src/main/java/org/json;JSONPropertyIgnore.java;IN_ACCESS
2026-10-04T14:18:36.952051Z;/home/runner/work/JSON-java/JSON-java/src/main/java/org/json;JSONParserConfiguration.java;IN_ACCESS
2026-10-04T14:18:36.958129Z;/home/runner/work/JSON-java/JSON-java/src/main/java/org/json;JSONML.java;IN_ACCESS
2026-10-04T14:18:36.962125Z;/home/runner/work/JSON-java/JSON-java/src/main/java/org/json;StringBuilderWriter.java;IN_ACCESS
2026-10-04T14:18:36.962417Z;/home/runner/work/JSON-java/JSON-java/src/main/java/org/json;JSONML.java;IN_ACCESS
2026-10-04T14:18:36.964313Z;/home/runner/work/JSON-java/JSON-java/src/main/java/org/json;JSONML.java;IN_ACCESS
2026-10-04T14:18:36.964540Z;/home/runner/work/JSON-java/JSON-java/src/main/java/org/json;XML.java;IN_ACCESS
2026-10-04T14:18:36.964748Z;/home/runner/work/JSON-java/JSON-java/src/main/java/org/json;JSONML.java;IN_ACCESS
2026-10-04T14:18:36.965237Z;/home/runner/work/JSON-java/JSON-java/src/main/java/org/json;XML.java;IN_ACCESS
2026-10-04T14:18:36.965465Z;/home/runner/work/JSON-java/JSON-java/src/main/java/org/json;XMLXsiTypeConverter.java;IN_ACCESS
2026-10-04T14:18:36.965774Z;/home/runner/work/JSON-java/JSON-java/src/main/java/org/json;XML.java;IN_ACCESS
2026-10-04T14:18:36.966243Z;/home/runner/work/JSON-java/JSON-java/src/main/java/org/json;CDL.java;IN_ACCESS
2026-10-04T14:18:36.966575Z;/home/runner/work/JSON-java/JSON-java/src/main/java/org/json;XML.java;IN_ACCESS
2026-10-04T14:18:36.966872Z;/home/runner/work/JSON-java/JSON-java/src/main/java/org/json;CDL.java;IN_ACCESS
2026-10-04T14:18:36.967149Z;/home/runner/work/JSON-java/JSON-java/src/main/java/org/json;XML.java;IN_ACCESS
2026-10-04T14:18:36.967398Z;/home/runner/work/JSON-java/JSON-java/src/main/java/org/json;CDL.java;IN_ACCESS
2026-10-04T14:18:36.967750Z;/home/runner/work/JSON-java/JSON-java/src/main/java/org/json;XML.java;IN_ACCESS
2026-10-04T14:18:36.967989Z;/home/runner/work/JSON-java/JSON-java/src/main/java/org/json;JSONStringer.java;IN_ACCESS
2026-10-04T14:18:36.968252Z;/home/runner/work/JSON-java/JSON-java/src/main/java/org/json;XMLTokener.java;IN_ACCESS
2026-10-04T14:18:36.968564Z;/home/runner/work/JSON-java/JSON-java/target/generated-sources;annotations;IN_ACCESS,IN_ISDIR
2026-10-04T14:18:36.968811Z;/home/runner/work/JSON-java/JSON-java/target/generated-sources/annotations;;IN_ACCESS,IN_ISDIR
2026-10-04T14:18:36.969052Z;/home/runner/work/JSON-java/JSON-java/target/generated-sources;annotations;IN_ACCESS,IN_ISDIR
2026-10-04T14:18:36.969314Z;/home/runner/work/JSON-java/JSON-java/target/generated-sources/annotations;;IN_ACCESS,IN_ISDIR
2026-10-04T14:18:36.969548Z;/home/runner/work/JSON-java/JSON-java/src/main/java/org/json;XMLParserConfiguration.java;IN_ACCESS
2026-10-04T14:18:36.969780Z;/home/runner/work/JSON-java/JSON-java/src/main/java/org/json;XMLTokener.java;IN_ACCESS
2026-10-04T14:18:36.970015Z;/home/runner/work/JSON-java/JSON-java/src/main/java/org/json;XMLParserConfiguration.java;IN_ACCESS
2026-10-04T14:18:36.970249Z;/home/runner/work/JSON-java/JSON-java/src/main/java/org/json;XMLTokener.java;IN_ACCESS
2026-10-04T14:18:36.970487Z;/home/runner/work/JSON-java/JSON-java/src/main/java/org/json;XMLParserConfiguration.java;IN_ACCESS
2026-10-04T14:18:36.970734Z;/home/runner/work/JSON-java/JSON-java/src/main/java/org/json;HTTPTokener.java;IN_ACCESS
2026-10-04T14:18:36.970971Z;/home/runner/work/JSON-java/JSON-java/src/main/java/org/json;CookieList.java;IN_ACCESS
2026-10-04T14:18:36.971215Z;/home/runner/work/JSON-java/JSON-java/src/main/java/org/json;JSONObject.java;IN_ACCESS
2026-10-04T14:18:36.971472Z;/home/runner/work/JSON-java/JSON-java/src/main/java/org/json;JSONMLParserConfiguration.java;IN_ACCESS
2026-10-04T14:18:36.972422Z;/home/runner/work/JSON-java/JSON-java/src/main/java/org/json;JSONObject.java;IN_ACCESS
2026-10-04T14:18:36.972716Z;/home/runner/work/JSON-java/JSON-java/src/main/java/org/json;ParserConfiguration.java;IN_ACCESS
2026-10-04T14:18:36.972984Z;/home/runner/work/JSON-java/JSON-java/src/main/java/org/json;JSONObject.java;IN_ACCESS
2026-10-04T14:18:36.974223Z;/home/runner/work/JSON-java/JSON-java/src/main/java/org/json;Cookie.java;IN_ACCESS
2026-10-04T14:18:36.976262Z;/home/runner/work/JSON-java/JSON-java/src/main/java/org/json;JSONObject.java;IN_ACCESS
2026-10-04T14:18:36.976528Z;/home/runner/work/JSON-java/JSON-java/src/main/java/org/json;HTTP.java;IN_ACCESS
2026-10-04T14:18:36.978253Z;/home/runner/work/JSON-java/JSON-java/src/main/java/org/json;JSONObject.java;IN_ACCESS
2026-10-04T14:18:36.979271Z;/home/runner/work/JSON-java/JSON-java/src/main/java/org/json;JSONWriter.java;IN_ACCESS
2026-10-04T14:18:36.979544Z;/home/runner/work/JSON-java/JSON-java/src/main/java/org/json;JSONObject.java;IN_ACCESS
2026-10-04T14:18:36.979964Z;/home/runner/work/JSON-java/JSON-java/src/main/java/org/json;JSONWriter.java;IN_ACCESS
2026-10-04T14:18:36.980568Z;/home/runner/work/JSON-java/JSON-java/src/main/java/org/json;JSONObject.java;IN_ACCESS
2026-10-04T14:18:36.982287Z;/home/runner/work/JSON-java/JSON-java/src/main/java/org/json;JSONWriter.java;IN_ACCESS
2026-10-04T14:18:36.984265Z;/home/runner/work/JSON-java/JSON-java/src/main/java/org/json;JSONObject.java;IN_ACCESS
2026-10-04T14:18:36.984526Z;/home/runner/work/JSON-java/JSON-java/src/main/java/org/json;JSONException.java;IN_ACCESS
2026-10-04T14:18:36.986254Z;/home/runner/work/JSON-java/JSON-java/src/main/java/org/json;JSONObject.java;IN_ACCESS
2026-10-04T14:18:36.987313Z;/home/runner/work/JSON-java/JSON-java/src/main/java/org/json;JSONPropertyName.java;IN_ACCESS
2026-10-04T14:18:36.989261Z;/home/runner/work/JSON-java/JSON-java/src/main/java/org/json;JSONObject.java;IN_ACCESS
2026-10-04T14:18:36.989554Z;/home/runner/work/JSON-java/JSON-java/src/main/java/org/json;Property.java;IN_ACCESS
2026-10-04T14:18:36.995568Z;/home/runner/work/JSON-java/JSON-java/src/main/java/org/json;JSONPointer.java;IN_ACCESS
2026-10-04T14:18:36.995961Z;/home/runner/work/JSON-java/JSON-java/src/main/java/org/json;JSONObject.java;IN_ACCESS
2026-10-04T14:18:36.996244Z;/home/runner/work/JSON-java/JSON-java/src/main/java/org/json;JSONPointer.java;IN_ACCESS
2026-10-04T14:18:36.998243Z;/home/runner/work/JSON-java/JSON-java/src/main/java/org/json;JSONObject.java;IN_ACCESS
2026-10-04T14:18:36.998516Z;/home/runner/work/JSON-java/JSON-java/src/main/java/org/json;JSONPointer.java;IN_ACCESS
2026-10-04T14:18:37.001202Z;/home/runner/work/JSON-java/JSON-java/src/main/java/org/json;JSONObject.java;IN_ACCESS
2026-10-04T14:18:37.001410Z;/home/runner/work/JSON-java/JSON-java/src/main/java/org/json;JSONTokener.java;IN_ACCESS
2026-10-04T14:18:37.003211Z;/home/runner/work/JSON-java/JSON-java/src/main/java/org/json;JSONObject.java;IN_ACCESS
2026-10-04T14:18:37.003441Z;/home/runner/work/JSON-java/JSON-java/src/main/java/org/json;JSONTokener.java;IN_ACCESS
2026-10-04T14:18:37.006125Z;/home/runner/work/JSON-java/JSON-java/src/main/java/org/json;JSONObject.java;IN_ACCESS
2026-10-04T14:18:37.006435Z;/home/runner/work/JSON-java/JSON-java/src/main/java/org/json;JSONString.java;IN_ACCESS
2026-10-04T14:18:37.008241Z;/home/runner/work/JSON-java/JSON-java/src/main/java/org/json;JSONArray.java;IN_ACCESS
2026-10-04T14:18:37.008515Z;/home/runner/work/JSON-java/JSON-java;pom.xml;IN_ACCESS
2026-10-04T14:18:37.010267Z;/home/runner/work/JSON-java/JSON-java/src/main/java/org/json;JSONArray.java;IN_ACCESS
2026-10-04T14:18:37.010551Z;/home/runner/work/JSON-java/JSON-java;pom.xml;IN_ACCESS
2026-10-04T14:18:37.010817Z;/home/runner/work/JSON-java/JSON-java/target/maven-archiver;pom.properties;IN_ACCESS
2026-10-04T14:18:37.011064Z;/home/runner/work/JSON-java/JSON-java/src/main/java/org/json;JSONArray.java;IN_ACCESS
2026-10-04T14:18:37.011384Z;/home/runner/work/JSON-java/JSON-java/src/main/java/org/json;JSONTokener.java;IN_ACCESS
2026-10-04T14:18:37.011681Z;/home/runner/work/JSON-java/JSON-java/src/main/java/org/json;JSONObject.java;IN_ACCESS
2026-10-04T14:18:37.835415Z;/home/runner/work/JSON-java/JSON-java/target;javadoc-bundle-options;IN_CREATE,IN_ISDIR
2026-10-04T14:18:37.839775Z;/home/runner/work/JSON-java/JSON-java/target;javadoc-bundle-options;IN_ACCESS,IN_ISDIR
2026-10-04T14:18:37.840099Z;/home/runner/work/JSON-java/JSON-java/target/javadoc-bundle-options;javadoc-options-javadoc-resources.xml;IN_CREATE
2026-10-04T14:18:37.842839Z;/home/runner/work/JSON-java/JSON-java/target;json-20260814.jar;IN_ACCESS
2026-10-04T14:18:37.843145Z;/home/runner/work/JSON-java/JSON-java/target;json-20260814.jar;IN_ACCESS
2026-10-04T14:18:37.843394Z;/home/runner/work/JSON-java/JSON-java/target;json-20260814.jar;IN_ACCESS
2026-10-04T14:18:37.843844Z;/home/runner/work/JSON-java/JSON-java/target;json-20260814.jar;IN_ACCESS
2026-10-04T14:18:37.844099Z;/home/runner/work/JSON-java/JSON-java/target;json-20260814.jar;IN_ACCESS
2026-10-04T14:18:37.847953Z;/home/runner/work/JSON-java/JSON-java/src/main;java;IN_ACCESS,IN_ISDIR
2026-10-04T14:18:37.848268Z;/home/runner/work/JSON-java/JSON-java/src/main/java;;IN_ACCESS,IN_ISDIR
2026-10-04T14:18:37.848530Z;/home/runner/work/JSON-java/JSON-java/src/main;java;IN_ACCESS,IN_ISDIR
2026-10-04T14:18:37.848794Z;/home/runner/work/JSON-java/JSON-java/src/main/java;;IN_ACCESS,IN_ISDIR
2026-10-04T14:18:37.849094Z;/home/runner/work/JSON-java/JSON-java/src/main/java;org;IN_ACCESS,IN_ISDIR
2026-10-04T14:18:37.849388Z;/home/runner/work/JSON-java/JSON-java/src/main/java/org;;IN_ACCESS,IN_ISDIR
2026-10-04T14:18:37.849638Z;/home/runner/work/JSON-java/JSON-java/src/main/java;org;IN_ACCESS,IN_ISDIR
2026-10-04T14:18:37.849890Z;/home/runner/work/JSON-java/JSON-java/src/main/java/org;;IN_ACCESS,IN_ISDIR
2026-10-04T14:18:37.850305Z;/home/runner/work/JSON-java/JSON-java/src/main/java/org;json;IN_ACCESS,IN_ISDIR
2026-10-04T14:18:37.850612Z;/home/runner/work/JSON-java/JSON-java/src/main/java/org/json;;IN_ACCESS,IN_ISDIR
2026-10-04T14:18:37.850892Z;/home/runner/work/JSON-java/JSON-java/src/main/java/org;json;IN_ACCESS,IN_ISDIR
2026-10-04T14:18:37.851386Z;/home/runner/work/JSON-java/JSON-java/src/main/java/org/json;;IN_ACCESS,IN_ISDIR
2026-10-04T14:18:37.851727Z;/home/runner/work/JSON-java/JSON-java/target/generated-sources;annotations;IN_ACCESS,IN_ISDIR
2026-10-04T14:18:37.852033Z;/home/runner/work/JSON-java/JSON-java/target/generated-sources/annotations;;IN_ACCESS,IN_ISDIR
2026-10-04T14:18:37.852339Z;/home/runner/work/JSON-java/JSON-java/target/generated-sources;annotations;IN_ACCESS,IN_ISDIR
2026-10-04T14:18:37.852630Z;/home/runner/work/JSON-java/JSON-java/target/generated-sources/annotations;;IN_ACCESS,IN_ISDIR
2026-10-04T14:18:37.991693Z;/home/runner/work/JSON-java/JSON-java/target;json-20260814.jar;IN_ACCESS
2026-10-04T14:18:37.992216Z;/home/runner/work/JSON-java/JSON-java/target;json-20260814.jar;IN_ACCESS
2026-10-04T14:18:37.993392Z;/home/runner/work/JSON-java/JSON-java/src/main;java;IN_ACCESS,IN_ISDIR
2026-10-04T14:18:37.993715Z;/home/runner/work/JSON-java/JSON-java/src/main/java;;IN_ACCESS,IN_ISDIR
2026-10-04T14:18:37.993990Z;/home/runner/work/JSON-java/JSON-java/src/main;java;IN_ACCESS,IN_ISDIR
2026-10-04T14:18:37.995153Z;/home/runner/work/JSON-java/JSON-java/src/main/java;;IN_ACCESS,IN_ISDIR
2026-10-04T14:18:37.995487Z;/home/runner/work/JSON-java/JSON-java/src/main/java;org;IN_ACCESS,IN_ISDIR
2026-10-04T14:18:37.995802Z;/home/runner/work/JSON-java/JSON-java/src/main/java/org;;IN_ACCESS,IN_ISDIR
2026-10-04T14:18:37.996133Z;/home/runner/work/JSON-java/JSON-java/src/main/java;org;IN_ACCESS,IN_ISDIR
2026-10-04T14:18:37.996472Z;/home/runner/work/JSON-java/JSON-java/src/main/java/org;;IN_ACCESS,IN_ISDIR
2026-10-04T14:18:37.996775Z;/home/runner/work/JSON-java/JSON-java/src/main/java/org;json;IN_ACCESS,IN_ISDIR
2026-10-04T14:18:37.997400Z;/home/runner/work/JSON-java/JSON-java/src/main/java/org/json;;IN_ACCESS,IN_ISDIR
2026-10-04T14:18:37.997707Z;/home/runner/work/JSON-java/JSON-java/src/main/java/org;json;IN_ACCESS,IN_ISDIR
2026-10-04T14:18:37.998160Z;/home/runner/work/JSON-java/JSON-java/src/main/java/org/json;;IN_ACCESS,IN_ISDIR
2026-10-04T14:18:37.998526Z;/home/runner/work/JSON-java/JSON-java/target/generated-sources;annotations;IN_ACCESS,IN_ISDIR
2026-10-04T14:18:37.998768Z;/home/runner/work/JSON-java/JSON-java/target/generated-sources/annotations;;IN_ACCESS,IN_ISDIR
2026-10-04T14:18:37.999005Z;/home/runner/work/JSON-java/JSON-java/target/generated-sources;annotations;IN_ACCESS,IN_ISDIR
2026-10-04T14:18:37.999268Z;/home/runner/work/JSON-java/JSON-java/target/generated-sources/annotations;;IN_ACCESS,IN_ISDIR
2026-10-04T14:18:37.999628Z;/home/runner/work/JSON-java/JSON-java/target;apidocs;IN_CREATE,IN_ISDIR
2026-10-04T14:18:37.999941Z;/home/runner/work/JSON-java/JSON-java/target;apidocs;IN_ACCESS,IN_ISDIR
2026-10-04T14:18:38.000415Z;/home/runner/work/JSON-java/JSON-java/src/main;java;IN_ACCESS,IN_ISDIR
2026-10-04T14:18:38.000664Z;/home/runner/work/JSON-java/JSON-java/src/main/java;;IN_ACCESS,IN_ISDIR
2026-10-04T14:18:38.000988Z;/home/runner/work/JSON-java/JSON-java/src/main;java;IN_ACCESS,IN_ISDIR
2026-10-04T14:18:38.001263Z;/home/runner/work/JSON-java/JSON-java/src/main/java;;IN_ACCESS,IN_ISDIR
2026-10-04T14:18:38.001510Z;/home/runner/work/JSON-java/JSON-java/src/main/java;org;IN_ACCESS,IN_ISDIR
2026-10-04T14:18:38.001746Z;/home/runner/work/JSON-java/JSON-java/src/main/java/org;;IN_ACCESS,IN_ISDIR
2026-10-04T14:18:38.002072Z;/home/runner/work/JSON-java/JSON-java/src/main/java;org;IN_ACCESS,IN_ISDIR
2026-10-04T14:18:38.002399Z;/home/runner/work/JSON-java/JSON-java/src/main/java/org;;IN_ACCESS,IN_ISDIR
2026-10-04T14:18:38.003032Z;/home/runner/work/JSON-java/JSON-java/src/main/java/org;json;IN_ACCESS,IN_ISDIR
2026-10-04T14:18:38.005463Z;/home/runner/work/JSON-java/JSON-java/src/main/java/org/json;;IN_ACCESS,IN_ISDIR
2026-10-04T14:18:38.005768Z;/home/runner/work/JSON-java/JSON-java/src/main/java/org;json;IN_ACCESS,IN_ISDIR
2026-10-04T14:18:38.006629Z;/home/runner/work/JSON-java/JSON-java/src/main/java/org/json;;IN_ACCESS,IN_ISDIR
2026-10-04T14:18:38.008324Z;/home/runner/work/JSON-java/JSON-java/target/generated-sources;annotations;IN_ACCESS,IN_ISDIR
2026-10-04T14:18:38.008873Z;/home/runner/work/JSON-java/JSON-java/target/generated-sources/annotations;;IN_ACCESS,IN_ISDIR
2026-10-04T14:18:38.011138Z;/home/runner/work/JSON-java/JSON-java/target/generated-sources;annotations;IN_ACCESS,IN_ISDIR
2026-10-04T14:18:38.011488Z;/home/runner/work/JSON-java/JSON-java/target/generated-sources/annotations;;IN_ACCESS,IN_ISDIR
2026-10-04T14:18:38.011805Z;/home/runner/work/JSON-java/JSON-java/target/apidocs;options;IN_CREATE
2026-10-04T14:18:38.012129Z;/home/runner/work/JSON-java/JSON-java/target/apidocs;packages;IN_CREATE
2026-10-04T14:18:38.012429Z;/home/runner/work/JSON-java/JSON-java/target/apidocs;options;IN_ACCESS
2026-10-04T14:18:38.013054Z;/home/runner/work/JSON-java/JSON-java/target/apidocs;packages;IN_ACCESS
2026-10-04T14:18:38.013365Z;/home/runner/work/JSON-java/JSON-java/src/main;java;IN_ACCESS,IN_ISDIR
2026-10-04T14:18:38.013641Z;/home/runner/work/JSON-java/JSON-java/src/main/java;;IN_ACCESS,IN_ISDIR
2026-10-04T14:18:38.014264Z;/home/runner/work/JSON-java/JSON-java/src/main;java;IN_ACCESS,IN_ISDIR
2026-10-04T14:18:38.014528Z;/home/runner/work/JSON-java/JSON-java/src/main/java;;IN_ACCESS,IN_ISDIR
2026-10-04T14:18:38.014832Z;/home/runner/work/JSON-java/JSON-java/target/generated-sources;annotations;IN_ACCESS,IN_ISDIR
2026-10-04T14:18:38.015180Z;/home/runner/work/JSON-java/JSON-java/target/generated-sources/annotations;;IN_ACCESS,IN_ISDIR
2026-10-04T14:18:38.015455Z;/home/runner/work/JSON-java/JSON-java/target/generated-sources;annotations;IN_ACCESS,IN_ISDIR
2026-10-04T14:18:38.015782Z;/home/runner/work/JSON-java/JSON-java/target/generated-sources/annotations;;IN_ACCESS,IN_ISDIR
2026-10-04T14:18:38.016052Z;/home/runner/work/JSON-java/JSON-java/target;apidocs;IN_ACCESS,IN_ISDIR
2026-10-04T14:18:38.016336Z;/home/runner/work/JSON-java/JSON-java/target/apidocs;;IN_ACCESS,IN_ISDIR
2026-10-04T14:18:38.016657Z;/home/runner/work/JSON-java/JSON-java/target;apidocs;IN_ACCESS,IN_ISDIR
2026-10-04T14:18:38.016961Z;/home/runner/work/JSON-java/JSON-java/target/apidocs;;IN_ACCESS,IN_ISDIR
2026-10-04T14:18:38.228022Z;/home/runner/work/JSON-java/JSON-java/target/apidocs;options;IN_ACCESS
2026-10-04T14:18:38.228820Z;/home/runner/work/JSON-java/JSON-java/target/apidocs;packages;IN_ACCESS
2026-10-04T14:18:38.533240Z;/home/runner/work/JSON-java/JSON-java/src/main/java/org;json;IN_ACCESS,IN_ISDIR
2026-10-04T14:18:38.533931Z;/home/runner/work/JSON-java/JSON-java/src/main/java/org/json;;IN_ACCESS,IN_ISDIR
2026-10-04T14:18:38.534237Z;/home/runner/work/JSON-java/JSON-java/src/main/java/org;json;IN_ACCESS,IN_ISDIR
2026-10-04T14:18:38.534540Z;/home/runner/work/JSON-java/JSON-java/src/main/java/org/json;;IN_ACCESS,IN_ISDIR
2026-10-04T14:18:38.534848Z;/home/runner/work/JSON-java/JSON-java/src/main/java/org/json;JSONPointerException.java;IN_ACCESS
2026-10-04T14:18:38.550890Z;/home/runner/work/JSON-java/JSON-java/src/main/java/org/json;JSONParserConfiguration.java;IN_ACCESS
2026-10-04T14:18:38.558594Z;/home/runner/work/JSON-java/JSON-java/src/main/java/org/json;JSONPropertyIgnore.java;IN_ACCESS
2026-10-04T14:18:38.561314Z;/home/runner/work/JSON-java/JSON-java/src/main/java/org/json;CDL.java;IN_ACCESS
2026-10-04T14:18:38.579801Z;/home/runner/work/JSON-java/JSON-java/src/main/java/org/json;JSONML.java;IN_ACCESS
2026-10-04T14:18:38.599515Z;/home/runner/work/JSON-java/JSON-java/src/main/java/org/json;StringBuilderWriter.java;IN_ACCESS
2026-10-04T14:18:38.603263Z;/home/runner/work/JSON-java/JSON-java/src/main/java/org/json;XML.java;IN_ACCESS
2026-10-04T14:18:38.634325Z;/home/runner/work/JSON-java/JSON-java/src/main/java/org/json;XMLXsiTypeConverter.java;IN_ACCESS
2026-10-04T14:18:38.635137Z;/home/runner/work/JSON-java/JSON-java/src/main/java/org/json;JSONStringer.java;IN_ACCESS
2026-10-04T14:18:38.635963Z;/home/runner/work/JSON-java/JSON-java/src/main/java/org/json;XMLTokener.java;IN_ACCESS
2026-10-04T14:18:38.641606Z;/home/runner/work/JSON-java/JSON-java/src/main/java/org/json;XMLParserConfiguration.java;IN_ACCESS
2026-10-04T14:18:38.646732Z;/home/runner/work/JSON-java/JSON-java/src/main/java/org/json;HTTPTokener.java;IN_ACCESS
2026-10-04T14:18:38.649174Z;/home/runner/work/JSON-java/JSON-java/src/main/java/org/json;CookieList.java;IN_ACCESS
2026-10-04T14:18:38.649615Z;/home/runner/work/JSON-java/JSON-java/src/main/java/org/json;JSONObject.java;IN_ACCESS
2026-10-04T14:18:38.700204Z;/home/runner/work/JSON-java/JSON-java/src/main/java/org/json;JSONMLParserConfiguration.java;IN_ACCESS
2026-10-04T14:18:38.700791Z;/home/runner/work/JSON-java/JSON-java/src/main/java/org/json;ParserConfiguration.java;IN_ACCESS
2026-10-04T14:18:38.702657Z;/home/runner/work/JSON-java/JSON-java/src/main/java/org/json;Cookie.java;IN_ACCESS
2026-10-04T14:18:38.705666Z;/home/runner/work/JSON-java/JSON-java/src/main/java/org/json;HTTP.java;IN_ACCESS
2026-10-04T14:18:38.707668Z;/home/runner/work/JSON-java/JSON-java/src/main/java/org/json;JSONWriter.java;IN_ACCESS
2026-10-04T14:18:38.711907Z;/home/runner/work/JSON-java/JSON-java/src/main/java/org/json;JSONException.java;IN_ACCESS
2026-10-04T14:18:38.712483Z;/home/runner/work/JSON-java/JSON-java/src/main/java/org/json;JSONPropertyName.java;IN_ACCESS
2026-10-04T14:18:38.715275Z;/home/runner/work/JSON-java/JSON-java/src/main/java/org/json;Property.java;IN_ACCESS
2026-10-04T14:18:38.715503Z;/home/runner/work/JSON-java/JSON-java/src/main/java/org/json;JSONPointer.java;IN_ACCESS
2026-10-04T14:18:38.717042Z;/home/runner/work/JSON-java/JSON-java/src/main/java/org/json;JSONTokener.java;IN_ACCESS
2026-10-04T14:18:38.724454Z;/home/runner/work/JSON-java/JSON-java/src/main/java/org/json;JSONString.java;IN_ACCESS
2026-10-04T14:18:38.724906Z;/home/runner/work/JSON-java/JSON-java/src/main/java/org/json;JSONArray.java;IN_ACCESS
2026-10-04T14:18:38.746002Z;/home/runner/work/JSON-java/JSON-java/src/main/java/org;json;IN_ACCESS,IN_ISDIR
2026-10-04T14:18:38.746483Z;/home/runner/work/JSON-java/JSON-java/src/main/java/org/json;;IN_ACCESS,IN_ISDIR
2026-10-04T14:18:38.747009Z;/home/runner/work/JSON-java/JSON-java/src/main/java/org;json;IN_ACCESS,IN_ISDIR
2026-10-04T14:18:38.747301Z;/home/runner/work/JSON-java/JSON-java/src/main/java/org/json;;IN_ACCESS,IN_ISDIR
2026-10-04T14:18:38.783953Z;/home/runner/work/JSON-java/JSON-java/src/main/java;org;IN_ACCESS,IN_ISDIR
2026-10-04T14:18:38.784312Z;/home/runner/work/JSON-java/JSON-java/src/main/java/org;;IN_ACCESS,IN_ISDIR
2026-10-04T14:18:38.784592Z;/home/runner/work/JSON-java/JSON-java/src/main/java;org;IN_ACCESS,IN_ISDIR
2026-10-04T14:18:38.784858Z;/home/runner/work/JSON-java/JSON-java/src/main/java/org;;IN_ACCESS,IN_ISDIR
2026-10-04T14:18:39.011869Z;/home/runner/work/JSON-java/JSON-java/target;apidocs;IN_ACCESS,IN_ISDIR
2026-10-04T14:18:39.012246Z;/home/runner/work/JSON-java/JSON-java/target/apidocs;;IN_ACCESS,IN_ISDIR
2026-10-04T14:18:39.012483Z;/home/runner/work/JSON-java/JSON-java/target;apidocs;IN_ACCESS,IN_ISDIR
2026-10-04T14:18:39.012703Z;/home/runner/work/JSON-java/JSON-java/target/apidocs;;IN_ACCESS,IN_ISDIR
2026-10-04T14:18:39.013021Z;/home/runner/work/JSON-java/JSON-java/src/main;java;IN_ACCESS,IN_ISDIR
2026-10-04T14:18:39.014236Z;/home/runner/work/JSON-java/JSON-java/src/main/java;;IN_ACCESS,IN_ISDIR
2026-10-04T14:18:39.014507Z;/home/runner/work/JSON-java/JSON-java/src/main;java;IN_ACCESS,IN_ISDIR
2026-10-04T14:18:39.014749Z;/home/runner/work/JSON-java/JSON-java/src/main/java;;IN_ACCESS,IN_ISDIR
2026-10-04T14:18:39.014994Z;/home/runner/work/JSON-java/JSON-java/target/generated-sources;annotations;IN_ACCESS,IN_ISDIR
2026-10-04T14:18:39.015310Z;/home/runner/work/JSON-java/JSON-java/target/generated-sources/annotations;;IN_ACCESS,IN_ISDIR
2026-10-04T14:18:39.015555Z;/home/runner/work/JSON-java/JSON-java/target/generated-sources;annotations;IN_ACCESS,IN_ISDIR
2026-10-04T14:18:39.015838Z;/home/runner/work/JSON-java/JSON-java/target/generated-sources/annotations;;IN_ACCESS,IN_ISDIR
2026-10-04T14:18:39.384367Z;/home/runner/work/JSON-java/JSON-java/target/apidocs;org;IN_CREATE,IN_ISDIR
2026-10-04T14:18:39.384920Z;/home/runner/work/JSON-java/JSON-java/target/apidocs;org;IN_ACCESS,IN_ISDIR
2026-10-04T14:18:39.449152Z;/home/runner/work/JSON-java/JSON-java/target/apidocs/org/json;Cookie.html;IN_CREATE
2026-10-04T14:18:39.459886Z;/home/runner/work/JSON-java/JSON-java/target/apidocs/org/json;CookieList.html;IN_CREATE
2026-10-04T14:18:39.473433Z;/home/runner/work/JSON-java/JSON-java/target/apidocs/org/json;HTTP.html;IN_CREATE
2026-10-04T14:18:39.493530Z;/home/runner/work/JSON-java/JSON-java/target/apidocs/org/json;HTTPTokener.html;IN_CREATE
2026-10-04T14:18:39.654830Z;/home/runner/work/JSON-java/JSON-java/target/apidocs/org/json;JSONArray.html;IN_CREATE
2026-10-04T14:18:39.669067Z;/home/runner/work/JSON-java/JSON-java/target/apidocs/org/json;JSONException.html;IN_CREATE
2026-10-04T14:18:39.693904Z;/home/runner/work/JSON-java/JSON-java/target/apidocs/org/json;JSONML.html;IN_CREATE
2026-10-04T14:18:39.708164Z;/home/runner/work/JSON-java/JSON-java/target/apidocs/org/json;JSONMLParserConfiguration.html;IN_CREATE
2026-10-04T14:18:39.840854Z;/home/runner/work/JSON-java/JSON-java/target/apidocs/org/json;JSONObject.html;IN_CREATE
2026-10-04T14:18:39.855940Z;/home/runner/work/JSON-java/JSON-java/target/apidocs/org/json;JSONParserConfiguration.html;IN_CREATE
2026-10-04T14:18:39.866124Z;/home/runner/work/JSON-java/JSON-java/target/apidocs/org/json;JSONPointer.html;IN_CREATE
2026-10-04T14:18:39.871374Z;/home/runner/work/JSON-java/JSON-java/target/apidocs/org/json;JSONPointer.Builder.html;IN_CREATE
2026-10-04T14:18:39.876758Z;/home/runner/work/JSON-java/JSON-java/target/apidocs/org/json;JSONPointerException.html;IN_CREATE
2026-10-04T14:18:39.879422Z;/home/runner/work/JSON-java/JSON-java/target/apidocs/org/json;JSONPropertyIgnore.html;IN_CREATE
2026-10-04T14:18:39.882503Z;/home/runner/work/JSON-java/JSON-java/target/apidocs/org/json;JSONPropertyName.html;IN_CREATE
2026-10-04T14:18:39.884996Z;/home/runner/work/JSON-java/JSON-java/target/apidocs/org/json;JSONString.html;IN_CREATE
2026-10-04T14:18:39.892116Z;/home/runner/work/JSON-java/JSON-java/target/apidocs/org/json;JSONStringer.html;IN_CREATE
2026-10-04T14:18:39.912750Z;/home/runner/work/JSON-java/JSON-java/target/apidocs/org/json;JSONTokener.html;IN_CREATE
2026-10-04T14:18:39.923307Z;/home/runner/work/JSON-java/JSON-java/target/apidocs/org/json;JSONWriter.html;IN_CREATE
2026-10-04T14:18:39.931533Z;/home/runner/work/JSON-java/JSON-java/target/apidocs/org/json;ParserConfiguration.html;IN_CREATE
2026-10-04T14:18:39.937636Z;/home/runner/work/JSON-java/JSON-java/target/apidocs/org/json;Property.html;IN_CREATE
2026-10-04T14:18:39.999149Z;/home/runner/work/JSON-java/JSON-java/target/apidocs/org/json;StringBuilderWriter.html;IN_CREATE
2026-10-04T14:18:40.025211Z;/home/runner/work/JSON-java/JSON-java/target/apidocs/org/json;XML.html;IN_CREATE
2026-10-04T14:18:40.043682Z;/home/runner/work/JSON-java/JSON-java/target/apidocs/org/json;XMLParserConfiguration.html;IN_CREATE
2026-10-04T14:18:40.056348Z;/home/runner/work/JSON-java/JSON-java/target/apidocs/org/json;XMLTokener.html;IN_CREATE
2026-10-04T14:18:40.059195Z;/home/runner/work/JSON-java/JSON-java/target/apidocs/org/json;XMLXsiTypeConverter.html;IN_CREATE
2026-10-04T14:18:40.060155Z;/home/runner/work/JSON-java/JSON-java/target/apidocs;element-list;IN_CREATE
2026-10-04T14:18:40.069319Z;/home/runner/work/JSON-java/JSON-java/target/apidocs/org/json;package-summary.html;IN_CREATE
2026-10-04T14:18:40.076261Z;/home/runner/work/JSON-java/JSON-java/target/apidocs/org/json;package-tree.html;IN_CREATE
2026-10-04T14:18:40.080946Z;/home/runner/work/JSON-java/JSON-java/target/apidocs;constant-values.html;IN_CREATE
2026-10-04T14:18:40.086979Z;/home/runner/work/JSON-java/JSON-java/target/apidocs;serialized-form.html;IN_CREATE
2026-10-04T14:18:40.109824Z;/home/runner/work/JSON-java/JSON-java/target/apidocs/org/json;class-use;IN_CREATE,IN_ISDIR
2026-10-04T14:18:40.111174Z;/home/runner/work/JSON-java/JSON-java/target/apidocs/org/json;class-use;IN_ACCESS,IN_ISDIR
2026-10-04T14:18:40.116435Z;/home/runner/work/JSON-java/JSON-java/target/apidocs/org/json/class-use;JSONParserConfiguration.html;IN_CREATE
2026-10-04T14:18:40.117919Z;/home/runner/work/JSON-java/JSON-java/target/apidocs/org/json/class-use;JSONPropertyIgnore.html;IN_CREATE
2026-10-04T14:18:40.119009Z;/home/runner/work/JSON-java/JSON-java/target/apidocs/org/json/class-use;CDL.html;IN_CREATE
2026-10-04T14:18:40.120569Z;/home/runner/work/JSON-java/JSON-java/target/apidocs/org/json/class-use;JSONML.html;IN_CREATE
2026-10-04T14:18:40.121856Z;/home/runner/work/JSON-java/JSON-java/target/apidocs/org/json/class-use;StringBuilderWriter.html;IN_CREATE
2026-10-04T14:18:40.122952Z;/home/runner/work/JSON-java/JSON-java/target/apidocs/org/json/class-use;XML.html;IN_CREATE
2026-10-04T14:18:40.125838Z;/home/runner/work/JSON-java/JSON-java/target/apidocs/org/json/class-use;XMLXsiTypeConverter.html;IN_CREATE
2026-10-04T14:18:40.126506Z;/home/runner/work/JSON-java/JSON-java/target/apidocs/org/json/class-use;JSONStringer.html;IN_CREATE
2026-10-04T14:18:40.131151Z;/home/runner/work/JSON-java/JSON-java/target/apidocs/org/json/class-use;XMLTokener.html;IN_CREATE
2026-10-04T14:18:40.133897Z;/home/runner/work/JSON-java/JSON-java/target/apidocs/org/json/class-use;XMLParserConfiguration.html;IN_CREATE
2026-10-04T14:18:40.134996Z;/home/runner/work/JSON-java/JSON-java/target/apidocs/org/json/class-use;HTTPTokener.html;IN_CREATE
2026-10-04T14:18:40.136557Z;/home/runner/work/JSON-java/JSON-java/target/apidocs/org/json/class-use;CookieList.html;IN_CREATE
2026-10-04T14:18:40.143080Z;/home/runner/work/JSON-java/JSON-java/target/apidocs/org/json/class-use;JSONObject.html;IN_CREATE
2026-10-04T14:18:40.146752Z;/home/runner/work/JSON-java/JSON-java/target/apidocs/org/json/class-use;JSONMLParserConfiguration.html;IN_CREATE
2026-10-04T14:18:40.148548Z;/home/runner/work/JSON-java/JSON-java/target/apidocs/org/json/class-use;ParserConfiguration.html;IN_CREATE
2026-10-04T14:18:40.149478Z;/home/runner/work/JSON-java/JSON-java/target/apidocs/org/json/class-use;Cookie.html;IN_CREATE
2026-10-04T14:18:40.150381Z;/home/runner/work/JSON-java/JSON-java/target/apidocs/org/json/class-use;HTTP.html;IN_CREATE
2026-10-04T14:18:40.152190Z;/home/runner/work/JSON-java/JSON-java/target/apidocs/org/json/class-use;JSONWriter.html;IN_CREATE
2026-10-04T14:18:40.168991Z;/home/runner/work/JSON-java/JSON-java/target/apidocs/org/json/class-use;JSONException.html;IN_CREATE
2026-10-04T14:18:40.172161Z;/home/runner/work/JSON-java/JSON-java/target/apidocs/org/json/class-use;JSONPropertyName.html;IN_CREATE
2026-10-04T14:18:40.172528Z;/home/runner/work/JSON-java/JSON-java/target/apidocs/org/json/class-use;Property.html;IN_CREATE
2026-10-04T14:18:40.174324Z;/home/runner/work/JSON-java/JSON-java/target/apidocs/org/json/class-use;JSONPointer.html;IN_CREATE
2026-10-04T14:18:40.178162Z;/home/runner/work/JSON-java/JSON-java/target/apidocs/org/json/class-use;JSONPointer.Builder.html;IN_CREATE
2026-10-04T14:18:40.179738Z;/home/runner/work/JSON-java/JSON-java/target/apidocs/org/json/class-use;JSONTokener.html;IN_CREATE
2026-10-04T14:18:40.180864Z;/home/runner/work/JSON-java/JSON-java/target/apidocs/org/json/class-use;JSONString.html;IN_CREATE
2026-10-04T14:18:40.187509Z;/home/runner/work/JSON-java/JSON-java/target/apidocs/org/json/class-use;JSONArray.html;IN_CREATE
2026-10-04T14:18:40.191626Z;/home/runner/work/JSON-java/JSON-java/target/apidocs/org/json;package-use.html;IN_CREATE
2026-10-04T14:18:40.194369Z;/home/runner/work/JSON-java/JSON-java/target/apidocs;overview-tree.html;IN_CREATE
2026-10-04T14:18:40.197509Z;/home/runner/work/JSON-java/JSON-java/target/apidocs;deprecated-list.html;IN_CREATE
2026-10-04T14:18:40.229716Z;/home/runner/work/JSON-java/JSON-java/target/apidocs;allclasses-index.html;IN_CREATE
2026-10-04T14:18:40.230758Z;/home/runner/work/JSON-java/JSON-java/target/apidocs;allpackages-index.html;IN_CREATE
2026-10-04T14:18:40.231420Z;/home/runner/work/JSON-java/JSON-java/target/apidocs;module-search-index.js;IN_CREATE
2026-10-04T14:18:40.232205Z;/home/runner/work/JSON-java/JSON-java/target/apidocs;package-search-index.js;IN_CREATE
2026-10-04T14:18:40.232625Z;/home/runner/work/JSON-java/JSON-java/target/apidocs;type-search-index.js;IN_CREATE
2026-10-04T14:18:40.232945Z;/home/runner/work/JSON-java/JSON-java/target/apidocs;member-search-index.js;IN_CREATE
2026-10-04T14:18:40.235956Z;/home/runner/work/JSON-java/JSON-java/target/apidocs;tag-search-index.js;IN_CREATE
2026-10-04T14:18:40.284033Z;/home/runner/work/JSON-java/JSON-java/target/apidocs;index-all.html;IN_CREATE
2026-10-04T14:18:40.287898Z;/home/runner/work/JSON-java/JSON-java/target/apidocs;index.html;IN_CREATE
2026-10-04T14:18:40.290243Z;/home/runner/work/JSON-java/JSON-java/target/apidocs;help-doc.html;IN_CREATE
2026-10-04T14:18:40.291138Z;/home/runner/work/JSON-java/JSON-java/target/apidocs;stylesheet.css;IN_CREATE
2026-10-04T14:18:40.292057Z;/home/runner/work/JSON-java/JSON-java/target/apidocs;script.js;IN_CREATE
2026-10-04T14:18:40.294120Z;/home/runner/work/JSON-java/JSON-java/target/apidocs;search.js;IN_CREATE
2026-10-04T14:18:40.294658Z;/home/runner/work/JSON-java/JSON-java/target/apidocs;resources;IN_CREATE,IN_ISDIR
2026-10-04T14:18:40.294999Z;/home/runner/work/JSON-java/JSON-java/target/apidocs;resources;IN_ACCESS,IN_ISDIR
2026-10-04T14:18:40.322939Z;/home/runner/work/JSON-java/JSON-java/target/apidocs;script-dir;IN_CREATE,IN_ISDIR
2026-10-04T14:18:40.323343Z;/home/runner/work/JSON-java/JSON-java/target/apidocs;script-dir;IN_ACCESS,IN_ISDIR
2026-10-04T14:18:40.324425Z;/home/runner/work/JSON-java/JSON-java/target/apidocs/script-dir;jquery-ui.min.js;IN_CREATE
2026-10-04T14:18:40.324771Z;/home/runner/work/JSON-java/JSON-java/target/apidocs/script-dir;jquery-ui.min.css;IN_CREATE
2026-10-04T14:18:40.325063Z;/home/runner/work/JSON-java/JSON-java/target/apidocs;jquery-ui.overrides.css;IN_CREATE
2026-10-04T14:18:40.330428Z;/home/runner/work/JSON-java/JSON-java/target/apidocs;legal;IN_CREATE,IN_ISDIR
2026-10-04T14:18:40.330795Z;/home/runner/work/JSON-java/JSON-java/target/apidocs;legal;IN_ACCESS,IN_ISDIR
2026-10-04T14:18:40.360550Z;/home/runner/work/JSON-java/JSON-java/target/apidocs/legal;LICENSE;IN_CREATE
2026-10-04T14:18:40.434605Z;/home/runner/work/JSON-java/JSON-java/target/apidocs/legal;ASSEMBLY_EXCEPTION;IN_CREATE
2026-10-04T14:18:40.445934Z;/home/runner/work/JSON-java/JSON-java/target/apidocs/legal;jquery.md;IN_CREATE
2026-10-04T14:18:40.451725Z;/home/runner/work/JSON-java/JSON-java/target/apidocs/legal;ADDITIONAL_LICENSE_INFO;IN_CREATE
2026-10-04T14:18:40.509247Z;/home/runner/work/JSON-java/JSON-java/target/apidocs;options;IN_ACCESS
2026-10-04T14:18:40.510488Z;/home/runner/work/JSON-java/JSON-java/target/apidocs;packages;IN_ACCESS
2026-10-04T14:18:40.510790Z;/home/runner/work/JSON-java/JSON-java/src/main;java;IN_ACCESS,IN_ISDIR
2026-10-04T14:18:40.511074Z;/home/runner/work/JSON-java/JSON-java/src/main/java;;IN_ACCESS,IN_ISDIR
2026-10-04T14:18:40.511371Z;/home/runner/work/JSON-java/JSON-java/src/main;java;IN_ACCESS,IN_ISDIR
2026-10-04T14:18:40.511685Z;/home/runner/work/JSON-java/JSON-java/src/main/java;;IN_ACCESS,IN_ISDIR
2026-10-04T14:18:40.513463Z;/home/runner/work/JSON-java/JSON-java/target/generated-sources;annotations;IN_ACCESS,IN_ISDIR
2026-10-04T14:18:40.513913Z;/home/runner/work/JSON-java/JSON-java/target/generated-sources/annotations;;IN_ACCESS,IN_ISDIR
2026-10-04T14:18:40.514345Z;/home/runner/work/JSON-java/JSON-java/target/generated-sources;annotations;IN_ACCESS,IN_ISDIR
2026-10-04T14:18:40.514717Z;/home/runner/work/JSON-java/JSON-java/target/generated-sources/annotations;;IN_ACCESS,IN_ISDIR
2026-10-04T14:18:40.517281Z;/home/runner/work/JSON-java/JSON-java/target;apidocs;IN_ACCESS,IN_ISDIR
2026-10-04T14:18:40.517552Z;/home/runner/work/JSON-java/JSON-java/target/apidocs;;IN_ACCESS,IN_ISDIR
2026-10-04T14:18:40.517877Z;/home/runner/work/JSON-java/JSON-java/target;apidocs;IN_ACCESS,IN_ISDIR
2026-10-04T14:18:40.518144Z;/home/runner/work/JSON-java/JSON-java/target/apidocs;;IN_ACCESS,IN_ISDIR
2026-10-04T14:18:40.518424Z;/home/runner/work/JSON-java/JSON-java/target;maven-javadoc-plugin-stale-data.txt;IN_CREATE
2026-10-04T14:18:40.518950Z;/home/runner/work/JSON-java/JSON-java/target/apidocs;options;IN_DELETE
2026-10-04T14:18:40.519269Z;/home/runner/work/JSON-java/JSON-java/target/apidocs;packages;IN_DELETE
2026-10-04T14:18:40.519600Z;/home/runner/work/JSON-java/JSON-java/target;apidocs;IN_ACCESS,IN_ISDIR
2026-10-04T14:18:40.520037Z;/home/runner/work/JSON-java/JSON-java/target/apidocs;;IN_ACCESS,IN_ISDIR
2026-10-04T14:18:40.520333Z;/home/runner/work/JSON-java/JSON-java/target;apidocs;IN_ACCESS,IN_ISDIR
2026-10-04T14:18:40.520598Z;/home/runner/work/JSON-java/JSON-java/target/apidocs;;IN_ACCESS,IN_ISDIR
2026-10-04T14:18:40.520859Z;/home/runner/work/JSON-java/JSON-java/target/apidocs;org;IN_ACCESS,IN_ISDIR
2026-10-04T14:18:40.521148Z;/home/runner/work/JSON-java/JSON-java/target/apidocs/org;;IN_ACCESS,IN_ISDIR
2026-10-04T14:18:40.521442Z;/home/runner/work/JSON-java/JSON-java/target/apidocs;org;IN_ACCESS,IN_ISDIR
2026-10-04T14:18:40.521723Z;/home/runner/work/JSON-java/JSON-java/target/apidocs/org;;IN_ACCESS,IN_ISDIR
2026-10-04T14:18:40.521998Z;/home/runner/work/JSON-java/JSON-java/target/apidocs/org;json;IN_ACCESS,IN_ISDIR
2026-10-04T14:18:40.522268Z;/home/runner/work/JSON-java/JSON-java/target/apidocs/org/json;;IN_ACCESS,IN_ISDIR
2026-10-04T14:18:40.523027Z;/home/runner/work/JSON-java/JSON-java/target/apidocs/org;json;IN_ACCESS,IN_ISDIR
2026-10-04T14:18:40.523284Z;/home/runner/work/JSON-java/JSON-java/target/apidocs/org/json;;IN_ACCESS,IN_ISDIR
2026-10-04T14:18:40.523541Z;/home/runner/work/JSON-java/JSON-java/target/apidocs/org/json;class-use;IN_ACCESS,IN_ISDIR
2026-10-04T14:18:40.523819Z;/home/runner/work/JSON-java/JSON-java/target/apidocs/org/json/class-use;;IN_ACCESS,IN_ISDIR
2026-10-04T14:18:40.524110Z;/home/runner/work/JSON-java/JSON-java/target/apidocs/org/json;class-use;IN_ACCESS,IN_ISDIR
2026-10-04T14:18:40.524388Z;/home/runner/work/JSON-java/JSON-java/target/apidocs/org/json/class-use;;IN_ACCESS,IN_ISDIR
2026-10-04T14:18:40.524661Z;/home/runner/work/JSON-java/JSON-java/target/apidocs;script-dir;IN_ACCESS,IN_ISDIR
2026-10-04T14:18:40.524941Z;/home/runner/work/JSON-java/JSON-java/target/apidocs/script-dir;;IN_ACCESS,IN_ISDIR
2026-10-04T14:18:40.525216Z;/home/runner/work/JSON-java/JSON-java/target/apidocs;script-dir;IN_ACCESS,IN_ISDIR
2026-10-04T14:18:40.525500Z;/home/runner/work/JSON-java/JSON-java/target/apidocs/script-dir;;IN_ACCESS,IN_ISDIR
2026-10-04T14:18:40.525769Z;/home/runner/work/JSON-java/JSON-java/target/apidocs;legal;IN_ACCESS,IN_ISDIR
2026-10-04T14:18:40.526190Z;/home/runner/work/JSON-java/JSON-java/target/apidocs/legal;;IN_ACCESS,IN_ISDIR
2026-10-04T14:18:40.526464Z;/home/runner/work/JSON-java/JSON-java/target/apidocs;legal;IN_ACCESS,IN_ISDIR
2026-10-04T14:18:40.526734Z;/home/runner/work/JSON-java/JSON-java/target/apidocs/legal;;IN_ACCESS,IN_ISDIR
2026-10-04T14:18:40.526996Z;/home/runner/work/JSON-java/JSON-java/target/apidocs;resources;IN_ACCESS,IN_ISDIR
2026-10-04T14:18:40.527270Z;/home/runner/work/JSON-java/JSON-java/target/apidocs/resources;;IN_ACCESS,IN_ISDIR
2026-10-04T14:18:40.527530Z;/home/runner/work/JSON-java/JSON-java/target/apidocs;resources;IN_ACCESS,IN_ISDIR
2026-10-04T14:18:40.527787Z;/home/runner/work/JSON-java/JSON-java/target/apidocs/resources;;IN_ACCESS,IN_ISDIR
2026-10-04T14:18:40.528036Z;/home/runner/work/JSON-java/JSON-java/target/apidocs;index.html;IN_ACCESS
2026-10-04T14:18:40.528293Z;/home/runner/work/JSON-java/JSON-java/target;apidocs;IN_ACCESS,IN_ISDIR
2026-10-04T14:18:40.528545Z;/home/runner/work/JSON-java/JSON-java/target/apidocs;;IN_ACCESS,IN_ISDIR
2026-10-04T14:18:40.528825Z;/home/runner/work/JSON-java/JSON-java/target;apidocs;IN_ACCESS,IN_ISDIR
2026-10-04T14:18:40.529430Z;/home/runner/work/JSON-java/JSON-java/target/apidocs;;IN_ACCESS,IN_ISDIR
2026-10-04T14:18:40.529815Z;/home/runner/work/JSON-java/JSON-java/target/apidocs;org;IN_ACCESS,IN_ISDIR
2026-10-04T14:18:40.530132Z;/home/runner/work/JSON-java/JSON-java/target/apidocs/org;;IN_ACCESS,IN_ISDIR
2026-10-04T14:18:40.530431Z;/home/runner/work/JSON-java/JSON-java/target/apidocs;org;IN_ACCESS,IN_ISDIR
2026-10-04T14:18:40.530762Z;/home/runner/work/JSON-java/JSON-java/target/apidocs/org;;IN_ACCESS,IN_ISDIR
2026-10-04T14:18:40.531052Z;/home/runner/work/JSON-java/JSON-java/target/apidocs/org;json;IN_ACCESS,IN_ISDIR
2026-10-04T14:18:40.531336Z;/home/runner/work/JSON-java/JSON-java/target/apidocs/org/json;;IN_ACCESS,IN_ISDIR
2026-10-04T14:18:40.531609Z;/home/runner/work/JSON-java/JSON-java/target/apidocs/org;json;IN_ACCESS,IN_ISDIR
2026-10-04T14:18:40.531962Z;/home/runner/work/JSON-java/JSON-java/target/apidocs/org/json;;IN_ACCESS,IN_ISDIR
2026-10-04T14:18:40.532244Z;/home/runner/work/JSON-java/JSON-java/target/apidocs/org/json;class-use;IN_ACCESS,IN_ISDIR
2026-10-04T14:18:40.532766Z;/home/runner/work/JSON-java/JSON-java/target/apidocs/org/json/class-use;;IN_ACCESS,IN_ISDIR
2026-10-04T14:18:40.533104Z;/home/runner/work/JSON-java/JSON-java/target/apidocs/org/json;class-use;IN_ACCESS,IN_ISDIR
2026-10-04T14:18:40.533398Z;/home/runner/work/JSON-java/JSON-java/target/apidocs/org/json/class-use;;IN_ACCESS,IN_ISDIR
2026-10-04T14:18:40.533669Z;/home/runner/work/JSON-java/JSON-java/target/apidocs;script-dir;IN_ACCESS,IN_ISDIR
2026-10-04T14:18:40.533935Z;/home/runner/work/JSON-java/JSON-java/target/apidocs/script-dir;;IN_ACCESS,IN_ISDIR
2026-10-04T14:18:40.534230Z;/home/runner/work/JSON-java/JSON-java/target/apidocs;script-dir;IN_ACCESS,IN_ISDIR
2026-10-04T14:18:40.534561Z;/home/runner/work/JSON-java/JSON-java/target/apidocs/script-dir;;IN_ACCESS,IN_ISDIR
2026-10-04T14:18:40.534859Z;/home/runner/work/JSON-java/JSON-java/target/apidocs;legal;IN_ACCESS,IN_ISDIR
2026-10-04T14:18:40.535166Z;/home/runner/work/JSON-java/JSON-java/target/apidocs/legal;;IN_ACCESS,IN_ISDIR
2026-10-04T14:18:40.535467Z;/home/runner/work/JSON-java/JSON-java/target/apidocs;legal;IN_ACCESS,IN_ISDIR
2026-10-04T14:18:40.535754Z;/home/runner/work/JSON-java/JSON-java/target/apidocs/legal;;IN_ACCESS,IN_ISDIR
2026-10-04T14:18:40.536069Z;/home/runner/work/JSON-java/JSON-java/target/apidocs;resources;IN_ACCESS,IN_ISDIR
2026-10-04T14:18:40.536376Z;/home/runner/work/JSON-java/JSON-java/target/apidocs/resources;;IN_ACCESS,IN_ISDIR
2026-10-04T14:18:40.536668Z;/home/runner/work/JSON-java/JSON-java/target/apidocs;resources;IN_ACCESS,IN_ISDIR
2026-10-04T14:18:40.536954Z;/home/runner/work/JSON-java/JSON-java/target/apidocs/resources;;IN_ACCESS,IN_ISDIR
2026-10-04T14:18:40.539270Z;/home/runner/work/JSON-java/JSON-java/target;json-20260814-javadoc.jar;IN_CREATE
2026-10-04T14:18:40.548897Z;/home/runner/work/JSON-java/JSON-java/target/apidocs;overview-tree.html;IN_ACCESS
2026-10-04T14:18:40.552260Z;/home/runner/work/JSON-java/JSON-java/target/apidocs;overview-tree.html;IN_ACCESS
2026-10-04T14:18:40.552609Z;/home/runner/work/JSON-java/JSON-java/target/apidocs;overview-tree.html;IN_ACCESS
2026-10-04T14:18:40.554275Z;/home/runner/work/JSON-java/JSON-java/target/apidocs/org/json;XMLParserConfiguration.html;IN_ACCESS
2026-10-04T14:18:40.555165Z;/home/runner/work/JSON-java/JSON-java/target/apidocs/org/json;XMLParserConfiguration.html;IN_ACCESS
2026-10-04T14:18:40.555477Z;/home/runner/work/JSON-java/JSON-java/target/apidocs/org/json;ParserConfiguration.html;IN_ACCESS
2026-10-04T14:18:40.555753Z;/home/runner/work/JSON-java/JSON-java/target/apidocs/org/json;XMLParserConfiguration.html;IN_ACCESS
2026-10-04T14:18:40.556136Z;/home/runner/work/JSON-java/JSON-java/target/apidocs/org/json;ParserConfiguration.html;IN_ACCESS
2026-10-04T14:18:40.558262Z;/home/runner/work/JSON-java/JSON-java/target/apidocs/org/json;XMLParserConfiguration.html;IN_ACCESS
2026-10-04T14:18:40.561392Z;/home/runner/work/JSON-java/JSON-java/target/apidocs/org/json;ParserConfiguration.html;IN_ACCESS
2026-10-04T14:18:40.561727Z;/home/runner/work/JSON-java/JSON-java/target/apidocs/org/json;XMLParserConfiguration.html;IN_ACCESS
2026-10-04T14:18:40.562051Z;/home/runner/work/JSON-java/JSON-java/target/apidocs/org/json;ParserConfiguration.html;IN_ACCESS
2026-10-04T14:18:40.562329Z;/home/runner/work/JSON-java/JSON-java/target/apidocs/org/json;XMLParserConfiguration.html;IN_ACCESS
2026-10-04T14:18:40.562622Z;/home/runner/work/JSON-java/JSON-java/target/apidocs/org/json;ParserConfiguration.html;IN_ACCESS
2026-10-04T14:18:40.562900Z;/home/runner/work/JSON-java/JSON-java/target/apidocs/org/json;XMLParserConfiguration.html;IN_ACCESS
2026-10-04T14:18:40.564806Z;/home/runner/work/JSON-java/JSON-java/target/apidocs/org/json;ParserConfiguration.html;IN_ACCESS
2026-10-04T14:18:40.565154Z;/home/runner/work/JSON-java/JSON-java/target/apidocs/org/json;XMLParserConfiguration.html;IN_ACCESS
2026-10-04T14:18:40.565672Z;/home/runner/work/JSON-java/JSON-java/target/apidocs/org/json;ParserConfiguration.html;IN_ACCESS
2026-10-04T14:18:40.565930Z;/home/runner/work/JSON-java/JSON-java/target/apidocs/org/json;XMLParserConfiguration.html;IN_ACCESS
2026-10-04T14:18:40.566179Z;/home/runner/work/JSON-java/JSON-java/target/apidocs/org/json;ParserConfiguration.html;IN_ACCESS
2026-10-04T14:18:40.566428Z;/home/runner/work/JSON-java/JSON-java/target/apidocs/org/json;XMLParserConfiguration.html;IN_ACCESS
2026-10-04T14:18:40.566710Z;/home/runner/work/JSON-java/JSON-java/target/apidocs/org/json;JSONPropertyName.html;IN_ACCESS
2026-10-04T14:18:40.566975Z;/home/runner/work/JSON-java/JSON-java/target/apidocs/org/json;XMLTokener.html;IN_ACCESS
2026-10-04T14:18:40.569304Z;/home/runner/work/JSON-java/JSON-java/target/apidocs/org/json;JSONStringer.html;IN_ACCESS
2026-10-04T14:18:40.569578Z;/home/runner/work/JSON-java/JSON-java/target/apidocs/org/json;JSONPointer.html;IN_ACCESS
2026-10-04T14:18:40.571828Z;/home/runner/work/JSON-java/JSON-java/target/apidocs/org/json;Cookie.html;IN_ACCESS
2026-10-04T14:18:40.572146Z;/home/runner/work/JSON-java/JSON-java/target/apidocs/org/json;JSONPointer.html;IN_ACCESS
2026-10-04T14:18:40.572426Z;/home/runner/work/JSON-java/JSON-java/target/apidocs/org/json;Cookie.html;IN_ACCESS
2026-10-04T14:18:40.572682Z;/home/runner/work/JSON-java/JSON-java/target/apidocs/org/json;JSONStringer.html;IN_ACCESS
2026-10-04T14:18:40.572979Z;/home/runner/work/JSON-java/JSON-java/target/apidocs/org/json;JSONPointer.html;IN_ACCESS
2026-10-04T14:18:40.573249Z;/home/runner/work/JSON-java/JSON-java/target/apidocs/org/json;Cookie.html;IN_ACCESS
2026-10-04T14:18:40.573532Z;/home/runner/work/JSON-java/JSON-java/target/apidocs/org/json;JSONStringer.html;IN_ACCESS
2026-10-04T14:18:40.573796Z;/home/runner/work/JSON-java/JSON-java/target/apidocs/org/json;XMLTokener.html;IN_ACCESS
2026-10-04T14:18:40.574048Z;/home/runner/work/JSON-java/JSON-java/target/apidocs/org/json;JSONPointer.html;IN_ACCESS
2026-10-04T14:18:40.575675Z;/home/runner/work/JSON-java/JSON-java/target/apidocs/org/json;JSONStringer.html;IN_ACCESS
2026-10-04T14:18:40.575904Z;/home/runner/work/JSON-java/JSON-java/target/apidocs/org/json;Cookie.html;IN_ACCESS
2026-10-04T14:18:40.576149Z;/home/runner/work/JSON-java/JSON-java/target/apidocs/org/json;XMLTokener.html;IN_ACCESS
2026-10-04T14:18:40.576592Z;/home/runner/work/JSON-java/JSON-java/target/apidocs/org/json;JSONPointer.html;IN_ACCESS
2026-10-04T14:18:40.577132Z;/home/runner/work/JSON-java/JSON-java/target/apidocs/org/json;XMLTokener.html;IN_ACCESS
2026-10-04T14:18:40.577548Z;/home/runner/work/JSON-java/JSON-java/target/apidocs/org/json;Cookie.html;IN_ACCESS
2026-10-04T14:18:40.577867Z;/home/runner/work/JSON-java/JSON-java/target/apidocs/org/json;JSONTokener.html;IN_ACCESS
2026-10-04T14:18:40.578189Z;/home/runner/work/JSON-java/JSON-java/target/apidocs/org/json;XMLTokener.html;IN_ACCESS
2026-10-04T14:18:40.578564Z;/home/runner/work/JSON-java/JSON-java/target/apidocs/org/json;XMLXsiTypeConverter.html;IN_ACCESS
2026-10-04T14:18:40.578882Z;/home/runner/work/JSON-java/JSON-java/target/apidocs/org/json;JSONTokener.html;IN_ACCESS
2026-10-04T14:18:40.579191Z;/home/runner/work/JSON-java/JSON-java/target/apidocs/org/json;XMLTokener.html;IN_ACCESS
2026-10-04T14:18:40.581213Z;/home/runner/work/JSON-java/JSON-java/target/apidocs/org/json;XMLXsiTypeConverter.html;IN_ACCESS
2026-10-04T14:18:40.581820Z;/home/runner/work/JSON-java/JSON-java/target/apidocs/org/json;JSONTokener.html;IN_ACCESS
2026-10-04T14:18:40.582118Z;/home/runner/work/JSON-java/JSON-java/target/apidocs/org/json;CookieList.html;IN_ACCESS
2026-10-04T14:18:40.583546Z;/home/runner/work/JSON-java/JSON-java/target/apidocs/org/json;XMLXsiTypeConverter.html;IN_ACCESS
2026-10-04T14:18:40.585588Z;/home/runner/work/JSON-java/JSON-java/target/apidocs/org/json;JSONTokener.html;IN_ACCESS
2026-10-04T14:18:40.585975Z;/home/runner/work/JSON-java/JSON-java/target/apidocs/org/json;CookieList.html;IN_ACCESS
2026-10-04T14:18:40.586369Z;/home/runner/work/JSON-java/JSON-java/target/apidocs/org/json;JSONTokener.html;IN_ACCESS
2026-10-04T14:18:40.586688Z;/home/runner/work/JSON-java/JSON-java/target/apidocs/org/json;XML.html;IN_ACCESS
2026-10-04T14:18:40.586959Z;/home/runner/work/JSON-java/JSON-java/target/apidocs/org/json;JSONTokener.html;IN_ACCESS
2026-10-04T14:18:40.589216Z;/home/runner/work/JSON-java/JSON-java/target/apidocs/org/json;package-tree.html;IN_ACCESS
2026-10-04T14:18:40.589520Z;/home/runner/work/JSON-java/JSON-java/target/apidocs/org/json;CookieList.html;IN_ACCESS
2026-10-04T14:18:40.589801Z;/home/runner/work/JSON-java/JSON-java/target/apidocs/org/json;XML.html;IN_ACCESS
2026-10-04T14:18:40.590055Z;/home/runner/work/JSON-java/JSON-java/target/apidocs/org/json;JSONTokener.html;IN_ACCESS
2026-10-04T14:18:40.590308Z;/home/runner/work/JSON-java/JSON-java/target/apidocs/org/json;CookieList.html;IN_ACCESS
2026-10-04T14:18:40.590563Z;/home/runner/work/JSON-java/JSON-java/target/apidocs/org/json;package-tree.html;IN_ACCESS
2026-10-04T14:18:40.590816Z;/home/runner/work/JSON-java/JSON-java/target/apidocs/org/json;XML.html;IN_ACCESS
2026-10-04T14:18:40.591079Z;/home/runner/work/JSON-java/JSON-java/target/apidocs/org/json;JSONTokener.html;IN_ACCESS
2026-10-04T14:18:40.591389Z;/home/runner/work/JSON-java/JSON-java/target/apidocs/org/json;package-tree.html;IN_ACCESS
2026-10-04T14:18:40.591858Z;/home/runner/work/JSON-java/JSON-java/target/apidocs/org/json;XML.html;IN_ACCESS
2026-10-04T14:18:40.592195Z;/home/runner/work/JSON-java/JSON-java/target/apidocs/org/json;JSONTokener.html;IN_ACCESS
2026-10-04T14:18:40.592581Z;/home/runner/work/JSON-java/JSON-java/target/apidocs/org/json;JSONArray.html;IN_ACCESS
2026-10-04T14:18:40.593113Z;/home/runner/work/JSON-java/JSON-java/target/apidocs/org/json;XML.html;IN_ACCESS
2026-10-04T14:18:40.593390Z;/home/runner/work/JSON-java/JSON-java/target/apidocs/org/json;JSONTokener.html;IN_ACCESS
2026-10-04T14:18:40.593711Z;/home/runner/work/JSON-java/JSON-java/target/apidocs/org/json;XML.html;IN_ACCESS
2026-10-04T14:18:40.593988Z;/home/runner/work/JSON-java/JSON-java/target/apidocs/org/json;JSONArray.html;IN_ACCESS
2026-10-04T14:18:40.594278Z;/home/runner/work/JSON-java/JSON-java/target/apidocs/org/json;JSONTokener.html;IN_ACCESS
2026-10-04T14:18:40.594576Z;/home/runner/work/JSON-java/JSON-java/target/apidocs/org/json;JSONArray.html;IN_ACCESS
2026-10-04T14:18:40.594816Z;/home/runner/work/JSON-java/JSON-java/target/apidocs/org/json;JSONTokener.html;IN_ACCESS
2026-10-04T14:18:40.595055Z;/home/runner/work/JSON-java/JSON-java/target/apidocs/org/json;JSONArray.html;IN_ACCESS
2026-10-04T14:18:40.595377Z;/home/runner/work/JSON-java/JSON-java/target/apidocs/org/json;JSONML.html;IN_ACCESS
2026-10-04T14:18:40.596196Z;/home/runner/work/JSON-java/JSON-java/target/apidocs/org/json;JSONArray.html;IN_ACCESS
2026-10-04T14:18:40.596457Z;/home/runner/work/JSON-java/JSON-java/target/apidocs/org/json;JSONML.html;IN_ACCESS
2026-10-04T14:18:40.596732Z;/home/runner/work/JSON-java/JSON-java/target/apidocs/org/json;JSONArray.html;IN_ACCESS
2026-10-04T14:18:40.597049Z;/home/runner/work/JSON-java/JSON-java/target/apidocs/org/json;JSONML.html;IN_ACCESS
2026-10-04T14:18:40.597289Z;/home/runner/work/JSON-java/JSON-java/target/apidocs/org/json;JSONArray.html;IN_ACCESS
2026-10-04T14:18:40.597542Z;/home/runner/work/JSON-java/JSON-java/target/apidocs/org/json;JSONML.html;IN_ACCESS
2026-10-04T14:18:40.597810Z;/home/runner/work/JSON-java/JSON-java/target/apidocs/org/json;JSONArray.html;IN_ACCESS
2026-10-04T14:18:40.598066Z;/home/runner/work/JSON-java/JSON-java/target/apidocs/org/json;JSONML.html;IN_ACCESS
2026-10-04T14:18:40.598732Z;/home/runner/work/JSON-java/JSON-java/target/apidocs/org/json;JSONArray.html;IN_ACCESS
2026-10-04T14:18:40.598997Z;/home/runner/work/JSON-java/JSON-java/target/apidocs/org/json;JSONML.html;IN_ACCESS
2026-10-04T14:18:40.599279Z;/home/runner/work/JSON-java/JSON-java/target/apidocs/org/json;JSONArray.html;IN_ACCESS
2026-10-04T14:18:40.599534Z;/home/runner/work/JSON-java/JSON-java/target/apidocs/org/json;JSONML.html;IN_ACCESS
2026-10-04T14:18:40.599872Z;/home/runner/work/JSON-java/JSON-java/target/apidocs/org/json;JSONArray.html;IN_ACCESS
2026-10-04T14:18:40.600125Z;/home/runner/work/JSON-java/JSON-java/target/apidocs/org/json;JSONML.html;IN_ACCESS
2026-10-04T14:18:40.600364Z;/home/runner/work/JSON-java/JSON-java/target/apidocs/org/json;JSONArray.html;IN_ACCESS
2026-10-04T14:18:40.600600Z;/home/runner/work/JSON-java/JSON-java/target/apidocs/org/json;JSONML.html;IN_ACCESS
2026-10-04T14:18:40.600860Z;/home/runner/work/JSON-java/JSON-java/target/apidocs/org/json;JSONArray.html;IN_ACCESS
2026-10-04T14:18:40.601177Z;/home/runner/work/JSON-java/JSON-java/target/apidocs/org/json;JSONML.html;IN_ACCESS
2026-10-04T14:18:40.602731Z;/home/runner/work/JSON-java/JSON-java/target/apidocs/org/json;JSONArray.html;IN_ACCESS
2026-10-04T14:18:40.602995Z;/home/runner/work/JSON-java/JSON-java/target/apidocs/org/json;JSONPointer.Builder.html;IN_ACCESS
2026-10-04T14:18:40.603280Z;/home/runner/work/JSON-java/JSON-java/target/apidocs/org/json;JSONArray.html;IN_ACCESS
2026-10-04T14:18:40.603579Z;/home/runner/work/JSON-java/JSON-java/target/apidocs/org/json;JSONPointer.Builder.html;IN_ACCESS
2026-10-04T14:18:40.603841Z;/home/runner/work/JSON-java/JSON-java/target/apidocs/org/json;JSONArray.html;IN_ACCESS
2026-10-04T14:18:40.604108Z;/home/runner/work/JSON-java/JSON-java/target/apidocs/org/json;JSONPointer.Builder.html;IN_ACCESS
2026-10-04T14:18:40.604374Z;/home/runner/work/JSON-java/JSON-java/target/apidocs/org/json;JSONArray.html;IN_ACCESS
2026-10-04T14:18:40.604637Z;/home/runner/work/JSON-java/JSON-java/target/apidocs/org/json;CDL.html;IN_ACCESS
2026-10-04T14:18:40.604952Z;/home/runner/work/JSON-java/JSON-java/target/apidocs/org/json;JSONArray.html;IN_ACCESS
2026-10-04T14:18:40.605212Z;/home/runner/work/JSON-java/JSON-java/target/apidocs/org/json;CDL.html;IN_ACCESS
2026-10-04T14:18:40.605464Z;/home/runner/work/JSON-java/JSON-java/target/apidocs/org/json;JSONArray.html;IN_ACCESS
2026-10-04T14:18:40.605714Z;/home/runner/work/JSON-java/JSON-java/target/apidocs/org/json;CDL.html;IN_ACCESS
2026-10-04T14:18:40.605955Z;/home/runner/work/JSON-java/JSON-java/target/apidocs/org/json;JSONArray.html;IN_ACCESS
2026-10-04T14:18:40.606196Z;/home/runner/work/JSON-java/JSON-java/target/apidocs/org/json;CDL.html;IN_ACCESS
2026-10-04T14:18:40.606435Z;/home/runner/work/JSON-java/JSON-java/target/apidocs/org/json;JSONArray.html;IN_ACCESS
2026-10-04T14:18:40.606706Z;/home/runner/work/JSON-java/JSON-java/target/apidocs/org/json;CDL.html;IN_ACCESS
2026-10-04T14:18:40.606945Z;/home/runner/work/JSON-java/JSON-java/target/apidocs/org/json;JSONArray.html;IN_ACCESS
2026-10-04T14:18:40.607198Z;/home/runner/work/JSON-java/JSON-java/target/apidocs/org/json;CDL.html;IN_ACCESS
2026-10-04T14:18:40.607683Z;/home/runner/work/JSON-java/JSON-java/target/apidocs/org/json;JSONArray.html;IN_ACCESS
2026-10-04T14:18:40.608027Z;/home/runner/work/JSON-java/JSON-java/target/apidocs/org/json;CDL.html;IN_ACCESS
2026-10-04T14:18:40.608329Z;/home/runner/work/JSON-java/JSON-java/target/apidocs/org/json;JSONArray.html;IN_ACCESS
2026-10-04T14:18:40.608616Z;/home/runner/work/JSON-java/JSON-java/target/apidocs/org/json;CDL.html;IN_ACCESS
2026-10-04T14:18:40.608907Z;/home/runner/work/JSON-java/JSON-java/target/apidocs/org/json;JSONArray.html;IN_ACCESS
2026-10-04T14:18:40.609241Z;/home/runner/work/JSON-java/JSON-java/target/apidocs/org/json/class-use;XMLParserConfiguration.html;IN_ACCESS
2026-10-04T14:18:40.609542Z;/home/runner/work/JSON-java/JSON-java/target/apidocs/org/json;JSONArray.html;IN_ACCESS
2026-10-04T14:18:40.609874Z;/home/runner/work/JSON-java/JSON-java/target/apidocs/org/json/class-use;XMLParserConfiguration.html;IN_ACCESS
2026-10-04T14:18:40.610140Z;/home/runner/work/JSON-java/JSON-java/target/apidocs/org/json;JSONArray.html;IN_ACCESS
2026-10-04T14:18:40.610407Z;/home/runner/work/JSON-java/JSON-java/target/apidocs/org/json/class-use;XMLParserConfiguration.html;IN_ACCESS
2026-10-04T14:18:40.610669Z;/home/runner/work/JSON-java/JSON-java/target/apidocs/org/json;XML.html;IN_ACCESS
2026-10-04T14:18:40.611027Z;/home/runner/work/JSON-java/JSON-java/target/apidocs/org/json;JSONArray.html;IN_ACCESS
2026-10-04T14:18:40.611286Z;/home/runner/work/JSON-java/JSON-java/target/apidocs/org/json/class-use;XMLParserConfiguration.html;IN_ACCESS
2026-10-04T14:18:40.611538Z;/home/runner/work/JSON-java/JSON-java/target/apidocs/org/json;XML.html;IN_ACCESS
2026-10-04T14:18:40.611789Z;/home/runner/work/JSON-java/JSON-java/target/apidocs/org/json;JSONArray.html;IN_ACCESS
2026-10-04T14:18:40.612047Z;/home/runner/work/JSON-java/JSON-java/target/apidocs/org/json;XML.html;IN_ACCESS
2026-10-04T14:18:40.612305Z;/home/runner/work/JSON-java/JSON-java/target/apidocs/org/json;JSONArray.html;IN_ACCESS
2026-10-04T14:18:40.612610Z;/home/runner/work/JSON-java/JSON-java/target/apidocs/org/json;XML.html;IN_ACCESS
2026-10-04T14:18:40.612896Z;/home/runner/work/JSON-java/JSON-java/target/apidocs/org/json/class-use;ParserConfiguration.html;IN_ACCESS
2026-10-04T14:18:40.613187Z;/home/runner/work/JSON-java/JSON-java/target/apidocs/org/json;XML.html;IN_ACCESS
2026-10-04T14:18:40.613448Z;/home/runner/work/JSON-java/JSON-java/target/apidocs/org/json;JSONArray.html;IN_ACCESS
2026-10-04T14:18:40.613698Z;/home/runner/work/JSON-java/JSON-java/target/apidocs/org/json;XML.html;IN_ACCESS
2026-10-04T14:18:40.613949Z;/home/runner/work/JSON-java/JSON-java/target/apidocs/org/json/class-use;JSONPropertyName.html;IN_ACCESS
2026-10-04T14:18:40.614213Z;/home/runner/work/JSON-java/JSON-java/target/apidocs/org/json;XML.html;IN_ACCESS
2026-10-04T14:18:40.614472Z;/home/runner/work/JSON-java/JSON-java/target/apidocs/org/json;JSONArray.html;IN_ACCESS
2026-10-04T14:18:40.614719Z;/home/runner/work/JSON-java/JSON-java/target/apidocs/org/json/class-use;XMLTokener.html;IN_ACCESS
2026-10-04T14:18:40.614988Z;/home/runner/work/JSON-java/JSON-java/target/apidocs/org/json;XML.html;IN_ACCESS
2026-10-04T14:18:40.617426Z;/home/runner/work/JSON-java/JSON-java/target/apidocs/org/json/class-use;JSONStringer.html;IN_ACCESS
2026-10-04T14:18:40.617695Z;/home/runner/work/JSON-java/JSON-java/target/apidocs/org/json/class-use;XMLTokener.html;IN_ACCESS
2026-10-04T14:18:40.617972Z;/home/runner/work/JSON-java/JSON-java/target/apidocs/org/json;JSONArray.html;IN_ACCESS
2026-10-04T14:18:40.618266Z;/home/runner/work/JSON-java/JSON-java/target/apidocs/org/json;XML.html;IN_ACCESS
2026-10-04T14:18:40.618545Z;/home/runner/work/JSON-java/JSON-java/target/apidocs/org/json/class-use;JSONPointer.html;IN_ACCESS
2026-10-04T14:18:40.618797Z;/home/runner/work/JSON-java/JSON-java/target/apidocs/org/json/class-use;Cookie.html;IN_ACCESS
2026-10-04T14:18:40.619175Z;/home/runner/work/JSON-java/JSON-java/target/apidocs/org/json;XML.html;IN_ACCESS
2026-10-04T14:18:40.619445Z;/home/runner/work/JSON-java/JSON-java/target/apidocs/org/json/class-use;JSONPointer.html;IN_ACCESS
2026-10-04T14:18:40.619919Z;/home/runner/work/JSON-java/JSON-java/target/apidocs/org/json/class-use;JSONTokener.html;IN_ACCESS
2026-10-04T14:18:40.620220Z;/home/runner/work/JSON-java/JSON-java/target/apidocs/org/json/class-use;CookieList.html;IN_ACCESS
2026-10-04T14:18:40.620456Z;/home/runner/work/JSON-java/JSON-java/target/apidocs/org/json/class-use;JSONTokener.html;IN_ACCESS
2026-10-04T14:18:40.620703Z;/home/runner/work/JSON-java/JSON-java/target/apidocs/org/json/class-use;XML.html;IN_ACCESS
2026-10-04T14:18:40.620961Z;/home/runner/work/JSON-java/JSON-java/target/apidocs/org/json/class-use;JSONTokener.html;IN_ACCESS
2026-10-04T14:18:40.621225Z;/home/runner/work/JSON-java/JSON-java/target/apidocs/org/json/class-use;JSONArray.html;IN_ACCESS
2026-10-04T14:18:40.621466Z;/home/runner/work/JSON-java/JSON-java/target/apidocs/org/json/class-use;JSONML.html;IN_ACCESS
2026-10-04T14:18:40.621719Z;/home/runner/work/JSON-java/JSON-java/target/apidocs/org/json/class-use;JSONArray.html;IN_ACCESS
2026-10-04T14:18:40.621954Z;/home/runner/work/JSON-java/JSON-java/target/apidocs/org/json/class-use;JSONPointer.Builder.html;IN_ACCESS
2026-10-04T14:18:40.622224Z;/home/runner/work/JSON-java/JSON-java/target/apidocs/org/json/class-use;JSONArray.html;IN_ACCESS
2026-10-04T14:18:40.622768Z;/home/runner/work/JSON-java/JSON-java/target/apidocs/org/json/class-use;JSONPointer.Builder.html;IN_ACCESS
2026-10-04T14:18:40.623170Z;/home/runner/work/JSON-java/JSON-java/target/apidocs/org/json/class-use;CDL.html;IN_ACCESS
2026-10-04T14:18:40.623460Z;/home/runner/work/JSON-java/JSON-java/target/apidocs/org/json/class-use;JSONArray.html;IN_ACCESS
2026-10-04T14:18:40.623766Z;/home/runner/work/JSON-java/JSON-java/target/apidocs/org/json/class-use;StringBuilderWriter.html;IN_ACCESS
2026-10-04T14:18:40.624036Z;/home/runner/work/JSON-java/JSON-java/target/apidocs/org/json/class-use;JSONWriter.html;IN_ACCESS
2026-10-04T14:18:40.624317Z;/home/runner/work/JSON-java/JSON-java/target/apidocs/org/json/class-use;JSONArray.html;IN_ACCESS
2026-10-04T14:18:40.624656Z;/home/runner/work/JSON-java/JSON-java/target/apidocs/org/json/class-use;StringBuilderWriter.html;IN_ACCESS
2026-10-04T14:18:40.624927Z;/home/runner/work/JSON-java/JSON-java/target/apidocs/org/json/class-use;JSONArray.html;IN_ACCESS
2026-10-04T14:18:40.625198Z;/home/runner/work/JSON-java/JSON-java/target/apidocs/org/json/class-use;JSONWriter.html;IN_ACCESS
2026-10-04T14:18:40.625472Z;/home/runner/work/JSON-java/JSON-java/target/apidocs/org/json/class-use;JSONArray.html;IN_ACCESS
2026-10-04T14:18:40.625755Z;/home/runner/work/JSON-java/JSON-java/target/apidocs/org/json/class-use;JSONWriter.html;IN_ACCESS
2026-10-04T14:18:40.626015Z;/home/runner/work/JSON-java/JSON-java/target/apidocs/org/json/class-use;JSONParserConfiguration.html;IN_ACCESS
2026-10-04T14:18:40.626278Z;/home/runner/work/JSON-java/JSON-java/target/apidocs/org/json/class-use;JSONArray.html;IN_ACCESS
2026-10-04T14:18:40.626550Z;/home/runner/work/JSON-java/JSON-java/target/apidocs/org/json/class-use;JSONParserConfiguration.html;IN_ACCESS
2026-10-04T14:18:40.626829Z;/home/runner/work/JSON-java/JSON-java/target/apidocs/org/json/class-use;JSONArray.html;IN_ACCESS
2026-10-04T14:18:40.627129Z;/home/runner/work/JSON-java/JSON-java/target/apidocs/org/json/class-use;JSONParserConfiguration.html;IN_ACCESS
2026-10-04T14:18:40.627482Z;/home/runner/work/JSON-java/JSON-java/target/apidocs/org/json/class-use;JSONArray.html;IN_ACCESS
2026-10-04T14:18:40.627775Z;/home/runner/work/JSON-java/JSON-java/target/apidocs/org/json/class-use;JSONParserConfiguration.html;IN_ACCESS
2026-10-04T14:18:40.628069Z;/home/runner/work/JSON-java/JSON-java/target/apidocs/org/json/class-use;Property.html;IN_ACCESS
2026-10-04T14:18:40.628359Z;/home/runner/work/JSON-java/JSON-java/target/apidocs/org/json/class-use;JSONObject.html;IN_ACCESS
2026-10-04T14:18:40.628647Z;/home/runner/work/JSON-java/JSON-java/target/apidocs/org/json/class-use;JSONPropertyIgnore.html;IN_ACCESS
2026-10-04T14:18:40.628940Z;/home/runner/work/JSON-java/JSON-java/target/apidocs/org/json/class-use;JSONMLParserConfiguration.html;IN_ACCESS
2026-10-04T14:18:40.629227Z;/home/runner/work/JSON-java/JSON-java/target/apidocs/org/json/class-use;JSONObject.html;IN_ACCESS
2026-10-04T14:18:40.629515Z;/home/runner/work/JSON-java/JSON-java/target/apidocs/org/json/class-use;JSONMLParserConfiguration.html;IN_ACCESS
2026-10-04T14:18:40.629797Z;/home/runner/work/JSON-java/JSON-java/target/apidocs/org/json/class-use;JSONObject.html;IN_ACCESS
2026-10-04T14:18:40.630092Z;/home/runner/work/JSON-java/JSON-java/target/apidocs/org/json/class-use;JSONMLParserConfiguration.html;IN_ACCESS
2026-10-04T14:18:40.630380Z;/home/runner/work/JSON-java/JSON-java/target/apidocs/org/json/class-use;JSONObject.html;IN_ACCESS
2026-10-04T14:18:40.630691Z;/home/runner/work/JSON-java/JSON-java/target/apidocs/org/json/class-use;JSONPointerException.html;IN_ACCESS
2026-10-04T14:18:40.630988Z;/home/runner/work/JSON-java/JSON-java/target/apidocs/org/json/class-use;JSONObject.html;IN_ACCESS
2026-10-04T14:18:40.631297Z;/home/runner/work/JSON-java/JSON-java/target/apidocs/org/json/class-use;JSONPointerException.html;IN_ACCESS
2026-10-04T14:18:40.631577Z;/home/runner/work/JSON-java/JSON-java/target/apidocs/org/json/class-use;JSONObject.html;IN_ACCESS
2026-10-04T14:18:40.631843Z;/home/runner/work/JSON-java/JSON-java/target/apidocs/org/json/class-use;HTTP.html;IN_ACCESS
2026-10-04T14:18:40.632345Z;/home/runner/work/JSON-java/JSON-java/target/apidocs/org/json/class-use;JSONObject.html;IN_ACCESS
2026-10-04T14:18:40.632642Z;/home/runner/work/JSON-java/JSON-java/target/apidocs/org/json/class-use;JSONString.html;IN_ACCESS
2026-10-04T14:18:40.632939Z;/home/runner/work/JSON-java/JSON-java/target/apidocs/org/json/class-use;HTTPTokener.html;IN_ACCESS
2026-10-04T14:18:40.633212Z;/home/runner/work/JSON-java/JSON-java/target/apidocs/org/json/class-use;JSONException.html;IN_ACCESS
2026-10-04T14:18:40.633476Z;/home/runner/work/JSON-java/JSON-java/target/apidocs/org/json;StringBuilderWriter.html;IN_ACCESS
2026-10-04T14:18:40.633735Z;/home/runner/work/JSON-java/JSON-java/target/apidocs/org/json/class-use;JSONException.html;IN_ACCESS
2026-10-04T14:18:40.633993Z;/home/runner/work/JSON-java/JSON-java/target/apidocs/org/json;StringBuilderWriter.html;IN_ACCESS
2026-10-04T14:18:40.634252Z;/home/runner/work/JSON-java/JSON-java/target/apidocs/org/json/class-use;JSONException.html;IN_ACCESS
2026-10-04T14:18:40.634544Z;/home/runner/work/JSON-java/JSON-java/target/apidocs/org/json;StringBuilderWriter.html;IN_ACCESS
2026-10-04T14:18:40.634813Z;/home/runner/work/JSON-java/JSON-java/target/apidocs/org/json/class-use;JSONException.html;IN_ACCESS
2026-10-04T14:18:40.635082Z;/home/runner/work/JSON-java/JSON-java/target/apidocs/org/json;StringBuilderWriter.html;IN_ACCESS
2026-10-04T14:18:40.635368Z;/home/runner/work/JSON-java/JSON-java/target/apidocs/org/json/class-use;JSONException.html;IN_ACCESS
2026-10-04T14:18:40.635626Z;/home/runner/work/JSON-java/JSON-java/target/apidocs/org/json;StringBuilderWriter.html;IN_ACCESS
2026-10-04T14:18:40.635892Z;/home/runner/work/JSON-java/JSON-java/target/apidocs/org/json/class-use;JSONException.html;IN_ACCESS
2026-10-04T14:18:40.636196Z;/home/runner/work/JSON-java/JSON-java/target/apidocs/org/json;StringBuilderWriter.html;IN_ACCESS
2026-10-04T14:18:40.636460Z;/home/runner/work/JSON-java/JSON-java/target/apidocs/org/json/class-use;JSONException.html;IN_ACCESS
2026-10-04T14:18:40.636736Z;/home/runner/work/JSON-java/JSON-java/target/apidocs/org/json/class-use;XMLXsiTypeConverter.html;IN_ACCESS
2026-10-04T14:18:40.637007Z;/home/runner/work/JSON-java/JSON-java/target/apidocs/org/json/class-use;JSONException.html;IN_ACCESS
2026-10-04T14:18:40.637303Z;/home/runner/work/JSON-java/JSON-java/target/apidocs/org/json;JSONParserConfiguration.html;IN_ACCESS
2026-10-04T14:18:40.641176Z;/home/runner/work/JSON-java/JSON-java/target/apidocs/org/json/class-use;XMLXsiTypeConverter.html;IN_ACCESS
2026-10-04T14:18:40.641500Z;/home/runner/work/JSON-java/JSON-java/target/apidocs/org/json/class-use;JSONException.html;IN_ACCESS
2026-10-04T14:18:40.641763Z;/home/runner/work/JSON-java/JSON-java/target/apidocs/org/json;JSONParserConfiguration.html;IN_ACCESS
2026-10-04T14:18:40.642012Z;/home/runner/work/JSON-java/JSON-java/target/apidocs/org/json/class-use;JSONException.html;IN_ACCESS
2026-10-04T14:18:40.642252Z;/home/runner/work/JSON-java/JSON-java/target/apidocs/org/json;JSONParserConfiguration.html;IN_ACCESS
2026-10-04T14:18:40.642484Z;/home/runner/work/JSON-java/JSON-java/target/apidocs/org/json/class-use;JSONException.html;IN_ACCESS
2026-10-04T14:18:40.642715Z;/home/runner/work/JSON-java/JSON-java/target/apidocs/org/json;JSONObject.html;IN_ACCESS
2026-10-04T14:18:40.642950Z;/home/runner/work/JSON-java/JSON-java/target/apidocs/org/json;JSONParserConfiguration.html;IN_ACCESS
2026-10-04T14:18:40.643243Z;/home/runner/work/JSON-java/JSON-java/target/apidocs/org/json/class-use;JSONException.html;IN_ACCESS
2026-10-04T14:18:40.643506Z;/home/runner/work/JSON-java/JSON-java/target/apidocs/org/json;JSONObject.html;IN_ACCESS
2026-10-04T14:18:40.643802Z;/home/runner/work/JSON-java/JSON-java/target/apidocs/org/json;JSONParserConfiguration.html;IN_ACCESS
2026-10-04T14:18:40.644057Z;/home/runner/work/JSON-java/JSON-java/target/apidocs/org/json;JSONObject.html;IN_ACCESS
2026-10-04T14:18:40.644327Z;/home/runner/work/JSON-java/JSON-java/target/apidocs/org/json/class-use;JSONException.html;IN_ACCESS
2026-10-04T14:18:40.644698Z;/home/runner/work/JSON-java/JSON-java/target/apidocs/org/json;JSONObject.html;IN_ACCESS
2026-10-04T14:18:40.644972Z;/home/runner/work/JSON-java/JSON-java/target/apidocs/org/json;JSONParserConfiguration.html;IN_ACCESS
2026-10-04T14:18:40.645314Z;/home/runner/work/JSON-java/JSON-java/target/apidocs/org/json;JSONObject.html;IN_ACCESS
2026-10-04T14:18:40.645641Z;/home/runner/work/JSON-java/JSON-java/target/apidocs/org/json;Property.html;IN_ACCESS
2026-10-04T14:18:40.645928Z;/home/runner/work/JSON-java/JSON-java/target/apidocs/org/json;JSONObject.html;IN_ACCESS
2026-10-04T14:18:40.646222Z;/home/runner/work/JSON-java/JSON-java/target/apidocs/org/json;JSONPropertyIgnore.html;IN_ACCESS
2026-10-04T14:18:40.646507Z;/home/runner/work/JSON-java/JSON-java/target/apidocs/org/json;JSONObject.html;IN_ACCESS
2026-10-04T14:18:40.646807Z;/home/runner/work/JSON-java/JSON-java/target/apidocs/org/json;Property.html;IN_ACCESS
2026-10-04T14:18:40.648261Z;/home/runner/work/JSON-java/JSON-java/target/apidocs/org/json;JSONObject.html;IN_ACCESS
2026-10-04T14:18:40.648510Z;/home/runner/work/JSON-java/JSON-java/target/apidocs/org/json;JSONPropertyIgnore.html;IN_ACCESS
2026-10-04T14:18:40.648766Z;/home/runner/work/JSON-java/JSON-java/target/apidocs/org/json;Property.html;IN_ACCESS
2026-10-04T14:18:40.649052Z;/home/runner/work/JSON-java/JSON-java/target/apidocs/org/json;JSONObject.html;IN_ACCESS
2026-10-04T14:18:40.649330Z;/home/runner/work/JSON-java/JSON-java/target/apidocs/org/json;Property.html;IN_ACCESS
2026-10-04T14:18:40.649595Z;/home/runner/work/JSON-java/JSON-java/target/apidocs/org/json;JSONMLParserConfiguration.html;IN_ACCESS
2026-10-04T14:18:40.649847Z;/home/runner/work/JSON-java/JSON-java/target/apidocs/org/json;JSONObject.html;IN_ACCESS
2026-10-04T14:18:40.650165Z;/home/runner/work/JSON-java/JSON-java/target/apidocs/org/json;JSONPointerException.html;IN_ACCESS
2026-10-04T14:18:40.650460Z;/home/runner/work/JSON-java/JSON-java/target/apidocs/org/json;JSONMLParserConfiguration.html;IN_ACCESS
2026-10-04T14:18:40.650751Z;/home/runner/work/JSON-java/JSON-java/target/apidocs/org/json;JSONObject.html;IN_ACCESS
2026-10-04T14:18:40.651035Z;/home/runner/work/JSON-java/JSON-java/target/apidocs/org/json;JSONPointerException.html;IN_ACCESS
2026-10-04T14:18:40.651302Z;/home/runner/work/JSON-java/JSON-java/target/apidocs/org/json;JSONMLParserConfiguration.html;IN_ACCESS
2026-10-04T14:18:40.651565Z;/home/runner/work/JSON-java/JSON-java/target/apidocs/org/json;JSONObject.html;IN_ACCESS
2026-10-04T14:18:40.651831Z;/home/runner/work/JSON-java/JSON-java/target/apidocs/org/json;JSONMLParserConfiguration.html;IN_ACCESS
2026-10-04T14:18:40.652100Z;/home/runner/work/JSON-java/JSON-java/target/apidocs/org/json;JSONPointerException.html;IN_ACCESS
2026-10-04T14:18:40.652362Z;/home/runner/work/JSON-java/JSON-java/target/apidocs/org/json;JSONObject.html;IN_ACCESS
2026-10-04T14:18:40.652618Z;/home/runner/work/JSON-java/JSON-java/target/apidocs/org/json;JSONMLParserConfiguration.html;IN_ACCESS
2026-10-04T14:18:40.652872Z;/home/runner/work/JSON-java/JSON-java/target/apidocs/org/json;JSONObject.html;IN_ACCESS
2026-10-04T14:18:40.653134Z;/home/runner/work/JSON-java/JSON-java/target/apidocs/org/json;JSONMLParserConfiguration.html;IN_ACCESS
2026-10-04T14:18:40.653409Z;/home/runner/work/JSON-java/JSON-java/target/apidocs/org/json;HTTP.html;IN_ACCESS
2026-10-04T14:18:40.653870Z;/home/runner/work/JSON-java/JSON-java/target/apidocs/org/json;JSONObject.html;IN_ACCESS
2026-10-04T14:18:40.654192Z;/home/runner/work/JSON-java/JSON-java/target/apidocs/org/json;HTTP.html;IN_ACCESS
2026-10-04T14:18:40.654469Z;/home/runner/work/JSON-java/JSON-java/target/apidocs/org/json;JSONString.html;IN_ACCESS
2026-10-04T14:18:40.654739Z;/home/runner/work/JSON-java/JSON-java/target/apidocs/org/json;JSONObject.html;IN_ACCESS
2026-10-04T14:18:40.655106Z;/home/runner/work/JSON-java/JSON-java/target/apidocs/org/json;HTTP.html;IN_ACCESS
2026-10-04T14:18:40.655412Z;/home/runner/work/JSON-java/JSON-java/target/apidocs/org/json;JSONObject.html;IN_ACCESS
2026-10-04T14:18:40.655810Z;/home/runner/work/JSON-java/JSON-java/target/apidocs/org/json;JSONString.html;IN_ACCESS
2026-10-04T14:18:40.656110Z;/home/runner/work/JSON-java/JSON-java/target/apidocs/org/json;HTTP.html;IN_ACCESS
2026-10-04T14:18:40.656376Z;/home/runner/work/JSON-java/JSON-java/target/apidocs/org/json;JSONObject.html;IN_ACCESS
2026-10-04T14:18:40.656632Z;/home/runner/work/JSON-java/JSON-java/target/apidocs/org/json;HTTPTokener.html;IN_ACCESS
2026-10-04T14:18:40.656912Z;/home/runner/work/JSON-java/JSON-java/target/apidocs/org/json;JSONObject.html;IN_ACCESS
2026-10-04T14:18:40.657254Z;/home/runner/work/JSON-java/JSON-java/target/apidocs/org/json;JSONException.html;IN_ACCESS
2026-10-04T14:18:40.657547Z;/home/runner/work/JSON-java/JSON-java/target/apidocs/org/json;HTTPTokener.html;IN_ACCESS
2026-10-04T14:18:40.657817Z;/home/runner/work/JSON-java/JSON-java/target/apidocs/org/json;JSONException.html;IN_ACCESS
2026-10-04T14:18:40.658079Z;/home/runner/work/JSON-java/JSON-java/target/apidocs/org/json;JSONObject.html;IN_ACCESS
2026-10-04T14:18:40.658357Z;/home/runner/work/JSON-java/JSON-java/target/apidocs/org/json;JSONException.html;IN_ACCESS
2026-10-04T14:18:40.658634Z;/home/runner/work/JSON-java/JSON-java/target/apidocs/org/json;HTTPTokener.html;IN_ACCESS
2026-10-04T14:18:40.658907Z;/home/runner/work/JSON-java/JSON-java/target/apidocs/org/json;JSONException.html;IN_ACCESS
2026-10-04T14:18:40.659208Z;/home/runner/work/JSON-java/JSON-java/target/apidocs/org/json;HTTPTokener.html;IN_ACCESS
2026-10-04T14:18:40.659503Z;/home/runner/work/JSON-java/JSON-java/target/apidocs/org/json;JSONObject.html;IN_ACCESS
2026-10-04T14:18:40.659769Z;/home/runner/work/JSON-java/JSON-java/target/apidocs/org/json;package-summary.html;IN_ACCESS
2026-10-04T14:18:40.660031Z;/home/runner/work/JSON-java/JSON-java/target/apidocs/org/json;JSONObject.html;IN_ACCESS
2026-10-04T14:18:40.660338Z;/home/runner/work/JSON-java/JSON-java/target/apidocs/org/json;package-summary.html;IN_ACCESS
2026-10-04T14:18:40.660629Z;/home/runner/work/JSON-java/JSON-java/target/apidocs/org/json;JSONObject.html;IN_ACCESS
2026-10-04T14:18:40.660931Z;/home/runner/work/JSON-java/JSON-java/target/apidocs/org/json;package-summary.html;IN_ACCESS
2026-10-04T14:18:40.661208Z;/home/runner/work/JSON-java/JSON-java/target/apidocs/org/json;package-use.html;IN_ACCESS
2026-10-04T14:18:40.661508Z;/home/runner/work/JSON-java/JSON-java/target/apidocs/org/json;package-summary.html;IN_ACCESS
2026-10-04T14:18:40.661796Z;/home/runner/work/JSON-java/JSON-java/target/apidocs/org/json;JSONObject.html;IN_ACCESS
2026-10-04T14:18:40.662064Z;/home/runner/work/JSON-java/JSON-java/target/apidocs/org/json;package-use.html;IN_ACCESS
2026-10-04T14:18:40.662315Z;/home/runner/work/JSON-java/JSON-java/target/apidocs/org/json;JSONWriter.html;IN_ACCESS
2026-10-04T14:18:40.662575Z;/home/runner/work/JSON-java/JSON-java/target/apidocs;type-search-index.js;IN_ACCESS
2026-10-04T14:18:40.662837Z;/home/runner/work/JSON-java/JSON-java/target/apidocs/org/json;JSONWriter.html;IN_ACCESS
2026-10-04T14:18:40.663179Z;/home/runner/work/JSON-java/JSON-java/target/apidocs;constant-values.html;IN_ACCESS
2026-10-04T14:18:40.663442Z;/home/runner/work/JSON-java/JSON-java/target/apidocs/org/json;JSONWriter.html;IN_ACCESS
2026-10-04T14:18:40.663818Z;/home/runner/work/JSON-java/JSON-java/target/apidocs;constant-values.html;IN_ACCESS
2026-10-04T14:18:40.664112Z;/home/runner/work/JSON-java/JSON-java/target/apidocs/org/json;JSONWriter.html;IN_ACCESS
2026-10-04T14:18:40.664381Z;/home/runner/work/JSON-java/JSON-java/target/apidocs;help-doc.html;IN_ACCESS
2026-10-04T14:18:40.664672Z;/home/runner/work/JSON-java/JSON-java/target/apidocs/org/json;JSONObject.html;IN_ACCESS
2026-10-04T14:18:40.664981Z;/home/runner/work/JSON-java/JSON-java/target/apidocs;help-doc.html;IN_ACCESS
2026-10-04T14:18:40.665272Z;/home/runner/work/JSON-java/JSON-java/target/apidocs/org/json;JSONObject.html;IN_ACCESS
2026-10-04T14:18:40.665547Z;/home/runner/work/JSON-java/JSON-java/target/apidocs/org/json;JSONWriter.html;IN_ACCESS
2026-10-04T14:18:40.665817Z;/home/runner/work/JSON-java/JSON-java/target/apidocs;help-doc.html;IN_ACCESS
2026-10-04T14:18:40.666224Z;/home/runner/work/JSON-java/JSON-java/target/apidocs;script.js;IN_ACCESS
2026-10-04T14:18:40.666502Z;/home/runner/work/JSON-java/JSON-java/target/apidocs;element-list;IN_ACCESS
2026-10-04T14:18:40.666784Z;/home/runner/work/JSON-java/JSON-java/target/apidocs/org/json;JSONObject.html;IN_ACCESS
2026-10-04T14:18:40.667074Z;/home/runner/work/JSON-java/JSON-java/target/apidocs;search.js;IN_ACCESS
2026-10-04T14:18:40.667368Z;/home/runner/work/JSON-java/JSON-java/target/apidocs/org/json;JSONObject.html;IN_ACCESS
2026-10-04T14:18:40.667674Z;/home/runner/work/JSON-java/JSON-java/target/apidocs;search.js;IN_ACCESS
2026-10-04T14:18:40.667980Z;/home/runner/work/JSON-java/JSON-java/target/apidocs;script.js;IN_ACCESS
2026-10-04T14:18:40.668255Z;/home/runner/work/JSON-java/JSON-java/target/apidocs;search.js;IN_ACCESS
2026-10-04T14:18:40.668525Z;/home/runner/work/JSON-java/JSON-java/target/apidocs;package-search-index.js;IN_ACCESS
2026-10-04T14:18:40.668801Z;/home/runner/work/JSON-java/JSON-java/target/apidocs;search.js;IN_ACCESS
2026-10-04T14:18:40.669138Z;/home/runner/work/JSON-java/JSON-java/target/apidocs/org/json;JSONObject.html;IN_ACCESS
2026-10-04T14:18:40.671979Z;/home/runner/work/JSON-java/JSON-java/target/apidocs;member-search-index.js;IN_ACCESS
2026-10-04T14:18:40.672364Z;/home/runner/work/JSON-java/JSON-java/target/apidocs;deprecated-list.html;IN_ACCESS
2026-10-04T14:18:40.672689Z;/home/runner/work/JSON-java/JSON-java/target/apidocs;member-search-index.js;IN_ACCESS
2026-10-04T14:18:40.672988Z;/home/runner/work/JSON-java/JSON-java/target/apidocs/script-dir;jquery-ui.min.css;IN_ACCESS
2026-10-04T14:18:40.673259Z;/home/runner/work/JSON-java/JSON-java/target/apidocs;member-search-index.js;IN_ACCESS
2026-10-04T14:18:40.673517Z;/home/runner/work/JSON-java/JSON-java/target/apidocs;deprecated-list.html;IN_ACCESS
2026-10-04T14:18:40.673774Z;/home/runner/work/JSON-java/JSON-java/target/apidocs;member-search-index.js;IN_ACCESS
2026-10-04T14:18:40.674035Z;/home/runner/work/JSON-java/JSON-java/target/apidocs/script-dir;jquery-3.7.1.min.js;IN_ACCESS
2026-10-04T14:18:40.674331Z;/home/runner/work/JSON-java/JSON-java/target/apidocs/script-dir;jquery-ui.min.js;IN_ACCESS
2026-10-04T14:18:40.674624Z;/home/runner/work/JSON-java/JSON-java/target/apidocs;member-search-index.js;IN_ACCESS
2026-10-04T14:18:40.674870Z;/home/runner/work/JSON-java/JSON-java/target/apidocs/script-dir;jquery-3.7.1.min.js;IN_ACCESS
2026-10-04T14:18:40.675124Z;/home/runner/work/JSON-java/JSON-java/target/apidocs;member-search-index.js;IN_ACCESS
2026-10-04T14:18:40.675390Z;/home/runner/work/JSON-java/JSON-java/target/apidocs/script-dir;jquery-ui.min.js;IN_ACCESS
2026-10-04T14:18:40.675623Z;/home/runner/work/JSON-java/JSON-java/target/apidocs/script-dir;jquery-3.7.1.min.js;IN_ACCESS
2026-10-04T14:18:40.675870Z;/home/runner/work/JSON-java/JSON-java/target/apidocs;member-search-index.js;IN_ACCESS
2026-10-04T14:18:40.676185Z;/home/runner/work/JSON-java/JSON-java/target/apidocs/script-dir;jquery-ui.min.js;IN_ACCESS
2026-10-04T14:18:40.676508Z;/home/runner/work/JSON-java/JSON-java/target/apidocs/script-dir;jquery-3.7.1.min.js;IN_ACCESS
2026-10-04T14:18:40.676795Z;/home/runner/work/JSON-java/JSON-java/target/apidocs;member-search-index.js;IN_ACCESS
2026-10-04T14:18:40.677058Z;/home/runner/work/JSON-java/JSON-java/target/apidocs/script-dir;jquery-3.7.1.min.js;IN_ACCESS
2026-10-04T14:18:40.677426Z;/home/runner/work/JSON-java/JSON-java/target/apidocs/script-dir;jquery-ui.min.js;IN_ACCESS
2026-10-04T14:18:40.677683Z;/home/runner/work/JSON-java/JSON-java/target/apidocs;member-search-index.js;IN_ACCESS
2026-10-04T14:18:40.677937Z;/home/runner/work/JSON-java/JSON-java/target/apidocs/script-dir;jquery-ui.min.js;IN_ACCESS
2026-10-04T14:18:40.678186Z;/home/runner/work/JSON-java/JSON-java/target/apidocs/script-dir;jquery-3.7.1.min.js;IN_ACCESS
2026-10-04T14:18:40.678516Z;/home/runner/work/JSON-java/JSON-java/target/apidocs;serialized-form.html;IN_ACCESS
2026-10-04T14:18:40.678782Z;/home/runner/work/JSON-java/JSON-java/target/apidocs;module-search-index.js;IN_ACCESS
2026-10-04T14:18:40.679797Z;/home/runner/work/JSON-java/JSON-java/target/apidocs/script-dir;jquery-ui.min.js;IN_ACCESS
2026-10-04T14:18:40.680119Z;/home/runner/work/JSON-java/JSON-java/target/apidocs;index.html;IN_ACCESS
2026-10-04T14:18:40.680375Z;/home/runner/work/JSON-java/JSON-java/target/apidocs/script-dir;jquery-3.7.1.min.js;IN_ACCESS
2026-10-04T14:18:40.680654Z;/home/runner/work/JSON-java/JSON-java/target/apidocs/legal;jqueryUI.md;IN_ACCESS
2026-10-04T14:18:40.680919Z;/home/runner/work/JSON-java/JSON-java/target/apidocs/script-dir;jquery-ui.min.js;IN_ACCESS
2026-10-04T14:18:40.681229Z;/home/runner/work/JSON-java/JSON-java/target/apidocs/legal;LICENSE;IN_ACCESS
2026-10-04T14:18:40.681518Z;/home/runner/work/JSON-java/JSON-java/target/apidocs/script-dir;jquery-3.7.1.min.js;IN_ACCESS
2026-10-04T14:18:40.681776Z;/home/runner/work/JSON-java/JSON-java/target/apidocs/script-dir;jquery-ui.min.js;IN_ACCESS
2026-10-04T14:18:40.682034Z;/home/runner/work/JSON-java/JSON-java/target/apidocs/legal;LICENSE;IN_ACCESS
2026-10-04T14:18:40.682342Z;/home/runner/work/JSON-java/JSON-java/target/apidocs/legal;ASSEMBLY_EXCEPTION;IN_ACCESS
2026-10-04T14:18:40.682606Z;/home/runner/work/JSON-java/JSON-java/target/apidocs/script-dir;jquery-3.7.1.min.js;IN_ACCESS
2026-10-04T14:18:40.682855Z;/home/runner/work/JSON-java/JSON-java/target/apidocs/legal;LICENSE;IN_ACCESS
2026-10-04T14:18:40.683094Z;/home/runner/work/JSON-java/JSON-java/target/apidocs/legal;jquery.md;IN_ACCESS
2026-10-04T14:18:40.683365Z;/home/runner/work/JSON-java/JSON-java/target/apidocs/legal;ADDITIONAL_LICENSE_INFO;IN_ACCESS
2026-10-04T14:18:40.683620Z;/home/runner/work/JSON-java/JSON-java/target/apidocs/script-dir;jquery-3.7.1.min.js;IN_ACCESS
2026-10-04T14:18:40.683876Z;/home/runner/work/JSON-java/JSON-java/target/apidocs/legal;LICENSE;IN_ACCESS
2026-10-04T14:18:40.684135Z;/home/runner/work/JSON-java/JSON-java/target/apidocs;index-all.html;IN_ACCESS
2026-10-04T14:18:40.684398Z;/home/runner/work/JSON-java/JSON-java/target/apidocs/legal;LICENSE;IN_ACCESS
2026-10-04T14:18:40.684827Z;/home/runner/work/JSON-java/JSON-java/target/apidocs/script-dir;jquery-3.7.1.min.js;IN_ACCESS
2026-10-04T14:18:40.685154Z;/home/runner/work/JSON-java/JSON-java/target/apidocs;index-all.html;IN_ACCESS
2026-10-04T14:18:40.685444Z;/home/runner/work/JSON-java/JSON-java/target/apidocs/script-dir;jquery-3.7.1.min.js;IN_ACCESS
2026-10-04T14:18:40.685732Z;/home/runner/work/JSON-java/JSON-java/target/apidocs;index-all.html;IN_ACCESS
2026-10-04T14:18:40.686014Z;/home/runner/work/JSON-java/JSON-java/target/apidocs;allclasses-index.html;IN_ACCESS
2026-10-04T14:18:40.686294Z;/home/runner/work/JSON-java/JSON-java/target/apidocs;index-all.html;IN_ACCESS
2026-10-04T14:18:40.686599Z;/home/runner/work/JSON-java/JSON-java/target/apidocs;stylesheet.css;IN_ACCESS
2026-10-04T14:18:40.686876Z;/home/runner/work/JSON-java/JSON-java/target/apidocs/script-dir;jquery-3.7.1.min.js;IN_ACCESS
2026-10-04T14:18:40.687148Z;/home/runner/work/JSON-java/JSON-java/target/apidocs;allclasses-index.html;IN_ACCESS
2026-10-04T14:18:40.687449Z;/home/runner/work/JSON-java/JSON-java/target/apidocs;index-all.html;IN_ACCESS
2026-10-04T14:18:40.687721Z;/home/runner/work/JSON-java/JSON-java/target/apidocs;allclasses-index.html;IN_ACCESS
2026-10-04T14:18:40.687983Z;/home/runner/work/JSON-java/JSON-java/target/apidocs;stylesheet.css;IN_ACCESS
2026-10-04T14:18:40.688236Z;/home/runner/work/JSON-java/JSON-java/target/apidocs;index-all.html;IN_ACCESS
2026-10-04T14:18:40.688526Z;/home/runner/work/JSON-java/JSON-java/target/apidocs;stylesheet.css;IN_ACCESS
2026-10-04T14:18:40.688792Z;/home/runner/work/JSON-java/JSON-java/target/apidocs/script-dir;jquery-3.7.1.min.js;IN_ACCESS
2026-10-04T14:18:40.689055Z;/home/runner/work/JSON-java/JSON-java/target/apidocs;index-all.html;IN_ACCESS
2026-10-04T14:18:40.689329Z;/home/runner/work/JSON-java/JSON-java/target/apidocs;allpackages-index.html;IN_ACCESS
2026-10-04T14:18:40.689609Z;/home/runner/work/JSON-java/JSON-java/target/apidocs;stylesheet.css;IN_ACCESS
2026-10-04T14:18:40.689969Z;/home/runner/work/JSON-java/JSON-java/target/apidocs;index-all.html;IN_ACCESS
2026-10-04T14:18:40.690232Z;/home/runner/work/JSON-java/JSON-java/target/apidocs/resources;x.png;IN_ACCESS
2026-10-04T14:18:40.690491Z;/home/runner/work/JSON-java/JSON-java/target/apidocs;index-all.html;IN_ACCESS
2026-10-04T14:18:40.690753Z;/home/runner/work/JSON-java/JSON-java/target/apidocs/script-dir;jquery-3.7.1.min.js;IN_ACCESS
2026-10-04T14:18:40.691014Z;/home/runner/work/JSON-java/JSON-java/target/apidocs;stylesheet.css;IN_ACCESS
2026-10-04T14:18:40.691340Z;/home/runner/work/JSON-java/JSON-java/target/apidocs/resources;glass.png;IN_ACCESS
2026-10-04T14:18:40.691624Z;/home/runner/work/JSON-java/JSON-java/target/apidocs;index-all.html;IN_ACCESS
2026-10-04T14:18:40.691917Z;/home/runner/work/JSON-java/JSON-java/target/apidocs;jquery-ui.overrides.css;IN_ACCESS
2026-10-04T14:18:40.692239Z;/home/runner/work/JSON-java/JSON-java/target/apidocs;index-all.html;IN_ACCESS
2026-10-04T14:18:40.692516Z;/home/runner/work/JSON-java/JSON-java/target/apidocs/script-dir;jquery-3.7.1.min.js;IN_ACCESS
2026-10-04T14:18:40.692788Z;/home/runner/work/JSON-java/JSON-java/target/apidocs;tag-search-index.js;IN_ACCESS
2026-10-04T14:18:40.693059Z;/home/runner/work/JSON-java/JSON-java/target/apidocs;index-all.html;IN_ACCESS
2026-10-04T14:18:40.693325Z;/home/runner/work/JSON-java/JSON-java/target/apidocs/script-dir;jquery-3.7.1.min.js;IN_ACCESS
2026-10-04T14:18:40.693588Z;/home/runner/work/JSON-java/JSON-java/target/apidocs;index-all.html;IN_ACCESS
2026-10-04T14:18:40.834470Z;/home/runner/work/JSON-java/JSON-java/target;moditect;IN_CREATE,IN_ISDIR
2026-10-04T14:18:40.835132Z;/home/runner/work/JSON-java/JSON-java/target;modules;IN_CREATE,IN_ISDIR
2026-10-04T14:18:40.835449Z;/home/runner/work/JSON-java/JSON-java/target;moditect;IN_ACCESS,IN_ISDIR
2026-10-04T14:18:40.835736Z;/home/runner/work/JSON-java/JSON-java/target;modules;IN_ACCESS,IN_ISDIR
2026-10-04T14:18:40.835996Z;/home/runner/work/JSON-java/JSON-java/target;json-20260814.jar;IN_ACCESS
2026-10-04T14:18:40.836908Z;/home/runner/work/JSON-java/JSON-java/target/modules;json-20260814.jar;IN_CREATE
2026-10-04T14:18:40.837194Z;/home/runner/work/JSON-java/JSON-java/target;json-20260814.jar;IN_ACCESS
2026-10-04T14:18:40.983023Z;/home/runner/work/JSON-java/JSON-java/target/modules;json-20260814.jar;IN_ACCESS
2026-10-04T14:18:40.983436Z;/home/runner/work/JSON-java/JSON-java/target/modules;json-20260814.jar;IN_ACCESS
2026-10-04T14:18:40.986288Z;/home/runner/work/JSON-java/JSON-java/target/modules;json-20260814.jar;IN_ACCESS
2026-10-04T14:18:40.987352Z;/home/runner/work/JSON-java/JSON-java/target/modules;zipfstmp13422980743926389139.tmp;IN_CREATE
2026-10-04T14:18:40.987729Z;/home/runner/work/JSON-java/JSON-java/target/modules;json-20260814.jar;IN_ACCESS
2026-10-04T14:18:40.987967Z;/home/runner/work/JSON-java/JSON-java/target/modules;json-20260814.jar;IN_ACCESS
2026-10-04T14:18:40.988194Z;/home/runner/work/JSON-java/JSON-java/target/modules;json-20260814.jar;IN_ACCESS
2026-10-04T14:18:40.988594Z;/home/runner/work/JSON-java/JSON-java/target/modules;json-20260814.jar;IN_ACCESS
2026-10-04T14:18:40.988831Z;/home/runner/work/JSON-java/JSON-java/target/modules;json-20260814.jar;IN_ACCESS
2026-10-04T14:18:40.989870Z;/home/runner/work/JSON-java/JSON-java/target/modules;json-20260814.jar;IN_DELETE
2026-10-04T14:18:40.990315Z;/home/runner/work/JSON-java/JSON-java/target;json-20260814.jar;IN_DELETE
2026-10-04T14:18:40.990555Z;/home/runner/work/JSON-java/JSON-java/target;json-20260814.jar;IN_CREATE
2026-10-04T14:18:40.990770Z;/home/runner/work/JSON-java/JSON-java/target/modules;json-20260814.jar;IN_ACCESS
2026-10-04T14:18:41.048464Z;/home/runner/work/JSON-java/JSON-java;optcd-10.txt;IN_CREATE
2026-10-04T14:18:41.218600Z;/home/runner/work/JSON-java/JSON-java;target;IN_ACCESS,IN_ISDIR
2026-10-04T14:18:41.219464Z;/home/runner/work/JSON-java/JSON-java/target;;IN_ACCESS,IN_ISDIR
2026-10-04T14:18:41.219778Z;/home/runner/work/JSON-java/JSON-java;target;IN_ACCESS,IN_ISDIR
2026-10-04T14:18:41.220053Z;/home/runner/work/JSON-java/JSON-java/target;;IN_ACCESS,IN_ISDIR
2026-10-04T14:18:41.627850Z;/home/runner/work/JSON-java/JSON-java/target;json-20260814-sources.jar;IN_ACCESS
2026-10-04T14:18:41.629997Z;/home/runner/work/JSON-java/JSON-java/target;json-20260814-sources.jar;IN_ACCESS
2026-10-04T14:18:41.635871Z;/home/runner/work/JSON-java/JSON-java/target;json-20260814-javadoc.jar;IN_ACCESS
2026-10-04T14:18:41.636280Z;/home/runner/work/JSON-java/JSON-java/target;json-20260814-javadoc.jar;IN_ACCESS
2026-10-04T14:18:41.636585Z;/home/runner/work/JSON-java/JSON-java/target;json-20260814-javadoc.jar;IN_ACCESS
2026-10-04T14:18:41.636882Z;/home/runner/work/JSON-java/JSON-java/target;json-20260814-javadoc.jar;IN_ACCESS
2026-10-04T14:18:41.638417Z;/home/runner/work/JSON-java/JSON-java/target;json-20260814-javadoc.jar;IN_ACCESS
2026-10-04T14:18:41.646906Z;/home/runner/work/JSON-java/JSON-java/target;json-20260814.jar;IN_ACCESS
2026-10-04T14:18:41.647206Z;/home/runner/work/JSON-java/JSON-java/target;json-20260814.jar;IN_ACCESS
2026-10-04T14:18:42.653305Z;/home/runner/work/JSON-java/JSON-java;optcd-11.txt;IN_CREATE
