2026-10-04T14:27:22.230764Z;/home/runner/work/JSON-java/JSON-java;;IN_ACCESS,IN_ISDIR
2026-10-04T14:27:22.234681Z;/home/runner/work/JSON-java/JSON-java;.git;IN_CREATE,IN_ISDIR
2026-10-04T14:27:22.235152Z;/home/runner/work/JSON-java/JSON-java;.git;IN_ACCESS,IN_ISDIR
2026-10-04T14:27:22.235868Z;/home/runner/work/JSON-java/JSON-java/.git;hooks;IN_CREATE,IN_ISDIR
2026-10-04T14:27:22.236197Z;/home/runner/work/JSON-java/JSON-java/.git;hooks;IN_ACCESS,IN_ISDIR
2026-10-04T14:27:22.236535Z;/home/runner/work/JSON-java/JSON-java/.git/hooks;fsmonitor-watchman.sample;IN_CREATE
2026-10-04T14:27:22.236893Z;/home/runner/work/JSON-java/JSON-java/.git/hooks;pre-push.sample;IN_CREATE
2026-10-04T14:27:22.237210Z;/home/runner/work/JSON-java/JSON-java/.git/hooks;update.sample;IN_CREATE
2026-10-04T14:27:22.237497Z;/home/runner/work/JSON-java/JSON-java/.git/hooks;commit-msg.sample;IN_CREATE
2026-10-04T14:27:22.237824Z;/home/runner/work/JSON-java/JSON-java/.git/hooks;applypatch-msg.sample;IN_CREATE
2026-10-04T14:27:22.238109Z;/home/runner/work/JSON-java/JSON-java/.git/hooks;pre-receive.sample;IN_CREATE
2026-10-04T14:27:22.238401Z;/home/runner/work/JSON-java/JSON-java/.git/hooks;prepare-commit-msg.sample;IN_CREATE
2026-10-04T14:27:22.238669Z;/home/runner/work/JSON-java/JSON-java/.git/hooks;pre-rebase.sample;IN_CREATE
2026-10-04T14:27:22.238987Z;/home/runner/work/JSON-java/JSON-java/.git/hooks;post-update.sample;IN_CREATE
2026-10-04T14:27:22.239233Z;/home/runner/work/JSON-java/JSON-java/.git/hooks;pre-applypatch.sample;IN_CREATE
2026-10-04T14:27:22.239595Z;/home/runner/work/JSON-java/JSON-java/.git/hooks;push-to-checkout.sample;IN_CREATE
2026-10-04T14:27:22.239841Z;/home/runner/work/JSON-java/JSON-java/.git/hooks;pre-commit.sample;IN_CREATE
2026-10-04T14:27:22.240142Z;/home/runner/work/JSON-java/JSON-java/.git/hooks;sendemail-validate.sample;IN_CREATE
2026-10-04T14:27:22.240443Z;/home/runner/work/JSON-java/JSON-java/.git;description;IN_CREATE
2026-10-04T14:27:22.240771Z;/home/runner/work/JSON-java/JSON-java/.git;info;IN_CREATE,IN_ISDIR
2026-10-04T14:27:22.241113Z;/home/runner/work/JSON-java/JSON-java/.git;config.lock;IN_CREATE
2026-10-04T14:27:22.241557Z;/home/runner/work/JSON-java/JSON-java/.git;info;IN_ACCESS,IN_ISDIR
2026-10-04T14:27:22.241952Z;/home/runner/work/JSON-java/JSON-java/.git;config;IN_ACCESS
2026-10-04T14:27:22.243211Z;/home/runner/work/JSON-java/JSON-java/.git;config.lock;IN_CREATE
2026-10-04T14:27:22.243916Z;/home/runner/work/JSON-java/JSON-java/.git;config;IN_ACCESS
2026-10-04T14:27:22.244239Z;/home/runner/work/JSON-java/JSON-java/.git;config;IN_ACCESS
2026-10-04T14:27:22.244940Z;/home/runner/work/JSON-java/JSON-java/.git;config.lock;IN_CREATE
2026-10-04T14:27:22.246202Z;/home/runner/work/JSON-java/JSON-java/.git;config;IN_ACCESS
2026-10-04T14:27:22.246480Z;/home/runner/work/JSON-java/JSON-java/.git;config.lock;IN_CREATE
2026-10-04T14:27:22.246817Z;/home/runner/work/JSON-java/JSON-java/.git;config;IN_ACCESS
2026-10-04T14:27:22.247217Z;/home/runner/work/JSON-java/JSON-java/.git;toBgKTO;IN_CREATE
2026-10-04T14:27:22.247514Z;/home/runner/work/JSON-java/JSON-java/.git;toBgKTO;IN_DELETE
2026-10-04T14:27:22.247757Z;/home/runner/work/JSON-java/JSON-java/.git;toBgKTO;IN_CREATE
2026-10-04T14:27:22.247996Z;/home/runner/work/JSON-java/JSON-java/.git;toBgKTO;IN_DELETE
2026-10-04T14:27:22.248427Z;/home/runner/work/JSON-java/JSON-java/.git;refs;IN_CREATE,IN_ISDIR
2026-10-04T14:27:22.248775Z;/home/runner/work/JSON-java/JSON-java/.git;HEAD.lock;IN_CREATE
2026-10-04T14:27:22.249190Z;/home/runner/work/JSON-java/JSON-java/.git;objects;IN_CREATE,IN_ISDIR
2026-10-04T14:27:22.249493Z;/home/runner/work/JSON-java/JSON-java/.git;refs;IN_ACCESS,IN_ISDIR
2026-10-04T14:27:22.249755Z;/home/runner/work/JSON-java/JSON-java/.git;HEAD;IN_ACCESS
2026-10-04T14:27:22.250067Z;/home/runner/work/JSON-java/JSON-java/.git;config;IN_ACCESS
2026-10-04T14:27:22.250488Z;/home/runner/work/JSON-java/JSON-java/.git;objects;IN_ACCESS,IN_ISDIR
2026-10-04T14:27:22.250777Z;/home/runner/work/JSON-java/JSON-java/.git;config;IN_ACCESS
2026-10-04T14:27:22.251072Z;/home/runner/work/JSON-java/JSON-java/.git;HEAD;IN_ACCESS
2026-10-04T14:27:22.251430Z;/home/runner/work/JSON-java/JSON-java/.git;config.lock;IN_CREATE
2026-10-04T14:27:22.251807Z;/home/runner/work/JSON-java/JSON-java/.git;config;IN_ACCESS
2026-10-04T14:27:22.252114Z;/home/runner/work/JSON-java/JSON-java/.git;config;IN_ACCESS
2026-10-04T14:27:22.252400Z;/home/runner/work/JSON-java/JSON-java/.git;config.lock;IN_CREATE
2026-10-04T14:27:22.252697Z;/home/runner/work/JSON-java/JSON-java/.git;config;IN_ACCESS
2026-10-04T14:27:22.255261Z;/home/runner/work/JSON-java/JSON-java/.git;HEAD;IN_ACCESS
2026-10-04T14:27:22.255609Z;/home/runner/work/JSON-java/JSON-java/.git;config;IN_ACCESS
2026-10-04T14:27:22.256957Z;/home/runner/work/JSON-java/JSON-java/.git;config.lock;IN_CREATE
2026-10-04T14:27:22.257435Z;/home/runner/work/JSON-java/JSON-java/.git;config;IN_ACCESS
2026-10-04T14:27:22.260323Z;/home/runner/work/JSON-java/JSON-java/.git;HEAD;IN_ACCESS
2026-10-04T14:27:22.260641Z;/home/runner/work/JSON-java/JSON-java/.git;config;IN_ACCESS
2026-10-04T14:27:22.260891Z;/home/runner/work/JSON-java/JSON-java/.git;config;IN_ACCESS
2026-10-04T14:27:22.264200Z;/home/runner/work/JSON-java/JSON-java/.git;HEAD;IN_ACCESS
2026-10-04T14:27:22.264610Z;/home/runner/work/JSON-java/JSON-java/.git;config;IN_ACCESS
2026-10-04T14:27:22.264911Z;/home/runner/work/JSON-java/JSON-java/.git;config;IN_ACCESS
2026-10-04T14:27:22.282842Z;/home/runner/work/JSON-java/JSON-java/.git;HEAD;IN_ACCESS
2026-10-04T14:27:22.283209Z;/home/runner/work/JSON-java/JSON-java/.git;config;IN_ACCESS
2026-10-04T14:27:22.283534Z;/home/runner/work/JSON-java/JSON-java/.git;config;IN_ACCESS
2026-10-04T14:27:22.285266Z;/home/runner/work/JSON-java/JSON-java/.git;HEAD;IN_ACCESS
2026-10-04T14:27:22.285600Z;/home/runner/work/JSON-java/JSON-java/.git;config;IN_ACCESS
2026-10-04T14:27:22.285850Z;/home/runner/work/JSON-java/JSON-java/.git;config;IN_ACCESS
2026-10-04T14:27:22.286426Z;/home/runner/work/JSON-java/JSON-java/.git;HEAD;IN_ACCESS
2026-10-04T14:27:22.286673Z;/home/runner/work/JSON-java/JSON-java/.git;config;IN_ACCESS
2026-10-04T14:27:22.287548Z;/home/runner/work/JSON-java/JSON-java/.git;HEAD;IN_ACCESS
2026-10-04T14:27:22.287807Z;/home/runner/work/JSON-java/JSON-java/.git;config;IN_ACCESS
2026-10-04T14:27:22.288717Z;/home/runner/work/JSON-java/JSON-java/.git;HEAD;IN_ACCESS
2026-10-04T14:27:22.289029Z;/home/runner/work/JSON-java/JSON-java/.git;config;IN_ACCESS
2026-10-04T14:27:22.291176Z;/home/runner/work/JSON-java/JSON-java/.git;HEAD;IN_ACCESS
2026-10-04T14:27:22.291467Z;/home/runner/work/JSON-java/JSON-java/.git;config;IN_ACCESS
2026-10-04T14:27:22.295484Z;/home/runner/work/JSON-java/JSON-java/.git;HEAD;IN_ACCESS
2026-10-04T14:27:22.295858Z;/home/runner/work/JSON-java/JSON-java/.git;config;IN_ACCESS
2026-10-04T14:27:22.296202Z;/home/runner/work/JSON-java/JSON-java/.git;config;IN_ACCESS
2026-10-04T14:27:22.298793Z;/home/runner/work/JSON-java/JSON-java/.git;HEAD;IN_ACCESS
2026-10-04T14:27:22.299148Z;/home/runner/work/JSON-java/JSON-java/.git;config;IN_ACCESS
2026-10-04T14:27:22.299526Z;/home/runner/work/JSON-java/JSON-java/.git;config;IN_ACCESS
2026-10-04T14:27:22.307223Z;/home/runner/work/JSON-java/JSON-java/.git;HEAD;IN_ACCESS
2026-10-04T14:27:22.307621Z;/home/runner/work/JSON-java/JSON-java/.git;config;IN_ACCESS
2026-10-04T14:27:22.307949Z;/home/runner/work/JSON-java/JSON-java/.git;config;IN_ACCESS
2026-10-04T14:27:22.308554Z;/home/runner/work/JSON-java/JSON-java/.git;HEAD;IN_ACCESS
2026-10-04T14:27:22.308877Z;/home/runner/work/JSON-java/JSON-java/.git;config;IN_ACCESS
2026-10-04T14:27:22.309734Z;/home/runner/work/JSON-java/JSON-java/.git;HEAD;IN_ACCESS
2026-10-04T14:27:22.310092Z;/home/runner/work/JSON-java/JSON-java/.git;config;IN_ACCESS
2026-10-04T14:27:22.310839Z;/home/runner/work/JSON-java/JSON-java/.git;HEAD;IN_ACCESS
2026-10-04T14:27:22.311138Z;/home/runner/work/JSON-java/JSON-java/.git;config;IN_ACCESS
2026-10-04T14:27:22.311961Z;/home/runner/work/JSON-java/JSON-java/.git;HEAD;IN_ACCESS
2026-10-04T14:27:22.312314Z;/home/runner/work/JSON-java/JSON-java/.git;config;IN_ACCESS
2026-10-04T14:27:22.314531Z;/home/runner/work/JSON-java/JSON-java/.git;HEAD;IN_ACCESS
2026-10-04T14:27:22.314940Z;/home/runner/work/JSON-java/JSON-java/.git;config;IN_ACCESS
2026-10-04T14:27:22.315233Z;/home/runner/work/JSON-java/JSON-java/.git;config;IN_ACCESS
2026-10-04T14:27:22.318753Z;/home/runner/work/JSON-java/JSON-java/.git;HEAD;IN_ACCESS
2026-10-04T14:27:22.319073Z;/home/runner/work/JSON-java/JSON-java/.git;config;IN_ACCESS
2026-10-04T14:27:22.319459Z;/home/runner/work/JSON-java/JSON-java/.git;config;IN_ACCESS
2026-10-04T14:27:22.321985Z;/home/runner/work/JSON-java/JSON-java/.git;HEAD;IN_ACCESS
2026-10-04T14:27:22.322318Z;/home/runner/work/JSON-java/JSON-java/.git;config;IN_ACCESS
2026-10-04T14:27:22.322620Z;/home/runner/work/JSON-java/JSON-java/.git;config;IN_ACCESS
2026-10-04T14:27:22.330319Z;/home/runner/work/JSON-java/JSON-java/.git;HEAD;IN_ACCESS
2026-10-04T14:27:22.330673Z;/home/runner/work/JSON-java/JSON-java/.git;config;IN_ACCESS
2026-10-04T14:27:22.330982Z;/home/runner/work/JSON-java/JSON-java/.git;config;IN_ACCESS
2026-10-04T14:27:22.331598Z;/home/runner/work/JSON-java/JSON-java/.git;HEAD;IN_ACCESS
2026-10-04T14:27:22.331861Z;/home/runner/work/JSON-java/JSON-java/.git;config;IN_ACCESS
2026-10-04T14:27:22.332728Z;/home/runner/work/JSON-java/JSON-java/.git;HEAD;IN_ACCESS
2026-10-04T14:27:22.333033Z;/home/runner/work/JSON-java/JSON-java/.git;config;IN_ACCESS
2026-10-04T14:27:22.333843Z;/home/runner/work/JSON-java/JSON-java/.git;HEAD;IN_ACCESS
2026-10-04T14:27:22.334109Z;/home/runner/work/JSON-java/JSON-java/.git;config;IN_ACCESS
2026-10-04T14:27:22.335009Z;/home/runner/work/JSON-java/JSON-java/.git;HEAD;IN_ACCESS
2026-10-04T14:27:22.335330Z;/home/runner/work/JSON-java/JSON-java/.git;config;IN_ACCESS
2026-10-04T14:27:22.337458Z;/home/runner/work/JSON-java/JSON-java/.git;HEAD;IN_ACCESS
2026-10-04T14:27:22.337717Z;/home/runner/work/JSON-java/JSON-java/.git;config;IN_ACCESS
2026-10-04T14:27:22.341676Z;/home/runner/work/JSON-java/JSON-java/.git;HEAD;IN_ACCESS
2026-10-04T14:27:22.342071Z;/home/runner/work/JSON-java/JSON-java/.git;config;IN_ACCESS
2026-10-04T14:27:22.342984Z;/home/runner/work/JSON-java/JSON-java/.git;config;IN_ACCESS
2026-10-04T14:27:22.343927Z;/home/runner/work/JSON-java/JSON-java/.git;config.lock;IN_CREATE
2026-10-04T14:27:22.344227Z;/home/runner/work/JSON-java/JSON-java/.git;config;IN_ACCESS
2026-10-04T14:27:22.344592Z;/home/runner/work/JSON-java/JSON-java/.git;config;IN_ACCESS
2026-10-04T14:27:22.347295Z;/home/runner/work/JSON-java/JSON-java/.git;HEAD;IN_ACCESS
2026-10-04T14:27:22.347615Z;/home/runner/work/JSON-java/JSON-java/.git;config;IN_ACCESS
2026-10-04T14:27:22.347844Z;/home/runner/work/JSON-java/JSON-java/.git;config;IN_ACCESS
2026-10-04T14:27:22.348078Z;/home/runner/work/JSON-java/JSON-java/.git;HEAD;IN_ACCESS
2026-10-04T14:27:22.349393Z;/home/runner/work/JSON-java/JSON-java/.git;config;IN_ACCESS
2026-10-04T14:27:22.349688Z;/home/runner/work/JSON-java/JSON-java/.git;config;IN_ACCESS
2026-10-04T14:27:22.356353Z;/home/runner/work/JSON-java/JSON-java/.git;HEAD;IN_ACCESS
2026-10-04T14:27:22.356625Z;/home/runner/work/JSON-java/JSON-java/.git;config;IN_ACCESS
2026-10-04T14:27:22.356906Z;/home/runner/work/JSON-java/JSON-java/.git;config;IN_ACCESS
2026-10-04T14:27:22.357149Z;/home/runner/work/JSON-java/JSON-java/.git;HEAD;IN_ACCESS
2026-10-04T14:27:22.359039Z;/home/runner/work/JSON-java/JSON-java/.git;FETCH_HEAD;IN_CREATE
2026-10-04T14:27:22.359327Z;/home/runner/work/JSON-java/JSON-java/.git;refs;IN_ACCESS,IN_ISDIR
2026-10-04T14:27:22.359626Z;/home/runner/work/JSON-java/JSON-java/.git/refs;;IN_ACCESS,IN_ISDIR
2026-10-04T14:27:22.359869Z;/home/runner/work/JSON-java/JSON-java/.git;refs;IN_ACCESS,IN_ISDIR
2026-10-04T14:27:22.360093Z;/home/runner/work/JSON-java/JSON-java/.git/refs;;IN_ACCESS,IN_ISDIR
2026-10-04T14:27:22.360345Z;/home/runner/work/JSON-java/JSON-java/.git/refs;heads;IN_ACCESS,IN_ISDIR
2026-10-04T14:27:22.360584Z;/home/runner/work/JSON-java/JSON-java/.git/refs/heads;;IN_ACCESS,IN_ISDIR
2026-10-04T14:27:22.360879Z;/home/runner/work/JSON-java/JSON-java/.git/refs;heads;IN_ACCESS,IN_ISDIR
2026-10-04T14:27:22.361143Z;/home/runner/work/JSON-java/JSON-java/.git/refs/heads;;IN_ACCESS,IN_ISDIR
2026-10-04T14:27:22.361479Z;/home/runner/work/JSON-java/JSON-java/.git/refs;tags;IN_ACCESS,IN_ISDIR
2026-10-04T14:27:22.361740Z;/home/runner/work/JSON-java/JSON-java/.git/refs/tags;;IN_ACCESS,IN_ISDIR
2026-10-04T14:27:22.361986Z;/home/runner/work/JSON-java/JSON-java/.git/refs;tags;IN_ACCESS,IN_ISDIR
2026-10-04T14:27:22.362269Z;/home/runner/work/JSON-java/JSON-java/.git/refs/tags;;IN_ACCESS,IN_ISDIR
2026-10-04T14:27:22.679063Z;/home/runner/work/JSON-java/JSON-java/.git;shallow.lock;IN_CREATE
2026-10-04T14:27:22.706960Z;/home/runner/work/JSON-java/JSON-java/.git;HEAD;IN_ACCESS
2026-10-04T14:27:22.707411Z;/home/runner/work/JSON-java/JSON-java/.git;config;IN_ACCESS
2026-10-04T14:27:22.707709Z;/home/runner/work/JSON-java/JSON-java/.git;config;IN_ACCESS
2026-10-04T14:27:22.707996Z;/home/runner/work/JSON-java/JSON-java/.git/objects/pack;tmp_pack_7k99yJ;IN_CREATE
2026-10-04T14:27:22.708885Z;/home/runner/work/JSON-java/JSON-java/.git/objects;pack;IN_ACCESS,IN_ISDIR
2026-10-04T14:27:22.709134Z;/home/runner/work/JSON-java/JSON-java/.git/objects/pack;;IN_ACCESS,IN_ISDIR
2026-10-04T14:27:22.709360Z;/home/runner/work/JSON-java/JSON-java/.git/objects;pack;IN_ACCESS,IN_ISDIR
2026-10-04T14:27:22.709627Z;/home/runner/work/JSON-java/JSON-java/.git/objects/pack;;IN_ACCESS,IN_ISDIR
2026-10-04T14:27:22.815535Z;/home/runner/work/JSON-java/JSON-java/.git/objects/pack;tmp_pack_7k99yJ;IN_ACCESS
2026-10-04T14:27:22.816829Z;/home/runner/work/JSON-java/JSON-java/.git/objects/pack;tmp_pack_7k99yJ;IN_ACCESS
2026-10-04T14:27:22.817232Z;/home/runner/work/JSON-java/JSON-java/.git/objects/pack;tmp_idx_rB06dc;IN_CREATE
2026-10-04T14:27:22.817605Z;/home/runner/work/JSON-java/JSON-java/.git/objects/pack;tmp_rev_6pYwGj;IN_CREATE
2026-10-04T14:27:22.818283Z;/home/runner/work/JSON-java/JSON-java/.git/objects/pack;pack-576dd2b80cd07f6e5ad74abe0899b20a9431110a.keep;IN_CREATE
2026-10-04T14:27:22.818629Z;/home/runner/work/JSON-java/JSON-java/.git/objects/pack;pack-576dd2b80cd07f6e5ad74abe0899b20a9431110a.pack;IN_CREATE
2026-10-04T14:27:22.819108Z;/home/runner/work/JSON-java/JSON-java/.git/objects/pack;tmp_pack_7k99yJ;IN_DELETE
2026-10-04T14:27:22.819453Z;/home/runner/work/JSON-java/JSON-java/.git/objects/pack;pack-576dd2b80cd07f6e5ad74abe0899b20a9431110a.rev;IN_CREATE
2026-10-04T14:27:22.819802Z;/home/runner/work/JSON-java/JSON-java/.git/objects/pack;tmp_rev_6pYwGj;IN_DELETE
2026-10-04T14:27:22.820105Z;/home/runner/work/JSON-java/JSON-java/.git/objects/pack;pack-576dd2b80cd07f6e5ad74abe0899b20a9431110a.idx;IN_CREATE
2026-10-04T14:27:22.820449Z;/home/runner/work/JSON-java/JSON-java/.git/objects/pack;tmp_idx_rB06dc;IN_DELETE
2026-10-04T14:27:22.820795Z;/home/runner/work/JSON-java/JSON-java/.git/objects;pack;IN_ACCESS,IN_ISDIR
2026-10-04T14:27:22.821085Z;/home/runner/work/JSON-java/JSON-java/.git/objects/pack;;IN_ACCESS,IN_ISDIR
2026-10-04T14:27:22.821364Z;/home/runner/work/JSON-java/JSON-java/.git/objects;pack;IN_ACCESS,IN_ISDIR
2026-10-04T14:27:22.821657Z;/home/runner/work/JSON-java/JSON-java/.git/objects/pack;;IN_ACCESS,IN_ISDIR
2026-10-04T14:27:22.821927Z;/home/runner/work/JSON-java/JSON-java/.git;HEAD;IN_ACCESS
2026-10-04T14:27:22.822198Z;/home/runner/work/JSON-java/JSON-java/.git;config;IN_ACCESS
2026-10-04T14:27:22.822533Z;/home/runner/work/JSON-java/JSON-java/.git;refs;IN_ACCESS,IN_ISDIR
2026-10-04T14:27:22.822814Z;/home/runner/work/JSON-java/JSON-java/.git/refs;;IN_ACCESS,IN_ISDIR
2026-10-04T14:27:22.823354Z;/home/runner/work/JSON-java/JSON-java/.git;refs;IN_ACCESS,IN_ISDIR
2026-10-04T14:27:22.823692Z;/home/runner/work/JSON-java/JSON-java/.git/refs;;IN_ACCESS,IN_ISDIR
2026-10-04T14:27:22.824048Z;/home/runner/work/JSON-java/JSON-java/.git;shallow.lock;IN_ACCESS
2026-10-04T14:27:22.824398Z;/home/runner/work/JSON-java/JSON-java/.git/objects;pack;IN_ACCESS,IN_ISDIR
2026-10-04T14:27:22.824975Z;/home/runner/work/JSON-java/JSON-java/.git/objects/pack;;IN_ACCESS,IN_ISDIR
2026-10-04T14:27:22.825270Z;/home/runner/work/JSON-java/JSON-java/.git/objects;pack;IN_ACCESS,IN_ISDIR
2026-10-04T14:27:22.825558Z;/home/runner/work/JSON-java/JSON-java/.git/objects/pack;;IN_ACCESS,IN_ISDIR
2026-10-04T14:27:22.825998Z;/home/runner/work/JSON-java/JSON-java/.git/objects/pack;pack-576dd2b80cd07f6e5ad74abe0899b20a9431110a.pack;IN_ACCESS
2026-10-04T14:27:22.826305Z;/home/runner/work/JSON-java/JSON-java/.git;shallow;IN_ACCESS
2026-10-04T14:27:22.827553Z;/home/runner/work/JSON-java/JSON-java/.git/objects/pack;pack-576dd2b80cd07f6e5ad74abe0899b20a9431110a.pack;IN_ACCESS
2026-10-04T14:27:22.829426Z;/home/runner/work/JSON-java/JSON-java/.git/objects/pack;pack-576dd2b80cd07f6e5ad74abe0899b20a9431110a.keep;IN_DELETE
2026-10-04T14:27:22.829713Z;/home/runner/work/JSON-java/JSON-java/.git;HEAD;IN_ACCESS
2026-10-04T14:27:22.830055Z;/home/runner/work/JSON-java/JSON-java/.git/refs;remotes;IN_CREATE,IN_ISDIR
2026-10-04T14:27:22.830501Z;/home/runner/work/JSON-java/JSON-java/.git;logs;IN_CREATE,IN_ISDIR
2026-10-04T14:27:22.830897Z;/home/runner/work/JSON-java/JSON-java/.git;HEAD;IN_ACCESS
2026-10-04T14:27:22.832433Z;/home/runner/work/JSON-java/JSON-java/.git;config;IN_ACCESS
2026-10-04T14:27:22.832770Z;/home/runner/work/JSON-java/JSON-java/.git/refs;remotes;IN_ACCESS,IN_ISDIR
2026-10-04T14:27:22.833020Z;/home/runner/work/JSON-java/JSON-java/.git;config.lock;IN_CREATE
2026-10-04T14:27:22.833262Z;/home/runner/work/JSON-java/JSON-java/.git;config;IN_ACCESS
2026-10-04T14:27:22.833557Z;/home/runner/work/JSON-java/JSON-java/.git;logs;IN_ACCESS,IN_ISDIR
2026-10-04T14:27:22.833841Z;/home/runner/work/JSON-java/JSON-java/.git;config;IN_ACCESS
2026-10-04T14:27:22.834080Z;/home/runner/work/JSON-java/JSON-java/.git;config.worktree.lock;IN_CREATE
2026-10-04T14:27:22.834345Z;/home/runner/work/JSON-java/JSON-java/.git;config;IN_ACCESS
2026-10-04T14:27:22.834894Z;/home/runner/work/JSON-java/JSON-java/.git;config.worktree;IN_ACCESS
2026-10-04T14:27:22.835237Z;/home/runner/work/JSON-java/JSON-java/.git;config.worktree.lock;IN_CREATE
2026-10-04T14:27:22.835543Z;/home/runner/work/JSON-java/JSON-java/.git;config.worktree;IN_ACCESS
2026-10-04T14:27:22.835960Z;/home/runner/work/JSON-java/JSON-java/.git;config;IN_ACCESS
2026-10-04T14:27:22.836184Z;/home/runner/work/JSON-java/JSON-java/.git;config.worktree;IN_ACCESS
2026-10-04T14:27:22.836571Z;/home/runner/work/JSON-java/JSON-java/.git;config.worktree.lock;IN_CREATE
2026-10-04T14:27:22.836822Z;/home/runner/work/JSON-java/JSON-java/.git;config.worktree;IN_ACCESS
2026-10-04T14:27:22.837173Z;/home/runner/work/JSON-java/JSON-java/.git;HEAD;IN_ACCESS
2026-10-04T14:27:22.837455Z;/home/runner/work/JSON-java/JSON-java/.git;config;IN_ACCESS
2026-10-04T14:27:22.837743Z;/home/runner/work/JSON-java/JSON-java/.git;config.worktree;IN_ACCESS
2026-10-04T14:27:22.838455Z;/home/runner/work/JSON-java/JSON-java/.git;config;IN_ACCESS
2026-10-04T14:27:22.838765Z;/home/runner/work/JSON-java/JSON-java/.git;config.worktree;IN_ACCESS
2026-10-04T14:27:22.839016Z;/home/runner/work/JSON-java/JSON-java/.git;config.lock;IN_CREATE
2026-10-04T14:27:22.839343Z;/home/runner/work/JSON-java/JSON-java/.git;config;IN_ACCESS
2026-10-04T14:27:22.840319Z;/home/runner/work/JSON-java/JSON-java/.git;HEAD;IN_ACCESS
2026-10-04T14:27:22.840599Z;/home/runner/work/JSON-java/JSON-java/.git;config;IN_ACCESS
2026-10-04T14:27:22.840965Z;/home/runner/work/JSON-java/JSON-java/.git/refs/remotes/origin;optcd-run;IN_ACCESS
2026-10-04T14:27:22.841272Z;/home/runner/work/JSON-java/JSON-java/.git/refs/remotes/origin;optcd-run;IN_ACCESS
2026-10-04T14:27:22.841596Z;/home/runner/work/JSON-java/JSON-java/.git;refs;IN_ACCESS,IN_ISDIR
2026-10-04T14:27:22.844454Z;/home/runner/work/JSON-java/JSON-java/.git/refs;;IN_ACCESS,IN_ISDIR
2026-10-04T14:27:22.844861Z;/home/runner/work/JSON-java/JSON-java/.git;refs;IN_ACCESS,IN_ISDIR
2026-10-04T14:27:22.845171Z;/home/runner/work/JSON-java/JSON-java/.git/refs;;IN_ACCESS,IN_ISDIR
2026-10-04T14:27:22.845509Z;/home/runner/work/JSON-java/JSON-java/.git/objects;pack;IN_ACCESS,IN_ISDIR
2026-10-04T14:27:22.845831Z;/home/runner/work/JSON-java/JSON-java/.git/objects/pack;;IN_ACCESS,IN_ISDIR
2026-10-04T14:27:22.846105Z;/home/runner/work/JSON-java/JSON-java/.git/objects;pack;IN_ACCESS,IN_ISDIR
2026-10-04T14:27:22.846641Z;/home/runner/work/JSON-java/JSON-java/.git/objects/pack;;IN_ACCESS,IN_ISDIR
2026-10-04T14:27:22.846978Z;/home/runner/work/JSON-java/JSON-java/.git/objects/pack;pack-576dd2b80cd07f6e5ad74abe0899b20a9431110a.pack;IN_ACCESS
2026-10-04T14:27:22.847263Z;/home/runner/work/JSON-java/JSON-java/.git;shallow;IN_ACCESS
2026-10-04T14:27:22.847610Z;/home/runner/work/JSON-java/JSON-java/.git;HEAD;IN_ACCESS
2026-10-04T14:27:22.847919Z;/home/runner/work/JSON-java/JSON-java/.git;index.lock;IN_CREATE
2026-10-04T14:27:22.848308Z;/home/runner/work/JSON-java/JSON-java/.git/info;exclude;IN_ACCESS
2026-10-04T14:27:22.848819Z;/home/runner/work/JSON-java/JSON-java;.github;IN_CREATE,IN_ISDIR
2026-10-04T14:27:22.849189Z;/home/runner/work/JSON-java/JSON-java;.gitignore;IN_CREATE
2026-10-04T14:27:22.849521Z;/home/runner/work/JSON-java/JSON-java;CODE_OF_CONDUCT.md;IN_CREATE
2026-10-04T14:27:22.849900Z;/home/runner/work/JSON-java/JSON-java;CONTRIBUTING.md;IN_CREATE
2026-10-04T14:27:22.850240Z;/home/runner/work/JSON-java/JSON-java;Examples.md;IN_CREATE
2026-10-04T14:27:22.850519Z;/home/runner/work/JSON-java/JSON-java;LICENSE;IN_CREATE
2026-10-04T14:27:22.850887Z;/home/runner/work/JSON-java/JSON-java;README.md;IN_CREATE
2026-10-04T14:27:22.851168Z;/home/runner/work/JSON-java/JSON-java;build.gradle;IN_CREATE
2026-10-04T14:27:22.851596Z;/home/runner/work/JSON-java/JSON-java;docs;IN_CREATE,IN_ISDIR
2026-10-04T14:27:22.852044Z;/home/runner/work/JSON-java/JSON-java;gradle;IN_CREATE,IN_ISDIR
2026-10-04T14:27:22.852502Z;/home/runner/work/JSON-java/JSON-java;gradlew;IN_CREATE
2026-10-04T14:27:22.852863Z;/home/runner/work/JSON-java/JSON-java;gradlew.bat;IN_CREATE
2026-10-04T14:27:22.853258Z;/home/runner/work/JSON-java/JSON-java;images;IN_CREATE,IN_ISDIR
2026-10-04T14:27:22.853717Z;/home/runner/work/JSON-java/JSON-java;pom.xml;IN_CREATE
2026-10-04T14:27:22.854915Z;/home/runner/work/JSON-java/JSON-java;src;IN_CREATE,IN_ISDIR
2026-10-04T14:27:22.855344Z;/home/runner/work/JSON-java/JSON-java;.github;IN_ACCESS,IN_ISDIR
2026-10-04T14:27:22.856438Z;/home/runner/work/JSON-java/JSON-java/.git/refs/remotes/origin;optcd-run;IN_ACCESS
2026-10-04T14:27:22.856771Z;/home/runner/work/JSON-java/JSON-java/.git;HEAD;IN_ACCESS
2026-10-04T14:27:22.857032Z;/home/runner/work/JSON-java/JSON-java/.git/refs/heads;optcd-run.lock;IN_CREATE
2026-10-04T14:27:22.857359Z;/home/runner/work/JSON-java/JSON-java/.git/logs/refs;heads;IN_CREATE,IN_ISDIR
2026-10-04T14:27:22.857668Z;/home/runner/work/JSON-java/JSON-java;docs;IN_ACCESS,IN_ISDIR
2026-10-04T14:27:22.857943Z;/home/runner/work/JSON-java/JSON-java/.git;config.lock;IN_CREATE
2026-10-04T14:27:22.858236Z;/home/runner/work/JSON-java/JSON-java;gradle;IN_ACCESS,IN_ISDIR
2026-10-04T14:27:22.858476Z;/home/runner/work/JSON-java/JSON-java/.git;config;IN_ACCESS
2026-10-04T14:27:22.858726Z;/home/runner/work/JSON-java/JSON-java;gradle;IN_ACCESS,IN_ISDIR
2026-10-04T14:27:22.858998Z;/home/runner/work/JSON-java/JSON-java/.git;config;IN_ACCESS
2026-10-04T14:27:22.859262Z;/home/runner/work/JSON-java/JSON-java/.git;config.lock;IN_CREATE
2026-10-04T14:27:22.859620Z;/home/runner/work/JSON-java/JSON-java/.git;config;IN_ACCESS
2026-10-04T14:27:22.859920Z;/home/runner/work/JSON-java/JSON-java/.git;config.lock;IN_DELETE
2026-10-04T14:27:22.860162Z;/home/runner/work/JSON-java/JSON-java/.git;config.lock;IN_CREATE
2026-10-04T14:27:22.860420Z;/home/runner/work/JSON-java/JSON-java/.git;config;IN_ACCESS
2026-10-04T14:27:22.860666Z;/home/runner/work/JSON-java/JSON-java/.git/refs/heads;optcd-run;IN_ACCESS
2026-10-04T14:27:22.860880Z;/home/runner/work/JSON-java/JSON-java/.git;config;IN_ACCESS
2026-10-04T14:27:22.861291Z;/home/runner/work/JSON-java/JSON-java/.git;HEAD;IN_ACCESS
2026-10-04T14:27:22.861560Z;/home/runner/work/JSON-java/JSON-java/.git;HEAD.lock;IN_CREATE
2026-10-04T14:27:22.861792Z;/home/runner/work/JSON-java/JSON-java/.git;HEAD;IN_ACCESS
2026-10-04T14:27:22.862001Z;/home/runner/work/JSON-java/JSON-java/.git/refs/heads;optcd-run;IN_ACCESS
2026-10-04T14:27:22.862297Z;/home/runner/work/JSON-java/JSON-java/.git/logs;HEAD;IN_CREATE
2026-10-04T14:27:22.862836Z;/home/runner/work/JSON-java/JSON-java;images;IN_ACCESS,IN_ISDIR
2026-10-04T14:27:22.863179Z;/home/runner/work/JSON-java/JSON-java/.git;HEAD;IN_ACCESS
2026-10-04T14:27:22.863477Z;/home/runner/work/JSON-java/JSON-java/.git;AUTO_MERGE.lock;IN_CREATE
2026-10-04T14:27:22.863798Z;/home/runner/work/JSON-java/JSON-java/.git;packed-refs.lock;IN_CREATE
2026-10-04T14:27:22.864168Z;/home/runner/work/JSON-java/JSON-java/.git;AUTO_MERGE.lock;IN_DELETE
2026-10-04T14:27:22.864616Z;/home/runner/work/JSON-java/JSON-java/.git;packed-refs.lock;IN_DELETE
2026-10-04T14:27:22.864997Z;/home/runner/work/JSON-java/JSON-java/.git;HEAD;IN_ACCESS
2026-10-04T14:27:22.865276Z;/home/runner/work/JSON-java/JSON-java/.git;AUTO_MERGE.lock;IN_CREATE
2026-10-04T14:27:22.865567Z;/home/runner/work/JSON-java/JSON-java/.git;packed-refs.lock;IN_CREATE
2026-10-04T14:27:22.865906Z;/home/runner/work/JSON-java/JSON-java/.git;AUTO_MERGE.lock;IN_DELETE
2026-10-04T14:27:22.866161Z;/home/runner/work/JSON-java/JSON-java/.git;packed-refs.lock;IN_DELETE
2026-10-04T14:27:22.866411Z;/home/runner/work/JSON-java/JSON-java/.git/refs/heads;optcd-run;IN_ACCESS
2026-10-04T14:27:22.866673Z;/home/runner/work/JSON-java/JSON-java;src;IN_ACCESS,IN_ISDIR
2026-10-04T14:27:22.866930Z;/home/runner/work/JSON-java/JSON-java/.git/logs/refs;heads;IN_ACCESS,IN_ISDIR
2026-10-04T14:27:22.867286Z;/home/runner/work/JSON-java/JSON-java/.git;HEAD;IN_ACCESS
2026-10-04T14:27:22.867615Z;/home/runner/work/JSON-java/JSON-java/.git;config;IN_ACCESS
2026-10-04T14:27:22.867879Z;/home/runner/work/JSON-java/JSON-java/.git;HEAD;IN_ACCESS
2026-10-04T14:27:22.868136Z;/home/runner/work/JSON-java/JSON-java/.git/refs/heads;optcd-run;IN_ACCESS
2026-10-04T14:27:22.868417Z;/home/runner/work/JSON-java/JSON-java/.git;refs;IN_ACCESS,IN_ISDIR
2026-10-04T14:27:22.868697Z;/home/runner/work/JSON-java/JSON-java/.git/refs;;IN_ACCESS,IN_ISDIR
2026-10-04T14:27:22.869143Z;/home/runner/work/JSON-java/JSON-java/.git;refs;IN_ACCESS,IN_ISDIR
2026-10-04T14:27:22.869468Z;/home/runner/work/JSON-java/JSON-java/.git/refs;;IN_ACCESS,IN_ISDIR
2026-10-04T14:27:22.869715Z;/home/runner/work/JSON-java/JSON-java/.git;shallow;IN_ACCESS
2026-10-04T14:27:22.869982Z;/home/runner/work/JSON-java/JSON-java/.git/objects;pack;IN_ACCESS,IN_ISDIR
2026-10-04T14:27:22.870248Z;/home/runner/work/JSON-java/JSON-java/.git/objects/pack;;IN_ACCESS,IN_ISDIR
2026-10-04T14:27:22.870604Z;/home/runner/work/JSON-java/JSON-java/.git/objects;pack;IN_ACCESS,IN_ISDIR
2026-10-04T14:27:22.870895Z;/home/runner/work/JSON-java/JSON-java/.git/objects/pack;;IN_ACCESS,IN_ISDIR
2026-10-04T14:27:22.871190Z;/home/runner/work/JSON-java/JSON-java/.git/objects/pack;pack-576dd2b80cd07f6e5ad74abe0899b20a9431110a.pack;IN_ACCESS
2026-10-04T14:27:22.871481Z;/home/runner/work/JSON-java/JSON-java/.git;HEAD;IN_ACCESS
2026-10-04T14:27:22.871792Z;/home/runner/work/JSON-java/JSON-java/.git;config;IN_ACCESS
2026-10-04T14:27:22.872139Z;/home/runner/work/JSON-java/JSON-java/.git;HEAD;IN_ACCESS
2026-10-04T14:27:22.872428Z;/home/runner/work/JSON-java/JSON-java/.git/refs/heads;optcd-run;IN_ACCESS
2026-10-04T14:27:22.872730Z;/home/runner/work/JSON-java/JSON-java/.git;refs;IN_ACCESS,IN_ISDIR
2026-10-04T14:27:22.873079Z;/home/runner/work/JSON-java/JSON-java/.git/refs;;IN_ACCESS,IN_ISDIR
2026-10-04T14:27:22.873446Z;/home/runner/work/JSON-java/JSON-java/.git;refs;IN_ACCESS,IN_ISDIR
2026-10-04T14:27:22.873761Z;/home/runner/work/JSON-java/JSON-java/.git/refs;;IN_ACCESS,IN_ISDIR
2026-10-04T14:27:22.874134Z;/home/runner/work/JSON-java/JSON-java/.git;shallow;IN_ACCESS
2026-10-04T14:27:22.874486Z;/home/runner/work/JSON-java/JSON-java/.git/objects;pack;IN_ACCESS,IN_ISDIR
2026-10-04T14:27:22.874803Z;/home/runner/work/JSON-java/JSON-java/.git/objects/pack;;IN_ACCESS,IN_ISDIR
2026-10-04T14:27:22.875140Z;/home/runner/work/JSON-java/JSON-java/.git/objects;pack;IN_ACCESS,IN_ISDIR
2026-10-04T14:27:22.875436Z;/home/runner/work/JSON-java/JSON-java/.git/objects/pack;;IN_ACCESS,IN_ISDIR
2026-10-04T14:27:22.875732Z;/home/runner/work/JSON-java/JSON-java/.git/objects/pack;pack-576dd2b80cd07f6e5ad74abe0899b20a9431110a.pack;IN_ACCESS
2026-10-04T14:27:22.888217Z;/home/runner/work/JSON-java/JSON-java;optcd-3.txt;IN_CREATE
2026-10-04T14:27:23.029637Z;/home/runner/work/JSON-java/JSON-java;;IN_ACCESS,IN_ISDIR
2026-10-04T14:27:23.030442Z;/home/runner/work/JSON-java/JSON-java;.git;IN_ACCESS,IN_ISDIR
2026-10-04T14:27:23.030788Z;/home/runner/work/JSON-java/JSON-java/.git;;IN_ACCESS,IN_ISDIR
2026-10-04T14:27:23.031233Z;/home/runner/work/JSON-java/JSON-java;.git;IN_ACCESS,IN_ISDIR
2026-10-04T14:27:23.031515Z;/home/runner/work/JSON-java/JSON-java/.git;;IN_ACCESS,IN_ISDIR
2026-10-04T14:27:23.031824Z;/home/runner/work/JSON-java/JSON-java/.git;hooks;IN_ACCESS,IN_ISDIR
2026-10-04T14:27:23.032083Z;/home/runner/work/JSON-java/JSON-java/.git/hooks;;IN_ACCESS,IN_ISDIR
2026-10-04T14:27:23.032374Z;/home/runner/work/JSON-java/JSON-java/.git;hooks;IN_ACCESS,IN_ISDIR
2026-10-04T14:27:23.032727Z;/home/runner/work/JSON-java/JSON-java/.git/hooks;;IN_ACCESS,IN_ISDIR
2026-10-04T14:27:23.033082Z;/home/runner/work/JSON-java/JSON-java/.git;info;IN_ACCESS,IN_ISDIR
2026-10-04T14:27:23.033331Z;/home/runner/work/JSON-java/JSON-java/.git/info;;IN_ACCESS,IN_ISDIR
2026-10-04T14:27:23.033670Z;/home/runner/work/JSON-java/JSON-java/.git;info;IN_ACCESS,IN_ISDIR
2026-10-04T14:27:23.033957Z;/home/runner/work/JSON-java/JSON-java/.git/info;;IN_ACCESS,IN_ISDIR
2026-10-04T14:27:23.034244Z;/home/runner/work/JSON-java/JSON-java/.git;logs;IN_ACCESS,IN_ISDIR
2026-10-04T14:27:23.034559Z;/home/runner/work/JSON-java/JSON-java/.git/logs;;IN_ACCESS,IN_ISDIR
2026-10-04T14:27:23.034830Z;/home/runner/work/JSON-java/JSON-java/.git;logs;IN_ACCESS,IN_ISDIR
2026-10-04T14:27:23.035135Z;/home/runner/work/JSON-java/JSON-java/.git/logs;;IN_ACCESS,IN_ISDIR
2026-10-04T14:27:23.035790Z;/home/runner/work/JSON-java/JSON-java/.git/logs;refs;IN_ACCESS,IN_ISDIR
2026-10-04T14:27:23.036126Z;/home/runner/work/JSON-java/JSON-java/.git/logs/refs;;IN_ACCESS,IN_ISDIR
2026-10-04T14:27:23.036415Z;/home/runner/work/JSON-java/JSON-java/.git/logs;refs;IN_ACCESS,IN_ISDIR
2026-10-04T14:27:23.036667Z;/home/runner/work/JSON-java/JSON-java/.git/logs/refs;;IN_ACCESS,IN_ISDIR
2026-10-04T14:27:23.037015Z;/home/runner/work/JSON-java/JSON-java/.git/logs/refs;heads;IN_ACCESS,IN_ISDIR
2026-10-04T14:27:23.037428Z;/home/runner/work/JSON-java/JSON-java/.git/logs/refs/heads;;IN_ACCESS,IN_ISDIR
2026-10-04T14:27:23.037693Z;/home/runner/work/JSON-java/JSON-java/.git/logs/refs;heads;IN_ACCESS,IN_ISDIR
2026-10-04T14:27:23.038099Z;/home/runner/work/JSON-java/JSON-java/.git/logs/refs/heads;;IN_ACCESS,IN_ISDIR
2026-10-04T14:27:23.038424Z;/home/runner/work/JSON-java/JSON-java/.git/logs/refs;remotes;IN_ACCESS,IN_ISDIR
2026-10-04T14:27:23.038719Z;/home/runner/work/JSON-java/JSON-java/.git/logs/refs/remotes;;IN_ACCESS,IN_ISDIR
2026-10-04T14:27:23.039019Z;/home/runner/work/JSON-java/JSON-java/.git/logs/refs;remotes;IN_ACCESS,IN_ISDIR
2026-10-04T14:27:23.039400Z;/home/runner/work/JSON-java/JSON-java/.git/logs/refs/remotes;;IN_ACCESS,IN_ISDIR
2026-10-04T14:27:23.039737Z;/home/runner/work/JSON-java/JSON-java/.git/logs/refs/remotes;origin;IN_ACCESS,IN_ISDIR
2026-10-04T14:27:23.040029Z;/home/runner/work/JSON-java/JSON-java/.git/logs/refs/remotes/origin;;IN_ACCESS,IN_ISDIR
2026-10-04T14:27:23.040334Z;/home/runner/work/JSON-java/JSON-java/.git/logs/refs/remotes;origin;IN_ACCESS,IN_ISDIR
2026-10-04T14:27:23.040647Z;/home/runner/work/JSON-java/JSON-java/.git/logs/refs/remotes/origin;;IN_ACCESS,IN_ISDIR
2026-10-04T14:27:23.040947Z;/home/runner/work/JSON-java/JSON-java/.git;objects;IN_ACCESS,IN_ISDIR
2026-10-04T14:27:23.041288Z;/home/runner/work/JSON-java/JSON-java/.git/objects;;IN_ACCESS,IN_ISDIR
2026-10-04T14:27:23.041558Z;/home/runner/work/JSON-java/JSON-java/.git;objects;IN_ACCESS,IN_ISDIR
2026-10-04T14:27:23.041851Z;/home/runner/work/JSON-java/JSON-java/.git/objects;;IN_ACCESS,IN_ISDIR
2026-10-04T14:27:23.042114Z;/home/runner/work/JSON-java/JSON-java/.git/objects;info;IN_ACCESS,IN_ISDIR
2026-10-04T14:27:23.042377Z;/home/runner/work/JSON-java/JSON-java/.git/objects/info;;IN_ACCESS,IN_ISDIR
2026-10-04T14:27:23.042679Z;/home/runner/work/JSON-java/JSON-java/.git/objects;info;IN_ACCESS,IN_ISDIR
2026-10-04T14:27:23.043033Z;/home/runner/work/JSON-java/JSON-java/.git/objects/info;;IN_ACCESS,IN_ISDIR
2026-10-04T14:27:23.043309Z;/home/runner/work/JSON-java/JSON-java/.git/objects;pack;IN_ACCESS,IN_ISDIR
2026-10-04T14:27:23.043577Z;/home/runner/work/JSON-java/JSON-java/.git/objects/pack;;IN_ACCESS,IN_ISDIR
2026-10-04T14:27:23.043941Z;/home/runner/work/JSON-java/JSON-java/.git/objects;pack;IN_ACCESS,IN_ISDIR
2026-10-04T14:27:23.044287Z;/home/runner/work/JSON-java/JSON-java/.git/objects/pack;;IN_ACCESS,IN_ISDIR
2026-10-04T14:27:23.044624Z;/home/runner/work/JSON-java/JSON-java/.git;refs;IN_ACCESS,IN_ISDIR
2026-10-04T14:27:23.044892Z;/home/runner/work/JSON-java/JSON-java/.git/refs;;IN_ACCESS,IN_ISDIR
2026-10-04T14:27:23.045163Z;/home/runner/work/JSON-java/JSON-java/.git;refs;IN_ACCESS,IN_ISDIR
2026-10-04T14:27:23.045467Z;/home/runner/work/JSON-java/JSON-java/.git/refs;;IN_ACCESS,IN_ISDIR
2026-10-04T14:27:23.046411Z;/home/runner/work/JSON-java/JSON-java/.git/refs;heads;IN_ACCESS,IN_ISDIR
2026-10-04T14:27:23.046700Z;/home/runner/work/JSON-java/JSON-java/.git/refs/heads;;IN_ACCESS,IN_ISDIR
2026-10-04T14:27:23.047003Z;/home/runner/work/JSON-java/JSON-java/.git/refs;heads;IN_ACCESS,IN_ISDIR
2026-10-04T14:27:23.047253Z;/home/runner/work/JSON-java/JSON-java/.git/refs/heads;;IN_ACCESS,IN_ISDIR
2026-10-04T14:27:23.047485Z;/home/runner/work/JSON-java/JSON-java/.git/refs;remotes;IN_ACCESS,IN_ISDIR
2026-10-04T14:27:23.047776Z;/home/runner/work/JSON-java/JSON-java/.git/refs/remotes;;IN_ACCESS,IN_ISDIR
2026-10-04T14:27:23.048028Z;/home/runner/work/JSON-java/JSON-java/.git/refs;remotes;IN_ACCESS,IN_ISDIR
2026-10-04T14:27:23.048687Z;/home/runner/work/JSON-java/JSON-java/.git/refs/remotes;;IN_ACCESS,IN_ISDIR
2026-10-04T14:27:23.048993Z;/home/runner/work/JSON-java/JSON-java/.git/refs/remotes;origin;IN_ACCESS,IN_ISDIR
2026-10-04T14:27:23.049266Z;/home/runner/work/JSON-java/JSON-java/.git/refs/remotes/origin;;IN_ACCESS,IN_ISDIR
2026-10-04T14:27:23.049597Z;/home/runner/work/JSON-java/JSON-java/.git/refs/remotes;origin;IN_ACCESS,IN_ISDIR
2026-10-04T14:27:23.049862Z;/home/runner/work/JSON-java/JSON-java/.git/refs/remotes/origin;;IN_ACCESS,IN_ISDIR
2026-10-04T14:27:23.050134Z;/home/runner/work/JSON-java/JSON-java/.git/refs;tags;IN_ACCESS,IN_ISDIR
2026-10-04T14:27:23.050401Z;/home/runner/work/JSON-java/JSON-java/.git/refs/tags;;IN_ACCESS,IN_ISDIR
2026-10-04T14:27:23.050646Z;/home/runner/work/JSON-java/JSON-java/.git/refs;tags;IN_ACCESS,IN_ISDIR
2026-10-04T14:27:23.050881Z;/home/runner/work/JSON-java/JSON-java/.git/refs/tags;;IN_ACCESS,IN_ISDIR
2026-10-04T14:27:23.051174Z;/home/runner/work/JSON-java/JSON-java;.github;IN_ACCESS,IN_ISDIR
2026-10-04T14:27:23.051402Z;/home/runner/work/JSON-java/JSON-java/.github;;IN_ACCESS,IN_ISDIR
2026-10-04T14:27:23.051662Z;/home/runner/work/JSON-java/JSON-java;.github;IN_ACCESS,IN_ISDIR
2026-10-04T14:27:23.051919Z;/home/runner/work/JSON-java/JSON-java/.github;;IN_ACCESS,IN_ISDIR
2026-10-04T14:27:23.052181Z;/home/runner/work/JSON-java/JSON-java/.github;workflows;IN_ACCESS,IN_ISDIR
2026-10-04T14:27:23.052546Z;/home/runner/work/JSON-java/JSON-java/.github/workflows;;IN_ACCESS,IN_ISDIR
2026-10-04T14:27:23.052834Z;/home/runner/work/JSON-java/JSON-java/.github;workflows;IN_ACCESS,IN_ISDIR
2026-10-04T14:27:23.053218Z;/home/runner/work/JSON-java/JSON-java/.github/workflows;;IN_ACCESS,IN_ISDIR
2026-10-04T14:27:23.053603Z;/home/runner/work/JSON-java/JSON-java;docs;IN_ACCESS,IN_ISDIR
2026-10-04T14:27:23.053890Z;/home/runner/work/JSON-java/JSON-java/docs;;IN_ACCESS,IN_ISDIR
2026-10-04T14:27:23.054276Z;/home/runner/work/JSON-java/JSON-java;docs;IN_ACCESS,IN_ISDIR
2026-10-04T14:27:23.054622Z;/home/runner/work/JSON-java/JSON-java/docs;;IN_ACCESS,IN_ISDIR
2026-10-04T14:27:23.054950Z;/home/runner/work/JSON-java/JSON-java;gradle;IN_ACCESS,IN_ISDIR
2026-10-04T14:27:23.055348Z;/home/runner/work/JSON-java/JSON-java/gradle;;IN_ACCESS,IN_ISDIR
2026-10-04T14:27:23.055648Z;/home/runner/work/JSON-java/JSON-java;gradle;IN_ACCESS,IN_ISDIR
2026-10-04T14:27:23.056043Z;/home/runner/work/JSON-java/JSON-java/gradle;;IN_ACCESS,IN_ISDIR
2026-10-04T14:27:23.057763Z;/home/runner/work/JSON-java/JSON-java/gradle;wrapper;IN_ACCESS,IN_ISDIR
2026-10-04T14:27:23.058063Z;/home/runner/work/JSON-java/JSON-java/gradle/wrapper;;IN_ACCESS,IN_ISDIR
2026-10-04T14:27:23.060436Z;/home/runner/work/JSON-java/JSON-java/gradle;wrapper;IN_ACCESS,IN_ISDIR
2026-10-04T14:27:23.060836Z;/home/runner/work/JSON-java/JSON-java/gradle/wrapper;;IN_ACCESS,IN_ISDIR
2026-10-04T14:27:23.061156Z;/home/runner/work/JSON-java/JSON-java;images;IN_ACCESS,IN_ISDIR
2026-10-04T14:27:23.061431Z;/home/runner/work/JSON-java/JSON-java/images;;IN_ACCESS,IN_ISDIR
2026-10-04T14:27:23.061697Z;/home/runner/work/JSON-java/JSON-java;images;IN_ACCESS,IN_ISDIR
2026-10-04T14:27:23.062088Z;/home/runner/work/JSON-java/JSON-java/images;;IN_ACCESS,IN_ISDIR
2026-10-04T14:27:23.062329Z;/home/runner/work/JSON-java/JSON-java;pom.xml;IN_ACCESS
2026-10-04T14:27:23.062659Z;/home/runner/work/JSON-java/JSON-java;src;IN_ACCESS,IN_ISDIR
2026-10-04T14:27:23.062998Z;/home/runner/work/JSON-java/JSON-java/src;;IN_ACCESS,IN_ISDIR
2026-10-04T14:27:23.063311Z;/home/runner/work/JSON-java/JSON-java;src;IN_ACCESS,IN_ISDIR
2026-10-04T14:27:23.063604Z;/home/runner/work/JSON-java/JSON-java/src;;IN_ACCESS,IN_ISDIR
2026-10-04T14:27:23.063920Z;/home/runner/work/JSON-java/JSON-java/src;main;IN_ACCESS,IN_ISDIR
2026-10-04T14:27:23.064282Z;/home/runner/work/JSON-java/JSON-java/src/main;;IN_ACCESS,IN_ISDIR
2026-10-04T14:27:23.064600Z;/home/runner/work/JSON-java/JSON-java/src;main;IN_ACCESS,IN_ISDIR
2026-10-04T14:27:23.064886Z;/home/runner/work/JSON-java/JSON-java/src/main;;IN_ACCESS,IN_ISDIR
2026-10-04T14:27:23.065181Z;/home/runner/work/JSON-java/JSON-java/src/main;java;IN_ACCESS,IN_ISDIR
2026-10-04T14:27:23.065483Z;/home/runner/work/JSON-java/JSON-java/src/main/java;;IN_ACCESS,IN_ISDIR
2026-10-04T14:27:23.065813Z;/home/runner/work/JSON-java/JSON-java/src/main;java;IN_ACCESS,IN_ISDIR
2026-10-04T14:27:23.066132Z;/home/runner/work/JSON-java/JSON-java/src/main/java;;IN_ACCESS,IN_ISDIR
2026-10-04T14:27:23.066407Z;/home/runner/work/JSON-java/JSON-java/src/main/java;org;IN_ACCESS,IN_ISDIR
2026-10-04T14:27:23.066683Z;/home/runner/work/JSON-java/JSON-java/src/main/java/org;;IN_ACCESS,IN_ISDIR
2026-10-04T14:27:23.066939Z;/home/runner/work/JSON-java/JSON-java/src/main/java;org;IN_ACCESS,IN_ISDIR
2026-10-04T14:27:23.067182Z;/home/runner/work/JSON-java/JSON-java/src/main/java/org;;IN_ACCESS,IN_ISDIR
2026-10-04T14:27:23.067452Z;/home/runner/work/JSON-java/JSON-java/src/main/java/org;json;IN_ACCESS,IN_ISDIR
2026-10-04T14:27:23.067729Z;/home/runner/work/JSON-java/JSON-java/src/main/java/org/json;;IN_ACCESS,IN_ISDIR
2026-10-04T14:27:23.067977Z;/home/runner/work/JSON-java/JSON-java/src/main/java/org;json;IN_ACCESS,IN_ISDIR
2026-10-04T14:27:23.068234Z;/home/runner/work/JSON-java/JSON-java/src/main/java/org/json;;IN_ACCESS,IN_ISDIR
2026-10-04T14:27:23.068503Z;/home/runner/work/JSON-java/JSON-java/src;test;IN_ACCESS,IN_ISDIR
2026-10-04T14:27:23.068786Z;/home/runner/work/JSON-java/JSON-java/src/test;;IN_ACCESS,IN_ISDIR
2026-10-04T14:27:23.069049Z;/home/runner/work/JSON-java/JSON-java/src;test;IN_ACCESS,IN_ISDIR
2026-10-04T14:27:23.069317Z;/home/runner/work/JSON-java/JSON-java/src/test;;IN_ACCESS,IN_ISDIR
2026-10-04T14:27:23.069587Z;/home/runner/work/JSON-java/JSON-java/src/test;java;IN_ACCESS,IN_ISDIR
2026-10-04T14:27:23.069850Z;/home/runner/work/JSON-java/JSON-java/src/test/java;;IN_ACCESS,IN_ISDIR
2026-10-04T14:27:23.070182Z;/home/runner/work/JSON-java/JSON-java/src/test;java;IN_ACCESS,IN_ISDIR
2026-10-04T14:27:23.070494Z;/home/runner/work/JSON-java/JSON-java/src/test/java;;IN_ACCESS,IN_ISDIR
2026-10-04T14:27:23.070762Z;/home/runner/work/JSON-java/JSON-java/src/test/java;org;IN_ACCESS,IN_ISDIR
2026-10-04T14:27:23.071008Z;/home/runner/work/JSON-java/JSON-java/src/test/java/org;;IN_ACCESS,IN_ISDIR
2026-10-04T14:27:23.071242Z;/home/runner/work/JSON-java/JSON-java/src/test/java;org;IN_ACCESS,IN_ISDIR
2026-10-04T14:27:23.071506Z;/home/runner/work/JSON-java/JSON-java/src/test/java/org;;IN_ACCESS,IN_ISDIR
2026-10-04T14:27:23.072226Z;/home/runner/work/JSON-java/JSON-java/src/test/java/org;json;IN_ACCESS,IN_ISDIR
2026-10-04T14:27:23.072655Z;/home/runner/work/JSON-java/JSON-java/src/test/java/org/json;;IN_ACCESS,IN_ISDIR
2026-10-04T14:27:23.073437Z;/home/runner/work/JSON-java/JSON-java/src/test/java/org;json;IN_ACCESS,IN_ISDIR
2026-10-04T14:27:23.073749Z;/home/runner/work/JSON-java/JSON-java/src/test/java/org/json;;IN_ACCESS,IN_ISDIR
2026-10-04T14:27:23.074058Z;/home/runner/work/JSON-java/JSON-java/src/test/java/org/json;junit;IN_ACCESS,IN_ISDIR
2026-10-04T14:27:23.074335Z;/home/runner/work/JSON-java/JSON-java/src/test/java/org/json/junit;;IN_ACCESS,IN_ISDIR
2026-10-04T14:27:23.074599Z;/home/runner/work/JSON-java/JSON-java/src/test/java/org/json;junit;IN_ACCESS,IN_ISDIR
2026-10-04T14:27:23.074862Z;/home/runner/work/JSON-java/JSON-java/src/test/java/org/json/junit;;IN_ACCESS,IN_ISDIR
2026-10-04T14:27:23.075103Z;/home/runner/work/JSON-java/JSON-java/src/test/java/org/json/junit;data;IN_ACCESS,IN_ISDIR
2026-10-04T14:27:23.075372Z;/home/runner/work/JSON-java/JSON-java/src/test/java/org/json/junit/data;;IN_ACCESS,IN_ISDIR
2026-10-04T14:27:23.075639Z;/home/runner/work/JSON-java/JSON-java/src/test/java/org/json/junit;data;IN_ACCESS,IN_ISDIR
2026-10-04T14:27:23.075862Z;/home/runner/work/JSON-java/JSON-java/src/test/java/org/json/junit/data;;IN_ACCESS,IN_ISDIR
2026-10-04T14:27:23.076065Z;/home/runner/work/JSON-java/JSON-java/src/test;resources;IN_ACCESS,IN_ISDIR
2026-10-04T14:27:23.076281Z;/home/runner/work/JSON-java/JSON-java/src/test/resources;;IN_ACCESS,IN_ISDIR
2026-10-04T14:27:23.076508Z;/home/runner/work/JSON-java/JSON-java/src/test;resources;IN_ACCESS,IN_ISDIR
2026-10-04T14:27:23.076748Z;/home/runner/work/JSON-java/JSON-java/src/test/resources;;IN_ACCESS,IN_ISDIR
2026-10-04T14:27:24.294323Z;/home/runner/work/JSON-java/JSON-java;;IN_ACCESS,IN_ISDIR
2026-10-04T14:27:24.313789Z;/home/runner/work/JSON-java/JSON-java;.git;IN_ACCESS,IN_ISDIR
2026-10-04T14:27:24.314164Z;/home/runner/work/JSON-java/JSON-java/.git;;IN_ACCESS,IN_ISDIR
2026-10-04T14:27:24.314430Z;/home/runner/work/JSON-java/JSON-java;.git;IN_ACCESS,IN_ISDIR
2026-10-04T14:27:24.315447Z;/home/runner/work/JSON-java/JSON-java/.git;;IN_ACCESS,IN_ISDIR
2026-10-04T14:27:24.315776Z;/home/runner/work/JSON-java/JSON-java/.git;hooks;IN_ACCESS,IN_ISDIR
2026-10-04T14:27:24.316024Z;/home/runner/work/JSON-java/JSON-java/.git/hooks;;IN_ACCESS,IN_ISDIR
2026-10-04T14:27:24.316353Z;/home/runner/work/JSON-java/JSON-java/.git;hooks;IN_ACCESS,IN_ISDIR
2026-10-04T14:27:24.316676Z;/home/runner/work/JSON-java/JSON-java/.git/hooks;;IN_ACCESS,IN_ISDIR
2026-10-04T14:27:24.316926Z;/home/runner/work/JSON-java/JSON-java/.git;info;IN_ACCESS,IN_ISDIR
2026-10-04T14:27:24.317144Z;/home/runner/work/JSON-java/JSON-java/.git/info;;IN_ACCESS,IN_ISDIR
2026-10-04T14:27:24.317354Z;/home/runner/work/JSON-java/JSON-java/.git;info;IN_ACCESS,IN_ISDIR
2026-10-04T14:27:24.317567Z;/home/runner/work/JSON-java/JSON-java/.git/info;;IN_ACCESS,IN_ISDIR
2026-10-04T14:27:24.317781Z;/home/runner/work/JSON-java/JSON-java/.git;logs;IN_ACCESS,IN_ISDIR
2026-10-04T14:27:24.317979Z;/home/runner/work/JSON-java/JSON-java/.git/logs;;IN_ACCESS,IN_ISDIR
2026-10-04T14:27:24.318186Z;/home/runner/work/JSON-java/JSON-java/.git;logs;IN_ACCESS,IN_ISDIR
2026-10-04T14:27:24.318371Z;/home/runner/work/JSON-java/JSON-java/.git/logs;;IN_ACCESS,IN_ISDIR
2026-10-04T14:27:24.318617Z;/home/runner/work/JSON-java/JSON-java/.git/logs;refs;IN_ACCESS,IN_ISDIR
2026-10-04T14:27:24.318871Z;/home/runner/work/JSON-java/JSON-java/.git/logs/refs;;IN_ACCESS,IN_ISDIR
2026-10-04T14:27:24.319072Z;/home/runner/work/JSON-java/JSON-java/.git/logs;refs;IN_ACCESS,IN_ISDIR
2026-10-04T14:27:24.319278Z;/home/runner/work/JSON-java/JSON-java/.git/logs/refs;;IN_ACCESS,IN_ISDIR
2026-10-04T14:27:24.319489Z;/home/runner/work/JSON-java/JSON-java/.git/logs/refs;heads;IN_ACCESS,IN_ISDIR
2026-10-04T14:27:24.319683Z;/home/runner/work/JSON-java/JSON-java/.git/logs/refs/heads;;IN_ACCESS,IN_ISDIR
2026-10-04T14:27:24.319886Z;/home/runner/work/JSON-java/JSON-java/.git/logs/refs;heads;IN_ACCESS,IN_ISDIR
2026-10-04T14:27:24.320159Z;/home/runner/work/JSON-java/JSON-java/.git/logs/refs/heads;;IN_ACCESS,IN_ISDIR
2026-10-04T14:27:24.320353Z;/home/runner/work/JSON-java/JSON-java/.git/logs/refs;remotes;IN_ACCESS,IN_ISDIR
2026-10-04T14:27:24.320555Z;/home/runner/work/JSON-java/JSON-java/.git/logs/refs/remotes;;IN_ACCESS,IN_ISDIR
2026-10-04T14:27:24.320784Z;/home/runner/work/JSON-java/JSON-java/.git/logs/refs;remotes;IN_ACCESS,IN_ISDIR
2026-10-04T14:27:24.320985Z;/home/runner/work/JSON-java/JSON-java/.git/logs/refs/remotes;;IN_ACCESS,IN_ISDIR
2026-10-04T14:27:24.321192Z;/home/runner/work/JSON-java/JSON-java/.git/logs/refs/remotes;origin;IN_ACCESS,IN_ISDIR
2026-10-04T14:27:24.321403Z;/home/runner/work/JSON-java/JSON-java/.git/logs/refs/remotes/origin;;IN_ACCESS,IN_ISDIR
2026-10-04T14:27:24.321602Z;/home/runner/work/JSON-java/JSON-java/.git/logs/refs/remotes;origin;IN_ACCESS,IN_ISDIR
2026-10-04T14:27:24.321806Z;/home/runner/work/JSON-java/JSON-java/.git/logs/refs/remotes/origin;;IN_ACCESS,IN_ISDIR
2026-10-04T14:27:24.322006Z;/home/runner/work/JSON-java/JSON-java/.git;objects;IN_ACCESS,IN_ISDIR
2026-10-04T14:27:24.322219Z;/home/runner/work/JSON-java/JSON-java/.git/objects;;IN_ACCESS,IN_ISDIR
2026-10-04T14:27:24.322410Z;/home/runner/work/JSON-java/JSON-java/.git;objects;IN_ACCESS,IN_ISDIR
2026-10-04T14:27:24.322604Z;/home/runner/work/JSON-java/JSON-java/.git/objects;;IN_ACCESS,IN_ISDIR
2026-10-04T14:27:24.322813Z;/home/runner/work/JSON-java/JSON-java/.git/objects;info;IN_ACCESS,IN_ISDIR
2026-10-04T14:27:24.323006Z;/home/runner/work/JSON-java/JSON-java/.git/objects/info;;IN_ACCESS,IN_ISDIR
2026-10-04T14:27:24.323212Z;/home/runner/work/JSON-java/JSON-java/.git/objects;info;IN_ACCESS,IN_ISDIR
2026-10-04T14:27:24.323420Z;/home/runner/work/JSON-java/JSON-java/.git/objects/info;;IN_ACCESS,IN_ISDIR
2026-10-04T14:27:24.323625Z;/home/runner/work/JSON-java/JSON-java/.git/objects;pack;IN_ACCESS,IN_ISDIR
2026-10-04T14:27:24.323816Z;/home/runner/work/JSON-java/JSON-java/.git/objects/pack;;IN_ACCESS,IN_ISDIR
2026-10-04T14:27:24.324091Z;/home/runner/work/JSON-java/JSON-java/.git/objects;pack;IN_ACCESS,IN_ISDIR
2026-10-04T14:27:24.324297Z;/home/runner/work/JSON-java/JSON-java/.git/objects/pack;;IN_ACCESS,IN_ISDIR
2026-10-04T14:27:24.324518Z;/home/runner/work/JSON-java/JSON-java/.git;refs;IN_ACCESS,IN_ISDIR
2026-10-04T14:27:24.324741Z;/home/runner/work/JSON-java/JSON-java/.git/refs;;IN_ACCESS,IN_ISDIR
2026-10-04T14:27:24.324952Z;/home/runner/work/JSON-java/JSON-java/.git;refs;IN_ACCESS,IN_ISDIR
2026-10-04T14:27:24.325154Z;/home/runner/work/JSON-java/JSON-java/.git/refs;;IN_ACCESS,IN_ISDIR
2026-10-04T14:27:24.325359Z;/home/runner/work/JSON-java/JSON-java/.git/refs;heads;IN_ACCESS,IN_ISDIR
2026-10-04T14:27:24.325564Z;/home/runner/work/JSON-java/JSON-java/.git/refs/heads;;IN_ACCESS,IN_ISDIR
2026-10-04T14:27:24.325764Z;/home/runner/work/JSON-java/JSON-java/.git/refs;heads;IN_ACCESS,IN_ISDIR
2026-10-04T14:27:24.325973Z;/home/runner/work/JSON-java/JSON-java/.git/refs/heads;;IN_ACCESS,IN_ISDIR
2026-10-04T14:27:24.326187Z;/home/runner/work/JSON-java/JSON-java/.git/refs;remotes;IN_ACCESS,IN_ISDIR
2026-10-04T14:27:24.326404Z;/home/runner/work/JSON-java/JSON-java/.git/refs/remotes;;IN_ACCESS,IN_ISDIR
2026-10-04T14:27:24.326616Z;/home/runner/work/JSON-java/JSON-java/.git/refs;remotes;IN_ACCESS,IN_ISDIR
2026-10-04T14:27:24.326822Z;/home/runner/work/JSON-java/JSON-java/.git/refs/remotes;;IN_ACCESS,IN_ISDIR
2026-10-04T14:27:24.327024Z;/home/runner/work/JSON-java/JSON-java/.git/refs/remotes;origin;IN_ACCESS,IN_ISDIR
2026-10-04T14:27:24.327224Z;/home/runner/work/JSON-java/JSON-java/.git/refs/remotes/origin;;IN_ACCESS,IN_ISDIR
2026-10-04T14:27:24.327429Z;/home/runner/work/JSON-java/JSON-java/.git/refs/remotes;origin;IN_ACCESS,IN_ISDIR
2026-10-04T14:27:24.327632Z;/home/runner/work/JSON-java/JSON-java/.git/refs/remotes/origin;;IN_ACCESS,IN_ISDIR
2026-10-04T14:27:24.327846Z;/home/runner/work/JSON-java/JSON-java/.git/refs;tags;IN_ACCESS,IN_ISDIR
2026-10-04T14:27:24.328051Z;/home/runner/work/JSON-java/JSON-java/.git/refs/tags;;IN_ACCESS,IN_ISDIR
2026-10-04T14:27:24.328258Z;/home/runner/work/JSON-java/JSON-java/.git/refs;tags;IN_ACCESS,IN_ISDIR
2026-10-04T14:27:24.328539Z;/home/runner/work/JSON-java/JSON-java/.git/refs/tags;;IN_ACCESS,IN_ISDIR
2026-10-04T14:27:24.328750Z;/home/runner/work/JSON-java/JSON-java;.github;IN_ACCESS,IN_ISDIR
2026-10-04T14:27:24.328959Z;/home/runner/work/JSON-java/JSON-java/.github;;IN_ACCESS,IN_ISDIR
2026-10-04T14:27:24.329159Z;/home/runner/work/JSON-java/JSON-java;.github;IN_ACCESS,IN_ISDIR
2026-10-04T14:27:24.329376Z;/home/runner/work/JSON-java/JSON-java/.github;;IN_ACCESS,IN_ISDIR
2026-10-04T14:27:24.329629Z;/home/runner/work/JSON-java/JSON-java/.github;workflows;IN_ACCESS,IN_ISDIR
2026-10-04T14:27:24.329845Z;/home/runner/work/JSON-java/JSON-java/.github/workflows;;IN_ACCESS,IN_ISDIR
2026-10-04T14:27:24.330057Z;/home/runner/work/JSON-java/JSON-java/.github;workflows;IN_ACCESS,IN_ISDIR
2026-10-04T14:27:24.330274Z;/home/runner/work/JSON-java/JSON-java/.github/workflows;;IN_ACCESS,IN_ISDIR
2026-10-04T14:27:24.330499Z;/home/runner/work/JSON-java/JSON-java;docs;IN_ACCESS,IN_ISDIR
2026-10-04T14:27:24.330871Z;/home/runner/work/JSON-java/JSON-java/docs;;IN_ACCESS,IN_ISDIR
2026-10-04T14:27:24.331093Z;/home/runner/work/JSON-java/JSON-java;docs;IN_ACCESS,IN_ISDIR
2026-10-04T14:27:24.331295Z;/home/runner/work/JSON-java/JSON-java/docs;;IN_ACCESS,IN_ISDIR
2026-10-04T14:27:24.331497Z;/home/runner/work/JSON-java/JSON-java;gradle;IN_ACCESS,IN_ISDIR
2026-10-04T14:27:24.331689Z;/home/runner/work/JSON-java/JSON-java/gradle;;IN_ACCESS,IN_ISDIR
2026-10-04T14:27:24.331908Z;/home/runner/work/JSON-java/JSON-java;gradle;IN_ACCESS,IN_ISDIR
2026-10-04T14:27:24.332140Z;/home/runner/work/JSON-java/JSON-java/gradle;;IN_ACCESS,IN_ISDIR
2026-10-04T14:27:24.332422Z;/home/runner/work/JSON-java/JSON-java/gradle;wrapper;IN_ACCESS,IN_ISDIR
2026-10-04T14:27:24.332700Z;/home/runner/work/JSON-java/JSON-java/gradle/wrapper;;IN_ACCESS,IN_ISDIR
2026-10-04T14:27:24.332968Z;/home/runner/work/JSON-java/JSON-java/gradle;wrapper;IN_ACCESS,IN_ISDIR
2026-10-04T14:27:24.333215Z;/home/runner/work/JSON-java/JSON-java/gradle/wrapper;;IN_ACCESS,IN_ISDIR
2026-10-04T14:27:24.333474Z;/home/runner/work/JSON-java/JSON-java;images;IN_ACCESS,IN_ISDIR
2026-10-04T14:27:24.333702Z;/home/runner/work/JSON-java/JSON-java/images;;IN_ACCESS,IN_ISDIR
2026-10-04T14:27:24.333904Z;/home/runner/work/JSON-java/JSON-java;images;IN_ACCESS,IN_ISDIR
2026-10-04T14:27:24.334105Z;/home/runner/work/JSON-java/JSON-java/images;;IN_ACCESS,IN_ISDIR
2026-10-04T14:27:24.334321Z;/home/runner/work/JSON-java/JSON-java;src;IN_ACCESS,IN_ISDIR
2026-10-04T14:27:24.334620Z;/home/runner/work/JSON-java/JSON-java/src;;IN_ACCESS,IN_ISDIR
2026-10-04T14:27:24.334836Z;/home/runner/work/JSON-java/JSON-java;src;IN_ACCESS,IN_ISDIR
2026-10-04T14:27:24.335062Z;/home/runner/work/JSON-java/JSON-java/src;;IN_ACCESS,IN_ISDIR
2026-10-04T14:27:24.335275Z;/home/runner/work/JSON-java/JSON-java/src;main;IN_ACCESS,IN_ISDIR
2026-10-04T14:27:24.335494Z;/home/runner/work/JSON-java/JSON-java/src/main;;IN_ACCESS,IN_ISDIR
2026-10-04T14:27:24.335711Z;/home/runner/work/JSON-java/JSON-java/src;main;IN_ACCESS,IN_ISDIR
2026-10-04T14:27:24.335930Z;/home/runner/work/JSON-java/JSON-java/src/main;;IN_ACCESS,IN_ISDIR
2026-10-04T14:27:24.336142Z;/home/runner/work/JSON-java/JSON-java/src/main;java;IN_ACCESS,IN_ISDIR
2026-10-04T14:27:24.336353Z;/home/runner/work/JSON-java/JSON-java/src/main/java;;IN_ACCESS,IN_ISDIR
2026-10-04T14:27:24.336559Z;/home/runner/work/JSON-java/JSON-java/src/main;java;IN_ACCESS,IN_ISDIR
2026-10-04T14:27:24.336778Z;/home/runner/work/JSON-java/JSON-java/src/main/java;;IN_ACCESS,IN_ISDIR
2026-10-04T14:27:24.336988Z;/home/runner/work/JSON-java/JSON-java/src/main/java;org;IN_ACCESS,IN_ISDIR
2026-10-04T14:27:24.337182Z;/home/runner/work/JSON-java/JSON-java/src/main/java/org;;IN_ACCESS,IN_ISDIR
2026-10-04T14:27:24.337389Z;/home/runner/work/JSON-java/JSON-java/src/main/java;org;IN_ACCESS,IN_ISDIR
2026-10-04T14:27:24.337590Z;/home/runner/work/JSON-java/JSON-java/src/main/java/org;;IN_ACCESS,IN_ISDIR
2026-10-04T14:27:24.337786Z;/home/runner/work/JSON-java/JSON-java/src/main/java/org;json;IN_ACCESS,IN_ISDIR
2026-10-04T14:27:24.338056Z;/home/runner/work/JSON-java/JSON-java/src/main/java/org/json;;IN_ACCESS,IN_ISDIR
2026-10-04T14:27:24.338252Z;/home/runner/work/JSON-java/JSON-java/src/main/java/org;json;IN_ACCESS,IN_ISDIR
2026-10-04T14:27:24.338445Z;/home/runner/work/JSON-java/JSON-java/src/main/java/org/json;;IN_ACCESS,IN_ISDIR
2026-10-04T14:27:24.338640Z;/home/runner/work/JSON-java/JSON-java/src;test;IN_ACCESS,IN_ISDIR
2026-10-04T14:27:24.338854Z;/home/runner/work/JSON-java/JSON-java/src/test;;IN_ACCESS,IN_ISDIR
2026-10-04T14:27:24.339060Z;/home/runner/work/JSON-java/JSON-java/src;test;IN_ACCESS,IN_ISDIR
2026-10-04T14:27:24.339259Z;/home/runner/work/JSON-java/JSON-java/src/test;;IN_ACCESS,IN_ISDIR
2026-10-04T14:27:24.339456Z;/home/runner/work/JSON-java/JSON-java/src/test;java;IN_ACCESS,IN_ISDIR
2026-10-04T14:27:24.339655Z;/home/runner/work/JSON-java/JSON-java/src/test/java;;IN_ACCESS,IN_ISDIR
2026-10-04T14:27:24.339859Z;/home/runner/work/JSON-java/JSON-java/src/test;java;IN_ACCESS,IN_ISDIR
2026-10-04T14:27:24.340100Z;/home/runner/work/JSON-java/JSON-java/src/test/java;;IN_ACCESS,IN_ISDIR
2026-10-04T14:27:24.340294Z;/home/runner/work/JSON-java/JSON-java/src/test/java;org;IN_ACCESS,IN_ISDIR
2026-10-04T14:27:24.340499Z;/home/runner/work/JSON-java/JSON-java/src/test/java/org;;IN_ACCESS,IN_ISDIR
2026-10-04T14:27:24.340699Z;/home/runner/work/JSON-java/JSON-java/src/test/java;org;IN_ACCESS,IN_ISDIR
2026-10-04T14:27:24.340904Z;/home/runner/work/JSON-java/JSON-java/src/test/java/org;;IN_ACCESS,IN_ISDIR
2026-10-04T14:27:24.341094Z;/home/runner/work/JSON-java/JSON-java/src/test/java/org;json;IN_ACCESS,IN_ISDIR
2026-10-04T14:27:24.341318Z;/home/runner/work/JSON-java/JSON-java/src/test/java/org/json;;IN_ACCESS,IN_ISDIR
2026-10-04T14:27:24.341525Z;/home/runner/work/JSON-java/JSON-java/src/test/java/org;json;IN_ACCESS,IN_ISDIR
2026-10-04T14:27:24.341723Z;/home/runner/work/JSON-java/JSON-java/src/test/java/org/json;;IN_ACCESS,IN_ISDIR
2026-10-04T14:27:24.341933Z;/home/runner/work/JSON-java/JSON-java/src/test/java/org/json;junit;IN_ACCESS,IN_ISDIR
2026-10-04T14:27:24.342133Z;/home/runner/work/JSON-java/JSON-java/src/test/java/org/json/junit;;IN_ACCESS,IN_ISDIR
2026-10-04T14:27:24.342360Z;/home/runner/work/JSON-java/JSON-java/src/test/java/org/json;junit;IN_ACCESS,IN_ISDIR
2026-10-04T14:27:24.342557Z;/home/runner/work/JSON-java/JSON-java/src/test/java/org/json/junit;;IN_ACCESS,IN_ISDIR
2026-10-04T14:27:24.342754Z;/home/runner/work/JSON-java/JSON-java/src/test/java/org/json/junit;data;IN_ACCESS,IN_ISDIR
2026-10-04T14:27:24.342954Z;/home/runner/work/JSON-java/JSON-java/src/test/java/org/json/junit/data;;IN_ACCESS,IN_ISDIR
2026-10-04T14:27:24.343147Z;/home/runner/work/JSON-java/JSON-java/src/test/java/org/json/junit;data;IN_ACCESS,IN_ISDIR
2026-10-04T14:27:24.343350Z;/home/runner/work/JSON-java/JSON-java/src/test/java/org/json/junit/data;;IN_ACCESS,IN_ISDIR
2026-10-04T14:27:24.343558Z;/home/runner/work/JSON-java/JSON-java/src/test;resources;IN_ACCESS,IN_ISDIR
2026-10-04T14:27:24.343750Z;/home/runner/work/JSON-java/JSON-java/src/test/resources;;IN_ACCESS,IN_ISDIR
2026-10-04T14:27:24.343952Z;/home/runner/work/JSON-java/JSON-java/src/test;resources;IN_ACCESS,IN_ISDIR
2026-10-04T14:27:24.344142Z;/home/runner/work/JSON-java/JSON-java/src/test/resources;;IN_ACCESS,IN_ISDIR
2026-10-04T14:27:24.344333Z;/home/runner/work/JSON-java/JSON-java;optcd-4.txt;IN_CREATE
2026-10-04T14:27:27.231427Z;/home/runner/work/JSON-java/JSON-java;pom.xml;IN_ACCESS
2026-10-04T14:27:27.232993Z;/home/runner/work/JSON-java/JSON-java;pom.xml;IN_ACCESS
2026-10-04T14:27:27.234757Z;/home/runner/work/JSON-java/JSON-java;pom.xml;IN_ACCESS
2026-10-04T14:27:28.123696Z;/home/runner/work/JSON-java/JSON-java;target;IN_CREATE,IN_ISDIR
2026-10-04T14:27:28.125647Z;/home/runner/work/JSON-java/JSON-java;target;IN_ACCESS,IN_ISDIR
2026-10-04T14:27:28.126654Z;/home/runner/work/JSON-java/JSON-java/src/main;java;IN_ACCESS,IN_ISDIR
2026-10-04T14:27:28.126958Z;/home/runner/work/JSON-java/JSON-java/src/main/java;;IN_ACCESS,IN_ISDIR
2026-10-04T14:27:28.127239Z;/home/runner/work/JSON-java/JSON-java/src/main;java;IN_ACCESS,IN_ISDIR
2026-10-04T14:27:28.128137Z;/home/runner/work/JSON-java/JSON-java/src/main/java;;IN_ACCESS,IN_ISDIR
2026-10-04T14:27:28.128404Z;/home/runner/work/JSON-java/JSON-java/src/main/java;org;IN_ACCESS,IN_ISDIR
2026-10-04T14:27:28.128700Z;/home/runner/work/JSON-java/JSON-java/src/main/java/org;;IN_ACCESS,IN_ISDIR
2026-10-04T14:27:28.128929Z;/home/runner/work/JSON-java/JSON-java/src/main/java;org;IN_ACCESS,IN_ISDIR
2026-10-04T14:27:28.129144Z;/home/runner/work/JSON-java/JSON-java/src/main/java/org;;IN_ACCESS,IN_ISDIR
2026-10-04T14:27:28.129407Z;/home/runner/work/JSON-java/JSON-java/src/main/java/org;json;IN_ACCESS,IN_ISDIR
2026-10-04T14:27:28.129650Z;/home/runner/work/JSON-java/JSON-java/src/main/java/org/json;;IN_ACCESS,IN_ISDIR
2026-10-04T14:27:28.129949Z;/home/runner/work/JSON-java/JSON-java/src/main/java/org;json;IN_ACCESS,IN_ISDIR
2026-10-04T14:27:28.130195Z;/home/runner/work/JSON-java/JSON-java/src/main/java/org/json;;IN_ACCESS,IN_ISDIR
2026-10-04T14:27:28.130635Z;/home/runner/work/JSON-java/JSON-java/target;maven-status;IN_CREATE,IN_ISDIR
2026-10-04T14:27:28.133701Z;/home/runner/work/JSON-java/JSON-java/target;maven-status;IN_ACCESS,IN_ISDIR
2026-10-04T14:27:28.134069Z;/home/runner/work/JSON-java/JSON-java/target/maven-status/maven-compiler-plugin/compile/default-compile;inputFiles.lst;IN_CREATE
2026-10-04T14:27:28.134940Z;/home/runner/work/JSON-java/JSON-java/src/main;java;IN_ACCESS,IN_ISDIR
2026-10-04T14:27:28.135219Z;/home/runner/work/JSON-java/JSON-java/src/main/java;;IN_ACCESS,IN_ISDIR
2026-10-04T14:27:28.135505Z;/home/runner/work/JSON-java/JSON-java/src/main;java;IN_ACCESS,IN_ISDIR
2026-10-04T14:27:28.135776Z;/home/runner/work/JSON-java/JSON-java/src/main/java;;IN_ACCESS,IN_ISDIR
2026-10-04T14:27:28.135998Z;/home/runner/work/JSON-java/JSON-java/src/main/java;org;IN_ACCESS,IN_ISDIR
2026-10-04T14:27:28.136202Z;/home/runner/work/JSON-java/JSON-java/src/main/java/org;;IN_ACCESS,IN_ISDIR
2026-10-04T14:27:28.136444Z;/home/runner/work/JSON-java/JSON-java/src/main/java;org;IN_ACCESS,IN_ISDIR
2026-10-04T14:27:28.136695Z;/home/runner/work/JSON-java/JSON-java/src/main/java/org;;IN_ACCESS,IN_ISDIR
2026-10-04T14:27:28.137020Z;/home/runner/work/JSON-java/JSON-java/src/main/java/org;json;IN_ACCESS,IN_ISDIR
2026-10-04T14:27:28.139335Z;/home/runner/work/JSON-java/JSON-java/src/main/java/org/json;;IN_ACCESS,IN_ISDIR
2026-10-04T14:27:28.139659Z;/home/runner/work/JSON-java/JSON-java/src/main/java/org;json;IN_ACCESS,IN_ISDIR
2026-10-04T14:27:28.140539Z;/home/runner/work/JSON-java/JSON-java/src/main/java/org/json;;IN_ACCESS,IN_ISDIR
2026-10-04T14:27:28.140815Z;/home/runner/work/JSON-java/JSON-java/target/generated-sources;annotations;IN_ACCESS,IN_ISDIR
2026-10-04T14:27:28.141050Z;/home/runner/work/JSON-java/JSON-java/target/generated-sources/annotations;;IN_ACCESS,IN_ISDIR
2026-10-04T14:27:28.141264Z;/home/runner/work/JSON-java/JSON-java/target/generated-sources;annotations;IN_ACCESS,IN_ISDIR
2026-10-04T14:27:28.141529Z;/home/runner/work/JSON-java/JSON-java/target/generated-sources/annotations;;IN_ACCESS,IN_ISDIR
2026-10-04T14:27:28.141877Z;/home/runner/work/JSON-java/JSON-java/target;classes;IN_CREATE,IN_ISDIR
2026-10-04T14:27:28.142162Z;/home/runner/work/JSON-java/JSON-java/target;classes;IN_ACCESS,IN_ISDIR
2026-10-04T14:27:28.311065Z;/home/runner/work/JSON-java/JSON-java/src/main/java/org/json;CDL.java;IN_ACCESS
2026-10-04T14:27:28.335954Z;/home/runner/work/JSON-java/JSON-java/src/main/java/org/json;JSONStringer.java;IN_ACCESS
2026-10-04T14:27:28.337058Z;/home/runner/work/JSON-java/JSON-java/src/main/java/org/json;CookieList.java;IN_ACCESS
2026-10-04T14:27:28.339564Z;/home/runner/work/JSON-java/JSON-java/src/main/java/org/json;Cookie.java;IN_ACCESS
2026-10-04T14:27:28.342013Z;/home/runner/work/JSON-java/JSON-java/src/main/java/org/json;StringBuilderWriter.java;IN_ACCESS
2026-10-04T14:27:28.343369Z;/home/runner/work/JSON-java/JSON-java/src/main/java/org/json;JSONPropertyName.java;IN_ACCESS
2026-10-04T14:27:28.343859Z;/home/runner/work/JSON-java/JSON-java/src/main/java/org/json;JSONML.java;IN_ACCESS
2026-10-04T14:27:28.354283Z;/home/runner/work/JSON-java/JSON-java/src/main/java/org/json;ParserConfiguration.java;IN_ACCESS
2026-10-04T14:27:28.356487Z;/home/runner/work/JSON-java/JSON-java/src/main/java/org/json;JSONObject.java;IN_ACCESS
2026-10-04T14:27:28.389869Z;/home/runner/work/JSON-java/JSON-java/src/main/java/org/json;XMLParserConfiguration.java;IN_ACCESS
2026-10-04T14:27:28.392352Z;/home/runner/work/JSON-java/JSON-java/src/main/java/org/json;JSONPropertyIgnore.java;IN_ACCESS
2026-10-04T14:27:28.393593Z;/home/runner/work/JSON-java/JSON-java/src/main/java/org/json;JSONPointer.java;IN_ACCESS
2026-10-04T14:27:28.394266Z;/home/runner/work/JSON-java/JSON-java/src/main/java/org/json;JSONString.java;IN_ACCESS
2026-10-04T14:27:28.394561Z;/home/runner/work/JSON-java/JSON-java/src/main/java/org/json;XMLTokener.java;IN_ACCESS
2026-10-04T14:27:28.397277Z;/home/runner/work/JSON-java/JSON-java/src/main/java/org/json;JSONTokener.java;IN_ACCESS
2026-10-04T14:27:28.401772Z;/home/runner/work/JSON-java/JSON-java/src/main/java/org/json;HTTP.java;IN_ACCESS
2026-10-04T14:27:28.402724Z;/home/runner/work/JSON-java/JSON-java/src/main/java/org/json;Property.java;IN_ACCESS
2026-10-04T14:27:28.403146Z;/home/runner/work/JSON-java/JSON-java/src/main/java/org/json;JSONParserConfiguration.java;IN_ACCESS
2026-10-04T14:27:28.403684Z;/home/runner/work/JSON-java/JSON-java/src/main/java/org/json;JSONMLParserConfiguration.java;IN_ACCESS
2026-10-04T14:27:28.404017Z;/home/runner/work/JSON-java/JSON-java/src/main/java/org/json;JSONWriter.java;IN_ACCESS
2026-10-04T14:27:28.405995Z;/home/runner/work/JSON-java/JSON-java/src/main/java/org/json;JSONArray.java;IN_ACCESS
2026-10-04T14:27:28.415058Z;/home/runner/work/JSON-java/JSON-java/src/main/java/org/json;XMLXsiTypeConverter.java;IN_ACCESS
2026-10-04T14:27:28.415529Z;/home/runner/work/JSON-java/JSON-java/src/main/java/org/json;XML.java;IN_ACCESS
2026-10-04T14:27:28.421667Z;/home/runner/work/JSON-java/JSON-java/src/main/java/org/json;JSONException.java;IN_ACCESS
2026-10-04T14:27:28.422115Z;/home/runner/work/JSON-java/JSON-java/src/main/java/org/json;JSONPointerException.java;IN_ACCESS
2026-10-04T14:27:28.422454Z;/home/runner/work/JSON-java/JSON-java/src/main/java/org/json;HTTPTokener.java;IN_ACCESS
2026-10-04T14:27:28.451612Z;/home/runner/work/JSON-java/JSON-java/src/main/java/org;json;IN_ACCESS,IN_ISDIR
2026-10-04T14:27:28.452041Z;/home/runner/work/JSON-java/JSON-java/src/main/java/org/json;;IN_ACCESS,IN_ISDIR
2026-10-04T14:27:28.453843Z;/home/runner/work/JSON-java/JSON-java/src/main/java/org;json;IN_ACCESS,IN_ISDIR
2026-10-04T14:27:28.454183Z;/home/runner/work/JSON-java/JSON-java/src/main/java/org/json;;IN_ACCESS,IN_ISDIR
2026-10-04T14:27:28.471987Z;/home/runner/work/JSON-java/JSON-java/src/main/java;org;IN_ACCESS,IN_ISDIR
2026-10-04T14:27:28.472664Z;/home/runner/work/JSON-java/JSON-java/src/main/java/org;;IN_ACCESS,IN_ISDIR
2026-10-04T14:27:28.473003Z;/home/runner/work/JSON-java/JSON-java/src/main/java;org;IN_ACCESS,IN_ISDIR
2026-10-04T14:27:28.473331Z;/home/runner/work/JSON-java/JSON-java/src/main/java/org;;IN_ACCESS,IN_ISDIR
2026-10-04T14:27:28.672670Z;/home/runner/work/JSON-java/JSON-java/target/classes;org;IN_CREATE,IN_ISDIR
2026-10-04T14:27:28.673157Z;/home/runner/work/JSON-java/JSON-java/target/classes;org;IN_ACCESS,IN_ISDIR
2026-10-04T14:27:28.711481Z;/home/runner/work/JSON-java/JSON-java/target/classes/org/json;JSONTokener.class;IN_CREATE
2026-10-04T14:27:28.715053Z;/home/runner/work/JSON-java/JSON-java/target/classes/org/json;JSONException.class;IN_CREATE
2026-10-04T14:27:28.803349Z;/home/runner/work/JSON-java/JSON-java/target/classes/org/json;JSONArray.class;IN_CREATE
2026-10-04T14:27:28.921606Z;/home/runner/work/JSON-java/JSON-java/target/classes/org/json;JSONObject$Null.class;IN_CREATE
2026-10-04T14:27:28.922429Z;/home/runner/work/JSON-java/JSON-java/target/classes/org/json;JSONObject$1.class;IN_CREATE
2026-10-04T14:27:28.937146Z;/home/runner/work/JSON-java/JSON-java/target/classes/org/json;JSONObject.class;IN_CREATE
2026-10-04T14:27:28.946990Z;/home/runner/work/JSON-java/JSON-java/target/classes/org/json;JSONParserConfiguration.class;IN_CREATE
2026-10-04T14:27:28.947858Z;/home/runner/work/JSON-java/JSON-java/target/classes/org/json;ParserConfiguration.class;IN_CREATE
2026-10-04T14:27:28.949137Z;/home/runner/work/JSON-java/JSON-java/target/classes/org/json;JSONPropertyName.class;IN_CREATE
2026-10-04T14:27:28.956995Z;/home/runner/work/JSON-java/JSON-java/target/classes/org/json;JSONPointer$Builder.class;IN_CREATE
2026-10-04T14:27:28.959703Z;/home/runner/work/JSON-java/JSON-java/target/classes/org/json;JSONPointer.class;IN_CREATE
2026-10-04T14:27:28.960078Z;/home/runner/work/JSON-java/JSON-java/target/classes/org/json;JSONPointerException.class;IN_CREATE
2026-10-04T14:27:28.966923Z;/home/runner/work/JSON-java/JSON-java/target/classes/org/json;JSONStringer.class;IN_CREATE
2026-10-04T14:27:28.968377Z;/home/runner/work/JSON-java/JSON-java/target/classes/org/json;JSONWriter.class;IN_CREATE
2026-10-04T14:27:28.972459Z;/home/runner/work/JSON-java/JSON-java/target/classes/org/json;CookieList.class;IN_CREATE
2026-10-04T14:27:28.980747Z;/home/runner/work/JSON-java/JSON-java/target/classes/org/json;Cookie.class;IN_CREATE
2026-10-04T14:27:28.985500Z;/home/runner/work/JSON-java/JSON-java/target/classes/org/json;StringBuilderWriter.class;IN_CREATE
2026-10-04T14:27:29.003208Z;/home/runner/work/JSON-java/JSON-java/target/classes/org/json;JSONML.class;IN_CREATE
2026-10-04T14:27:29.015475Z;/home/runner/work/JSON-java/JSON-java/target/classes/org/json;XMLTokener.class;IN_CREATE
2026-10-04T14:27:29.019503Z;/home/runner/work/JSON-java/JSON-java/target/classes/org/json;JSONMLParserConfiguration.class;IN_CREATE
2026-10-04T14:27:29.024705Z;/home/runner/work/JSON-java/JSON-java/target/classes/org/json;XMLParserConfiguration.class;IN_CREATE
2026-10-04T14:27:29.026024Z;/home/runner/work/JSON-java/JSON-java/target/classes/org/json;XMLXsiTypeConverter.class;IN_CREATE
2026-10-04T14:27:29.026413Z;/home/runner/work/JSON-java/JSON-java/target/classes/org/json;JSONPropertyIgnore.class;IN_CREATE
2026-10-04T14:27:29.026693Z;/home/runner/work/JSON-java/JSON-java/target/classes/org/json;JSONString.class;IN_CREATE
2026-10-04T14:27:29.033037Z;/home/runner/work/JSON-java/JSON-java/target/classes/org/json;HTTP.class;IN_CREATE
2026-10-04T14:27:29.035686Z;/home/runner/work/JSON-java/JSON-java/target/classes/org/json;Property.class;IN_CREATE
2026-10-04T14:27:29.062531Z;/home/runner/work/JSON-java/JSON-java/target/classes/org/json;XML$1$1.class;IN_CREATE
2026-10-04T14:27:29.062946Z;/home/runner/work/JSON-java/JSON-java/target/classes/org/json;XML$1.class;IN_CREATE
2026-10-04T14:27:29.064901Z;/home/runner/work/JSON-java/JSON-java/target/classes/org/json;XML.class;IN_CREATE
2026-10-04T14:27:29.067537Z;/home/runner/work/JSON-java/JSON-java/target/classes/org/json;HTTPTokener.class;IN_CREATE
2026-10-04T14:27:29.072779Z;/home/runner/work/JSON-java/JSON-java/target;classes;IN_ACCESS,IN_ISDIR
2026-10-04T14:27:29.073406Z;/home/runner/work/JSON-java/JSON-java/target/classes;;IN_ACCESS,IN_ISDIR
2026-10-04T14:27:29.073761Z;/home/runner/work/JSON-java/JSON-java/target;classes;IN_ACCESS,IN_ISDIR
2026-10-04T14:27:29.074041Z;/home/runner/work/JSON-java/JSON-java/target/classes;;IN_ACCESS,IN_ISDIR
2026-10-04T14:27:29.074316Z;/home/runner/work/JSON-java/JSON-java/target/classes;org;IN_ACCESS,IN_ISDIR
2026-10-04T14:27:29.074556Z;/home/runner/work/JSON-java/JSON-java/target/classes/org;;IN_ACCESS,IN_ISDIR
2026-10-04T14:27:29.074783Z;/home/runner/work/JSON-java/JSON-java/target/classes;org;IN_ACCESS,IN_ISDIR
2026-10-04T14:27:29.075013Z;/home/runner/work/JSON-java/JSON-java/target/classes/org;;IN_ACCESS,IN_ISDIR
2026-10-04T14:27:29.075798Z;/home/runner/work/JSON-java/JSON-java/target/classes/org;json;IN_ACCESS,IN_ISDIR
2026-10-04T14:27:29.076035Z;/home/runner/work/JSON-java/JSON-java/target/classes/org/json;;IN_ACCESS,IN_ISDIR
2026-10-04T14:27:29.076295Z;/home/runner/work/JSON-java/JSON-java/target/classes/org;json;IN_ACCESS,IN_ISDIR
2026-10-04T14:27:29.076525Z;/home/runner/work/JSON-java/JSON-java/target/classes/org/json;;IN_ACCESS,IN_ISDIR
2026-10-04T14:27:29.076750Z;/home/runner/work/JSON-java/JSON-java/target/maven-status/maven-compiler-plugin/compile/default-compile;createdFiles.lst;IN_CREATE
2026-10-04T14:27:29.116439Z;/home/runner/work/JSON-java/JSON-java;optcd-5.txt;IN_CREATE
2026-10-04T14:27:29.970176Z;/home/runner/work/JSON-java/JSON-java;pom.xml;IN_ACCESS
2026-10-04T14:27:29.972252Z;/home/runner/work/JSON-java/JSON-java;pom.xml;IN_ACCESS
2026-10-04T14:27:29.974020Z;/home/runner/work/JSON-java/JSON-java;pom.xml;IN_ACCESS
2026-10-04T14:27:30.766854Z;/home/runner/work/JSON-java/JSON-java/src/main;java;IN_ACCESS,IN_ISDIR
2026-10-04T14:27:30.768699Z;/home/runner/work/JSON-java/JSON-java/src/main/java;;IN_ACCESS,IN_ISDIR
2026-10-04T14:27:30.769017Z;/home/runner/work/JSON-java/JSON-java/src/main;java;IN_ACCESS,IN_ISDIR
2026-10-04T14:27:30.769277Z;/home/runner/work/JSON-java/JSON-java/src/main/java;;IN_ACCESS,IN_ISDIR
2026-10-04T14:27:30.771567Z;/home/runner/work/JSON-java/JSON-java/src/main/java;org;IN_ACCESS,IN_ISDIR
2026-10-04T14:27:30.774615Z;/home/runner/work/JSON-java/JSON-java/src/main/java/org;;IN_ACCESS,IN_ISDIR
2026-10-04T14:27:30.777634Z;/home/runner/work/JSON-java/JSON-java/src/main/java;org;IN_ACCESS,IN_ISDIR
2026-10-04T14:27:30.777939Z;/home/runner/work/JSON-java/JSON-java/src/main/java/org;;IN_ACCESS,IN_ISDIR
2026-10-04T14:27:30.778162Z;/home/runner/work/JSON-java/JSON-java/src/main/java/org;json;IN_ACCESS,IN_ISDIR
2026-10-04T14:27:30.778406Z;/home/runner/work/JSON-java/JSON-java/src/main/java/org/json;;IN_ACCESS,IN_ISDIR
2026-10-04T14:27:30.778601Z;/home/runner/work/JSON-java/JSON-java/src/main/java/org;json;IN_ACCESS,IN_ISDIR
2026-10-04T14:27:30.778839Z;/home/runner/work/JSON-java/JSON-java/src/main/java/org/json;;IN_ACCESS,IN_ISDIR
2026-10-04T14:27:30.779075Z;/home/runner/work/JSON-java/JSON-java/target/maven-status/maven-compiler-plugin/compile/default-compile;inputFiles.lst;IN_ACCESS
2026-10-04T14:27:30.779291Z;/home/runner/work/JSON-java/JSON-java/src/main;java;IN_ACCESS,IN_ISDIR
2026-10-04T14:27:30.779505Z;/home/runner/work/JSON-java/JSON-java/src/main/java;;IN_ACCESS,IN_ISDIR
2026-10-04T14:27:30.779722Z;/home/runner/work/JSON-java/JSON-java/src/main;java;IN_ACCESS,IN_ISDIR
2026-10-04T14:27:30.779930Z;/home/runner/work/JSON-java/JSON-java/src/main/java;;IN_ACCESS,IN_ISDIR
2026-10-04T14:27:30.780131Z;/home/runner/work/JSON-java/JSON-java/src/main/java;org;IN_ACCESS,IN_ISDIR
2026-10-04T14:27:30.780328Z;/home/runner/work/JSON-java/JSON-java/src/main/java/org;;IN_ACCESS,IN_ISDIR
2026-10-04T14:27:30.780543Z;/home/runner/work/JSON-java/JSON-java/src/main/java;org;IN_ACCESS,IN_ISDIR
2026-10-04T14:27:30.780759Z;/home/runner/work/JSON-java/JSON-java/src/main/java/org;;IN_ACCESS,IN_ISDIR
2026-10-04T14:27:30.780965Z;/home/runner/work/JSON-java/JSON-java/src/main/java/org;json;IN_ACCESS,IN_ISDIR
2026-10-04T14:27:30.781177Z;/home/runner/work/JSON-java/JSON-java/src/main/java/org/json;;IN_ACCESS,IN_ISDIR
2026-10-04T14:27:30.781403Z;/home/runner/work/JSON-java/JSON-java/src/main/java/org;json;IN_ACCESS,IN_ISDIR
2026-10-04T14:27:30.781609Z;/home/runner/work/JSON-java/JSON-java/src/main/java/org/json;;IN_ACCESS,IN_ISDIR
2026-10-04T14:27:30.781826Z;/home/runner/work/JSON-java/JSON-java/target/generated-sources;annotations;IN_ACCESS,IN_ISDIR
2026-10-04T14:27:30.782046Z;/home/runner/work/JSON-java/JSON-java/target/generated-sources/annotations;;IN_ACCESS,IN_ISDIR
2026-10-04T14:27:30.782260Z;/home/runner/work/JSON-java/JSON-java/target/generated-sources;annotations;IN_ACCESS,IN_ISDIR
2026-10-04T14:27:30.782483Z;/home/runner/work/JSON-java/JSON-java/target/generated-sources/annotations;;IN_ACCESS,IN_ISDIR
2026-10-04T14:27:30.782964Z;/home/runner/work/JSON-java/JSON-java/target;test-classes;IN_CREATE,IN_ISDIR
2026-10-04T14:27:30.783182Z;/home/runner/work/JSON-java/JSON-java/src/test;resources;IN_ACCESS,IN_ISDIR
2026-10-04T14:27:30.784103Z;/home/runner/work/JSON-java/JSON-java/src/test/resources;;IN_ACCESS,IN_ISDIR
2026-10-04T14:27:30.784355Z;/home/runner/work/JSON-java/JSON-java/src/test;resources;IN_ACCESS,IN_ISDIR
2026-10-04T14:27:30.786151Z;/home/runner/work/JSON-java/JSON-java/src/test/resources;;IN_ACCESS,IN_ISDIR
2026-10-04T14:27:30.786511Z;/home/runner/work/JSON-java/JSON-java/src/test/resources;Issue537.json;IN_ACCESS
2026-10-04T14:27:30.786720Z;/home/runner/work/JSON-java/JSON-java/target;test-classes;IN_ACCESS,IN_ISDIR
2026-10-04T14:27:30.786940Z;/home/runner/work/JSON-java/JSON-java/target/test-classes;Issue537.xml;IN_CREATE
2026-10-04T14:27:30.787149Z;/home/runner/work/JSON-java/JSON-java/src/test/resources;Issue537.xml;IN_ACCESS
2026-10-04T14:27:30.787351Z;/home/runner/work/JSON-java/JSON-java/target/test-classes;Issue593.json;IN_CREATE
2026-10-04T14:27:30.787551Z;/home/runner/work/JSON-java/JSON-java/src/test/resources;Issue593.json;IN_ACCESS
2026-10-04T14:27:30.787745Z;/home/runner/work/JSON-java/JSON-java/target/test-classes;compliantJsonObject.json;IN_CREATE
2026-10-04T14:27:30.787937Z;/home/runner/work/JSON-java/JSON-java/src/test/resources;compliantJsonObject.json;IN_ACCESS
2026-10-04T14:27:30.793468Z;/home/runner/work/JSON-java/JSON-java/target/test-classes;jsonpointer-testdoc.json;IN_CREATE
2026-10-04T14:27:30.793817Z;/home/runner/work/JSON-java/JSON-java/src/test/resources;jsonpointer-testdoc.json;IN_ACCESS
2026-10-04T14:27:30.794028Z;/home/runner/work/JSON-java/JSON-java/target/test-classes;Issue654WellFormedObject.json;IN_CREATE
2026-10-04T14:27:30.794237Z;/home/runner/work/JSON-java/JSON-java/src/test/resources;Issue654WellFormedObject.json;IN_ACCESS
2026-10-04T14:27:30.794456Z;/home/runner/work/JSON-java/JSON-java/target/test-classes;Issue593.xml;IN_CREATE
2026-10-04T14:27:30.794709Z;/home/runner/work/JSON-java/JSON-java/src/test/resources;Issue593.xml;IN_ACCESS
2026-10-04T14:27:30.794900Z;/home/runner/work/JSON-java/JSON-java/target/test-classes;compliantJsonArray.json;IN_CREATE
2026-10-04T14:27:30.795100Z;/home/runner/work/JSON-java/JSON-java/src/test/resources;compliantJsonArray.json;IN_ACCESS
2026-10-04T14:27:30.795295Z;/home/runner/work/JSON-java/JSON-java/target/test-classes;Issue654WellFormedArray.json;IN_CREATE
2026-10-04T14:27:30.795496Z;/home/runner/work/JSON-java/JSON-java/src/test/resources;Issue654WellFormedArray.json;IN_ACCESS
2026-10-04T14:27:30.796574Z;/home/runner/work/JSON-java/JSON-java/target;generated-test-sources;IN_CREATE,IN_ISDIR
2026-10-04T14:27:30.796814Z;/home/runner/work/JSON-java/JSON-java/src/test;java;IN_ACCESS,IN_ISDIR
2026-10-04T14:27:30.800516Z;/home/runner/work/JSON-java/JSON-java/src/test/java;;IN_ACCESS,IN_ISDIR
2026-10-04T14:27:30.800784Z;/home/runner/work/JSON-java/JSON-java/src/test;java;IN_ACCESS,IN_ISDIR
2026-10-04T14:27:30.801013Z;/home/runner/work/JSON-java/JSON-java/src/test/java;;IN_ACCESS,IN_ISDIR
2026-10-04T14:27:30.801428Z;/home/runner/work/JSON-java/JSON-java/src/test/java;org;IN_ACCESS,IN_ISDIR
2026-10-04T14:27:30.801662Z;/home/runner/work/JSON-java/JSON-java/src/test/java/org;;IN_ACCESS,IN_ISDIR
2026-10-04T14:27:30.801876Z;/home/runner/work/JSON-java/JSON-java/src/test/java;org;IN_ACCESS,IN_ISDIR
2026-10-04T14:27:30.802086Z;/home/runner/work/JSON-java/JSON-java/src/test/java/org;;IN_ACCESS,IN_ISDIR
2026-10-04T14:27:30.802300Z;/home/runner/work/JSON-java/JSON-java/src/test/java/org;json;IN_ACCESS,IN_ISDIR
2026-10-04T14:27:30.802698Z;/home/runner/work/JSON-java/JSON-java/src/test/java/org/json;;IN_ACCESS,IN_ISDIR
2026-10-04T14:27:30.802900Z;/home/runner/work/JSON-java/JSON-java/src/test/java/org;json;IN_ACCESS,IN_ISDIR
2026-10-04T14:27:30.803089Z;/home/runner/work/JSON-java/JSON-java/src/test/java/org/json;;IN_ACCESS,IN_ISDIR
2026-10-04T14:27:30.803290Z;/home/runner/work/JSON-java/JSON-java/src/test/java/org/json;junit;IN_ACCESS,IN_ISDIR
2026-10-04T14:27:30.803504Z;/home/runner/work/JSON-java/JSON-java/src/test/java/org/json/junit;;IN_ACCESS,IN_ISDIR
2026-10-04T14:27:30.803706Z;/home/runner/work/JSON-java/JSON-java/src/test/java/org/json;junit;IN_ACCESS,IN_ISDIR
2026-10-04T14:27:30.803898Z;/home/runner/work/JSON-java/JSON-java/src/test/java/org/json/junit;;IN_ACCESS,IN_ISDIR
2026-10-04T14:27:30.804098Z;/home/runner/work/JSON-java/JSON-java/src/test/java/org/json/junit;data;IN_ACCESS,IN_ISDIR
2026-10-04T14:27:30.804293Z;/home/runner/work/JSON-java/JSON-java/src/test/java/org/json/junit/data;;IN_ACCESS,IN_ISDIR
2026-10-04T14:27:30.804582Z;/home/runner/work/JSON-java/JSON-java/src/test/java/org/json/junit;data;IN_ACCESS,IN_ISDIR
2026-10-04T14:27:30.804790Z;/home/runner/work/JSON-java/JSON-java/src/test/java/org/json/junit/data;;IN_ACCESS,IN_ISDIR
2026-10-04T14:27:30.805127Z;/home/runner/work/JSON-java/JSON-java/target/maven-status/maven-compiler-plugin;testCompile;IN_CREATE,IN_ISDIR
2026-10-04T14:27:30.805369Z;/home/runner/work/JSON-java/JSON-java/target;classes;IN_ACCESS,IN_ISDIR
2026-10-04T14:27:30.805610Z;/home/runner/work/JSON-java/JSON-java/target/classes;;IN_ACCESS,IN_ISDIR
2026-10-04T14:27:30.805830Z;/home/runner/work/JSON-java/JSON-java/target;classes;IN_ACCESS,IN_ISDIR
2026-10-04T14:27:30.806061Z;/home/runner/work/JSON-java/JSON-java/target/classes;;IN_ACCESS,IN_ISDIR
2026-10-04T14:27:30.806287Z;/home/runner/work/JSON-java/JSON-java/target/classes;org;IN_ACCESS,IN_ISDIR
2026-10-04T14:27:30.806520Z;/home/runner/work/JSON-java/JSON-java/target/classes/org;;IN_ACCESS,IN_ISDIR
2026-10-04T14:27:30.806748Z;/home/runner/work/JSON-java/JSON-java/target/classes;org;IN_ACCESS,IN_ISDIR
2026-10-04T14:27:30.806967Z;/home/runner/work/JSON-java/JSON-java/target/classes/org;;IN_ACCESS,IN_ISDIR
2026-10-04T14:27:30.807182Z;/home/runner/work/JSON-java/JSON-java/target/classes/org;json;IN_ACCESS,IN_ISDIR
2026-10-04T14:27:30.807422Z;/home/runner/work/JSON-java/JSON-java/target/classes/org/json;;IN_ACCESS,IN_ISDIR
2026-10-04T14:27:30.807636Z;/home/runner/work/JSON-java/JSON-java/target/classes/org;json;IN_ACCESS,IN_ISDIR
2026-10-04T14:27:30.807861Z;/home/runner/work/JSON-java/JSON-java/target/classes/org/json;;IN_ACCESS,IN_ISDIR
2026-10-04T14:27:30.808071Z;/home/runner/work/JSON-java/JSON-java/src/test;java;IN_ACCESS,IN_ISDIR
2026-10-04T14:27:30.808278Z;/home/runner/work/JSON-java/JSON-java/src/test/java;;IN_ACCESS,IN_ISDIR
2026-10-04T14:27:30.808509Z;/home/runner/work/JSON-java/JSON-java/src/test;java;IN_ACCESS,IN_ISDIR
2026-10-04T14:27:30.808718Z;/home/runner/work/JSON-java/JSON-java/src/test/java;;IN_ACCESS,IN_ISDIR
2026-10-04T14:27:30.808929Z;/home/runner/work/JSON-java/JSON-java/src/test/java;org;IN_ACCESS,IN_ISDIR
2026-10-04T14:27:30.809127Z;/home/runner/work/JSON-java/JSON-java/src/test/java/org;;IN_ACCESS,IN_ISDIR
2026-10-04T14:27:30.809344Z;/home/runner/work/JSON-java/JSON-java/src/test/java;org;IN_ACCESS,IN_ISDIR
2026-10-04T14:27:30.809591Z;/home/runner/work/JSON-java/JSON-java/src/test/java/org;;IN_ACCESS,IN_ISDIR
2026-10-04T14:27:30.809804Z;/home/runner/work/JSON-java/JSON-java/src/test/java/org;json;IN_ACCESS,IN_ISDIR
2026-10-04T14:27:30.810021Z;/home/runner/work/JSON-java/JSON-java/src/test/java/org/json;;IN_ACCESS,IN_ISDIR
2026-10-04T14:27:30.810908Z;/home/runner/work/JSON-java/JSON-java/src/test/java/org;json;IN_ACCESS,IN_ISDIR
2026-10-04T14:27:30.811144Z;/home/runner/work/JSON-java/JSON-java/src/test/java/org/json;;IN_ACCESS,IN_ISDIR
2026-10-04T14:27:30.811344Z;/home/runner/work/JSON-java/JSON-java/src/test/java/org/json;junit;IN_ACCESS,IN_ISDIR
2026-10-04T14:27:30.811556Z;/home/runner/work/JSON-java/JSON-java/src/test/java/org/json/junit;;IN_ACCESS,IN_ISDIR
2026-10-04T14:27:30.811764Z;/home/runner/work/JSON-java/JSON-java/src/test/java/org/json;junit;IN_ACCESS,IN_ISDIR
2026-10-04T14:27:30.814429Z;/home/runner/work/JSON-java/JSON-java/src/test/java/org/json/junit;;IN_ACCESS,IN_ISDIR
2026-10-04T14:27:30.814783Z;/home/runner/work/JSON-java/JSON-java/src/test/java/org/json/junit;data;IN_ACCESS,IN_ISDIR
2026-10-04T14:27:30.815039Z;/home/runner/work/JSON-java/JSON-java/src/test/java/org/json/junit/data;;IN_ACCESS,IN_ISDIR
2026-10-04T14:27:30.815271Z;/home/runner/work/JSON-java/JSON-java/src/test/java/org/json/junit;data;IN_ACCESS,IN_ISDIR
2026-10-04T14:27:30.815513Z;/home/runner/work/JSON-java/JSON-java/src/test/java/org/json/junit/data;;IN_ACCESS,IN_ISDIR
2026-10-04T14:27:30.815750Z;/home/runner/work/JSON-java/JSON-java/target;test-classes;IN_ACCESS,IN_ISDIR
2026-10-04T14:27:30.815980Z;/home/runner/work/JSON-java/JSON-java/target/test-classes;;IN_ACCESS,IN_ISDIR
2026-10-04T14:27:30.816316Z;/home/runner/work/JSON-java/JSON-java/target;test-classes;IN_ACCESS,IN_ISDIR
2026-10-04T14:27:30.816541Z;/home/runner/work/JSON-java/JSON-java/target/test-classes;;IN_ACCESS,IN_ISDIR
2026-10-04T14:27:30.816775Z;/home/runner/work/JSON-java/JSON-java/target;generated-test-sources;IN_ACCESS,IN_ISDIR
2026-10-04T14:27:30.816990Z;/home/runner/work/JSON-java/JSON-java/target/maven-status/maven-compiler-plugin;testCompile;IN_ACCESS,IN_ISDIR
2026-10-04T14:27:30.955038Z;/home/runner/work/JSON-java/JSON-java/src/test/java/org/json/junit/data;MyBeanCustomNameInterface.java;IN_ACCESS
2026-10-04T14:27:30.961554Z;/home/runner/work/JSON-java/JSON-java/src/test/java/org/json/junit;JSONObjectRecordTest.java;IN_ACCESS
2026-10-04T14:27:30.969757Z;/home/runner/work/JSON-java/JSON-java/src/test/java/org/json/junit;Util.java;IN_ACCESS
2026-10-04T14:27:30.975151Z;/home/runner/work/JSON-java/JSON-java/src/test/java/org/json/junit/data;MyBigNumberBean.java;IN_ACCESS
2026-10-04T14:27:30.976942Z;/home/runner/work/JSON-java/JSON-java/src/test/java/org/json/junit/data;CustomClassE.java;IN_ACCESS
2026-10-04T14:27:30.977490Z;/home/runner/work/JSON-java/JSON-java/src/test/java/org/json/junit/data;MyBeanCustomNameSubClass.java;IN_ACCESS
2026-10-04T14:27:30.978227Z;/home/runner/work/JSON-java/JSON-java/src/test/java/org/json/junit/data;MyNumberContainer.java;IN_ACCESS
2026-10-04T14:27:30.978519Z;/home/runner/work/JSON-java/JSON-java/src/test/java/org/json/junit;JSONStringerTest.java;IN_ACCESS
2026-10-04T14:27:30.991899Z;/home/runner/work/JSON-java/JSON-java/src/test/java/org/json/junit;HTTPTest.java;IN_ACCESS
2026-10-04T14:27:30.996273Z;/home/runner/work/JSON-java/JSON-java/src/test/java/org/json/junit;StringBuilderWriterTest.java;IN_ACCESS
2026-10-04T14:27:30.997163Z;/home/runner/work/JSON-java/JSON-java/src/test/java/org/json/junit;XMLTokenerTest.java;IN_ACCESS
2026-10-04T14:27:30.998175Z;/home/runner/work/JSON-java/JSON-java/src/test/java/org/json/junit;JSONTokenerTest.java;IN_ACCESS
2026-10-04T14:27:31.002975Z;/home/runner/work/JSON-java/JSON-java/src/test/java/org/json/junit;JSONObjectNumberTest.java;IN_ACCESS
2026-10-04T14:27:31.004588Z;/home/runner/work/JSON-java/JSON-java/src/test/java/org/json/junit/data;CustomClassA.java;IN_ACCESS
2026-10-04T14:27:31.004908Z;/home/runner/work/JSON-java/JSON-java/src/test/java/org/json/junit/data;CustomClassD.java;IN_ACCESS
2026-10-04T14:27:31.005214Z;/home/runner/work/JSON-java/JSON-java/src/test/java/org/json/junit/data;GenericBeanInt.java;IN_ACCESS
2026-10-04T14:27:31.005782Z;/home/runner/work/JSON-java/JSON-java/src/test/java/org/json/junit;CookieListTest.java;IN_ACCESS
2026-10-04T14:27:31.007858Z;/home/runner/work/JSON-java/JSON-java/src/test/java/org/json/junit;HTTPTokenerTest.java;IN_ACCESS
2026-10-04T14:27:31.009099Z;/home/runner/work/JSON-java/JSON-java/src/test/java/org/json/junit/data;MyBean.java;IN_ACCESS
2026-10-04T14:27:31.009404Z;/home/runner/work/JSON-java/JSON-java/src/test/java/org/json/junit/data;CustomClassI.java;IN_ACCESS
2026-10-04T14:27:31.009703Z;/home/runner/work/JSON-java/JSON-java/src/test/java/org/json/junit/data;CustomClassF.java;IN_ACCESS
2026-10-04T14:27:31.010404Z;/home/runner/work/JSON-java/JSON-java/src/test/java/org/json/junit/data;SingletonEnum.java;IN_ACCESS
2026-10-04T14:27:31.010942Z;/home/runner/work/JSON-java/JSON-java/src/test/java/org/json/junit/data;CustomClass.java;IN_ACCESS
2026-10-04T14:27:31.011360Z;/home/runner/work/JSON-java/JSON-java/src/test/java/org/json/junit/data;MyBeanCustomName.java;IN_ACCESS
2026-10-04T14:27:31.011980Z;/home/runner/work/JSON-java/JSON-java/src/test/java/org/json/junit;XMLConfigurationTest.java;IN_ACCESS
2026-10-04T14:27:31.021673Z;/home/runner/work/JSON-java/JSON-java/src/test/java/org/json/junit;JSONMLTest.java;IN_ACCESS
2026-10-04T14:27:31.027480Z;/home/runner/work/JSON-java/JSON-java/src/test/java/org/json/junit;JSONParserConfigurationTest.java;IN_ACCESS
2026-10-04T14:27:31.032589Z;/home/runner/work/JSON-java/JSON-java/src/test/java/org/json/junit/data;ExceptionalBean.java;IN_ACCESS
2026-10-04T14:27:31.033295Z;/home/runner/work/JSON-java/JSON-java/src/test/java/org/json/junit/data;MyEnumField.java;IN_ACCESS
2026-10-04T14:27:31.033687Z;/home/runner/work/JSON-java/JSON-java/src/test/java/org/json/junit;CookieTest.java;IN_ACCESS
2026-10-04T14:27:31.034919Z;/home/runner/work/JSON-java/JSON-java/src/test/java/org/json/junit/data;MyPublicClass.java;IN_ACCESS
2026-10-04T14:27:31.035223Z;/home/runner/work/JSON-java/JSON-java/src/test/java/org/json/junit/data;GenericBean.java;IN_ACCESS
2026-10-04T14:27:31.036656Z;/home/runner/work/JSON-java/JSON-java/src/test/java/org/json/junit/data;CustomClassH.java;IN_ACCESS
2026-10-04T14:27:31.036925Z;/home/runner/work/JSON-java/JSON-java/src/test/java/org/json/junit;CDLTest.java;IN_ACCESS
2026-10-04T14:27:31.038418Z;/home/runner/work/JSON-java/JSON-java/src/test/java/org/json/junit/data;RecursiveBean.java;IN_ACCESS
2026-10-04T14:27:31.038833Z;/home/runner/work/JSON-java/JSON-java/src/test/java/org/json/junit/data;CustomClassC.java;IN_ACCESS
2026-10-04T14:27:31.039188Z;/home/runner/work/JSON-java/JSON-java/src/test/java/org/json/junit/data;PersonRecord.java;IN_ACCESS
2026-10-04T14:27:31.039501Z;/home/runner/work/JSON-java/JSON-java/src/test/java/org/json/junit/data;MyNumber.java;IN_ACCESS
2026-10-04T14:27:31.040149Z;/home/runner/work/JSON-java/JSON-java/src/test/java/org/json/junit/data;MyLocaleBean.java;IN_ACCESS
2026-10-04T14:27:31.040374Z;/home/runner/work/JSON-java/JSON-java/src/test/java/org/json/junit/data;StringsResourceBundle.java;IN_ACCESS
2026-10-04T14:27:31.040668Z;/home/runner/work/JSON-java/JSON-java/src/test/java/org/json/junit;EnumTest.java;IN_ACCESS
2026-10-04T14:27:31.043844Z;/home/runner/work/JSON-java/JSON-java/src/test/java/org/json/junit/data;Fraction.java;IN_ACCESS
2026-10-04T14:27:31.044871Z;/home/runner/work/JSON-java/JSON-java/src/test/java/org/json/junit;JSONPointerTest.java;IN_ACCESS
2026-10-04T14:27:31.047487Z;/home/runner/work/JSON-java/JSON-java/src/test/java/org/json/junit;JSONObjectTest.java;IN_ACCESS
2026-10-04T14:27:31.076883Z;/home/runner/work/JSON-java/JSON-java/src/test/java/org/json/junit/data;CustomClassG.java;IN_ACCESS
2026-10-04T14:27:31.077579Z;/home/runner/work/JSON-java/JSON-java/src/test/java/org/json/junit/data;MyEnum.java;IN_ACCESS
2026-10-04T14:27:31.079441Z;/home/runner/work/JSON-java/JSON-java/src/test/java/org/json/junit/data;BrokenToString.java;IN_ACCESS
2026-10-04T14:27:31.079703Z;/home/runner/work/JSON-java/JSON-java/src/test/java/org/json/junit;JSONStringTest.java;IN_ACCESS
2026-10-04T14:27:31.079967Z;/home/runner/work/JSON-java/JSON-java/src/test/java/org/json/junit/data;CustomClassJ.java;IN_ACCESS
2026-10-04T14:27:31.080194Z;/home/runner/work/JSON-java/JSON-java/src/test/java/org/json/junit;JSONObjectLocaleTest.java;IN_ACCESS
2026-10-04T14:27:31.081273Z;/home/runner/work/JSON-java/JSON-java/src/test/java/org/json/junit/data;Singleton.java;IN_ACCESS
2026-10-04T14:27:31.081960Z;/home/runner/work/JSON-java/JSON-java/src/test/java/org/json/junit/data;WeirdList.java;IN_ACCESS
2026-10-04T14:27:31.082460Z;/home/runner/work/JSON-java/JSON-java/src/test/java/org/json/junit/data;RecursiveBeanEquals.java;IN_ACCESS
2026-10-04T14:27:31.082770Z;/home/runner/work/JSON-java/JSON-java/src/test/java/org/json/junit;XMLTest.java;IN_ACCESS
2026-10-04T14:27:31.091354Z;/home/runner/work/JSON-java/JSON-java/src/test/java/org/json/junit/data;MyEnumClass.java;IN_ACCESS
2026-10-04T14:27:31.091958Z;/home/runner/work/JSON-java/JSON-java/src/test/java/org/json/junit;PropertyTest.java;IN_ACCESS
2026-10-04T14:27:31.092624Z;/home/runner/work/JSON-java/JSON-java/src/test/java/org/json/junit/data;MyJsonString.java;IN_ACCESS
2026-10-04T14:27:31.092908Z;/home/runner/work/JSON-java/JSON-java/src/test/java/org/json/junit/data;CustomClassB.java;IN_ACCESS
2026-10-04T14:27:31.093198Z;/home/runner/work/JSON-java/JSON-java/src/test/java/org/json/junit;JSONArrayTest.java;IN_ACCESS
2026-10-04T14:27:31.164210Z;/home/runner/work/JSON-java/JSON-java/src/test/java/org/json/junit;data;IN_ACCESS,IN_ISDIR
2026-10-04T14:27:31.164634Z;/home/runner/work/JSON-java/JSON-java/src/test/java/org/json/junit/data;;IN_ACCESS,IN_ISDIR
2026-10-04T14:27:31.167603Z;/home/runner/work/JSON-java/JSON-java/src/test/java/org/json/junit;data;IN_ACCESS,IN_ISDIR
2026-10-04T14:27:31.167862Z;/home/runner/work/JSON-java/JSON-java/src/test/java/org/json/junit/data;;IN_ACCESS,IN_ISDIR
2026-10-04T14:27:31.169606Z;/home/runner/work/JSON-java/JSON-java/src/test/java/org/json;junit;IN_ACCESS,IN_ISDIR
2026-10-04T14:27:31.169918Z;/home/runner/work/JSON-java/JSON-java/src/test/java/org/json/junit;;IN_ACCESS,IN_ISDIR
2026-10-04T14:27:31.170173Z;/home/runner/work/JSON-java/JSON-java/src/test/java/org/json;junit;IN_ACCESS,IN_ISDIR
2026-10-04T14:27:31.170415Z;/home/runner/work/JSON-java/JSON-java/src/test/java/org/json/junit;;IN_ACCESS,IN_ISDIR
2026-10-04T14:27:31.187877Z;/home/runner/work/JSON-java/JSON-java/target/classes/org;json;IN_ACCESS,IN_ISDIR
2026-10-04T14:27:31.188501Z;/home/runner/work/JSON-java/JSON-java/target/classes/org/json;;IN_ACCESS,IN_ISDIR
2026-10-04T14:27:31.188768Z;/home/runner/work/JSON-java/JSON-java/target/classes/org;json;IN_ACCESS,IN_ISDIR
2026-10-04T14:27:31.189003Z;/home/runner/work/JSON-java/JSON-java/target/classes/org/json;;IN_ACCESS,IN_ISDIR
2026-10-04T14:27:31.189522Z;/home/runner/work/JSON-java/JSON-java/src/test/java/org;json;IN_ACCESS,IN_ISDIR
2026-10-04T14:27:31.189787Z;/home/runner/work/JSON-java/JSON-java/src/test/java/org/json;;IN_ACCESS,IN_ISDIR
2026-10-04T14:27:31.190003Z;/home/runner/work/JSON-java/JSON-java/src/test/java/org;json;IN_ACCESS,IN_ISDIR
2026-10-04T14:27:31.190213Z;/home/runner/work/JSON-java/JSON-java/src/test/java/org/json;;IN_ACCESS,IN_ISDIR
2026-10-04T14:27:31.190522Z;/home/runner/work/JSON-java/JSON-java/target/classes;org;IN_ACCESS,IN_ISDIR
2026-10-04T14:27:31.190783Z;/home/runner/work/JSON-java/JSON-java/target/classes/org;;IN_ACCESS,IN_ISDIR
2026-10-04T14:27:31.190991Z;/home/runner/work/JSON-java/JSON-java/target/classes;org;IN_ACCESS,IN_ISDIR
2026-10-04T14:27:31.191205Z;/home/runner/work/JSON-java/JSON-java/target/classes/org;;IN_ACCESS,IN_ISDIR
2026-10-04T14:27:31.191591Z;/home/runner/work/JSON-java/JSON-java/src/test/java;org;IN_ACCESS,IN_ISDIR
2026-10-04T14:27:31.191824Z;/home/runner/work/JSON-java/JSON-java/src/test/java/org;;IN_ACCESS,IN_ISDIR
2026-10-04T14:27:31.192059Z;/home/runner/work/JSON-java/JSON-java/src/test/java;org;IN_ACCESS,IN_ISDIR
2026-10-04T14:27:31.192287Z;/home/runner/work/JSON-java/JSON-java/src/test/java/org;;IN_ACCESS,IN_ISDIR
2026-10-04T14:27:31.193615Z;/home/runner/work/JSON-java/JSON-java/target/classes/org/json;JSONPropertyIgnore.class;IN_ACCESS
2026-10-04T14:27:31.196645Z;/home/runner/work/JSON-java/JSON-java/target/classes/org/json;JSONPropertyName.class;IN_ACCESS
2026-10-04T14:27:31.214051Z;/home/runner/work/JSON-java/JSON-java/target/classes/org/json;JSONObject.class;IN_ACCESS
2026-10-04T14:27:31.231127Z;/home/runner/work/JSON-java/JSON-java/target/classes/org/json;JSONArray.class;IN_ACCESS
2026-10-04T14:27:31.259585Z;/home/runner/work/JSON-java/JSON-java/target/classes/org/json;StringBuilderWriter.class;IN_ACCESS
2026-10-04T14:27:31.261136Z;/home/runner/work/JSON-java/JSON-java/target/classes/org/json;XMLTokener.class;IN_ACCESS
2026-10-04T14:27:31.278006Z;/home/runner/work/JSON-java/JSON-java/target/classes/org/json;JSONException.class;IN_ACCESS
2026-10-04T14:27:31.287068Z;/home/runner/work/JSON-java/JSON-java/target/classes/org/json;HTTPTokener.class;IN_ACCESS
2026-10-04T14:27:31.295212Z;/home/runner/work/JSON-java/JSON-java/target/classes/org/json;XML.class;IN_ACCESS
2026-10-04T14:27:31.295622Z;/home/runner/work/JSON-java/JSON-java/target/classes/org/json;XMLParserConfiguration.class;IN_ACCESS
2026-10-04T14:27:31.297789Z;/home/runner/work/JSON-java/JSON-java/target/classes/org/json;JSONParserConfiguration.class;IN_ACCESS
2026-10-04T14:27:31.298094Z;/home/runner/work/JSON-java/JSON-java/target/classes/org/json;JSONTokener.class;IN_ACCESS
2026-10-04T14:27:31.317668Z;/home/runner/work/JSON-java/JSON-java/target/classes/org/json;CDL.class;IN_ACCESS
2026-10-04T14:27:31.322424Z;/home/runner/work/JSON-java/JSON-java/target/classes/org/json;JSONPointer.class;IN_ACCESS
2026-10-04T14:27:31.322944Z;/home/runner/work/JSON-java/JSON-java/target/classes/org/json;JSONPointerException.class;IN_ACCESS
2026-10-04T14:27:31.330263Z;/home/runner/work/JSON-java/JSON-java/target/classes/org/json;JSONString.class;IN_ACCESS
2026-10-04T14:27:31.330734Z;/home/runner/work/JSON-java/JSON-java/target/classes/org/json;ParserConfiguration.class;IN_ACCESS
2026-10-04T14:27:31.392889Z;/home/runner/work/JSON-java/JSON-java/target/test-classes;org;IN_CREATE,IN_ISDIR
2026-10-04T14:27:31.395720Z;/home/runner/work/JSON-java/JSON-java/target/test-classes;org;IN_ACCESS,IN_ISDIR
2026-10-04T14:27:31.396164Z;/home/runner/work/JSON-java/JSON-java/target/test-classes/org;json;IN_CREATE,IN_ISDIR
2026-10-04T14:27:31.396442Z;/home/runner/work/JSON-java/JSON-java/target/test-classes/org;json;IN_ACCESS,IN_ISDIR
2026-10-04T14:27:31.428539Z;/home/runner/work/JSON-java/JSON-java/target/test-classes/org/json/junit;JSONObjectRecordTest.class;IN_CREATE
2026-10-04T14:27:31.455139Z;/home/runner/work/JSON-java/JSON-java/target/test-classes/org/json/junit;Util.class;IN_CREATE
2026-10-04T14:27:31.457197Z;/home/runner/work/JSON-java/JSON-java/target/test-classes/org/json/junit/data;MyBigNumberBean.class;IN_CREATE
2026-10-04T14:27:31.460585Z;/home/runner/work/JSON-java/JSON-java/target/test-classes/org/json/junit/data;CustomClassE.class;IN_CREATE
2026-10-04T14:27:31.465674Z;/home/runner/work/JSON-java/JSON-java/target/test-classes/org/json/junit/data;CustomClassC.class;IN_CREATE
2026-10-04T14:27:31.469265Z;/home/runner/work/JSON-java/JSON-java/target/test-classes/org/json/junit/data;MyBeanCustomNameSubClass.class;IN_CREATE
2026-10-04T14:27:31.470270Z;/home/runner/work/JSON-java/JSON-java/target/test-classes/org/json/junit/data;MyBeanCustomName.class;IN_CREATE
2026-10-04T14:27:31.474038Z;/home/runner/work/JSON-java/JSON-java/target/test-classes/org/json/junit/data;MyNumberContainer.class;IN_CREATE
2026-10-04T14:27:31.476629Z;/home/runner/work/JSON-java/JSON-java/target/test-classes/org/json/junit/data;MyNumber.class;IN_CREATE
2026-10-04T14:27:31.477583Z;/home/runner/work/JSON-java/JSON-java/target/classes/org/json;JSONStringer.class;IN_ACCESS
2026-10-04T14:27:31.477883Z;/home/runner/work/JSON-java/JSON-java/target/classes/org/json;JSONWriter.class;IN_ACCESS
2026-10-04T14:27:31.559536Z;/home/runner/work/JSON-java/JSON-java/target/test-classes/org/json/junit;JSONStringerTest.class;IN_CREATE
2026-10-04T14:27:31.560008Z;/home/runner/work/JSON-java/JSON-java/target/classes/org/json;HTTP.class;IN_ACCESS
2026-10-04T14:27:31.565671Z;/home/runner/work/JSON-java/JSON-java/target/test-classes/org/json/junit;HTTPTest.class;IN_CREATE
2026-10-04T14:27:31.570566Z;/home/runner/work/JSON-java/JSON-java/target/test-classes/org/json/junit;StringBuilderWriterTest.class;IN_CREATE
2026-10-04T14:27:31.574830Z;/home/runner/work/JSON-java/JSON-java/target/test-classes/org/json/junit;XMLTokenerTest.class;IN_CREATE
2026-10-04T14:27:31.604972Z;/home/runner/work/JSON-java/JSON-java/target/test-classes/org/json/junit;JSONTokenerTest.class;IN_CREATE
2026-10-04T14:27:31.619544Z;/home/runner/work/JSON-java/JSON-java/target/test-classes/org/json/junit;JSONObjectNumberTest.class;IN_CREATE
2026-10-04T14:27:31.621835Z;/home/runner/work/JSON-java/JSON-java/target/test-classes/org/json/junit/data;CustomClassA.class;IN_CREATE
2026-10-04T14:27:31.623314Z;/home/runner/work/JSON-java/JSON-java/target/test-classes/org/json/junit/data;CustomClassD.class;IN_CREATE
2026-10-04T14:27:31.629800Z;/home/runner/work/JSON-java/JSON-java/target/test-classes/org/json/junit/data;GenericBeanInt.class;IN_CREATE
2026-10-04T14:27:31.631639Z;/home/runner/work/JSON-java/JSON-java/target/test-classes/org/json/junit/data;GenericBean.class;IN_CREATE
2026-10-04T14:27:31.632052Z;/home/runner/work/JSON-java/JSON-java/target/test-classes/org/json/junit/data;MyBean.class;IN_CREATE
2026-10-04T14:27:31.632766Z;/home/runner/work/JSON-java/JSON-java/target/classes/org/json;CookieList.class;IN_ACCESS
2026-10-04T14:27:31.646605Z;/home/runner/work/JSON-java/JSON-java/target/test-classes/org/json/junit;CookieListTest.class;IN_CREATE
2026-10-04T14:27:31.688128Z;/home/runner/work/JSON-java/JSON-java/target/test-classes/org/json/junit;HTTPTokenerTest.class;IN_CREATE
2026-10-04T14:27:31.690693Z;/home/runner/work/JSON-java/JSON-java/target/test-classes/org/json/junit/data;CustomClassI.class;IN_CREATE
2026-10-04T14:27:31.692415Z;/home/runner/work/JSON-java/JSON-java/target/test-classes/org/json/junit/data;CustomClassF.class;IN_CREATE
2026-10-04T14:27:31.697803Z;/home/runner/work/JSON-java/JSON-java/target/test-classes/org/json/junit/data;SingletonEnum.class;IN_CREATE
2026-10-04T14:27:31.700670Z;/home/runner/work/JSON-java/JSON-java/target/test-classes/org/json/junit/data;CustomClass.class;IN_CREATE
2026-10-04T14:27:31.750120Z;/home/runner/work/JSON-java/JSON-java/target/test-classes/org/json/junit;XMLConfigurationTest.class;IN_CREATE
2026-10-04T14:27:31.752317Z;/home/runner/work/JSON-java/JSON-java/target/classes/org/json;JSONML.class;IN_ACCESS
2026-10-04T14:27:31.756629Z;/home/runner/work/JSON-java/JSON-java/target/classes/org/json;JSONMLParserConfiguration.class;IN_ACCESS
2026-10-04T14:27:31.767888Z;/home/runner/work/JSON-java/JSON-java/target/test-classes/org/json/junit;JSONMLTest.class;IN_CREATE
2026-10-04T14:27:31.830704Z;/home/runner/work/JSON-java/JSON-java/target/test-classes/org/json/junit;JSONParserConfigurationTest.class;IN_CREATE
2026-10-04T14:27:31.834631Z;/home/runner/work/JSON-java/JSON-java/target/test-classes/org/json/junit/data;ExceptionalBean$MyCloseable.class;IN_CREATE
2026-10-04T14:27:31.835337Z;/home/runner/work/JSON-java/JSON-java/target/test-classes/org/json/junit/data;ExceptionalBean.class;IN_CREATE
2026-10-04T14:27:31.838422Z;/home/runner/work/JSON-java/JSON-java/target/test-classes/org/json/junit/data;MyEnumField.class;IN_CREATE
2026-10-04T14:27:31.839186Z;/home/runner/work/JSON-java/JSON-java/target/classes/org/json;Cookie.class;IN_ACCESS
2026-10-04T14:27:31.843105Z;/home/runner/work/JSON-java/JSON-java/target/test-classes/org/json/junit;CookieTest.class;IN_CREATE
2026-10-04T14:27:31.844474Z;/home/runner/work/JSON-java/JSON-java/target/test-classes/org/json/junit/data;MyPublicClass.class;IN_CREATE
2026-10-04T14:27:31.850438Z;/home/runner/work/JSON-java/JSON-java/target/test-classes/org/json/junit/data;CustomClassH.class;IN_CREATE
2026-10-04T14:27:31.858041Z;/home/runner/work/JSON-java/JSON-java/target/test-classes/org/json/junit;CDLTest.class;IN_CREATE
2026-10-04T14:27:31.859414Z;/home/runner/work/JSON-java/JSON-java/target/test-classes/org/json/junit/data;RecursiveBean.class;IN_CREATE
2026-10-04T14:27:31.860280Z;/home/runner/work/JSON-java/JSON-java/target/test-classes/org/json/junit/data;PersonRecord.class;IN_CREATE
2026-10-04T14:27:31.862651Z;/home/runner/work/JSON-java/JSON-java/target/test-classes/org/json/junit/data;MyLocaleBean.class;IN_CREATE
2026-10-04T14:27:31.862992Z;/home/runner/work/JSON-java/JSON-java/target/test-classes/org/json/junit/data;StringsResourceBundle.class;IN_CREATE
2026-10-04T14:27:31.903549Z;/home/runner/work/JSON-java/JSON-java/target/test-classes/org/json/junit;EnumTest.class;IN_CREATE
2026-10-04T14:27:31.964337Z;/home/runner/work/JSON-java/JSON-java/target/test-classes/org/json/junit/data;Fraction.class;IN_CREATE
2026-10-04T14:27:31.969358Z;/home/runner/work/JSON-java/JSON-java/target/classes/org/json;JSONPointer$Builder.class;IN_ACCESS
2026-10-04T14:27:31.983218Z;/home/runner/work/JSON-java/JSON-java/target/test-classes/org/json/junit;JSONPointerTest.class;IN_CREATE
2026-10-04T14:27:32.206510Z;/home/runner/work/JSON-java/JSON-java/target/test-classes/org/json/junit;JSONObjectTest$1.class;IN_CREATE
2026-10-04T14:27:32.206913Z;/home/runner/work/JSON-java/JSON-java/target/test-classes/org/json/junit;JSONObjectTest$2.class;IN_CREATE
2026-10-04T14:27:32.227199Z;/home/runner/work/JSON-java/JSON-java/target/test-classes/org/json/junit;JSONObjectTest.class;IN_CREATE
2026-10-04T14:27:32.233428Z;/home/runner/work/JSON-java/JSON-java/target/test-classes/org/json/junit/data;CustomClassG.class;IN_CREATE
2026-10-04T14:27:32.236115Z;/home/runner/work/JSON-java/JSON-java/target/test-classes/org/json/junit/data;MyEnum.class;IN_CREATE
2026-10-04T14:27:32.237439Z;/home/runner/work/JSON-java/JSON-java/target/test-classes/org/json/junit/data;BrokenToString.class;IN_CREATE
2026-10-04T14:27:32.247254Z;/home/runner/work/JSON-java/JSON-java/target/test-classes/org/json/junit;JSONStringTest$MyEnum.class;IN_CREATE
2026-10-04T14:27:32.247713Z;/home/runner/work/JSON-java/JSON-java/target/test-classes/org/json/junit;JSONStringTest$JSONStringValue.class;IN_CREATE
2026-10-04T14:27:32.248638Z;/home/runner/work/JSON-java/JSON-java/target/test-classes/org/json/junit;JSONStringTest$JSONNullStringValue.class;IN_CREATE
2026-10-04T14:27:32.248957Z;/home/runner/work/JSON-java/JSON-java/target/test-classes/org/json/junit;JSONStringTest$JSONStringExceptionValue.class;IN_CREATE
2026-10-04T14:27:32.249715Z;/home/runner/work/JSON-java/JSON-java/target/test-classes/org/json/junit;JSONStringTest$StringValue.class;IN_CREATE
2026-10-04T14:27:32.250042Z;/home/runner/work/JSON-java/JSON-java/target/test-classes/org/json/junit;JSONStringTest$NullStringValue.class;IN_CREATE
2026-10-04T14:27:32.250638Z;/home/runner/work/JSON-java/JSON-java/target/test-classes/org/json/junit;JSONStringTest$1.class;IN_CREATE
2026-10-04T14:27:32.250917Z;/home/runner/work/JSON-java/JSON-java/target/test-classes/org/json/junit;JSONStringTest.class;IN_CREATE
2026-10-04T14:27:32.251169Z;/home/runner/work/JSON-java/JSON-java/target/test-classes/org/json/junit/data;CustomClassJ.class;IN_CREATE
2026-10-04T14:27:32.252833Z;/home/runner/work/JSON-java/JSON-java/target/test-classes/org/json/junit;JSONObjectLocaleTest.class;IN_CREATE
2026-10-04T14:27:32.254716Z;/home/runner/work/JSON-java/JSON-java/target/test-classes/org/json/junit/data;Singleton.class;IN_CREATE
2026-10-04T14:27:32.257444Z;/home/runner/work/JSON-java/JSON-java/target/test-classes/org/json/junit/data;WeirdList.class;IN_CREATE
2026-10-04T14:27:32.257778Z;/home/runner/work/JSON-java/JSON-java/target/test-classes/org/json/junit/data;RecursiveBeanEquals.class;IN_CREATE
2026-10-04T14:27:32.266994Z;/home/runner/work/JSON-java/JSON-java/target/classes/org/json;XMLXsiTypeConverter.class;IN_ACCESS
2026-10-04T14:27:32.278837Z;/home/runner/work/JSON-java/JSON-java/target/test-classes/org/json/junit;XMLTest$1.class;IN_CREATE
2026-10-04T14:27:32.279463Z;/home/runner/work/JSON-java/JSON-java/target/test-classes/org/json/junit;XMLTest$2.class;IN_CREATE
2026-10-04T14:27:32.279830Z;/home/runner/work/JSON-java/JSON-java/target/test-classes/org/json/junit;XMLTest$3.class;IN_CREATE
2026-10-04T14:27:32.280183Z;/home/runner/work/JSON-java/JSON-java/target/test-classes/org/json/junit;XMLTest$4.class;IN_CREATE
2026-10-04T14:27:32.280564Z;/home/runner/work/JSON-java/JSON-java/target/test-classes/org/json/junit;XMLTest$5.class;IN_CREATE
2026-10-04T14:27:32.280865Z;/home/runner/work/JSON-java/JSON-java/target/test-classes/org/json/junit;XMLTest$6.class;IN_CREATE
2026-10-04T14:27:32.281133Z;/home/runner/work/JSON-java/JSON-java/target/test-classes/org/json/junit;XMLTest$7.class;IN_CREATE
2026-10-04T14:27:32.283969Z;/home/runner/work/JSON-java/JSON-java/target/test-classes/org/json/junit;XMLTest.class;IN_CREATE
2026-10-04T14:27:32.285604Z;/home/runner/work/JSON-java/JSON-java/target/test-classes/org/json/junit/data;MyEnumClass.class;IN_CREATE
2026-10-04T14:27:32.286339Z;/home/runner/work/JSON-java/JSON-java/target/classes/org/json;Property.class;IN_ACCESS
2026-10-04T14:27:32.290463Z;/home/runner/work/JSON-java/JSON-java/target/test-classes/org/json/junit;PropertyTest.class;IN_CREATE
2026-10-04T14:27:32.290749Z;/home/runner/work/JSON-java/JSON-java/target/test-classes/org/json/junit/data;MyJsonString.class;IN_CREATE
2026-10-04T14:27:32.290956Z;/home/runner/work/JSON-java/JSON-java/target/test-classes/org/json/junit/data;CustomClassB.class;IN_CREATE
2026-10-04T14:27:32.354790Z;/home/runner/work/JSON-java/JSON-java/target/test-classes/org/json/junit;JSONArrayTest$1.class;IN_CREATE
2026-10-04T14:27:32.361963Z;/home/runner/work/JSON-java/JSON-java/target/test-classes/org/json/junit;JSONArrayTest.class;IN_CREATE
2026-10-04T14:27:32.368918Z;/home/runner/work/JSON-java/JSON-java/target;test-classes;IN_ACCESS,IN_ISDIR
2026-10-04T14:27:32.369319Z;/home/runner/work/JSON-java/JSON-java/target/test-classes;;IN_ACCESS,IN_ISDIR
2026-10-04T14:27:32.369600Z;/home/runner/work/JSON-java/JSON-java/target;test-classes;IN_ACCESS,IN_ISDIR
2026-10-04T14:27:32.369840Z;/home/runner/work/JSON-java/JSON-java/target/test-classes;;IN_ACCESS,IN_ISDIR
2026-10-04T14:27:32.370053Z;/home/runner/work/JSON-java/JSON-java/target/test-classes;org;IN_ACCESS,IN_ISDIR
2026-10-04T14:27:32.370285Z;/home/runner/work/JSON-java/JSON-java/target/test-classes/org;;IN_ACCESS,IN_ISDIR
2026-10-04T14:27:32.370525Z;/home/runner/work/JSON-java/JSON-java/target/test-classes;org;IN_ACCESS,IN_ISDIR
2026-10-04T14:27:32.370820Z;/home/runner/work/JSON-java/JSON-java/target/test-classes/org;;IN_ACCESS,IN_ISDIR
2026-10-04T14:27:32.371027Z;/home/runner/work/JSON-java/JSON-java/target/test-classes/org;json;IN_ACCESS,IN_ISDIR
2026-10-04T14:27:32.371220Z;/home/runner/work/JSON-java/JSON-java/target/test-classes/org/json;;IN_ACCESS,IN_ISDIR
2026-10-04T14:27:32.371471Z;/home/runner/work/JSON-java/JSON-java/target/test-classes/org;json;IN_ACCESS,IN_ISDIR
2026-10-04T14:27:32.371728Z;/home/runner/work/JSON-java/JSON-java/target/test-classes/org/json;;IN_ACCESS,IN_ISDIR
2026-10-04T14:27:32.371967Z;/home/runner/work/JSON-java/JSON-java/target/test-classes/org/json;junit;IN_ACCESS,IN_ISDIR
2026-10-04T14:27:32.372166Z;/home/runner/work/JSON-java/JSON-java/target/test-classes/org/json/junit;;IN_ACCESS,IN_ISDIR
2026-10-04T14:27:32.372400Z;/home/runner/work/JSON-java/JSON-java/target/test-classes/org/json;junit;IN_ACCESS,IN_ISDIR
2026-10-04T14:27:32.372650Z;/home/runner/work/JSON-java/JSON-java/target/test-classes/org/json/junit;;IN_ACCESS,IN_ISDIR
2026-10-04T14:27:32.373061Z;/home/runner/work/JSON-java/JSON-java/target/test-classes/org/json/junit;data;IN_ACCESS,IN_ISDIR
2026-10-04T14:27:32.373293Z;/home/runner/work/JSON-java/JSON-java/target/test-classes/org/json/junit/data;;IN_ACCESS,IN_ISDIR
2026-10-04T14:27:32.373537Z;/home/runner/work/JSON-java/JSON-java/target/test-classes/org/json/junit;data;IN_ACCESS,IN_ISDIR
2026-10-04T14:27:32.373781Z;/home/runner/work/JSON-java/JSON-java/target/test-classes/org/json/junit/data;;IN_ACCESS,IN_ISDIR
2026-10-04T14:27:32.374000Z;/home/runner/work/JSON-java/JSON-java/target/maven-status/maven-compiler-plugin/testCompile/default-testCompile;createdFiles.lst;IN_CREATE
2026-10-04T14:27:32.477531Z;/home/runner/work/JSON-java/JSON-java/target;test-classes;IN_ACCESS,IN_ISDIR
2026-10-04T14:27:32.478012Z;/home/runner/work/JSON-java/JSON-java/target/test-classes;;IN_ACCESS,IN_ISDIR
2026-10-04T14:27:32.478297Z;/home/runner/work/JSON-java/JSON-java/target;test-classes;IN_ACCESS,IN_ISDIR
2026-10-04T14:27:32.478940Z;/home/runner/work/JSON-java/JSON-java/target/test-classes;;IN_ACCESS,IN_ISDIR
2026-10-04T14:27:32.479201Z;/home/runner/work/JSON-java/JSON-java/target/test-classes;org;IN_ACCESS,IN_ISDIR
2026-10-04T14:27:32.481107Z;/home/runner/work/JSON-java/JSON-java/target/test-classes/org;;IN_ACCESS,IN_ISDIR
2026-10-04T14:27:32.481378Z;/home/runner/work/JSON-java/JSON-java/target/test-classes;org;IN_ACCESS,IN_ISDIR
2026-10-04T14:27:32.481631Z;/home/runner/work/JSON-java/JSON-java/target/test-classes/org;;IN_ACCESS,IN_ISDIR
2026-10-04T14:27:32.481867Z;/home/runner/work/JSON-java/JSON-java/target/test-classes/org;json;IN_ACCESS,IN_ISDIR
2026-10-04T14:27:32.482101Z;/home/runner/work/JSON-java/JSON-java/target/test-classes/org/json;;IN_ACCESS,IN_ISDIR
2026-10-04T14:27:32.482337Z;/home/runner/work/JSON-java/JSON-java/target/test-classes/org;json;IN_ACCESS,IN_ISDIR
2026-10-04T14:27:32.482561Z;/home/runner/work/JSON-java/JSON-java/target/test-classes/org/json;;IN_ACCESS,IN_ISDIR
2026-10-04T14:27:32.482819Z;/home/runner/work/JSON-java/JSON-java/target/test-classes/org/json;junit;IN_ACCESS,IN_ISDIR
2026-10-04T14:27:32.483036Z;/home/runner/work/JSON-java/JSON-java/target/test-classes/org/json/junit;;IN_ACCESS,IN_ISDIR
2026-10-04T14:27:32.483255Z;/home/runner/work/JSON-java/JSON-java/target/test-classes/org/json;junit;IN_ACCESS,IN_ISDIR
2026-10-04T14:27:32.483633Z;/home/runner/work/JSON-java/JSON-java/target/test-classes/org/json/junit;;IN_ACCESS,IN_ISDIR
2026-10-04T14:27:32.484682Z;/home/runner/work/JSON-java/JSON-java/target/test-classes/org/json/junit;data;IN_ACCESS,IN_ISDIR
2026-10-04T14:27:32.484957Z;/home/runner/work/JSON-java/JSON-java/target/test-classes/org/json/junit/data;;IN_ACCESS,IN_ISDIR
2026-10-04T14:27:32.485258Z;/home/runner/work/JSON-java/JSON-java/target/test-classes/org/json/junit;data;IN_ACCESS,IN_ISDIR
2026-10-04T14:27:32.485507Z;/home/runner/work/JSON-java/JSON-java/target/test-classes/org/json/junit/data;;IN_ACCESS,IN_ISDIR
2026-10-04T14:27:32.488081Z;/home/runner/work/JSON-java/JSON-java/target;surefire;IN_CREATE,IN_ISDIR
2026-10-04T14:27:32.489542Z;/home/runner/work/JSON-java/JSON-java/target;surefire;IN_ACCESS,IN_ISDIR
2026-10-04T14:27:32.527087Z;/home/runner/work/JSON-java/JSON-java/target/surefire;surefire-20261004142732526_1tmp;IN_CREATE
2026-10-04T14:27:32.533472Z;/home/runner/work/JSON-java/JSON-java/target/surefire;surefire_0-20261004142732526_2tmp;IN_CREATE
2026-10-04T14:27:32.535971Z;/home/runner/work/JSON-java/JSON-java/target/surefire;surefirebooter-20261004142732526_3.jar;IN_CREATE
2026-10-04T14:27:32.563345Z;/home/runner/work/JSON-java/JSON-java/target/surefire;surefirebooter-20261004142732526_3.jar;IN_ACCESS
2026-10-04T14:27:32.608603Z;/home/runner/work/JSON-java/JSON-java/target/surefire;surefirebooter-20261004142732526_3.jar;IN_ACCESS
2026-10-04T14:27:32.609083Z;/home/runner/work/JSON-java/JSON-java/target/surefire;surefirebooter-20261004142732526_3.jar;IN_ACCESS
2026-10-04T14:27:32.609350Z;/home/runner/work/JSON-java/JSON-java/target/surefire;surefirebooter-20261004142732526_3.jar;IN_ACCESS
2026-10-04T14:27:32.622182Z;/home/runner/work/JSON-java/JSON-java/target/surefire;surefire-20261004142732526_1tmp;IN_ACCESS
2026-10-04T14:27:32.624058Z;/home/runner/work/JSON-java/JSON-java/target/surefire;surefire_0-20261004142732526_2tmp;IN_ACCESS
2026-10-04T14:27:32.631123Z;/home/runner/work/JSON-java/JSON-java/target;surefire-reports;IN_CREATE,IN_ISDIR
2026-10-04T14:27:32.631508Z;/home/runner/work/JSON-java/JSON-java/target;surefire-reports;IN_ACCESS,IN_ISDIR
2026-10-04T14:27:32.696985Z;/home/runner/work/JSON-java/JSON-java/target/test-classes/org/json/junit;JSONTokenerTest.class;IN_ACCESS
2026-10-04T14:27:32.697514Z;/home/runner/work/JSON-java/JSON-java/target/test-classes/org/json/junit;CDLTest.class;IN_ACCESS
2026-10-04T14:27:32.697790Z;/home/runner/work/JSON-java/JSON-java/target/test-classes/org/json/junit;JSONObjectRecordTest.class;IN_ACCESS
2026-10-04T14:27:32.698062Z;/home/runner/work/JSON-java/JSON-java/target/test-classes/org/json/junit;JSONParserConfigurationTest.class;IN_ACCESS
2026-10-04T14:27:32.698442Z;/home/runner/work/JSON-java/JSON-java/target/test-classes/org/json/junit;CookieListTest.class;IN_ACCESS
2026-10-04T14:27:32.698709Z;/home/runner/work/JSON-java/JSON-java/target/test-classes/org/json/junit;XMLTokenerTest.class;IN_ACCESS
2026-10-04T14:27:32.698984Z;/home/runner/work/JSON-java/JSON-java/target/test-classes/org/json/junit;JSONObjectNumberTest.class;IN_ACCESS
2026-10-04T14:27:32.699219Z;/home/runner/work/JSON-java/JSON-java/target/test-classes/org/json/junit;JSONPointerTest.class;IN_ACCESS
2026-10-04T14:27:32.699502Z;/home/runner/work/JSON-java/JSON-java/target/test-classes/org/json/junit;XMLConfigurationTest.class;IN_ACCESS
2026-10-04T14:27:32.699745Z;/home/runner/work/JSON-java/JSON-java/target/test-classes/org/json/junit;HTTPTest.class;IN_ACCESS
2026-10-04T14:27:32.699955Z;/home/runner/work/JSON-java/JSON-java/target/test-classes/org/json/junit;PropertyTest.class;IN_ACCESS
2026-10-04T14:27:32.700173Z;/home/runner/work/JSON-java/JSON-java/target/test-classes/org/json/junit;JSONStringTest.class;IN_ACCESS
2026-10-04T14:27:32.700423Z;/home/runner/work/JSON-java/JSON-java/target/test-classes/org/json/junit;JSONObjectTest.class;IN_ACCESS
2026-10-04T14:27:32.700664Z;/home/runner/work/JSON-java/JSON-java/target/test-classes/org/json/junit;JSONObjectLocaleTest.class;IN_ACCESS
2026-10-04T14:27:32.701004Z;/home/runner/work/JSON-java/JSON-java/target/test-classes/org/json/junit;JSONArrayTest.class;IN_ACCESS
2026-10-04T14:27:32.701553Z;/home/runner/work/JSON-java/JSON-java/target/test-classes/org/json/junit;JSONMLTest.class;IN_ACCESS
2026-10-04T14:27:32.701799Z;/home/runner/work/JSON-java/JSON-java/target/test-classes/org/json/junit;StringBuilderWriterTest.class;IN_ACCESS
2026-10-04T14:27:32.702055Z;/home/runner/work/JSON-java/JSON-java/target/test-classes/org/json/junit;XMLTest.class;IN_ACCESS
2026-10-04T14:27:32.702793Z;/home/runner/work/JSON-java/JSON-java/target/test-classes/org/json/junit;JSONStringerTest.class;IN_ACCESS
2026-10-04T14:27:32.703109Z;/home/runner/work/JSON-java/JSON-java/target/test-classes/org/json/junit;EnumTest.class;IN_ACCESS
2026-10-04T14:27:32.703841Z;/home/runner/work/JSON-java/JSON-java/target/test-classes/org/json/junit;HTTPTokenerTest.class;IN_ACCESS
2026-10-04T14:27:32.704140Z;/home/runner/work/JSON-java/JSON-java/target/test-classes/org/json/junit;CookieTest.class;IN_ACCESS
2026-10-04T14:27:32.782787Z;/home/runner/work/JSON-java/JSON-java/target/classes/org/json;JSONException.class;IN_ACCESS
2026-10-04T14:27:32.849794Z;/home/runner/work/JSON-java/JSON-java/target/classes/org/json;JSONParserConfiguration.class;IN_ACCESS
2026-10-04T14:27:32.850258Z;/home/runner/work/JSON-java/JSON-java/target/classes/org/json;ParserConfiguration.class;IN_ACCESS
2026-10-04T14:27:32.850589Z;/home/runner/work/JSON-java/JSON-java/target/classes/org/json;JSONTokener.class;IN_ACCESS
2026-10-04T14:27:32.868063Z;/home/runner/work/JSON-java/JSON-java/target/classes/org/json;JSONObject.class;IN_ACCESS
2026-10-04T14:27:32.885276Z;/home/runner/work/JSON-java/JSON-java/target/classes/org/json;JSONPointerException.class;IN_ACCESS
2026-10-04T14:27:32.889749Z;/home/runner/work/JSON-java/JSON-java/target/classes/org/json;XMLParserConfiguration.class;IN_ACCESS
2026-10-04T14:27:32.902530Z;/home/runner/work/JSON-java/JSON-java/target/test-classes/org/json/junit/data;MyEnum.class;IN_ACCESS
2026-10-04T14:27:32.902965Z;/home/runner/work/JSON-java/JSON-java/target/test-classes/org/json/junit/data;GenericBean.class;IN_ACCESS
2026-10-04T14:27:32.903281Z;/home/runner/work/JSON-java/JSON-java/target/test-classes/org/json/junit/data;MyBean.class;IN_ACCESS
2026-10-04T14:27:32.921903Z;/home/runner/work/JSON-java/JSON-java/target/classes/org/json;StringBuilderWriter.class;IN_ACCESS
2026-10-04T14:27:32.928223Z;/home/runner/work/JSON-java/JSON-java/target/test-classes/org/json/junit/data;MyEnumField.class;IN_ACCESS
2026-10-04T14:27:33.019944Z;/home/runner/work/JSON-java/JSON-java/target/classes/org/json;JSONObject$Null.class;IN_ACCESS
2026-10-04T14:27:33.020406Z;/home/runner/work/JSON-java/JSON-java/target/classes/org/json;JSONArray.class;IN_ACCESS
2026-10-04T14:27:33.023455Z;/home/runner/work/JSON-java/JSON-java/target/classes/org/json;JSONString.class;IN_ACCESS
2026-10-04T14:27:33.031023Z;/home/runner/work/JSON-java/JSON-java/target/classes/org/json;CDL.class;IN_ACCESS
2026-10-04T14:27:33.036984Z;/home/runner/work/JSON-java/JSON-java/target/surefire-reports;org.json.junit.JSONTokenerTest.txt;IN_CREATE
2026-10-04T14:27:33.037462Z;/home/runner/work/JSON-java/JSON-java/target/test-classes/org/json/junit;Util.class;IN_ACCESS
2026-10-04T14:27:33.046903Z;/home/runner/work/JSON-java/JSON-java/target/surefire-reports;TEST-org.json.junit.JSONTokenerTest.xml;IN_CREATE
2026-10-04T14:27:33.060172Z;/home/runner/work/JSON-java/JSON-java/target/test-classes/org/json/junit/data;GenericBeanInt.class;IN_ACCESS
2026-10-04T14:27:33.064145Z;/home/runner/work/JSON-java/JSON-java/target/classes/org/json;JSONPropertyIgnore.class;IN_ACCESS
2026-10-04T14:27:33.064525Z;/home/runner/work/JSON-java/JSON-java/target/classes/org/json;JSONPropertyName.class;IN_ACCESS
2026-10-04T14:27:33.076626Z;/home/runner/work/JSON-java/JSON-java/target/surefire-reports;org.json.junit.CDLTest.txt;IN_CREATE
2026-10-04T14:27:33.076986Z;/home/runner/work/JSON-java/JSON-java/target/surefire-reports;TEST-org.json.junit.CDLTest.xml;IN_CREATE
2026-10-04T14:27:33.077437Z;/home/runner/work/JSON-java/JSON-java/target/test-classes/org/json/junit/data;MyNumber.class;IN_ACCESS
2026-10-04T14:27:33.092547Z;/home/runner/work/JSON-java/JSON-java/target/surefire-reports;org.json.junit.JSONObjectRecordTest.txt;IN_CREATE
2026-10-04T14:27:33.092919Z;/home/runner/work/JSON-java/JSON-java/target/surefire-reports;TEST-org.json.junit.JSONObjectRecordTest.xml;IN_CREATE
2026-10-04T14:27:33.134774Z;/home/runner/work/JSON-java/JSON-java/src/test/resources;compliantJsonObject.json;IN_ACCESS
2026-10-04T14:27:33.139488Z;/home/runner/work/JSON-java/JSON-java/src/test/resources;compliantJsonObject.json;IN_ACCESS
2026-10-04T14:27:33.150951Z;/home/runner/work/JSON-java/JSON-java/src/test/resources;compliantJsonArray.json;IN_ACCESS
2026-10-04T14:27:33.151408Z;/home/runner/work/JSON-java/JSON-java/src/test/resources;compliantJsonArray.json;IN_ACCESS
2026-10-04T14:27:33.158652Z;/home/runner/work/JSON-java/JSON-java/target/classes/org/json;CookieList.class;IN_ACCESS
2026-10-04T14:27:33.159155Z;/home/runner/work/JSON-java/JSON-java/target/classes/org/json;Cookie.class;IN_ACCESS
2026-10-04T14:27:33.159933Z;/home/runner/work/JSON-java/JSON-java/target/surefire-reports;org.json.junit.JSONParserConfigurationTest.txt;IN_CREATE
2026-10-04T14:27:33.160591Z;/home/runner/work/JSON-java/JSON-java/target/surefire-reports;TEST-org.json.junit.JSONParserConfigurationTest.xml;IN_CREATE
2026-10-04T14:27:33.187595Z;/home/runner/work/JSON-java/JSON-java/target/classes/org/json;JSONPointer.class;IN_ACCESS
2026-10-04T14:27:33.196610Z;/home/runner/work/JSON-java/JSON-java/target/surefire-reports;org.json.junit.CookieListTest.txt;IN_CREATE
2026-10-04T14:27:33.197214Z;/home/runner/work/JSON-java/JSON-java/target/surefire-reports;TEST-org.json.junit.CookieListTest.xml;IN_CREATE
2026-10-04T14:27:33.197692Z;/home/runner/work/JSON-java/JSON-java/target/classes/org/json;XMLTokener.class;IN_ACCESS
2026-10-04T14:27:33.198505Z;/home/runner/work/JSON-java/JSON-java/target/classes/org/json;XML.class;IN_ACCESS
2026-10-04T14:27:33.206307Z;/home/runner/work/JSON-java/JSON-java/target/surefire-reports;org.json.junit.XMLTokenerTest.txt;IN_CREATE
2026-10-04T14:27:33.207427Z;/home/runner/work/JSON-java/JSON-java/target/surefire-reports;TEST-org.json.junit.XMLTokenerTest.xml;IN_CREATE
2026-10-04T14:27:33.331951Z;/home/runner/work/JSON-java/JSON-java/target/surefire-reports;org.json.junit.JSONObjectNumberTest.txt;IN_CREATE
2026-10-04T14:27:33.336006Z;/home/runner/work/JSON-java/JSON-java/target/surefire-reports;TEST-org.json.junit.JSONObjectNumberTest.xml;IN_CREATE
2026-10-04T14:27:33.336366Z;/home/runner/work/JSON-java/JSON-java/target/test-classes;jsonpointer-testdoc.json;IN_ACCESS
2026-10-04T14:27:33.336698Z;/home/runner/work/JSON-java/JSON-java/target/classes/org/json;JSONPointer$Builder.class;IN_ACCESS
2026-10-04T14:27:33.365266Z;/home/runner/work/JSON-java/JSON-java/target/surefire-reports;org.json.junit.JSONPointerTest.txt;IN_CREATE
2026-10-04T14:27:33.365731Z;/home/runner/work/JSON-java/JSON-java/target/surefire-reports;TEST-org.json.junit.JSONPointerTest.xml;IN_CREATE
2026-10-04T14:27:33.404715Z;/home/runner/work/JSON-java/JSON-java/target/classes/org/json;XML$1.class;IN_ACCESS
2026-10-04T14:27:33.405218Z;/home/runner/work/JSON-java/JSON-java/target/classes/org/json;XML$1$1.class;IN_ACCESS
2026-10-04T14:27:33.458415Z;/home/runner/work/JSON-java/JSON-java/target/classes/org/json;HTTP.class;IN_ACCESS
2026-10-04T14:27:33.458920Z;/home/runner/work/JSON-java/JSON-java/target/classes/org/json;HTTP.class;IN_ACCESS
2026-10-04T14:27:33.459229Z;/home/runner/work/JSON-java/JSON-java/target/classes/org/json;HTTPTokener.class;IN_ACCESS
2026-10-04T14:27:33.459681Z;/home/runner/work/JSON-java/JSON-java/target/surefire-reports;org.json.junit.XMLConfigurationTest.txt;IN_CREATE
2026-10-04T14:27:33.460323Z;/home/runner/work/JSON-java/JSON-java/target/surefire-reports;TEST-org.json.junit.XMLConfigurationTest.xml;IN_CREATE
2026-10-04T14:27:33.466288Z;/home/runner/work/JSON-java/JSON-java/target/classes/org/json;Property.class;IN_ACCESS
2026-10-04T14:27:33.469858Z;/home/runner/work/JSON-java/JSON-java/target/surefire-reports;org.json.junit.HTTPTest.txt;IN_CREATE
2026-10-04T14:27:33.470465Z;/home/runner/work/JSON-java/JSON-java/target/surefire-reports;TEST-org.json.junit.HTTPTest.xml;IN_CREATE
2026-10-04T14:27:33.472591Z;/home/runner/work/JSON-java/JSON-java/target/test-classes/org/json/junit;JSONStringTest$JSONNullStringValue.class;IN_ACCESS
2026-10-04T14:27:33.472880Z;/home/runner/work/JSON-java/JSON-java/target/classes/org/json;JSONWriter.class;IN_ACCESS
2026-10-04T14:27:33.473105Z;/home/runner/work/JSON-java/JSON-java/target/test-classes/org/json/junit;JSONStringTest$MyEnum.class;IN_ACCESS
2026-10-04T14:27:33.473329Z;/home/runner/work/JSON-java/JSON-java/target/surefire-reports;org.json.junit.PropertyTest.txt;IN_CREATE
2026-10-04T14:27:33.473574Z;/home/runner/work/JSON-java/JSON-java/target/surefire-reports;TEST-org.json.junit.PropertyTest.xml;IN_CREATE
2026-10-04T14:27:33.475572Z;/home/runner/work/JSON-java/JSON-java/target/test-classes/org/json/junit;JSONStringTest$NullStringValue.class;IN_ACCESS
2026-10-04T14:27:33.478650Z;/home/runner/work/JSON-java/JSON-java/target/test-classes/org/json/junit;JSONStringTest$JSONStringValue.class;IN_ACCESS
2026-10-04T14:27:33.478918Z;/home/runner/work/JSON-java/JSON-java/target/test-classes/org/json/junit;JSONStringTest$JSONStringExceptionValue.class;IN_ACCESS
2026-10-04T14:27:33.479170Z;/home/runner/work/JSON-java/JSON-java/target/test-classes/org/json/junit;JSONStringTest$StringValue.class;IN_ACCESS
2026-10-04T14:27:33.479413Z;/home/runner/work/JSON-java/JSON-java/target/surefire-reports;org.json.junit.JSONStringTest.txt;IN_CREATE
2026-10-04T14:27:33.479654Z;/home/runner/work/JSON-java/JSON-java/target/surefire-reports;TEST-org.json.junit.JSONStringTest.xml;IN_CREATE
2026-10-04T14:27:33.479875Z;/home/runner/work/JSON-java/JSON-java/target/test-classes/org/json/junit/data;SingletonEnum.class;IN_ACCESS
2026-10-04T14:27:33.480096Z;/home/runner/work/JSON-java/JSON-java/target/test-classes/org/json/junit/data;Singleton.class;IN_ACCESS
2026-10-04T14:27:33.485489Z;/home/runner/work/JSON-java/JSON-java/target/test-classes/org/json/junit/data;StringsResourceBundle.class;IN_ACCESS
2026-10-04T14:27:33.490265Z;/home/runner/work/JSON-java/JSON-java/target/test-classes/org/json/junit/data;CustomClass.class;IN_ACCESS
2026-10-04T14:27:33.493653Z;/home/runner/work/JSON-java/JSON-java/target/test-classes/org/json/junit/data;CustomClassA.class;IN_ACCESS
2026-10-04T14:27:33.496688Z;/home/runner/work/JSON-java/JSON-java/target/test-classes/org/json/junit/data;CustomClassB.class;IN_ACCESS
2026-10-04T14:27:33.496986Z;/home/runner/work/JSON-java/JSON-java/target/test-classes/org/json/junit/data;CustomClassC.class;IN_ACCESS
2026-10-04T14:27:33.497254Z;/home/runner/work/JSON-java/JSON-java/target/test-classes/org/json/junit/data;CustomClassD.class;IN_ACCESS
2026-10-04T14:27:33.497784Z;/home/runner/work/JSON-java/JSON-java/target/test-classes/org/json/junit/data;CustomClassE.class;IN_ACCESS
2026-10-04T14:27:33.499431Z;/home/runner/work/JSON-java/JSON-java/target/test-classes/org/json/junit/data;CustomClassF.class;IN_ACCESS
2026-10-04T14:27:33.500138Z;/home/runner/work/JSON-java/JSON-java/target/test-classes/org/json/junit/data;CustomClassG.class;IN_ACCESS
2026-10-04T14:27:33.501313Z;/home/runner/work/JSON-java/JSON-java/target/test-classes/org/json/junit/data;CustomClassH.class;IN_ACCESS
2026-10-04T14:27:33.501915Z;/home/runner/work/JSON-java/JSON-java/target/test-classes/org/json/junit/data;CustomClassI.class;IN_ACCESS
2026-10-04T14:27:33.502563Z;/home/runner/work/JSON-java/JSON-java/target/test-classes/org/json/junit/data;CustomClassJ.class;IN_ACCESS
2026-10-04T14:27:33.512358Z;/home/runner/work/JSON-java/JSON-java/target/test-classes/org/json/junit/data;RecursiveBean.class;IN_ACCESS
2026-10-04T14:27:33.515773Z;/home/runner/work/JSON-java/JSON-java/target/test-classes/org/json/junit/data;ExceptionalBean.class;IN_ACCESS
2026-10-04T14:27:33.516152Z;/home/runner/work/JSON-java/JSON-java/target/test-classes/org/json/junit/data;ExceptionalBean$MyCloseable.class;IN_ACCESS
2026-10-04T14:27:33.521760Z;/home/runner/work/JSON-java/JSON-java/target/test-classes/org/json/junit/data;MyNumberContainer.class;IN_ACCESS
2026-10-04T14:27:33.522146Z;/home/runner/work/JSON-java/JSON-java/target/test-classes/org/json/junit/data;Fraction.class;IN_ACCESS
2026-10-04T14:27:33.539180Z;/home/runner/work/JSON-java/JSON-java/target/test-classes/org/json/junit/data;BrokenToString.class;IN_ACCESS
2026-10-04T14:27:33.542496Z;/home/runner/work/JSON-java/JSON-java/target/test-classes/org/json/junit/data;MyBigNumberBean.class;IN_ACCESS
2026-10-04T14:27:33.785425Z;/home/runner/work/JSON-java/JSON-java/target/test-classes/org/json/junit/data;RecursiveBeanEquals.class;IN_ACCESS
2026-10-04T14:27:33.819650Z;/home/runner/work/JSON-java/JSON-java/target/test-classes/org/json/junit/data;MyJsonString.class;IN_ACCESS
2026-10-04T14:27:33.820123Z;/home/runner/work/JSON-java/JSON-java/target/test-classes/org/json/junit;JSONObjectTest$2.class;IN_ACCESS
2026-10-04T14:27:33.840002Z;/home/runner/work/JSON-java/JSON-java/target/test-classes/org/json/junit;JSONObjectTest$1.class;IN_ACCESS
2026-10-04T14:27:33.842485Z;/home/runner/work/JSON-java/JSON-java/target/test-classes/org/json/junit/data;MyBeanCustomName.class;IN_ACCESS
2026-10-04T14:27:33.846062Z;/home/runner/work/JSON-java/JSON-java/target/test-classes/org/json/junit/data;MyBeanCustomNameInterface.class;IN_ACCESS
2026-10-04T14:27:33.846708Z;/home/runner/work/JSON-java/JSON-java/target/test-classes/org/json/junit/data;MyBeanCustomNameSubClass.class;IN_ACCESS
2026-10-04T14:27:33.849735Z;/home/runner/work/JSON-java/JSON-java/target/test-classes/org/json/junit/data;WeirdList.class;IN_ACCESS
2026-10-04T14:27:33.852718Z;/home/runner/work/JSON-java/JSON-java/target/test-classes/org/json/junit/data;MyPublicClass.class;IN_ACCESS
2026-10-04T14:27:33.939262Z;/home/runner/work/JSON-java/JSON-java/target/test-classes/org/json/junit/data;MyLocaleBean.class;IN_ACCESS
2026-10-04T14:27:33.939746Z;/home/runner/work/JSON-java/JSON-java/target/surefire-reports;org.json.junit.JSONObjectTest.txt;IN_CREATE
2026-10-04T14:27:33.943468Z;/home/runner/work/JSON-java/JSON-java/target/surefire-reports;TEST-org.json.junit.JSONObjectTest.xml;IN_CREATE
2026-10-04T14:27:33.955553Z;/home/runner/work/JSON-java/JSON-java/target/surefire-reports;org.json.junit.JSONObjectLocaleTest.txt;IN_CREATE
2026-10-04T14:27:33.956007Z;/home/runner/work/JSON-java/JSON-java/target/surefire-reports;TEST-org.json.junit.JSONObjectLocaleTest.xml;IN_CREATE
2026-10-04T14:27:33.961026Z;/home/runner/work/JSON-java/JSON-java/target/test-classes/org/json/junit;JSONArrayTest$1.class;IN_ACCESS
2026-10-04T14:27:33.982206Z;/home/runner/work/JSON-java/JSON-java/target/classes/org/json;JSONML.class;IN_ACCESS
2026-10-04T14:27:33.982986Z;/home/runner/work/JSON-java/JSON-java/target/surefire-reports;org.json.junit.JSONArrayTest.txt;IN_CREATE
2026-10-04T14:27:33.985463Z;/home/runner/work/JSON-java/JSON-java/target/classes/org/json;JSONMLParserConfiguration.class;IN_ACCESS
2026-10-04T14:27:33.985805Z;/home/runner/work/JSON-java/JSON-java/target/surefire-reports;TEST-org.json.junit.JSONArrayTest.xml;IN_CREATE
2026-10-04T14:27:34.012411Z;/home/runner/work/JSON-java/JSON-java/target/surefire-reports;org.json.junit.JSONMLTest.txt;IN_CREATE
2026-10-04T14:27:34.012826Z;/home/runner/work/JSON-java/JSON-java/target/surefire-reports;TEST-org.json.junit.JSONMLTest.xml;IN_CREATE
2026-10-04T14:27:34.017250Z;/home/runner/work/JSON-java/JSON-java/target/surefire-reports;org.json.junit.StringBuilderWriterTest.txt;IN_CREATE
2026-10-04T14:27:34.018015Z;/home/runner/work/JSON-java/JSON-java/target/surefire-reports;TEST-org.json.junit.StringBuilderWriterTest.xml;IN_CREATE
2026-10-04T14:27:34.026883Z;/home/runner/work/JSON-java/JSON-java/target/test-classes/org/json/junit;XMLTest$1.class;IN_ACCESS
2026-10-04T14:27:34.027365Z;/home/runner/work/JSON-java/JSON-java/target/classes/org/json;XMLXsiTypeConverter.class;IN_ACCESS
2026-10-04T14:27:34.028098Z;/home/runner/work/JSON-java/JSON-java/target/test-classes/org/json/junit;XMLTest$2.class;IN_ACCESS
2026-10-04T14:27:34.034844Z;/home/runner/work/JSON-java/JSON-java/target/test-classes;Issue537.xml;IN_ACCESS
2026-10-04T14:27:34.038170Z;/home/runner/work/JSON-java/JSON-java/target/test-classes;Issue537.json;IN_ACCESS
2026-10-04T14:27:34.048009Z;/home/runner/work/JSON-java/JSON-java/target/test-classes/org/json/junit;XMLTest$6.class;IN_ACCESS
2026-10-04T14:27:34.048619Z;/home/runner/work/JSON-java/JSON-java/target/test-classes/org/json/junit;XMLTest$7.class;IN_ACCESS
2026-10-04T14:27:34.052575Z;/home/runner/work/JSON-java/JSON-java/target/test-classes/org/json/junit;XMLTest$5.class;IN_ACCESS
2026-10-04T14:27:34.057153Z;/home/runner/work/JSON-java/JSON-java/target/test-classes/org/json/junit;XMLTest$3.class;IN_ACCESS
2026-10-04T14:27:34.057590Z;/home/runner/work/JSON-java/JSON-java/target/test-classes/org/json/junit;XMLTest$4.class;IN_ACCESS
2026-10-04T14:27:34.063797Z;/home/runner/work/JSON-java/JSON-java/target/test-classes;Issue593.json;IN_ACCESS
2026-10-04T14:27:34.064626Z;/home/runner/work/JSON-java/JSON-java/target/test-classes;Issue593.json;IN_ACCESS
2026-10-04T14:27:34.065204Z;/home/runner/work/JSON-java/JSON-java/target/test-classes;Issue593.json;IN_ACCESS
2026-10-04T14:27:34.070527Z;/home/runner/work/JSON-java/JSON-java/target/test-classes;Issue593.xml;IN_ACCESS
2026-10-04T14:27:34.071177Z;/home/runner/work/JSON-java/JSON-java/target/test-classes;Issue593.xml;IN_ACCESS
2026-10-04T14:27:34.075483Z;/home/runner/work/JSON-java/JSON-java/target/test-classes;Issue593.xml;IN_ACCESS
2026-10-04T14:27:34.096144Z;/home/runner/work/JSON-java/JSON-java/target/surefire-reports;org.json.junit.XMLTest.txt;IN_CREATE
2026-10-04T14:27:34.096630Z;/home/runner/work/JSON-java/JSON-java/target/surefire-reports;TEST-org.json.junit.XMLTest.xml;IN_CREATE
2026-10-04T14:27:34.097281Z;/home/runner/work/JSON-java/JSON-java/target/classes/org/json;JSONStringer.class;IN_ACCESS
2026-10-04T14:27:34.107174Z;/home/runner/work/JSON-java/JSON-java/target/test-classes/org/json/junit/data;MyEnumClass.class;IN_ACCESS
2026-10-04T14:27:34.124575Z;/home/runner/work/JSON-java/JSON-java/target/surefire-reports;org.json.junit.JSONStringerTest.txt;IN_CREATE
2026-10-04T14:27:34.128715Z;/home/runner/work/JSON-java/JSON-java/target/surefire-reports;TEST-org.json.junit.JSONStringerTest.xml;IN_CREATE
2026-10-04T14:27:34.129982Z;/home/runner/work/JSON-java/JSON-java/target/surefire-reports;org.json.junit.EnumTest.txt;IN_CREATE
2026-10-04T14:27:34.132768Z;/home/runner/work/JSON-java/JSON-java/target/surefire-reports;TEST-org.json.junit.EnumTest.xml;IN_CREATE
2026-10-04T14:27:34.135751Z;/home/runner/work/JSON-java/JSON-java/target/surefire-reports;org.json.junit.HTTPTokenerTest.txt;IN_CREATE
2026-10-04T14:27:34.138267Z;/home/runner/work/JSON-java/JSON-java/target/surefire-reports;TEST-org.json.junit.HTTPTokenerTest.xml;IN_CREATE
2026-10-04T14:27:34.140604Z;/home/runner/work/JSON-java/JSON-java/target/surefire-reports;org.json.junit.CookieTest.txt;IN_CREATE
2026-10-04T14:27:34.141065Z;/home/runner/work/JSON-java/JSON-java/target/surefire-reports;TEST-org.json.junit.CookieTest.xml;IN_CREATE
2026-10-04T14:27:34.204751Z;/home/runner/work/JSON-java/JSON-java/target;surefire;IN_ACCESS,IN_ISDIR
2026-10-04T14:27:34.205248Z;/home/runner/work/JSON-java/JSON-java/target/surefire;;IN_ACCESS,IN_ISDIR
2026-10-04T14:27:34.205556Z;/home/runner/work/JSON-java/JSON-java/target;surefire;IN_ACCESS,IN_ISDIR
2026-10-04T14:27:34.205863Z;/home/runner/work/JSON-java/JSON-java/target/surefire;;IN_ACCESS,IN_ISDIR
2026-10-04T14:27:34.206645Z;/home/runner/work/JSON-java/JSON-java/target/surefire;surefire-20261004142732526_1tmp;IN_DELETE
2026-10-04T14:27:34.206887Z;/home/runner/work/JSON-java/JSON-java/target/surefire;surefire_0-20261004142732526_2tmp;IN_DELETE
2026-10-04T14:27:34.207129Z;/home/runner/work/JSON-java/JSON-java/target/surefire;surefirebooter-20261004142732526_3.jar;IN_DELETE
2026-10-04T14:27:34.207528Z;/home/runner/work/JSON-java/JSON-java/target/surefire;;IN_IGNORED
2026-10-04T14:27:34.209579Z;/home/runner/work/JSON-java/JSON-java/target;surefire;IN_DELETE,IN_ISDIR
2026-10-04T14:27:34.253709Z;/home/runner/work/JSON-java/JSON-java;optcd-6.txt;IN_CREATE
2026-10-04T14:27:35.089231Z;/home/runner/work/JSON-java/JSON-java;pom.xml;IN_ACCESS
2026-10-04T14:27:35.091179Z;/home/runner/work/JSON-java/JSON-java;pom.xml;IN_ACCESS
2026-10-04T14:27:35.093238Z;/home/runner/work/JSON-java/JSON-java;pom.xml;IN_ACCESS
2026-10-04T14:27:36.159774Z;/home/runner/work/JSON-java/JSON-java/target;reports;IN_CREATE,IN_ISDIR
2026-10-04T14:27:36.163536Z;/home/runner/work/JSON-java/JSON-java/target;reports;IN_ACCESS,IN_ISDIR
2026-10-04T14:27:36.164051Z;/home/runner/work/JSON-java/JSON-java/target/reports;css;IN_CREATE,IN_ISDIR
2026-10-04T14:27:36.164496Z;/home/runner/work/JSON-java/JSON-java/target/reports;fonts;IN_CREATE,IN_ISDIR
2026-10-04T14:27:36.164994Z;/home/runner/work/JSON-java/JSON-java/target/reports;images;IN_CREATE,IN_ISDIR
2026-10-04T14:27:36.165346Z;/home/runner/work/JSON-java/JSON-java/target/reports;img;IN_CREATE,IN_ISDIR
2026-10-04T14:27:36.165654Z;/home/runner/work/JSON-java/JSON-java/target/reports;js;IN_CREATE,IN_ISDIR
2026-10-04T14:27:36.165956Z;/home/runner/work/JSON-java/JSON-java/target/reports;css;IN_ACCESS,IN_ISDIR
2026-10-04T14:27:36.166210Z;/home/runner/work/JSON-java/JSON-java/target/reports;fonts;IN_ACCESS,IN_ISDIR
2026-10-04T14:27:36.166478Z;/home/runner/work/JSON-java/JSON-java/target/reports;images;IN_ACCESS,IN_ISDIR
2026-10-04T14:27:36.166715Z;/home/runner/work/JSON-java/JSON-java/target/reports/images;window-new.png;IN_CREATE
2026-10-04T14:27:36.166924Z;/home/runner/work/JSON-java/JSON-java/target/reports;img;IN_ACCESS,IN_ISDIR
2026-10-04T14:27:36.167117Z;/home/runner/work/JSON-java/JSON-java/target/reports;js;IN_ACCESS,IN_ISDIR
2026-10-04T14:27:36.167333Z;/home/runner/work/JSON-java/JSON-java/target/reports/img;glyphicons-halflings.png;IN_CREATE
2026-10-04T14:27:36.167557Z;/home/runner/work/JSON-java/JSON-java/target/reports/js;apache-maven-fluido-2.0.0-M9.min.js;IN_CREATE
2026-10-04T14:27:36.168293Z;/home/runner/work/JSON-java/JSON-java/target/reports/css;site.css;IN_CREATE
2026-10-04T14:27:36.197868Z;/home/runner/work/JSON-java/JSON-java/target;surefire-reports;IN_ACCESS,IN_ISDIR
2026-10-04T14:27:36.198411Z;/home/runner/work/JSON-java/JSON-java/target/surefire-reports;;IN_ACCESS,IN_ISDIR
2026-10-04T14:27:36.198782Z;/home/runner/work/JSON-java/JSON-java/target;surefire-reports;IN_ACCESS,IN_ISDIR
2026-10-04T14:27:36.199114Z;/home/runner/work/JSON-java/JSON-java/target/surefire-reports;;IN_ACCESS,IN_ISDIR
2026-10-04T14:27:36.230253Z;/home/runner/work/JSON-java/JSON-java/target/surefire-reports;TEST-org.json.junit.XMLTokenerTest.xml;IN_ACCESS
2026-10-04T14:27:36.238265Z;/home/runner/work/JSON-java/JSON-java/target/surefire-reports;TEST-org.json.junit.StringBuilderWriterTest.xml;IN_ACCESS
2026-10-04T14:27:36.238917Z;/home/runner/work/JSON-java/JSON-java/target/surefire-reports;TEST-org.json.junit.PropertyTest.xml;IN_ACCESS
2026-10-04T14:27:36.239894Z;/home/runner/work/JSON-java/JSON-java/target/surefire-reports;TEST-org.json.junit.XMLTest.xml;IN_ACCESS
2026-10-04T14:27:36.240476Z;/home/runner/work/JSON-java/JSON-java/target/surefire-reports;TEST-org.json.junit.XMLTest.xml;IN_ACCESS
2026-10-04T14:27:36.242203Z;/home/runner/work/JSON-java/JSON-java/target/surefire-reports;TEST-org.json.junit.JSONStringerTest.xml;IN_ACCESS
2026-10-04T14:27:36.243352Z;/home/runner/work/JSON-java/JSON-java/target/surefire-reports;TEST-org.json.junit.CookieListTest.xml;IN_ACCESS
2026-10-04T14:27:36.244542Z;/home/runner/work/JSON-java/JSON-java/target/surefire-reports;TEST-org.json.junit.JSONObjectLocaleTest.xml;IN_ACCESS
2026-10-04T14:27:36.245743Z;/home/runner/work/JSON-java/JSON-java/target/surefire-reports;TEST-org.json.junit.XMLConfigurationTest.xml;IN_ACCESS
2026-10-04T14:27:36.246051Z;/home/runner/work/JSON-java/JSON-java/target/surefire-reports;TEST-org.json.junit.XMLConfigurationTest.xml;IN_ACCESS
2026-10-04T14:27:36.247595Z;/home/runner/work/JSON-java/JSON-java/target/surefire-reports;TEST-org.json.junit.HTTPTest.xml;IN_ACCESS
2026-10-04T14:27:36.248792Z;/home/runner/work/JSON-java/JSON-java/target/surefire-reports;TEST-org.json.junit.JSONMLTest.xml;IN_ACCESS
2026-10-04T14:27:36.249206Z;/home/runner/work/JSON-java/JSON-java/target/surefire-reports;TEST-org.json.junit.JSONMLTest.xml;IN_ACCESS
2026-10-04T14:27:36.250324Z;/home/runner/work/JSON-java/JSON-java/target/surefire-reports;TEST-org.json.junit.CookieTest.xml;IN_ACCESS
2026-10-04T14:27:36.253458Z;/home/runner/work/JSON-java/JSON-java/target/surefire-reports;TEST-org.json.junit.JSONArrayTest.xml;IN_ACCESS
2026-10-04T14:27:36.253773Z;/home/runner/work/JSON-java/JSON-java/target/surefire-reports;TEST-org.json.junit.JSONObjectTest.xml;IN_ACCESS
2026-10-04T14:27:36.255432Z;/home/runner/work/JSON-java/JSON-java/target/surefire-reports;TEST-org.json.junit.JSONObjectNumberTest.xml;IN_ACCESS
2026-10-04T14:27:36.255722Z;/home/runner/work/JSON-java/JSON-java/target/surefire-reports;TEST-org.json.junit.JSONObjectNumberTest.xml;IN_ACCESS
2026-10-04T14:27:36.256408Z;/home/runner/work/JSON-java/JSON-java/target/surefire-reports;TEST-org.json.junit.JSONObjectNumberTest.xml;IN_ACCESS
2026-10-04T14:27:36.257415Z;/home/runner/work/JSON-java/JSON-java/target/surefire-reports;TEST-org.json.junit.JSONObjectNumberTest.xml;IN_ACCESS
2026-10-04T14:27:36.258294Z;/home/runner/work/JSON-java/JSON-java/target/surefire-reports;TEST-org.json.junit.JSONObjectNumberTest.xml;IN_ACCESS
2026-10-04T14:27:36.259796Z;/home/runner/work/JSON-java/JSON-java/target/surefire-reports;TEST-org.json.junit.JSONParserConfigurationTest.xml;IN_ACCESS
2026-10-04T14:27:36.260127Z;/home/runner/work/JSON-java/JSON-java/target/surefire-reports;TEST-org.json.junit.JSONParserConfigurationTest.xml;IN_ACCESS
2026-10-04T14:27:36.261764Z;/home/runner/work/JSON-java/JSON-java/target/surefire-reports;TEST-org.json.junit.CDLTest.xml;IN_ACCESS
2026-10-04T14:27:36.262844Z;/home/runner/work/JSON-java/JSON-java/target/surefire-reports;TEST-org.json.junit.JSONObjectRecordTest.xml;IN_ACCESS
2026-10-04T14:27:36.263831Z;/home/runner/work/JSON-java/JSON-java/target/surefire-reports;TEST-org.json.junit.JSONStringTest.xml;IN_ACCESS
2026-10-04T14:27:36.264725Z;/home/runner/work/JSON-java/JSON-java/target/surefire-reports;TEST-org.json.junit.EnumTest.xml;IN_ACCESS
2026-10-04T14:27:36.265634Z;/home/runner/work/JSON-java/JSON-java/target/surefire-reports;TEST-org.json.junit.JSONPointerTest.xml;IN_ACCESS
2026-10-04T14:27:36.265928Z;/home/runner/work/JSON-java/JSON-java/target/surefire-reports;TEST-org.json.junit.JSONPointerTest.xml;IN_ACCESS
2026-10-04T14:27:36.266872Z;/home/runner/work/JSON-java/JSON-java/target/surefire-reports;TEST-org.json.junit.JSONTokenerTest.xml;IN_ACCESS
2026-10-04T14:27:36.267781Z;/home/runner/work/JSON-java/JSON-java/target/surefire-reports;TEST-org.json.junit.HTTPTokenerTest.xml;IN_ACCESS
2026-10-04T14:27:36.352560Z;/home/runner/work/JSON-java/JSON-java/target/reports;surefire.html;IN_CREATE
2026-10-04T14:27:37.351833Z;/home/runner/work/JSON-java/JSON-java;pom.xml;IN_ACCESS
2026-10-04T14:27:37.354539Z;/home/runner/work/JSON-java/JSON-java;pom.xml;IN_ACCESS
2026-10-04T14:27:37.357678Z;/home/runner/work/JSON-java/JSON-java;pom.xml;IN_ACCESS
2026-10-04T14:27:38.448677Z;/home/runner/work/JSON-java/JSON-java/target;site;IN_CREATE,IN_ISDIR
2026-10-04T14:27:38.449477Z;/home/runner/work/JSON-java/JSON-java/target;site;IN_ACCESS,IN_ISDIR
2026-10-04T14:27:38.458523Z;/home/runner/work/JSON-java/JSON-java/target/site;css;IN_CREATE,IN_ISDIR
2026-10-04T14:27:38.458919Z;/home/runner/work/JSON-java/JSON-java/target/site;images;IN_CREATE,IN_ISDIR
2026-10-04T14:27:38.459181Z;/home/runner/work/JSON-java/JSON-java/target/site;css;IN_ACCESS,IN_ISDIR
2026-10-04T14:27:38.459420Z;/home/runner/work/JSON-java/JSON-java/target/site;images;IN_ACCESS,IN_ISDIR
2026-10-04T14:27:38.460550Z;/home/runner/work/JSON-java/JSON-java/target/site/images;icon_success_sml.gif;IN_CREATE
2026-10-04T14:27:38.460817Z;/home/runner/work/JSON-java/JSON-java/target/site/images;icon_warning_sml.gif;IN_CREATE
2026-10-04T14:27:38.461038Z;/home/runner/work/JSON-java/JSON-java/target/site/images;newwindow.png;IN_CREATE
2026-10-04T14:27:38.461256Z;/home/runner/work/JSON-java/JSON-java/target/site/images;external.png;IN_CREATE
2026-10-04T14:27:38.461556Z;/home/runner/work/JSON-java/JSON-java/target/site/images;icon_error_sml.gif;IN_CREATE
2026-10-04T14:27:38.461794Z;/home/runner/work/JSON-java/JSON-java/target/site/images;icon_info_sml.gif;IN_CREATE
2026-10-04T14:27:38.462058Z;/home/runner/work/JSON-java/JSON-java/target/site/images;expanded.gif;IN_CREATE
2026-10-04T14:27:38.462470Z;/home/runner/work/JSON-java/JSON-java/target/site/images;collapsed.gif;IN_CREATE
2026-10-04T14:27:38.462810Z;/home/runner/work/JSON-java/JSON-java/target/site/images;logos;IN_CREATE,IN_ISDIR
2026-10-04T14:27:38.464459Z;/home/runner/work/JSON-java/JSON-java/target/site/css;maven-base.css;IN_CREATE
2026-10-04T14:27:38.464738Z;/home/runner/work/JSON-java/JSON-java/target/site/css;print.css;IN_CREATE
2026-10-04T14:27:38.464970Z;/home/runner/work/JSON-java/JSON-java/target/site/images;logos;IN_ACCESS,IN_ISDIR
2026-10-04T14:27:38.465176Z;/home/runner/work/JSON-java/JSON-java/target/site/css;site.css;IN_CREATE
2026-10-04T14:27:38.510035Z;/home/runner/work/JSON-java/JSON-java;optcd-7.txt;IN_CREATE
2026-10-04T14:27:39.288522Z;/home/runner/work/JSON-java/JSON-java;pom.xml;IN_ACCESS
2026-10-04T14:27:39.290512Z;/home/runner/work/JSON-java/JSON-java;pom.xml;IN_ACCESS
2026-10-04T14:27:39.292056Z;/home/runner/work/JSON-java/JSON-java;pom.xml;IN_ACCESS
2026-10-04T14:27:39.952867Z;/home/runner/work/JSON-java/JSON-java;target;IN_ACCESS,IN_ISDIR
2026-10-04T14:27:39.953356Z;/home/runner/work/JSON-java/JSON-java/target;;IN_ACCESS,IN_ISDIR
2026-10-04T14:27:39.953680Z;/home/runner/work/JSON-java/JSON-java;target;IN_ACCESS,IN_ISDIR
2026-10-04T14:27:39.953935Z;/home/runner/work/JSON-java/JSON-java/target;;IN_ACCESS,IN_ISDIR
2026-10-04T14:27:39.954187Z;/home/runner/work/JSON-java/JSON-java/target;test-classes;IN_ACCESS,IN_ISDIR
2026-10-04T14:27:39.954447Z;/home/runner/work/JSON-java/JSON-java/target/test-classes;;IN_ACCESS,IN_ISDIR
2026-10-04T14:27:39.954687Z;/home/runner/work/JSON-java/JSON-java/target;test-classes;IN_ACCESS,IN_ISDIR
2026-10-04T14:27:39.954923Z;/home/runner/work/JSON-java/JSON-java/target/test-classes;;IN_ACCESS,IN_ISDIR
2026-10-04T14:27:39.955191Z;/home/runner/work/JSON-java/JSON-java/target/test-classes;Issue654WellFormedArray.json;IN_DELETE
2026-10-04T14:27:39.955446Z;/home/runner/work/JSON-java/JSON-java/target/test-classes;compliantJsonArray.json;IN_DELETE
2026-10-04T14:27:39.955660Z;/home/runner/work/JSON-java/JSON-java/target/test-classes;Issue593.xml;IN_DELETE
2026-10-04T14:27:39.955888Z;/home/runner/work/JSON-java/JSON-java/target/test-classes;Issue654WellFormedObject.json;IN_DELETE
2026-10-04T14:27:39.956134Z;/home/runner/work/JSON-java/JSON-java/target/test-classes;jsonpointer-testdoc.json;IN_DELETE
2026-10-04T14:27:39.956397Z;/home/runner/work/JSON-java/JSON-java/target/test-classes;compliantJsonObject.json;IN_DELETE
2026-10-04T14:27:39.956628Z;/home/runner/work/JSON-java/JSON-java/target/test-classes;Issue593.json;IN_DELETE
2026-10-04T14:27:39.956878Z;/home/runner/work/JSON-java/JSON-java/target/test-classes;Issue537.xml;IN_DELETE
2026-10-04T14:27:39.957114Z;/home/runner/work/JSON-java/JSON-java/target/test-classes;Issue537.json;IN_DELETE
2026-10-04T14:27:39.957336Z;/home/runner/work/JSON-java/JSON-java/target/test-classes;org;IN_ACCESS,IN_ISDIR
2026-10-04T14:27:39.957582Z;/home/runner/work/JSON-java/JSON-java/target/test-classes/org;;IN_ACCESS,IN_ISDIR
2026-10-04T14:27:39.957816Z;/home/runner/work/JSON-java/JSON-java/target/test-classes;org;IN_ACCESS,IN_ISDIR
2026-10-04T14:27:39.958046Z;/home/runner/work/JSON-java/JSON-java/target/test-classes/org;;IN_ACCESS,IN_ISDIR
2026-10-04T14:27:39.958280Z;/home/runner/work/JSON-java/JSON-java/target/test-classes/org;json;IN_ACCESS,IN_ISDIR
2026-10-04T14:27:39.958550Z;/home/runner/work/JSON-java/JSON-java/target/test-classes/org/json;;IN_ACCESS,IN_ISDIR
2026-10-04T14:27:39.958781Z;/home/runner/work/JSON-java/JSON-java/target/test-classes/org;json;IN_ACCESS,IN_ISDIR
2026-10-04T14:27:39.959030Z;/home/runner/work/JSON-java/JSON-java/target/test-classes/org/json;;IN_ACCESS,IN_ISDIR
2026-10-04T14:27:39.959466Z;/home/runner/work/JSON-java/JSON-java/target/test-classes/org/json;junit;IN_ACCESS,IN_ISDIR
2026-10-04T14:27:39.959741Z;/home/runner/work/JSON-java/JSON-java/target/test-classes/org/json/junit;;IN_ACCESS,IN_ISDIR
2026-10-04T14:27:39.960009Z;/home/runner/work/JSON-java/JSON-java/target/test-classes/org/json;junit;IN_ACCESS,IN_ISDIR
2026-10-04T14:27:39.960285Z;/home/runner/work/JSON-java/JSON-java/target/test-classes/org/json/junit;;IN_ACCESS,IN_ISDIR
2026-10-04T14:27:39.960522Z;/home/runner/work/JSON-java/JSON-java/target/test-classes/org/json/junit;CookieTest.class;IN_DELETE
2026-10-04T14:27:39.960771Z;/home/runner/work/JSON-java/JSON-java/target/test-classes/org/json/junit;HTTPTokenerTest.class;IN_DELETE
2026-10-04T14:27:39.961002Z;/home/runner/work/JSON-java/JSON-java/target/test-classes/org/json/junit;EnumTest.class;IN_DELETE
2026-10-04T14:27:39.961247Z;/home/runner/work/JSON-java/JSON-java/target/test-classes/org/json/junit;JSONStringerTest.class;IN_DELETE
2026-10-04T14:27:39.961471Z;/home/runner/work/JSON-java/JSON-java/target/test-classes/org/json/junit;JSONArrayTest$1.class;IN_DELETE
2026-10-04T14:27:39.961698Z;/home/runner/work/JSON-java/JSON-java/target/test-classes/org/json/junit;XMLTest$4.class;IN_DELETE
2026-10-04T14:27:39.961916Z;/home/runner/work/JSON-java/JSON-java/target/test-classes/org/json/junit;XMLTest.class;IN_DELETE
2026-10-04T14:27:39.962129Z;/home/runner/work/JSON-java/JSON-java/target/test-classes/org/json/junit;StringBuilderWriterTest.class;IN_DELETE
2026-10-04T14:27:39.962374Z;/home/runner/work/JSON-java/JSON-java/target/test-classes/org/json/junit;JSONMLTest.class;IN_DELETE
2026-10-04T14:27:39.962810Z;/home/runner/work/JSON-java/JSON-java/target/test-classes/org/json/junit;XMLTest$6.class;IN_DELETE
2026-10-04T14:27:39.963054Z;/home/runner/work/JSON-java/JSON-java/target/test-classes/org/json/junit;JSONStringTest$NullStringValue.class;IN_DELETE
2026-10-04T14:27:39.963305Z;/home/runner/work/JSON-java/JSON-java/target/test-classes/org/json/junit;JSONArrayTest.class;IN_DELETE
2026-10-04T14:27:39.963666Z;/home/runner/work/JSON-java/JSON-java/target/test-classes/org/json/junit;JSONObjectLocaleTest.class;IN_DELETE
2026-10-04T14:27:39.963909Z;/home/runner/work/JSON-java/JSON-java/target/test-classes/org/json/junit;XMLTest$2.class;IN_DELETE
2026-10-04T14:27:39.964300Z;/home/runner/work/JSON-java/JSON-java/target/test-classes/org/json/junit;JSONStringTest$JSONStringExceptionValue.class;IN_DELETE
2026-10-04T14:27:39.964538Z;/home/runner/work/JSON-java/JSON-java/target/test-classes/org/json/junit;JSONObjectTest.class;IN_DELETE
2026-10-04T14:27:39.964753Z;/home/runner/work/JSON-java/JSON-java/target/test-classes/org/json/junit;JSONStringTest$StringValue.class;IN_DELETE
2026-10-04T14:27:39.964966Z;/home/runner/work/JSON-java/JSON-java/target/test-classes/org/json/junit;JSONStringTest.class;IN_DELETE
2026-10-04T14:27:39.965186Z;/home/runner/work/JSON-java/JSON-java/target/test-classes/org/json/junit;PropertyTest.class;IN_DELETE
2026-10-04T14:27:39.965433Z;/home/runner/work/JSON-java/JSON-java/target/test-classes/org/json/junit;XMLTest$7.class;IN_DELETE
2026-10-04T14:27:39.965653Z;/home/runner/work/JSON-java/JSON-java/target/test-classes/org/json/junit;HTTPTest.class;IN_DELETE
2026-10-04T14:27:39.965881Z;/home/runner/work/JSON-java/JSON-java/target/test-classes/org/json/junit;data;IN_ACCESS,IN_ISDIR
2026-10-04T14:27:39.966107Z;/home/runner/work/JSON-java/JSON-java/target/test-classes/org/json/junit/data;;IN_ACCESS,IN_ISDIR
2026-10-04T14:27:39.966361Z;/home/runner/work/JSON-java/JSON-java/target/test-classes/org/json/junit;data;IN_ACCESS,IN_ISDIR
2026-10-04T14:27:39.966616Z;/home/runner/work/JSON-java/JSON-java/target/test-classes/org/json/junit/data;;IN_ACCESS,IN_ISDIR
2026-10-04T14:27:39.966840Z;/home/runner/work/JSON-java/JSON-java/target/test-classes/org/json/junit/data;RecursiveBean.class;IN_DELETE
2026-10-04T14:27:39.967429Z;/home/runner/work/JSON-java/JSON-java/target/test-classes/org/json/junit/data;CustomClassJ.class;IN_DELETE
2026-10-04T14:27:39.967654Z;/home/runner/work/JSON-java/JSON-java/target/test-classes/org/json/junit/data;CustomClass.class;IN_DELETE
2026-10-04T14:27:39.967962Z;/home/runner/work/JSON-java/JSON-java/target/test-classes/org/json/junit/data;MyNumberContainer.class;IN_DELETE
2026-10-04T14:27:39.968182Z;/home/runner/work/JSON-java/JSON-java/target/test-classes/org/json/junit/data;MyEnumClass.class;IN_DELETE
2026-10-04T14:27:39.968438Z;/home/runner/work/JSON-java/JSON-java/target/test-classes/org/json/junit/data;MyEnumField.class;IN_DELETE
2026-10-04T14:27:39.968679Z;/home/runner/work/JSON-java/JSON-java/target/test-classes/org/json/junit/data;MyNumber.class;IN_DELETE
2026-10-04T14:27:39.968939Z;/home/runner/work/JSON-java/JSON-java/target/test-classes/org/json/junit/data;CustomClassI.class;IN_DELETE
2026-10-04T14:27:39.969175Z;/home/runner/work/JSON-java/JSON-java/target/test-classes/org/json/junit/data;MyPublicClass.class;IN_DELETE
2026-10-04T14:27:39.969429Z;/home/runner/work/JSON-java/JSON-java/target/test-classes/org/json/junit/data;CustomClassA.class;IN_DELETE
2026-10-04T14:27:39.969661Z;/home/runner/work/JSON-java/JSON-java/target/test-classes/org/json/junit/data;Fraction.class;IN_DELETE
2026-10-04T14:27:39.969885Z;/home/runner/work/JSON-java/JSON-java/target/test-classes/org/json/junit/data;ExceptionalBean.class;IN_DELETE
2026-10-04T14:27:39.970959Z;/home/runner/work/JSON-java/JSON-java/target/test-classes/org/json/junit/data;MyJsonString.class;IN_DELETE
2026-10-04T14:27:39.971220Z;/home/runner/work/JSON-java/JSON-java/target/test-classes/org/json/junit/data;CustomClassD.class;IN_DELETE
2026-10-04T14:27:39.971456Z;/home/runner/work/JSON-java/JSON-java/target/test-classes/org/json/junit/data;GenericBeanInt.class;IN_DELETE
2026-10-04T14:27:39.971710Z;/home/runner/work/JSON-java/JSON-java/target/test-classes/org/json/junit/data;GenericBean.class;IN_DELETE
2026-10-04T14:27:39.971934Z;/home/runner/work/JSON-java/JSON-java/target/test-classes/org/json/junit/data;RecursiveBeanEquals.class;IN_DELETE
2026-10-04T14:27:39.972159Z;/home/runner/work/JSON-java/JSON-java/target/test-classes/org/json/junit/data;Singleton.class;IN_DELETE
2026-10-04T14:27:39.972396Z;/home/runner/work/JSON-java/JSON-java/target/test-classes/org/json/junit/data;CustomClassG.class;IN_DELETE
2026-10-04T14:27:39.972758Z;/home/runner/work/JSON-java/JSON-java/target/test-classes/org/json/junit/data;MyBigNumberBean.class;IN_DELETE
2026-10-04T14:27:39.972980Z;/home/runner/work/JSON-java/JSON-java/target/test-classes/org/json/junit/data;MyBeanCustomNameInterface.class;IN_DELETE
2026-10-04T14:27:39.973215Z;/home/runner/work/JSON-java/JSON-java/target/test-classes/org/json/junit/data;ExceptionalBean$MyCloseable.class;IN_DELETE
2026-10-04T14:27:39.973468Z;/home/runner/work/JSON-java/JSON-java/target/test-classes/org/json/junit/data;CustomClassH.class;IN_DELETE
2026-10-04T14:27:39.973706Z;/home/runner/work/JSON-java/JSON-java/target/test-classes/org/json/junit/data;CustomClassF.class;IN_DELETE
2026-10-04T14:27:39.976599Z;/home/runner/work/JSON-java/JSON-java/target/test-classes/org/json/junit/data;StringsResourceBundle.class;IN_DELETE
2026-10-04T14:27:39.976837Z;/home/runner/work/JSON-java/JSON-java/target/test-classes/org/json/junit/data;MyBeanCustomNameSubClass.class;IN_DELETE
2026-10-04T14:27:39.977043Z;/home/runner/work/JSON-java/JSON-java/target/test-classes/org/json/junit/data;BrokenToString.class;IN_DELETE
2026-10-04T14:27:39.977283Z;/home/runner/work/JSON-java/JSON-java/target/test-classes/org/json/junit/data;CustomClassC.class;IN_DELETE
2026-10-04T14:27:39.977545Z;/home/runner/work/JSON-java/JSON-java/target/test-classes/org/json/junit/data;MyLocaleBean.class;IN_DELETE
2026-10-04T14:27:39.977757Z;/home/runner/work/JSON-java/JSON-java/target/test-classes/org/json/junit/data;WeirdList.class;IN_DELETE
2026-10-04T14:27:39.977965Z;/home/runner/work/JSON-java/JSON-java/target/test-classes/org/json/junit/data;PersonRecord.class;IN_DELETE
2026-10-04T14:27:39.978197Z;/home/runner/work/JSON-java/JSON-java/target/test-classes/org/json/junit/data;CustomClassB.class;IN_DELETE
2026-10-04T14:27:39.978424Z;/home/runner/work/JSON-java/JSON-java/target/test-classes/org/json/junit/data;MyBeanCustomName.class;IN_DELETE
2026-10-04T14:27:39.978774Z;/home/runner/work/JSON-java/JSON-java/target/test-classes/org/json/junit/data;MyEnum.class;IN_DELETE
2026-10-04T14:27:39.979010Z;/home/runner/work/JSON-java/JSON-java/target/test-classes/org/json/junit/data;CustomClassE.class;IN_DELETE
2026-10-04T14:27:39.979263Z;/home/runner/work/JSON-java/JSON-java/target/test-classes/org/json/junit/data;MyBean.class;IN_DELETE
2026-10-04T14:27:39.979503Z;/home/runner/work/JSON-java/JSON-java/target/test-classes/org/json/junit/data;SingletonEnum.class;IN_DELETE
2026-10-04T14:27:39.979735Z;/home/runner/work/JSON-java/JSON-java/target/test-classes/org/json/junit/data;;IN_IGNORED
2026-10-04T14:27:39.980008Z;/home/runner/work/JSON-java/JSON-java/target/test-classes/org/json/junit;data;IN_DELETE,IN_ISDIR
2026-10-04T14:27:39.981289Z;/home/runner/work/JSON-java/JSON-java/target/test-classes/org/json/junit;XMLConfigurationTest.class;IN_DELETE
2026-10-04T14:27:39.981615Z;/home/runner/work/JSON-java/JSON-java/target/test-classes/org/json/junit;JSONPointerTest.class;IN_DELETE
2026-10-04T14:27:39.982598Z;/home/runner/work/JSON-java/JSON-java/target/test-classes/org/json/junit;JSONStringTest$JSONStringValue.class;IN_DELETE
2026-10-04T14:27:39.983019Z;/home/runner/work/JSON-java/JSON-java/target/test-classes/org/json/junit;JSONStringTest$1.class;IN_DELETE
2026-10-04T14:27:39.983288Z;/home/runner/work/JSON-java/JSON-java/target/test-classes/org/json/junit;JSONObjectNumberTest.class;IN_DELETE
2026-10-04T14:27:39.983527Z;/home/runner/work/JSON-java/JSON-java/target/test-classes/org/json/junit;Util.class;IN_DELETE
2026-10-04T14:27:39.983745Z;/home/runner/work/JSON-java/JSON-java/target/test-classes/org/json/junit;XMLTokenerTest.class;IN_DELETE
2026-10-04T14:27:39.984094Z;/home/runner/work/JSON-java/JSON-java/target/test-classes/org/json/junit;CookieListTest.class;IN_DELETE
2026-10-04T14:27:39.984349Z;/home/runner/work/JSON-java/JSON-java/target/test-classes/org/json/junit;JSONParserConfigurationTest.class;IN_DELETE
2026-10-04T14:27:39.987444Z;/home/runner/work/JSON-java/JSON-java/target/test-classes/org/json/junit;JSONObjectRecordTest.class;IN_DELETE
2026-10-04T14:27:39.987765Z;/home/runner/work/JSON-java/JSON-java/target/test-classes/org/json/junit;JSONObjectTest$1.class;IN_DELETE
2026-10-04T14:27:39.987988Z;/home/runner/work/JSON-java/JSON-java/target/test-classes/org/json/junit;JSONObjectTest$2.class;IN_DELETE
2026-10-04T14:27:39.988254Z;/home/runner/work/JSON-java/JSON-java/target/test-classes/org/json/junit;JSONStringTest$JSONNullStringValue.class;IN_DELETE
2026-10-04T14:27:39.988487Z;/home/runner/work/JSON-java/JSON-java/target/test-classes/org/json/junit;CDLTest.class;IN_DELETE
2026-10-04T14:27:39.988730Z;/home/runner/work/JSON-java/JSON-java/target/test-classes/org/json/junit;XMLTest$5.class;IN_DELETE
2026-10-04T14:27:39.988938Z;/home/runner/work/JSON-java/JSON-java/target/test-classes/org/json/junit;XMLTest$3.class;IN_DELETE
2026-10-04T14:27:39.989152Z;/home/runner/work/JSON-java/JSON-java/target/test-classes/org/json/junit;XMLTest$1.class;IN_DELETE
2026-10-04T14:27:39.989404Z;/home/runner/work/JSON-java/JSON-java/target/test-classes/org/json/junit;JSONStringTest$MyEnum.class;IN_DELETE
2026-10-04T14:27:39.989631Z;/home/runner/work/JSON-java/JSON-java/target/test-classes/org/json/junit;JSONTokenerTest.class;IN_DELETE
2026-10-04T14:27:39.989858Z;/home/runner/work/JSON-java/JSON-java/target/test-classes/org/json/junit;;IN_IGNORED
2026-10-04T14:27:39.990130Z;/home/runner/work/JSON-java/JSON-java/target/test-classes/org/json;junit;IN_DELETE,IN_ISDIR
2026-10-04T14:27:39.990360Z;/home/runner/work/JSON-java/JSON-java/target/test-classes/org/json;;IN_IGNORED
2026-10-04T14:27:39.990592Z;/home/runner/work/JSON-java/JSON-java/target/test-classes/org;json;IN_DELETE,IN_ISDIR
2026-10-04T14:27:39.990816Z;/home/runner/work/JSON-java/JSON-java/target/test-classes/org;;IN_IGNORED
2026-10-04T14:27:39.991073Z;/home/runner/work/JSON-java/JSON-java/target/test-classes;org;IN_DELETE,IN_ISDIR
2026-10-04T14:27:39.991571Z;/home/runner/work/JSON-java/JSON-java/target/test-classes;;IN_IGNORED
2026-10-04T14:27:39.991840Z;/home/runner/work/JSON-java/JSON-java/target;test-classes;IN_DELETE,IN_ISDIR
2026-10-04T14:27:39.992090Z;/home/runner/work/JSON-java/JSON-java/target;generated-test-sources;IN_ACCESS,IN_ISDIR
2026-10-04T14:27:39.992918Z;/home/runner/work/JSON-java/JSON-java/target/generated-test-sources;;IN_ACCESS,IN_ISDIR
2026-10-04T14:27:39.993193Z;/home/runner/work/JSON-java/JSON-java/target;generated-test-sources;IN_ACCESS,IN_ISDIR
2026-10-04T14:27:39.993434Z;/home/runner/work/JSON-java/JSON-java/target/generated-test-sources;;IN_ACCESS,IN_ISDIR
2026-10-04T14:27:39.993665Z;/home/runner/work/JSON-java/JSON-java/target/generated-test-sources;test-annotations;IN_ACCESS,IN_ISDIR
2026-10-04T14:27:39.993898Z;/home/runner/work/JSON-java/JSON-java/target/generated-test-sources/test-annotations;;IN_ACCESS,IN_ISDIR
2026-10-04T14:27:39.994123Z;/home/runner/work/JSON-java/JSON-java/target/generated-test-sources;test-annotations;IN_ACCESS,IN_ISDIR
2026-10-04T14:27:39.994329Z;/home/runner/work/JSON-java/JSON-java/target/generated-test-sources/test-annotations;;IN_ACCESS,IN_ISDIR
2026-10-04T14:27:39.994550Z;/home/runner/work/JSON-java/JSON-java/target/generated-test-sources/test-annotations;;IN_IGNORED
2026-10-04T14:27:39.994802Z;/home/runner/work/JSON-java/JSON-java/target/generated-test-sources;test-annotations;IN_DELETE,IN_ISDIR
2026-10-04T14:27:39.995052Z;/home/runner/work/JSON-java/JSON-java/target/generated-test-sources;;IN_IGNORED
2026-10-04T14:27:39.995435Z;/home/runner/work/JSON-java/JSON-java/target;generated-test-sources;IN_DELETE,IN_ISDIR
2026-10-04T14:27:39.995675Z;/home/runner/work/JSON-java/JSON-java/target;surefire-reports;IN_ACCESS,IN_ISDIR
2026-10-04T14:27:39.996077Z;/home/runner/work/JSON-java/JSON-java/target/surefire-reports;;IN_ACCESS,IN_ISDIR
2026-10-04T14:27:39.996535Z;/home/runner/work/JSON-java/JSON-java/target;surefire-reports;IN_ACCESS,IN_ISDIR
2026-10-04T14:27:39.996798Z;/home/runner/work/JSON-java/JSON-java/target/surefire-reports;;IN_ACCESS,IN_ISDIR
2026-10-04T14:27:39.997079Z;/home/runner/work/JSON-java/JSON-java/target/surefire-reports;org.json.junit.JSONPointerTest.txt;IN_DELETE
2026-10-04T14:27:39.997438Z;/home/runner/work/JSON-java/JSON-java/target/surefire-reports;org.json.junit.CookieListTest.txt;IN_DELETE
2026-10-04T14:27:39.997705Z;/home/runner/work/JSON-java/JSON-java/target/surefire-reports;org.json.junit.HTTPTest.txt;IN_DELETE
2026-10-04T14:27:39.997939Z;/home/runner/work/JSON-java/JSON-java/target/surefire-reports;TEST-org.json.junit.HTTPTokenerTest.xml;IN_DELETE
2026-10-04T14:27:39.998189Z;/home/runner/work/JSON-java/JSON-java/target/surefire-reports;org.json.junit.JSONObjectTest.txt;IN_DELETE
2026-10-04T14:27:39.999757Z;/home/runner/work/JSON-java/JSON-java/target/surefire-reports;TEST-org.json.junit.JSONTokenerTest.xml;IN_DELETE
2026-10-04T14:27:40.000664Z;/home/runner/work/JSON-java/JSON-java/target/surefire-reports;org.json.junit.CDLTest.txt;IN_DELETE
2026-10-04T14:27:40.001066Z;/home/runner/work/JSON-java/JSON-java/target/surefire-reports;TEST-org.json.junit.JSONPointerTest.xml;IN_DELETE
2026-10-04T14:27:40.001567Z;/home/runner/work/JSON-java/JSON-java/target/surefire-reports;TEST-org.json.junit.EnumTest.xml;IN_DELETE
2026-10-04T14:27:40.001948Z;/home/runner/work/JSON-java/JSON-java/target/surefire-reports;org.json.junit.XMLTokenerTest.txt;IN_DELETE
2026-10-04T14:27:40.002186Z;/home/runner/work/JSON-java/JSON-java/target/surefire-reports;TEST-org.json.junit.JSONStringTest.xml;IN_DELETE
2026-10-04T14:27:40.002406Z;/home/runner/work/JSON-java/JSON-java/target/surefire-reports;TEST-org.json.junit.JSONObjectRecordTest.xml;IN_DELETE
2026-10-04T14:27:40.002669Z;/home/runner/work/JSON-java/JSON-java/target/surefire-reports;TEST-org.json.junit.CDLTest.xml;IN_DELETE
2026-10-04T14:27:40.002931Z;/home/runner/work/JSON-java/JSON-java/target/surefire-reports;org.json.junit.JSONTokenerTest.txt;IN_DELETE
2026-10-04T14:27:40.003146Z;/home/runner/work/JSON-java/JSON-java/target/surefire-reports;org.json.junit.XMLConfigurationTest.txt;IN_DELETE
2026-10-04T14:27:40.003424Z;/home/runner/work/JSON-java/JSON-java/target/surefire-reports;org.json.junit.JSONStringTest.txt;IN_DELETE
2026-10-04T14:27:40.003666Z;/home/runner/work/JSON-java/JSON-java/target/surefire-reports;TEST-org.json.junit.JSONParserConfigurationTest.xml;IN_DELETE
2026-10-04T14:27:40.003882Z;/home/runner/work/JSON-java/JSON-java/target/surefire-reports;TEST-org.json.junit.JSONObjectNumberTest.xml;IN_DELETE
2026-10-04T14:27:40.004108Z;/home/runner/work/JSON-java/JSON-java/target/surefire-reports;org.json.junit.StringBuilderWriterTest.txt;IN_DELETE
2026-10-04T14:27:40.004327Z;/home/runner/work/JSON-java/JSON-java/target/surefire-reports;TEST-org.json.junit.JSONObjectTest.xml;IN_DELETE
2026-10-04T14:27:40.004536Z;/home/runner/work/JSON-java/JSON-java/target/surefire-reports;org.json.junit.JSONObjectRecordTest.txt;IN_DELETE
2026-10-04T14:27:40.004755Z;/home/runner/work/JSON-java/JSON-java/target/surefire-reports;TEST-org.json.junit.JSONArrayTest.xml;IN_DELETE
2026-10-04T14:27:40.005532Z;/home/runner/work/JSON-java/JSON-java/target/surefire-reports;TEST-org.json.junit.CookieTest.xml;IN_DELETE
2026-10-04T14:27:40.007562Z;/home/runner/work/JSON-java/JSON-java/target/surefire-reports;org.json.junit.PropertyTest.txt;IN_DELETE
2026-10-04T14:27:40.007820Z;/home/runner/work/JSON-java/JSON-java/target/surefire-reports;TEST-org.json.junit.JSONMLTest.xml;IN_DELETE
2026-10-04T14:27:40.008050Z;/home/runner/work/JSON-java/JSON-java/target/surefire-reports;org.json.junit.EnumTest.txt;IN_DELETE
2026-10-04T14:27:40.008277Z;/home/runner/work/JSON-java/JSON-java/target/surefire-reports;TEST-org.json.junit.HTTPTest.xml;IN_DELETE
2026-10-04T14:27:40.008528Z;/home/runner/work/JSON-java/JSON-java/target/surefire-reports;org.json.junit.JSONObjectNumberTest.txt;IN_DELETE
2026-10-04T14:27:40.008743Z;/home/runner/work/JSON-java/JSON-java/target/surefire-reports;org.json.junit.CookieTest.txt;IN_DELETE
2026-10-04T14:27:40.008954Z;/home/runner/work/JSON-java/JSON-java/target/surefire-reports;org.json.junit.JSONArrayTest.txt;IN_DELETE
2026-10-04T14:27:40.009548Z;/home/runner/work/JSON-java/JSON-java/target/surefire-reports;TEST-org.json.junit.XMLConfigurationTest.xml;IN_DELETE
2026-10-04T14:27:40.009781Z;/home/runner/work/JSON-java/JSON-java/target/surefire-reports;org.json.junit.XMLTest.txt;IN_DELETE
2026-10-04T14:27:40.010028Z;/home/runner/work/JSON-java/JSON-java/target/surefire-reports;TEST-org.json.junit.JSONObjectLocaleTest.xml;IN_DELETE
2026-10-04T14:27:40.010418Z;/home/runner/work/JSON-java/JSON-java/target/surefire-reports;TEST-org.json.junit.CookieListTest.xml;IN_DELETE
2026-10-04T14:27:40.010712Z;/home/runner/work/JSON-java/JSON-java/target/surefire-reports;org.json.junit.JSONParserConfigurationTest.txt;IN_DELETE
2026-10-04T14:27:40.011007Z;/home/runner/work/JSON-java/JSON-java/target/surefire-reports;TEST-org.json.junit.JSONStringerTest.xml;IN_DELETE
2026-10-04T14:27:40.011271Z;/home/runner/work/JSON-java/JSON-java/target/surefire-reports;TEST-org.json.junit.XMLTest.xml;IN_DELETE
2026-10-04T14:27:40.011553Z;/home/runner/work/JSON-java/JSON-java/target/surefire-reports;org.json.junit.JSONStringerTest.txt;IN_DELETE
2026-10-04T14:27:40.011807Z;/home/runner/work/JSON-java/JSON-java/target/surefire-reports;org.json.junit.JSONObjectLocaleTest.txt;IN_DELETE
2026-10-04T14:27:40.012077Z;/home/runner/work/JSON-java/JSON-java/target/surefire-reports;org.json.junit.HTTPTokenerTest.txt;IN_DELETE
2026-10-04T14:27:40.012333Z;/home/runner/work/JSON-java/JSON-java/target/surefire-reports;TEST-org.json.junit.PropertyTest.xml;IN_DELETE
2026-10-04T14:27:40.012690Z;/home/runner/work/JSON-java/JSON-java/target/surefire-reports;TEST-org.json.junit.StringBuilderWriterTest.xml;IN_DELETE
2026-10-04T14:27:40.012970Z;/home/runner/work/JSON-java/JSON-java/target/surefire-reports;TEST-org.json.junit.XMLTokenerTest.xml;IN_DELETE
2026-10-04T14:27:40.013231Z;/home/runner/work/JSON-java/JSON-java/target/surefire-reports;org.json.junit.JSONMLTest.txt;IN_DELETE
2026-10-04T14:27:40.013475Z;/home/runner/work/JSON-java/JSON-java/target/surefire-reports;;IN_IGNORED
2026-10-04T14:27:40.013877Z;/home/runner/work/JSON-java/JSON-java/target;surefire-reports;IN_DELETE,IN_ISDIR
2026-10-04T14:27:40.014149Z;/home/runner/work/JSON-java/JSON-java/target;reports;IN_ACCESS,IN_ISDIR
2026-10-04T14:27:40.014405Z;/home/runner/work/JSON-java/JSON-java/target/reports;;IN_ACCESS,IN_ISDIR
2026-10-04T14:27:40.014635Z;/home/runner/work/JSON-java/JSON-java/target;reports;IN_ACCESS,IN_ISDIR
2026-10-04T14:27:40.014894Z;/home/runner/work/JSON-java/JSON-java/target/reports;;IN_ACCESS,IN_ISDIR
2026-10-04T14:27:40.015542Z;/home/runner/work/JSON-java/JSON-java/target/reports;fonts;IN_ACCESS,IN_ISDIR
2026-10-04T14:27:40.015832Z;/home/runner/work/JSON-java/JSON-java/target/reports/fonts;;IN_ACCESS,IN_ISDIR
2026-10-04T14:27:40.016099Z;/home/runner/work/JSON-java/JSON-java/target/reports;fonts;IN_ACCESS,IN_ISDIR
2026-10-04T14:27:40.016359Z;/home/runner/work/JSON-java/JSON-java/target/reports/fonts;;IN_ACCESS,IN_ISDIR
2026-10-04T14:27:40.016703Z;/home/runner/work/JSON-java/JSON-java/target/reports/fonts;glyphicons-halflings-regular.eot;IN_DELETE
2026-10-04T14:27:40.017063Z;/home/runner/work/JSON-java/JSON-java/target/reports/fonts;glyphicons-halflings-regular.svg;IN_DELETE
2026-10-04T14:27:40.017308Z;/home/runner/work/JSON-java/JSON-java/target/reports/fonts;glyphicons-halflings-regular.woff;IN_DELETE
2026-10-04T14:27:40.017562Z;/home/runner/work/JSON-java/JSON-java/target/reports/fonts;glyphicons-halflings-regular.ttf;IN_DELETE
2026-10-04T14:27:40.017808Z;/home/runner/work/JSON-java/JSON-java/target/reports/fonts;;IN_IGNORED
2026-10-04T14:27:40.018934Z;/home/runner/work/JSON-java/JSON-java/target/reports;fonts;IN_DELETE,IN_ISDIR
2026-10-04T14:27:40.019205Z;/home/runner/work/JSON-java/JSON-java/target/reports;images;IN_ACCESS,IN_ISDIR
2026-10-04T14:27:40.019456Z;/home/runner/work/JSON-java/JSON-java/target/reports/images;;IN_ACCESS,IN_ISDIR
2026-10-04T14:27:40.019726Z;/home/runner/work/JSON-java/JSON-java/target/reports;images;IN_ACCESS,IN_ISDIR
2026-10-04T14:27:40.019989Z;/home/runner/work/JSON-java/JSON-java/target/reports/images;;IN_ACCESS,IN_ISDIR
2026-10-04T14:27:40.020391Z;/home/runner/work/JSON-java/JSON-java/target/reports/images;image-x-generic.png;IN_DELETE
2026-10-04T14:27:40.020672Z;/home/runner/work/JSON-java/JSON-java/target/reports/images;rss.png;IN_DELETE
2026-10-04T14:27:40.020916Z;/home/runner/work/JSON-java/JSON-java/target/reports/images;icon_help_sml.gif;IN_DELETE
2026-10-04T14:27:40.021184Z;/home/runner/work/JSON-java/JSON-java/target/reports/images;contact-new.png;IN_DELETE
2026-10-04T14:27:40.022423Z;/home/runner/work/JSON-java/JSON-java/target/reports/images;document-properties.png;IN_DELETE
2026-10-04T14:27:40.026052Z;/home/runner/work/JSON-java/JSON-java/target/reports/images;application-certificate.png;IN_DELETE
2026-10-04T14:27:40.026376Z;/home/runner/work/JSON-java/JSON-java/target/reports/images;profiles;IN_ACCESS,IN_ISDIR
2026-10-04T14:27:40.026649Z;/home/runner/work/JSON-java/JSON-java/target/reports/images/profiles;;IN_ACCESS,IN_ISDIR
2026-10-04T14:27:40.026921Z;/home/runner/work/JSON-java/JSON-java/target/reports/images;profiles;IN_ACCESS,IN_ISDIR
2026-10-04T14:27:40.027175Z;/home/runner/work/JSON-java/JSON-java/target/reports/images/profiles;;IN_ACCESS,IN_ISDIR
2026-10-04T14:27:40.027427Z;/home/runner/work/JSON-java/JSON-java/target/reports/images/profiles;retired.png;IN_DELETE
2026-10-04T14:27:40.027668Z;/home/runner/work/JSON-java/JSON-java/target/reports/images/profiles;sandbox.png;IN_DELETE
2026-10-04T14:27:40.027906Z;/home/runner/work/JSON-java/JSON-java/target/reports/images/profiles;pre-release.png;IN_DELETE
2026-10-04T14:27:40.028214Z;/home/runner/work/JSON-java/JSON-java/target/reports/images/profiles;;IN_IGNORED
2026-10-04T14:27:40.028464Z;/home/runner/work/JSON-java/JSON-java/target/reports/images;profiles;IN_DELETE,IN_ISDIR
2026-10-04T14:27:40.028699Z;/home/runner/work/JSON-java/JSON-java/target/reports/images;update.gif;IN_DELETE
2026-10-04T14:27:40.028941Z;/home/runner/work/JSON-java/JSON-java/target/reports/images;logos;IN_ACCESS,IN_ISDIR
2026-10-04T14:27:40.029249Z;/home/runner/work/JSON-java/JSON-java/target/reports/images/logos;;IN_ACCESS,IN_ISDIR
2026-10-04T14:27:40.029459Z;/home/runner/work/JSON-java/JSON-java/target/reports/images;logos;IN_ACCESS,IN_ISDIR
2026-10-04T14:27:40.029716Z;/home/runner/work/JSON-java/JSON-java/target/reports/images/logos;;IN_ACCESS,IN_ISDIR
2026-10-04T14:27:40.029960Z;/home/runner/work/JSON-java/JSON-java/target/reports/images/logos;build-by-maven-black.png;IN_DELETE
2026-10-04T14:27:40.030163Z;/home/runner/work/JSON-java/JSON-java/target/reports/images/logos;maven-feather.png;IN_DELETE
2026-10-04T14:27:40.030356Z;/home/runner/work/JSON-java/JSON-java/target/reports/images/logos;build-by-maven-white.png;IN_DELETE
2026-10-04T14:27:40.030546Z;/home/runner/work/JSON-java/JSON-java/target/reports/images/logos;;IN_IGNORED
2026-10-04T14:27:40.030785Z;/home/runner/work/JSON-java/JSON-java/target/reports/images;logos;IN_DELETE,IN_ISDIR
2026-10-04T14:27:40.030997Z;/home/runner/work/JSON-java/JSON-java/target/reports/images;drive-harddisk.png;IN_DELETE
2026-10-04T14:27:40.031214Z;/home/runner/work/JSON-java/JSON-java/target/reports/images;add.gif;IN_DELETE
2026-10-04T14:27:40.031430Z;/home/runner/work/JSON-java/JSON-java/target/reports/images;internet-web-browser.png;IN_DELETE
2026-10-04T14:27:40.031638Z;/home/runner/work/JSON-java/JSON-java/target/reports/images;fix.gif;IN_DELETE
2026-10-04T14:27:40.031847Z;/home/runner/work/JSON-java/JSON-java/target/reports/images;accessories-text-editor.png;IN_DELETE
2026-10-04T14:27:40.032330Z;/home/runner/work/JSON-java/JSON-java/target/reports/images;remove.gif;IN_DELETE
2026-10-04T14:27:40.032725Z;/home/runner/work/JSON-java/JSON-java/target/reports/images;package-x-generic.png;IN_DELETE
2026-10-04T14:27:40.032949Z;/home/runner/work/JSON-java/JSON-java/target/reports/images;icon_info_sml.gif;IN_DELETE
2026-10-04T14:27:40.033167Z;/home/runner/work/JSON-java/JSON-java/target/reports/images;icon_warning_sml.gif;IN_DELETE
2026-10-04T14:27:40.033395Z;/home/runner/work/JSON-java/JSON-java/target/reports/images;network-server.png;IN_DELETE
2026-10-04T14:27:40.033612Z;/home/runner/work/JSON-java/JSON-java/target/reports/images;window-new.png;IN_DELETE
2026-10-04T14:27:40.033822Z;/home/runner/work/JSON-java/JSON-java/target/reports/images;icon_success_sml.gif;IN_DELETE
2026-10-04T14:27:40.034066Z;/home/runner/work/JSON-java/JSON-java/target/reports/images;apache-maven-project-2.png;IN_DELETE
2026-10-04T14:27:40.034276Z;/home/runner/work/JSON-java/JSON-java/target/reports/images;icon_error_sml.gif;IN_DELETE
2026-10-04T14:27:40.034521Z;/home/runner/work/JSON-java/JSON-java/target/reports/images;;IN_IGNORED
2026-10-04T14:27:40.034788Z;/home/runner/work/JSON-java/JSON-java/target/reports;images;IN_DELETE,IN_ISDIR
2026-10-04T14:27:40.035033Z;/home/runner/work/JSON-java/JSON-java/target/reports;img;IN_ACCESS,IN_ISDIR
2026-10-04T14:27:40.035268Z;/home/runner/work/JSON-java/JSON-java/target/reports/img;;IN_ACCESS,IN_ISDIR
2026-10-04T14:27:40.035527Z;/home/runner/work/JSON-java/JSON-java/target/reports;img;IN_ACCESS,IN_ISDIR
2026-10-04T14:27:40.035767Z;/home/runner/work/JSON-java/JSON-java/target/reports/img;;IN_ACCESS,IN_ISDIR
2026-10-04T14:27:40.036007Z;/home/runner/work/JSON-java/JSON-java/target/reports/img;glyphicons-halflings-white.png;IN_DELETE
2026-10-04T14:27:40.036267Z;/home/runner/work/JSON-java/JSON-java/target/reports/img;glyphicons-halflings.png;IN_DELETE
2026-10-04T14:27:40.036510Z;/home/runner/work/JSON-java/JSON-java/target/reports/img;;IN_IGNORED
2026-10-04T14:27:40.036746Z;/home/runner/work/JSON-java/JSON-java/target/reports;img;IN_DELETE,IN_ISDIR
2026-10-04T14:27:40.036978Z;/home/runner/work/JSON-java/JSON-java/target/reports;css;IN_ACCESS,IN_ISDIR
2026-10-04T14:27:40.037211Z;/home/runner/work/JSON-java/JSON-java/target/reports/css;;IN_ACCESS,IN_ISDIR
2026-10-04T14:27:40.037445Z;/home/runner/work/JSON-java/JSON-java/target/reports;css;IN_ACCESS,IN_ISDIR
2026-10-04T14:27:40.038230Z;/home/runner/work/JSON-java/JSON-java/target/reports/css;;IN_ACCESS,IN_ISDIR
2026-10-04T14:27:40.039411Z;/home/runner/work/JSON-java/JSON-java/target/reports/css;apache-maven-fluido-2.0.0-M9.min.css;IN_DELETE
2026-10-04T14:27:40.039621Z;/home/runner/work/JSON-java/JSON-java/target/reports/css;site.css;IN_DELETE
2026-10-04T14:27:40.039817Z;/home/runner/work/JSON-java/JSON-java/target/reports/css;print.css;IN_DELETE
2026-10-04T14:27:40.040000Z;/home/runner/work/JSON-java/JSON-java/target/reports/css;;IN_IGNORED
2026-10-04T14:27:40.040182Z;/home/runner/work/JSON-java/JSON-java/target/reports;css;IN_DELETE,IN_ISDIR
2026-10-04T14:27:40.040365Z;/home/runner/work/JSON-java/JSON-java/target/reports;surefire.html;IN_DELETE
2026-10-04T14:27:40.040569Z;/home/runner/work/JSON-java/JSON-java/target/reports;js;IN_ACCESS,IN_ISDIR
2026-10-04T14:27:40.040758Z;/home/runner/work/JSON-java/JSON-java/target/reports/js;;IN_ACCESS,IN_ISDIR
2026-10-04T14:27:40.040939Z;/home/runner/work/JSON-java/JSON-java/target/reports;js;IN_ACCESS,IN_ISDIR
2026-10-04T14:27:40.041123Z;/home/runner/work/JSON-java/JSON-java/target/reports/js;;IN_ACCESS,IN_ISDIR
2026-10-04T14:27:40.041305Z;/home/runner/work/JSON-java/JSON-java/target/reports/js;apache-maven-fluido-2.0.0-M9.min.js;IN_DELETE
2026-10-04T14:27:40.041494Z;/home/runner/work/JSON-java/JSON-java/target/reports/js;;IN_IGNORED
2026-10-04T14:27:40.041688Z;/home/runner/work/JSON-java/JSON-java/target/reports;js;IN_DELETE,IN_ISDIR
2026-10-04T14:27:40.041901Z;/home/runner/work/JSON-java/JSON-java/target/reports;;IN_IGNORED
2026-10-04T14:27:40.042118Z;/home/runner/work/JSON-java/JSON-java/target;reports;IN_DELETE,IN_ISDIR
2026-10-04T14:27:40.042344Z;/home/runner/work/JSON-java/JSON-java/target;site;IN_ACCESS,IN_ISDIR
2026-10-04T14:27:40.042568Z;/home/runner/work/JSON-java/JSON-java/target/site;;IN_ACCESS,IN_ISDIR
2026-10-04T14:27:40.042799Z;/home/runner/work/JSON-java/JSON-java/target;site;IN_ACCESS,IN_ISDIR
2026-10-04T14:27:40.043009Z;/home/runner/work/JSON-java/JSON-java/target/site;;IN_ACCESS,IN_ISDIR
2026-10-04T14:27:40.043207Z;/home/runner/work/JSON-java/JSON-java/target/site;images;IN_ACCESS,IN_ISDIR
2026-10-04T14:27:40.057099Z;/home/runner/work/JSON-java/JSON-java/target/site/images;;IN_ACCESS,IN_ISDIR
2026-10-04T14:27:40.057375Z;/home/runner/work/JSON-java/JSON-java/target/site;images;IN_ACCESS,IN_ISDIR
2026-10-04T14:27:40.057597Z;/home/runner/work/JSON-java/JSON-java/target/site/images;;IN_ACCESS,IN_ISDIR
2026-10-04T14:27:40.057818Z;/home/runner/work/JSON-java/JSON-java/target/site/images;external.png;IN_DELETE
2026-10-04T14:27:40.058037Z;/home/runner/work/JSON-java/JSON-java/target/site/images;newwindow.png;IN_DELETE
2026-10-04T14:27:40.058277Z;/home/runner/work/JSON-java/JSON-java/target/site/images;collapsed.gif;IN_DELETE
2026-10-04T14:27:40.058545Z;/home/runner/work/JSON-java/JSON-java/target/site/images;logos;IN_ACCESS,IN_ISDIR
2026-10-04T14:27:40.058806Z;/home/runner/work/JSON-java/JSON-java/target/site/images/logos;;IN_ACCESS,IN_ISDIR
2026-10-04T14:27:40.059084Z;/home/runner/work/JSON-java/JSON-java/target/site/images;logos;IN_ACCESS,IN_ISDIR
2026-10-04T14:27:40.059932Z;/home/runner/work/JSON-java/JSON-java/target/site/images/logos;;IN_ACCESS,IN_ISDIR
2026-10-04T14:27:40.060224Z;/home/runner/work/JSON-java/JSON-java/target/site/images/logos;build-by-maven-black.png;IN_DELETE
2026-10-04T14:27:40.060489Z;/home/runner/work/JSON-java/JSON-java/target/site/images/logos;maven-feather.png;IN_DELETE
2026-10-04T14:27:40.060733Z;/home/runner/work/JSON-java/JSON-java/target/site/images/logos;build-by-maven-white.png;IN_DELETE
2026-10-04T14:27:40.061003Z;/home/runner/work/JSON-java/JSON-java/target/site/images/logos;;IN_IGNORED
2026-10-04T14:27:40.062569Z;/home/runner/work/JSON-java/JSON-java/target/site/images;logos;IN_DELETE,IN_ISDIR
2026-10-04T14:27:40.062856Z;/home/runner/work/JSON-java/JSON-java/target/site/images;expanded.gif;IN_DELETE
2026-10-04T14:27:40.065109Z;/home/runner/work/JSON-java/JSON-java/target/site/images;icon_info_sml.gif;IN_DELETE
2026-10-04T14:27:40.065395Z;/home/runner/work/JSON-java/JSON-java/target/site/images;icon_warning_sml.gif;IN_DELETE
2026-10-04T14:27:40.065735Z;/home/runner/work/JSON-java/JSON-java/target/site/images;icon_success_sml.gif;IN_DELETE
2026-10-04T14:27:40.065954Z;/home/runner/work/JSON-java/JSON-java/target/site/images;icon_error_sml.gif;IN_DELETE
2026-10-04T14:27:40.066217Z;/home/runner/work/JSON-java/JSON-java/target/site/images;;IN_IGNORED
2026-10-04T14:27:40.066491Z;/home/runner/work/JSON-java/JSON-java/target/site;images;IN_DELETE,IN_ISDIR
2026-10-04T14:27:40.066789Z;/home/runner/work/JSON-java/JSON-java/target/site;css;IN_ACCESS,IN_ISDIR
2026-10-04T14:27:40.067059Z;/home/runner/work/JSON-java/JSON-java/target/site/css;;IN_ACCESS,IN_ISDIR
2026-10-04T14:27:40.068622Z;/home/runner/work/JSON-java/JSON-java/target/site;css;IN_ACCESS,IN_ISDIR
2026-10-04T14:27:40.068952Z;/home/runner/work/JSON-java/JSON-java/target/site/css;;IN_ACCESS,IN_ISDIR
2026-10-04T14:27:40.069204Z;/home/runner/work/JSON-java/JSON-java/target/site/css;maven-base.css;IN_DELETE
2026-10-04T14:27:40.069524Z;/home/runner/work/JSON-java/JSON-java/target/site/css;maven-theme.css;IN_DELETE
2026-10-04T14:27:40.069820Z;/home/runner/work/JSON-java/JSON-java/target/site/css;site.css;IN_DELETE
2026-10-04T14:27:40.070079Z;/home/runner/work/JSON-java/JSON-java/target/site/css;print.css;IN_DELETE
2026-10-04T14:27:40.070335Z;/home/runner/work/JSON-java/JSON-java/target/site/css;;IN_IGNORED
2026-10-04T14:27:40.070600Z;/home/runner/work/JSON-java/JSON-java/target/site;css;IN_DELETE,IN_ISDIR
2026-10-04T14:27:40.070869Z;/home/runner/work/JSON-java/JSON-java/target/site;;IN_IGNORED
2026-10-04T14:27:40.071206Z;/home/runner/work/JSON-java/JSON-java/target;site;IN_DELETE,IN_ISDIR
2026-10-04T14:27:40.071480Z;/home/runner/work/JSON-java/JSON-java/target;generated-sources;IN_ACCESS,IN_ISDIR
2026-10-04T14:27:40.071744Z;/home/runner/work/JSON-java/JSON-java/target/generated-sources;;IN_ACCESS,IN_ISDIR
2026-10-04T14:27:40.072106Z;/home/runner/work/JSON-java/JSON-java/target;generated-sources;IN_ACCESS,IN_ISDIR
2026-10-04T14:27:40.072357Z;/home/runner/work/JSON-java/JSON-java/target/generated-sources;;IN_ACCESS,IN_ISDIR
2026-10-04T14:27:40.072785Z;/home/runner/work/JSON-java/JSON-java/target/generated-sources;annotations;IN_ACCESS,IN_ISDIR
2026-10-04T14:27:40.073005Z;/home/runner/work/JSON-java/JSON-java/target/generated-sources/annotations;;IN_ACCESS,IN_ISDIR
2026-10-04T14:27:40.073253Z;/home/runner/work/JSON-java/JSON-java/target/generated-sources;annotations;IN_ACCESS,IN_ISDIR
2026-10-04T14:27:40.073483Z;/home/runner/work/JSON-java/JSON-java/target/generated-sources/annotations;;IN_ACCESS,IN_ISDIR
2026-10-04T14:27:40.073811Z;/home/runner/work/JSON-java/JSON-java/target/generated-sources/annotations;;IN_IGNORED
2026-10-04T14:27:40.074080Z;/home/runner/work/JSON-java/JSON-java/target/generated-sources;annotations;IN_DELETE,IN_ISDIR
2026-10-04T14:27:40.074351Z;/home/runner/work/JSON-java/JSON-java/target/generated-sources;;IN_IGNORED
2026-10-04T14:27:40.074628Z;/home/runner/work/JSON-java/JSON-java/target;generated-sources;IN_DELETE,IN_ISDIR
2026-10-04T14:27:40.075118Z;/home/runner/work/JSON-java/JSON-java/target;classes;IN_ACCESS,IN_ISDIR
2026-10-04T14:27:40.075365Z;/home/runner/work/JSON-java/JSON-java/target/classes;;IN_ACCESS,IN_ISDIR
2026-10-04T14:27:40.076743Z;/home/runner/work/JSON-java/JSON-java/target;classes;IN_ACCESS,IN_ISDIR
2026-10-04T14:27:40.076998Z;/home/runner/work/JSON-java/JSON-java/target/classes;;IN_ACCESS,IN_ISDIR
2026-10-04T14:27:40.077210Z;/home/runner/work/JSON-java/JSON-java/target/classes;org;IN_ACCESS,IN_ISDIR
2026-10-04T14:27:40.077529Z;/home/runner/work/JSON-java/JSON-java/target/classes/org;;IN_ACCESS,IN_ISDIR
2026-10-04T14:27:40.077790Z;/home/runner/work/JSON-java/JSON-java/target/classes;org;IN_ACCESS,IN_ISDIR
2026-10-04T14:27:40.078046Z;/home/runner/work/JSON-java/JSON-java/target/classes/org;;IN_ACCESS,IN_ISDIR
2026-10-04T14:27:40.078293Z;/home/runner/work/JSON-java/JSON-java/target/classes/org;json;IN_ACCESS,IN_ISDIR
2026-10-04T14:27:40.079620Z;/home/runner/work/JSON-java/JSON-java/target/classes/org/json;;IN_ACCESS,IN_ISDIR
2026-10-04T14:27:40.079876Z;/home/runner/work/JSON-java/JSON-java/target/classes/org;json;IN_ACCESS,IN_ISDIR
2026-10-04T14:27:40.080299Z;/home/runner/work/JSON-java/JSON-java/target/classes/org/json;;IN_ACCESS,IN_ISDIR
2026-10-04T14:27:40.080548Z;/home/runner/work/JSON-java/JSON-java/target/classes/org/json;Property.class;IN_DELETE
2026-10-04T14:27:40.080797Z;/home/runner/work/JSON-java/JSON-java/target/classes/org/json;JSONTokener.class;IN_DELETE
2026-10-04T14:27:40.081119Z;/home/runner/work/JSON-java/JSON-java/target/classes/org/json;JSONMLParserConfiguration.class;IN_DELETE
2026-10-04T14:27:40.081412Z;/home/runner/work/JSON-java/JSON-java/target/classes/org/json;JSONObject$Null.class;IN_DELETE
2026-10-04T14:27:40.081667Z;/home/runner/work/JSON-java/JSON-java/target/classes/org/json;JSONWriter.class;IN_DELETE
2026-10-04T14:27:40.081918Z;/home/runner/work/JSON-java/JSON-java/target/classes/org/json;JSONML.class;IN_DELETE
2026-10-04T14:27:40.082415Z;/home/runner/work/JSON-java/JSON-java/target/classes/org/json;XML$1$1.class;IN_DELETE
2026-10-04T14:27:40.082797Z;/home/runner/work/JSON-java/JSON-java/target/classes/org/json;JSONString.class;IN_DELETE
2026-10-04T14:27:40.083009Z;/home/runner/work/JSON-java/JSON-java/target/classes/org/json;JSONPropertyIgnore.class;IN_DELETE
2026-10-04T14:27:40.083217Z;/home/runner/work/JSON-java/JSON-java/target/classes/org/json;JSONPointerException.class;IN_DELETE
2026-10-04T14:27:40.083430Z;/home/runner/work/JSON-java/JSON-java/target/classes/org/json;HTTP.class;IN_DELETE
2026-10-04T14:27:40.083668Z;/home/runner/work/JSON-java/JSON-java/target/classes/org/json;JSONPointer$Builder.class;IN_DELETE
2026-10-04T14:27:40.083880Z;/home/runner/work/JSON-java/JSON-java/target/classes/org/json;JSONParserConfiguration.class;IN_DELETE
2026-10-04T14:27:40.084094Z;/home/runner/work/JSON-java/JSON-java/target/classes/org/json;JSONStringer.class;IN_DELETE
2026-10-04T14:27:40.084368Z;/home/runner/work/JSON-java/JSON-java/target/classes/org/json;ParserConfiguration.class;IN_DELETE
2026-10-04T14:27:40.084630Z;/home/runner/work/JSON-java/JSON-java/target/classes/org/json;JSONArray.class;IN_DELETE
2026-10-04T14:27:40.084870Z;/home/runner/work/JSON-java/JSON-java/target/classes/org/json;XML.class;IN_DELETE
2026-10-04T14:27:40.085203Z;/home/runner/work/JSON-java/JSON-java/target/classes/org/json;JSONObject$1.class;IN_DELETE
2026-10-04T14:27:40.085446Z;/home/runner/work/JSON-java/JSON-java/target/classes/org/json;XML$1.class;IN_DELETE
2026-10-04T14:27:40.085681Z;/home/runner/work/JSON-java/JSON-java/target/classes/org/json;CookieList.class;IN_DELETE
2026-10-04T14:27:40.085937Z;/home/runner/work/JSON-java/JSON-java/target/classes/org/json;StringBuilderWriter.class;IN_DELETE
2026-10-04T14:27:40.086165Z;/home/runner/work/JSON-java/JSON-java/target/classes/org/json;JSONObject.class;IN_DELETE
2026-10-04T14:27:40.086405Z;/home/runner/work/JSON-java/JSON-java/target/classes/org/json;Cookie.class;IN_DELETE
2026-10-04T14:27:40.086658Z;/home/runner/work/JSON-java/JSON-java/target/classes/org/json;JSONPointer.class;IN_DELETE
2026-10-04T14:27:40.086896Z;/home/runner/work/JSON-java/JSON-java/target/classes/org/json;JSONException.class;IN_DELETE
2026-10-04T14:27:40.087134Z;/home/runner/work/JSON-java/JSON-java/target/classes/org/json;JSONPropertyName.class;IN_DELETE
2026-10-04T14:27:40.087356Z;/home/runner/work/JSON-java/JSON-java/target/classes/org/json;XMLParserConfiguration.class;IN_DELETE
2026-10-04T14:27:40.087602Z;/home/runner/work/JSON-java/JSON-java/target/classes/org/json;HTTPTokener.class;IN_DELETE
2026-10-04T14:27:40.087815Z;/home/runner/work/JSON-java/JSON-java/target/classes/org/json;XMLXsiTypeConverter.class;IN_DELETE
2026-10-04T14:27:40.088026Z;/home/runner/work/JSON-java/JSON-java/target/classes/org/json;CDL.class;IN_DELETE
2026-10-04T14:27:40.088247Z;/home/runner/work/JSON-java/JSON-java/target/classes/org/json;XMLTokener.class;IN_DELETE
2026-10-04T14:27:40.088471Z;/home/runner/work/JSON-java/JSON-java/target/classes/org/json;;IN_IGNORED
2026-10-04T14:27:40.088733Z;/home/runner/work/JSON-java/JSON-java/target/classes/org;json;IN_DELETE,IN_ISDIR
2026-10-04T14:27:40.089050Z;/home/runner/work/JSON-java/JSON-java/target/classes/org;;IN_IGNORED
2026-10-04T14:27:40.089313Z;/home/runner/work/JSON-java/JSON-java/target/classes;org;IN_DELETE,IN_ISDIR
2026-10-04T14:27:40.089550Z;/home/runner/work/JSON-java/JSON-java/target/classes;;IN_IGNORED
2026-10-04T14:27:40.090031Z;/home/runner/work/JSON-java/JSON-java/target;classes;IN_DELETE,IN_ISDIR
2026-10-04T14:27:40.090329Z;/home/runner/work/JSON-java/JSON-java/target;maven-status;IN_ACCESS,IN_ISDIR
2026-10-04T14:27:40.090595Z;/home/runner/work/JSON-java/JSON-java/target/maven-status;;IN_ACCESS,IN_ISDIR
2026-10-04T14:27:40.090863Z;/home/runner/work/JSON-java/JSON-java/target;maven-status;IN_ACCESS,IN_ISDIR
2026-10-04T14:27:40.091117Z;/home/runner/work/JSON-java/JSON-java/target/maven-status;;IN_ACCESS,IN_ISDIR
2026-10-04T14:27:40.091337Z;/home/runner/work/JSON-java/JSON-java/target/maven-status;maven-compiler-plugin;IN_ACCESS,IN_ISDIR
2026-10-04T14:27:40.091595Z;/home/runner/work/JSON-java/JSON-java/target/maven-status/maven-compiler-plugin;;IN_ACCESS,IN_ISDIR
2026-10-04T14:27:40.091853Z;/home/runner/work/JSON-java/JSON-java/target/maven-status;maven-compiler-plugin;IN_ACCESS,IN_ISDIR
2026-10-04T14:27:40.092106Z;/home/runner/work/JSON-java/JSON-java/target/maven-status/maven-compiler-plugin;;IN_ACCESS,IN_ISDIR
2026-10-04T14:27:40.092326Z;/home/runner/work/JSON-java/JSON-java/target/maven-status/maven-compiler-plugin;testCompile;IN_ACCESS,IN_ISDIR
2026-10-04T14:27:40.092586Z;/home/runner/work/JSON-java/JSON-java/target/maven-status/maven-compiler-plugin/testCompile;;IN_ACCESS,IN_ISDIR
2026-10-04T14:27:40.092838Z;/home/runner/work/JSON-java/JSON-java/target/maven-status/maven-compiler-plugin;testCompile;IN_ACCESS,IN_ISDIR
2026-10-04T14:27:40.093074Z;/home/runner/work/JSON-java/JSON-java/target/maven-status/maven-compiler-plugin/testCompile;;IN_ACCESS,IN_ISDIR
2026-10-04T14:27:40.093347Z;/home/runner/work/JSON-java/JSON-java/target/maven-status/maven-compiler-plugin/testCompile;default-testCompile;IN_ACCESS,IN_ISDIR
2026-10-04T14:27:40.093609Z;/home/runner/work/JSON-java/JSON-java/target/maven-status/maven-compiler-plugin/testCompile/default-testCompile;;IN_ACCESS,IN_ISDIR
2026-10-04T14:27:40.093866Z;/home/runner/work/JSON-java/JSON-java/target/maven-status/maven-compiler-plugin/testCompile;default-testCompile;IN_ACCESS,IN_ISDIR
2026-10-04T14:27:40.094303Z;/home/runner/work/JSON-java/JSON-java/target/maven-status/maven-compiler-plugin/testCompile/default-testCompile;;IN_ACCESS,IN_ISDIR
2026-10-04T14:27:40.094542Z;/home/runner/work/JSON-java/JSON-java/target/maven-status/maven-compiler-plugin/testCompile/default-testCompile;inputFiles.lst;IN_DELETE
2026-10-04T14:27:40.094749Z;/home/runner/work/JSON-java/JSON-java/target/maven-status/maven-compiler-plugin/testCompile/default-testCompile;createdFiles.lst;IN_DELETE
2026-10-04T14:27:40.094968Z;/home/runner/work/JSON-java/JSON-java/target/maven-status/maven-compiler-plugin/testCompile/default-testCompile;;IN_IGNORED
2026-10-04T14:27:40.095202Z;/home/runner/work/JSON-java/JSON-java/target/maven-status/maven-compiler-plugin/testCompile;default-testCompile;IN_DELETE,IN_ISDIR
2026-10-04T14:27:40.095411Z;/home/runner/work/JSON-java/JSON-java/target/maven-status/maven-compiler-plugin/testCompile;;IN_IGNORED
2026-10-04T14:27:40.095617Z;/home/runner/work/JSON-java/JSON-java/target/maven-status/maven-compiler-plugin;testCompile;IN_DELETE,IN_ISDIR
2026-10-04T14:27:40.095815Z;/home/runner/work/JSON-java/JSON-java/target/maven-status/maven-compiler-plugin;compile;IN_ACCESS,IN_ISDIR
2026-10-04T14:27:40.097408Z;/home/runner/work/JSON-java/JSON-java/target/maven-status/maven-compiler-plugin/compile;;IN_ACCESS,IN_ISDIR
2026-10-04T14:27:40.097614Z;/home/runner/work/JSON-java/JSON-java/target/maven-status/maven-compiler-plugin;compile;IN_ACCESS,IN_ISDIR
2026-10-04T14:27:40.097883Z;/home/runner/work/JSON-java/JSON-java/target/maven-status/maven-compiler-plugin/compile;;IN_ACCESS,IN_ISDIR
2026-10-04T14:27:40.098089Z;/home/runner/work/JSON-java/JSON-java/target/maven-status/maven-compiler-plugin/compile;default-compile;IN_ACCESS,IN_ISDIR
2026-10-04T14:27:40.098366Z;/home/runner/work/JSON-java/JSON-java/target/maven-status/maven-compiler-plugin/compile/default-compile;;IN_ACCESS,IN_ISDIR
2026-10-04T14:27:40.110596Z;/home/runner/work/JSON-java/JSON-java/target/maven-status/maven-compiler-plugin/compile;default-compile;IN_ACCESS,IN_ISDIR
2026-10-04T14:27:40.110899Z;/home/runner/work/JSON-java/JSON-java/target/maven-status/maven-compiler-plugin/compile/default-compile;;IN_ACCESS,IN_ISDIR
2026-10-04T14:27:40.111112Z;/home/runner/work/JSON-java/JSON-java/target/maven-status/maven-compiler-plugin/compile/default-compile;inputFiles.lst;IN_DELETE
2026-10-04T14:27:40.111312Z;/home/runner/work/JSON-java/JSON-java/target/maven-status/maven-compiler-plugin/compile/default-compile;createdFiles.lst;IN_DELETE
2026-10-04T14:27:40.113433Z;/home/runner/work/JSON-java/JSON-java/target/maven-status/maven-compiler-plugin/compile/default-compile;;IN_IGNORED
2026-10-04T14:27:40.113700Z;/home/runner/work/JSON-java/JSON-java/target/maven-status/maven-compiler-plugin/compile;default-compile;IN_DELETE,IN_ISDIR
2026-10-04T14:27:40.113903Z;/home/runner/work/JSON-java/JSON-java/target/maven-status/maven-compiler-plugin/compile;;IN_IGNORED
2026-10-04T14:27:40.114124Z;/home/runner/work/JSON-java/JSON-java/target/maven-status/maven-compiler-plugin;compile;IN_DELETE,IN_ISDIR
2026-10-04T14:27:40.114349Z;/home/runner/work/JSON-java/JSON-java/target/maven-status/maven-compiler-plugin;;IN_IGNORED
2026-10-04T14:27:40.114582Z;/home/runner/work/JSON-java/JSON-java/target/maven-status;maven-compiler-plugin;IN_DELETE,IN_ISDIR
2026-10-04T14:27:40.114807Z;/home/runner/work/JSON-java/JSON-java/target/maven-status;;IN_IGNORED
2026-10-04T14:27:40.115039Z;/home/runner/work/JSON-java/JSON-java/target;maven-status;IN_DELETE,IN_ISDIR
2026-10-04T14:27:40.115246Z;/home/runner/work/JSON-java/JSON-java/target;;IN_IGNORED
2026-10-04T14:27:40.115470Z;/home/runner/work/JSON-java/JSON-java;target;IN_DELETE,IN_ISDIR
2026-10-04T14:27:40.115984Z;/home/runner/work/JSON-java/JSON-java;target;IN_CREATE,IN_ISDIR
2026-10-04T14:27:40.116231Z;/home/runner/work/JSON-java/JSON-java/src/main;java;IN_ACCESS,IN_ISDIR
2026-10-04T14:27:40.116475Z;/home/runner/work/JSON-java/JSON-java/src/main/java;;IN_ACCESS,IN_ISDIR
2026-10-04T14:27:40.116704Z;/home/runner/work/JSON-java/JSON-java/src/main;java;IN_ACCESS,IN_ISDIR
2026-10-04T14:27:40.116964Z;/home/runner/work/JSON-java/JSON-java/src/main/java;;IN_ACCESS,IN_ISDIR
2026-10-04T14:27:40.117190Z;/home/runner/work/JSON-java/JSON-java/src/main/java;org;IN_ACCESS,IN_ISDIR
2026-10-04T14:27:40.117420Z;/home/runner/work/JSON-java/JSON-java/src/main/java/org;;IN_ACCESS,IN_ISDIR
2026-10-04T14:27:40.119691Z;/home/runner/work/JSON-java/JSON-java/src/main/java;org;IN_ACCESS,IN_ISDIR
2026-10-04T14:27:40.119913Z;/home/runner/work/JSON-java/JSON-java/src/main/java/org;;IN_ACCESS,IN_ISDIR
2026-10-04T14:27:40.120129Z;/home/runner/work/JSON-java/JSON-java/src/main/java/org;json;IN_ACCESS,IN_ISDIR
2026-10-04T14:27:40.120332Z;/home/runner/work/JSON-java/JSON-java/src/main/java/org/json;;IN_ACCESS,IN_ISDIR
2026-10-04T14:27:40.120564Z;/home/runner/work/JSON-java/JSON-java/src/main/java/org;json;IN_ACCESS,IN_ISDIR
2026-10-04T14:27:40.121105Z;/home/runner/work/JSON-java/JSON-java/src/main/java/org/json;;IN_ACCESS,IN_ISDIR
2026-10-04T14:27:40.121375Z;/home/runner/work/JSON-java/JSON-java/src/main;java;IN_ACCESS,IN_ISDIR
2026-10-04T14:27:40.121635Z;/home/runner/work/JSON-java/JSON-java/src/main/java;;IN_ACCESS,IN_ISDIR
2026-10-04T14:27:40.121865Z;/home/runner/work/JSON-java/JSON-java/src/main;java;IN_ACCESS,IN_ISDIR
2026-10-04T14:27:40.122111Z;/home/runner/work/JSON-java/JSON-java/src/main/java;;IN_ACCESS,IN_ISDIR
2026-10-04T14:27:40.122348Z;/home/runner/work/JSON-java/JSON-java/src/main/java;org;IN_ACCESS,IN_ISDIR
2026-10-04T14:27:40.122742Z;/home/runner/work/JSON-java/JSON-java/src/main/java/org;;IN_ACCESS,IN_ISDIR
2026-10-04T14:27:40.122998Z;/home/runner/work/JSON-java/JSON-java/src/main/java;org;IN_ACCESS,IN_ISDIR
2026-10-04T14:27:40.123249Z;/home/runner/work/JSON-java/JSON-java/src/main/java/org;;IN_ACCESS,IN_ISDIR
2026-10-04T14:27:40.123559Z;/home/runner/work/JSON-java/JSON-java/src/main/java/org;json;IN_ACCESS,IN_ISDIR
2026-10-04T14:27:40.123797Z;/home/runner/work/JSON-java/JSON-java/src/main/java/org/json;;IN_ACCESS,IN_ISDIR
2026-10-04T14:27:40.124035Z;/home/runner/work/JSON-java/JSON-java/src/main/java/org;json;IN_ACCESS,IN_ISDIR
2026-10-04T14:27:40.124276Z;/home/runner/work/JSON-java/JSON-java/src/main/java/org/json;;IN_ACCESS,IN_ISDIR
2026-10-04T14:27:40.124558Z;/home/runner/work/JSON-java/JSON-java;target;IN_ACCESS,IN_ISDIR
2026-10-04T14:27:40.199298Z;/home/runner/work/JSON-java/JSON-java/src/main/java/org/json;CDL.java;IN_ACCESS
2026-10-04T14:27:40.222662Z;/home/runner/work/JSON-java/JSON-java/src/main/java/org/json;JSONStringer.java;IN_ACCESS
2026-10-04T14:27:40.224075Z;/home/runner/work/JSON-java/JSON-java/src/main/java/org/json;CookieList.java;IN_ACCESS
2026-10-04T14:27:40.225471Z;/home/runner/work/JSON-java/JSON-java/src/main/java/org/json;Cookie.java;IN_ACCESS
2026-10-04T14:27:40.229647Z;/home/runner/work/JSON-java/JSON-java/src/main/java/org/json;StringBuilderWriter.java;IN_ACCESS
2026-10-04T14:27:40.231087Z;/home/runner/work/JSON-java/JSON-java/src/main/java/org/json;JSONPropertyName.java;IN_ACCESS
2026-10-04T14:27:40.231703Z;/home/runner/work/JSON-java/JSON-java/src/main/java/org/json;JSONML.java;IN_ACCESS
2026-10-04T14:27:40.243207Z;/home/runner/work/JSON-java/JSON-java/src/main/java/org/json;ParserConfiguration.java;IN_ACCESS
2026-10-04T14:27:40.245998Z;/home/runner/work/JSON-java/JSON-java/src/main/java/org/json;JSONObject.java;IN_ACCESS
2026-10-04T14:27:40.287270Z;/home/runner/work/JSON-java/JSON-java/src/main/java/org/json;XMLParserConfiguration.java;IN_ACCESS
2026-10-04T14:27:40.290845Z;/home/runner/work/JSON-java/JSON-java/src/main/java/org/json;JSONPropertyIgnore.java;IN_ACCESS
2026-10-04T14:27:40.291249Z;/home/runner/work/JSON-java/JSON-java/src/main/java/org/json;JSONPointer.java;IN_ACCESS
2026-10-04T14:27:40.293276Z;/home/runner/work/JSON-java/JSON-java/src/main/java/org/json;JSONString.java;IN_ACCESS
2026-10-04T14:27:40.293599Z;/home/runner/work/JSON-java/JSON-java/src/main/java/org/json;XMLTokener.java;IN_ACCESS
2026-10-04T14:27:40.297280Z;/home/runner/work/JSON-java/JSON-java/src/main/java/org/json;JSONTokener.java;IN_ACCESS
2026-10-04T14:27:40.302182Z;/home/runner/work/JSON-java/JSON-java/src/main/java/org/json;HTTP.java;IN_ACCESS
2026-10-04T14:27:40.302937Z;/home/runner/work/JSON-java/JSON-java/src/main/java/org/json;Property.java;IN_ACCESS
2026-10-04T14:27:40.303869Z;/home/runner/work/JSON-java/JSON-java/src/main/java/org/json;JSONParserConfiguration.java;IN_ACCESS
2026-10-04T14:27:40.304470Z;/home/runner/work/JSON-java/JSON-java/src/main/java/org/json;JSONMLParserConfiguration.java;IN_ACCESS
2026-10-04T14:27:40.305448Z;/home/runner/work/JSON-java/JSON-java/src/main/java/org/json;JSONWriter.java;IN_ACCESS
2026-10-04T14:27:40.307351Z;/home/runner/work/JSON-java/JSON-java/src/main/java/org/json;JSONArray.java;IN_ACCESS
2026-10-04T14:27:40.317471Z;/home/runner/work/JSON-java/JSON-java/src/main/java/org/json;XMLXsiTypeConverter.java;IN_ACCESS
2026-10-04T14:27:40.319667Z;/home/runner/work/JSON-java/JSON-java/src/main/java/org/json;XML.java;IN_ACCESS
2026-10-04T14:27:40.325207Z;/home/runner/work/JSON-java/JSON-java/src/main/java/org/json;JSONException.java;IN_ACCESS
2026-10-04T14:27:40.325644Z;/home/runner/work/JSON-java/JSON-java/src/main/java/org/json;JSONPointerException.java;IN_ACCESS
2026-10-04T14:27:40.325956Z;/home/runner/work/JSON-java/JSON-java/src/main/java/org/json;HTTPTokener.java;IN_ACCESS
2026-10-04T14:27:40.347562Z;/home/runner/work/JSON-java/JSON-java/src/main/java/org;json;IN_ACCESS,IN_ISDIR
2026-10-04T14:27:40.349376Z;/home/runner/work/JSON-java/JSON-java/src/main/java/org/json;;IN_ACCESS,IN_ISDIR
2026-10-04T14:27:40.349731Z;/home/runner/work/JSON-java/JSON-java/src/main/java/org;json;IN_ACCESS,IN_ISDIR
2026-10-04T14:27:40.349996Z;/home/runner/work/JSON-java/JSON-java/src/main/java/org/json;;IN_ACCESS,IN_ISDIR
2026-10-04T14:27:40.366563Z;/home/runner/work/JSON-java/JSON-java/src/main/java;org;IN_ACCESS,IN_ISDIR
2026-10-04T14:27:40.367163Z;/home/runner/work/JSON-java/JSON-java/src/main/java/org;;IN_ACCESS,IN_ISDIR
2026-10-04T14:27:40.367495Z;/home/runner/work/JSON-java/JSON-java/src/main/java;org;IN_ACCESS,IN_ISDIR
2026-10-04T14:27:40.367779Z;/home/runner/work/JSON-java/JSON-java/src/main/java/org;;IN_ACCESS,IN_ISDIR
2026-10-04T14:27:40.563680Z;/home/runner/work/JSON-java/JSON-java/target/classes;org;IN_CREATE,IN_ISDIR
2026-10-04T14:27:40.564127Z;/home/runner/work/JSON-java/JSON-java/target/classes;org;IN_ACCESS,IN_ISDIR
2026-10-04T14:27:40.602775Z;/home/runner/work/JSON-java/JSON-java/target/classes/org/json;JSONTokener.class;IN_CREATE
2026-10-04T14:27:40.606178Z;/home/runner/work/JSON-java/JSON-java/target/classes/org/json;JSONException.class;IN_CREATE
2026-10-04T14:27:40.698525Z;/home/runner/work/JSON-java/JSON-java/target/classes/org/json;JSONArray.class;IN_CREATE
2026-10-04T14:27:40.808590Z;/home/runner/work/JSON-java/JSON-java/target/classes/org/json;JSONObject$Null.class;IN_CREATE
2026-10-04T14:27:40.809129Z;/home/runner/work/JSON-java/JSON-java/target/classes/org/json;JSONObject$1.class;IN_CREATE
2026-10-04T14:27:40.823865Z;/home/runner/work/JSON-java/JSON-java/target/classes/org/json;JSONObject.class;IN_CREATE
2026-10-04T14:27:40.832334Z;/home/runner/work/JSON-java/JSON-java/target/classes/org/json;JSONParserConfiguration.class;IN_CREATE
2026-10-04T14:27:40.832998Z;/home/runner/work/JSON-java/JSON-java/target/classes/org/json;ParserConfiguration.class;IN_CREATE
2026-10-04T14:27:40.834032Z;/home/runner/work/JSON-java/JSON-java/target/classes/org/json;JSONPropertyName.class;IN_CREATE
2026-10-04T14:27:40.841962Z;/home/runner/work/JSON-java/JSON-java/target/classes/org/json;JSONPointer$Builder.class;IN_CREATE
2026-10-04T14:27:40.843137Z;/home/runner/work/JSON-java/JSON-java/target/classes/org/json;JSONPointer.class;IN_CREATE
2026-10-04T14:27:40.844145Z;/home/runner/work/JSON-java/JSON-java/target/classes/org/json;JSONPointerException.class;IN_CREATE
2026-10-04T14:27:40.853945Z;/home/runner/work/JSON-java/JSON-java/target/classes/org/json;JSONStringer.class;IN_CREATE
2026-10-04T14:27:40.855247Z;/home/runner/work/JSON-java/JSON-java/target/classes/org/json;JSONWriter.class;IN_CREATE
2026-10-04T14:27:40.860472Z;/home/runner/work/JSON-java/JSON-java/target/classes/org/json;CookieList.class;IN_CREATE
2026-10-04T14:27:40.871301Z;/home/runner/work/JSON-java/JSON-java/target/classes/org/json;Cookie.class;IN_CREATE
2026-10-04T14:27:40.877273Z;/home/runner/work/JSON-java/JSON-java/target/classes/org/json;StringBuilderWriter.class;IN_CREATE
2026-10-04T14:27:40.904029Z;/home/runner/work/JSON-java/JSON-java/target/classes/org/json;JSONML.class;IN_CREATE
2026-10-04T14:27:40.937523Z;/home/runner/work/JSON-java/JSON-java/target/classes/org/json;XMLTokener.class;IN_CREATE
2026-10-04T14:27:40.940789Z;/home/runner/work/JSON-java/JSON-java/target/classes/org/json;JSONMLParserConfiguration.class;IN_CREATE
2026-10-04T14:27:40.948026Z;/home/runner/work/JSON-java/JSON-java/target/classes/org/json;XMLParserConfiguration.class;IN_CREATE
2026-10-04T14:27:40.950561Z;/home/runner/work/JSON-java/JSON-java/target/classes/org/json;XMLXsiTypeConverter.class;IN_CREATE
2026-10-04T14:27:40.951817Z;/home/runner/work/JSON-java/JSON-java/target/classes/org/json;JSONPropertyIgnore.class;IN_CREATE
2026-10-04T14:27:40.957316Z;/home/runner/work/JSON-java/JSON-java/target/classes/org/json;JSONString.class;IN_CREATE
2026-10-04T14:27:40.978828Z;/home/runner/work/JSON-java/JSON-java/target/classes/org/json;HTTP.class;IN_CREATE
2026-10-04T14:27:40.987294Z;/home/runner/work/JSON-java/JSON-java/target/classes/org/json;Property.class;IN_CREATE
2026-10-04T14:27:41.031756Z;/home/runner/work/JSON-java/JSON-java/target/classes/org/json;XML$1$1.class;IN_CREATE
2026-10-04T14:27:41.033694Z;/home/runner/work/JSON-java/JSON-java/target/classes/org/json;XML$1.class;IN_CREATE
2026-10-04T14:27:41.036551Z;/home/runner/work/JSON-java/JSON-java/target/classes/org/json;XML.class;IN_CREATE
2026-10-04T14:27:41.039922Z;/home/runner/work/JSON-java/JSON-java/target/classes/org/json;HTTPTokener.class;IN_CREATE
2026-10-04T14:27:41.044942Z;/home/runner/work/JSON-java/JSON-java/target;classes;IN_ACCESS,IN_ISDIR
2026-10-04T14:27:41.045272Z;/home/runner/work/JSON-java/JSON-java/target/classes;;IN_ACCESS,IN_ISDIR
2026-10-04T14:27:41.045694Z;/home/runner/work/JSON-java/JSON-java/target;classes;IN_ACCESS,IN_ISDIR
2026-10-04T14:27:41.046020Z;/home/runner/work/JSON-java/JSON-java/target/classes;;IN_ACCESS,IN_ISDIR
2026-10-04T14:27:41.046444Z;/home/runner/work/JSON-java/JSON-java/target/classes;org;IN_ACCESS,IN_ISDIR
2026-10-04T14:27:41.046778Z;/home/runner/work/JSON-java/JSON-java/target/classes/org;;IN_ACCESS,IN_ISDIR
2026-10-04T14:27:41.047312Z;/home/runner/work/JSON-java/JSON-java/target/classes;org;IN_ACCESS,IN_ISDIR
2026-10-04T14:27:41.047569Z;/home/runner/work/JSON-java/JSON-java/target/classes/org;;IN_ACCESS,IN_ISDIR
2026-10-04T14:27:41.048188Z;/home/runner/work/JSON-java/JSON-java/target/classes/org;json;IN_ACCESS,IN_ISDIR
2026-10-04T14:27:41.048605Z;/home/runner/work/JSON-java/JSON-java/target/classes/org/json;;IN_ACCESS,IN_ISDIR
2026-10-04T14:27:41.048825Z;/home/runner/work/JSON-java/JSON-java/target/classes/org;json;IN_ACCESS,IN_ISDIR
2026-10-04T14:27:41.049071Z;/home/runner/work/JSON-java/JSON-java/target/classes/org/json;;IN_ACCESS,IN_ISDIR
2026-10-04T14:27:41.049303Z;/home/runner/work/JSON-java/JSON-java/target/maven-status/maven-compiler-plugin/compile/default-compile;createdFiles.lst;IN_CREATE
2026-10-04T14:27:41.236769Z;/home/runner/work/JSON-java/JSON-java/target;classes;IN_ACCESS,IN_ISDIR
2026-10-04T14:27:41.237228Z;/home/runner/work/JSON-java/JSON-java/target/classes;;IN_ACCESS,IN_ISDIR
2026-10-04T14:27:41.237582Z;/home/runner/work/JSON-java/JSON-java/target/classes;org;IN_ACCESS,IN_ISDIR
2026-10-04T14:27:41.238130Z;/home/runner/work/JSON-java/JSON-java/target/classes/org;;IN_ACCESS,IN_ISDIR
2026-10-04T14:27:41.238490Z;/home/runner/work/JSON-java/JSON-java/target/classes/org;json;IN_ACCESS,IN_ISDIR
2026-10-04T14:27:41.238767Z;/home/runner/work/JSON-java/JSON-java/target/classes/org/json;;IN_ACCESS,IN_ISDIR
2026-10-04T14:27:41.239040Z;/home/runner/work/JSON-java/JSON-java/target/classes/org;json;IN_ACCESS,IN_ISDIR
2026-10-04T14:27:41.239591Z;/home/runner/work/JSON-java/JSON-java/target/classes/org/json;;IN_ACCESS,IN_ISDIR
2026-10-04T14:27:41.239858Z;/home/runner/work/JSON-java/JSON-java/target/classes;org;IN_ACCESS,IN_ISDIR
2026-10-04T14:27:41.240108Z;/home/runner/work/JSON-java/JSON-java/target/classes/org;;IN_ACCESS,IN_ISDIR
2026-10-04T14:27:41.240355Z;/home/runner/work/JSON-java/JSON-java/target;classes;IN_ACCESS,IN_ISDIR
2026-10-04T14:27:41.240571Z;/home/runner/work/JSON-java/JSON-java/target/classes;;IN_ACCESS,IN_ISDIR
2026-10-04T14:27:41.242254Z;/home/runner/work/JSON-java/JSON-java/src/main;java;IN_ACCESS,IN_ISDIR
2026-10-04T14:27:41.242558Z;/home/runner/work/JSON-java/JSON-java/src/main/java;;IN_ACCESS,IN_ISDIR
2026-10-04T14:27:41.242935Z;/home/runner/work/JSON-java/JSON-java/src/main;java;IN_ACCESS,IN_ISDIR
2026-10-04T14:27:41.243222Z;/home/runner/work/JSON-java/JSON-java/src/main/java;;IN_ACCESS,IN_ISDIR
2026-10-04T14:27:41.243479Z;/home/runner/work/JSON-java/JSON-java/src/main/java;org;IN_ACCESS,IN_ISDIR
2026-10-04T14:27:41.243982Z;/home/runner/work/JSON-java/JSON-java/src/main/java/org;;IN_ACCESS,IN_ISDIR
2026-10-04T14:27:41.244219Z;/home/runner/work/JSON-java/JSON-java/src/main/java;org;IN_ACCESS,IN_ISDIR
2026-10-04T14:27:41.244509Z;/home/runner/work/JSON-java/JSON-java/src/main/java/org;;IN_ACCESS,IN_ISDIR
2026-10-04T14:27:41.244759Z;/home/runner/work/JSON-java/JSON-java/src/main/java/org;json;IN_ACCESS,IN_ISDIR
2026-10-04T14:27:41.244983Z;/home/runner/work/JSON-java/JSON-java/src/main/java/org/json;;IN_ACCESS,IN_ISDIR
2026-10-04T14:27:41.245199Z;/home/runner/work/JSON-java/JSON-java/src/main/java/org;json;IN_ACCESS,IN_ISDIR
2026-10-04T14:27:41.245436Z;/home/runner/work/JSON-java/JSON-java/src/main/java/org/json;;IN_ACCESS,IN_ISDIR
2026-10-04T14:27:41.245654Z;/home/runner/work/JSON-java/JSON-java/target/generated-sources;annotations;IN_ACCESS,IN_ISDIR
2026-10-04T14:27:41.246497Z;/home/runner/work/JSON-java/JSON-java/target/generated-sources/annotations;;IN_ACCESS,IN_ISDIR
2026-10-04T14:27:41.247092Z;/home/runner/work/JSON-java/JSON-java/target/generated-sources;annotations;IN_ACCESS,IN_ISDIR
2026-10-04T14:27:41.247352Z;/home/runner/work/JSON-java/JSON-java/target/generated-sources/annotations;;IN_ACCESS,IN_ISDIR
2026-10-04T14:27:41.247599Z;/home/runner/work/JSON-java/JSON-java/src/test;resources;IN_ACCESS,IN_ISDIR
2026-10-04T14:27:41.247967Z;/home/runner/work/JSON-java/JSON-java/src/test/resources;;IN_ACCESS,IN_ISDIR
2026-10-04T14:27:41.248198Z;/home/runner/work/JSON-java/JSON-java/src/test;resources;IN_ACCESS,IN_ISDIR
2026-10-04T14:27:41.248428Z;/home/runner/work/JSON-java/JSON-java/src/test/resources;;IN_ACCESS,IN_ISDIR
2026-10-04T14:27:41.248646Z;/home/runner/work/JSON-java/JSON-java/src/main;java;IN_ACCESS,IN_ISDIR
2026-10-04T14:27:41.248869Z;/home/runner/work/JSON-java/JSON-java/src/main/java;;IN_ACCESS,IN_ISDIR
2026-10-04T14:27:41.249124Z;/home/runner/work/JSON-java/JSON-java/src/main;java;IN_ACCESS,IN_ISDIR
2026-10-04T14:27:41.249355Z;/home/runner/work/JSON-java/JSON-java/src/main/java;;IN_ACCESS,IN_ISDIR
2026-10-04T14:27:41.249991Z;/home/runner/work/JSON-java/JSON-java/src/main/java;org;IN_ACCESS,IN_ISDIR
2026-10-04T14:27:41.250463Z;/home/runner/work/JSON-java/JSON-java/src/main/java/org;;IN_ACCESS,IN_ISDIR
2026-10-04T14:27:41.250686Z;/home/runner/work/JSON-java/JSON-java/src/main/java;org;IN_ACCESS,IN_ISDIR
2026-10-04T14:27:41.250920Z;/home/runner/work/JSON-java/JSON-java/src/main/java/org;;IN_ACCESS,IN_ISDIR
2026-10-04T14:27:41.251146Z;/home/runner/work/JSON-java/JSON-java/src/main/java/org;json;IN_ACCESS,IN_ISDIR
2026-10-04T14:27:41.251408Z;/home/runner/work/JSON-java/JSON-java/src/main/java/org/json;;IN_ACCESS,IN_ISDIR
2026-10-04T14:27:41.252136Z;/home/runner/work/JSON-java/JSON-java/src/main/java/org;json;IN_ACCESS,IN_ISDIR
2026-10-04T14:27:41.252399Z;/home/runner/work/JSON-java/JSON-java/src/main/java/org/json;;IN_ACCESS,IN_ISDIR
2026-10-04T14:27:41.252781Z;/home/runner/work/JSON-java/JSON-java/target/generated-sources;annotations;IN_ACCESS,IN_ISDIR
2026-10-04T14:27:41.253032Z;/home/runner/work/JSON-java/JSON-java/target/generated-sources/annotations;;IN_ACCESS,IN_ISDIR
2026-10-04T14:27:41.253277Z;/home/runner/work/JSON-java/JSON-java/target/generated-sources;annotations;IN_ACCESS,IN_ISDIR
2026-10-04T14:27:41.253738Z;/home/runner/work/JSON-java/JSON-java/target/generated-sources/annotations;;IN_ACCESS,IN_ISDIR
2026-10-04T14:27:41.253996Z;/home/runner/work/JSON-java/JSON-java/target;classes;IN_ACCESS,IN_ISDIR
2026-10-04T14:27:41.254563Z;/home/runner/work/JSON-java/JSON-java/target/classes;;IN_ACCESS,IN_ISDIR
2026-10-04T14:27:41.254854Z;/home/runner/work/JSON-java/JSON-java/target;classes;IN_ACCESS,IN_ISDIR
2026-10-04T14:27:41.255629Z;/home/runner/work/JSON-java/JSON-java/target/classes;;IN_ACCESS,IN_ISDIR
2026-10-04T14:27:41.256349Z;/home/runner/work/JSON-java/JSON-java/target/classes;org;IN_ACCESS,IN_ISDIR
2026-10-04T14:27:41.256588Z;/home/runner/work/JSON-java/JSON-java/target/classes/org;;IN_ACCESS,IN_ISDIR
2026-10-04T14:27:41.256840Z;/home/runner/work/JSON-java/JSON-java/target/classes;org;IN_ACCESS,IN_ISDIR
2026-10-04T14:27:41.257057Z;/home/runner/work/JSON-java/JSON-java/target/classes/org;;IN_ACCESS,IN_ISDIR
2026-10-04T14:27:41.257295Z;/home/runner/work/JSON-java/JSON-java/target/classes/org;json;IN_ACCESS,IN_ISDIR
2026-10-04T14:27:41.258202Z;/home/runner/work/JSON-java/JSON-java/target/classes/org/json;;IN_ACCESS,IN_ISDIR
2026-10-04T14:27:41.258731Z;/home/runner/work/JSON-java/JSON-java/target/classes/org;json;IN_ACCESS,IN_ISDIR
2026-10-04T14:27:41.259015Z;/home/runner/work/JSON-java/JSON-java/target/classes/org/json;;IN_ACCESS,IN_ISDIR
2026-10-04T14:27:41.260737Z;/home/runner/work/JSON-java/JSON-java/target/classes/org/json;CDL.class;IN_ACCESS
2026-10-04T14:27:41.272521Z;/home/runner/work/JSON-java/JSON-java/target/classes/org/json;Cookie.class;IN_ACCESS
2026-10-04T14:27:41.273955Z;/home/runner/work/JSON-java/JSON-java/target/classes/org/json;CookieList.class;IN_ACCESS
2026-10-04T14:27:41.274769Z;/home/runner/work/JSON-java/JSON-java/target/classes/org/json;HTTP.class;IN_ACCESS
2026-10-04T14:27:41.275708Z;/home/runner/work/JSON-java/JSON-java/target/classes/org/json;HTTPTokener.class;IN_ACCESS
2026-10-04T14:27:41.276443Z;/home/runner/work/JSON-java/JSON-java/target/classes/org/json;JSONArray.class;IN_ACCESS
2026-10-04T14:27:41.282265Z;/home/runner/work/JSON-java/JSON-java/target/classes/org/json;JSONException.class;IN_ACCESS
2026-10-04T14:27:41.283784Z;/home/runner/work/JSON-java/JSON-java/target/classes/org/json;JSONML.class;IN_ACCESS
2026-10-04T14:27:41.284142Z;/home/runner/work/JSON-java/JSON-java/target/classes/org/json;JSONMLParserConfiguration.class;IN_ACCESS
2026-10-04T14:27:41.284463Z;/home/runner/work/JSON-java/JSON-java/target/classes/org/json;JSONObject$1.class;IN_ACCESS
2026-10-04T14:27:41.284901Z;/home/runner/work/JSON-java/JSON-java/target/classes/org/json;JSONObject$Null.class;IN_ACCESS
2026-10-04T14:27:41.285397Z;/home/runner/work/JSON-java/JSON-java/target/classes/org/json;JSONObject.class;IN_ACCESS
2026-10-04T14:27:41.294523Z;/home/runner/work/JSON-java/JSON-java/target/classes/org/json;JSONParserConfiguration.class;IN_ACCESS
2026-10-04T14:27:41.294920Z;/home/runner/work/JSON-java/JSON-java/target/classes/org/json;JSONPointer$Builder.class;IN_ACCESS
2026-10-04T14:27:41.295209Z;/home/runner/work/JSON-java/JSON-java/target/classes/org/json;JSONPointer.class;IN_ACCESS
2026-10-04T14:27:41.295528Z;/home/runner/work/JSON-java/JSON-java/target/classes/org/json;JSONPointerException.class;IN_ACCESS
2026-10-04T14:27:41.295783Z;/home/runner/work/JSON-java/JSON-java/target/classes/org/json;JSONPropertyIgnore.class;IN_ACCESS
2026-10-04T14:27:41.296008Z;/home/runner/work/JSON-java/JSON-java/target/classes/org/json;JSONPropertyName.class;IN_ACCESS
2026-10-04T14:27:41.296240Z;/home/runner/work/JSON-java/JSON-java/target/classes/org/json;JSONString.class;IN_ACCESS
2026-10-04T14:27:41.298412Z;/home/runner/work/JSON-java/JSON-java/target/classes/org/json;JSONStringer.class;IN_ACCESS
2026-10-04T14:27:41.298857Z;/home/runner/work/JSON-java/JSON-java/target/classes/org/json;JSONTokener.class;IN_ACCESS
2026-10-04T14:27:41.299090Z;/home/runner/work/JSON-java/JSON-java/target/classes/org/json;JSONWriter.class;IN_ACCESS
2026-10-04T14:27:41.299295Z;/home/runner/work/JSON-java/JSON-java/target/classes/org/json;ParserConfiguration.class;IN_ACCESS
2026-10-04T14:27:41.301551Z;/home/runner/work/JSON-java/JSON-java/target/classes/org/json;Property.class;IN_ACCESS
2026-10-04T14:27:41.301856Z;/home/runner/work/JSON-java/JSON-java/target/classes/org/json;StringBuilderWriter.class;IN_ACCESS
2026-10-04T14:27:41.302087Z;/home/runner/work/JSON-java/JSON-java/target/classes/org/json;XML$1$1.class;IN_ACCESS
2026-10-04T14:27:41.302312Z;/home/runner/work/JSON-java/JSON-java/target/classes/org/json;XML$1.class;IN_ACCESS
2026-10-04T14:27:41.302561Z;/home/runner/work/JSON-java/JSON-java/target/classes/org/json;XML.class;IN_ACCESS
2026-10-04T14:27:41.302885Z;/home/runner/work/JSON-java/JSON-java/target/classes/org/json;XMLParserConfiguration.class;IN_ACCESS
2026-10-04T14:27:41.303102Z;/home/runner/work/JSON-java/JSON-java/target/classes/org/json;XMLTokener.class;IN_ACCESS
2026-10-04T14:27:41.303298Z;/home/runner/work/JSON-java/JSON-java/target/classes/org/json;XMLXsiTypeConverter.class;IN_ACCESS
2026-10-04T14:27:41.838534Z;/home/runner/work/JSON-java/JSON-java/target;json-20260814.jar;IN_CREATE
2026-10-04T14:27:41.841475Z;/home/runner/work/JSON-java/JSON-java;pom.xml;IN_ACCESS
2026-10-04T14:27:41.852318Z;/home/runner/work/JSON-java/JSON-java/target/classes;META-INF;IN_CREATE,IN_ISDIR
2026-10-04T14:27:41.852663Z;/home/runner/work/JSON-java/JSON-java/target/classes;META-INF;IN_ACCESS,IN_ISDIR
2026-10-04T14:27:41.853076Z;/home/runner/work/JSON-java/JSON-java/target/classes/META-INF;MANIFEST.MF;IN_CREATE
2026-10-04T14:27:41.944138Z;/home/runner/work/JSON-java/JSON-java/src/main;java;IN_ACCESS,IN_ISDIR
2026-10-04T14:27:41.944576Z;/home/runner/work/JSON-java/JSON-java/src/main/java;;IN_ACCESS,IN_ISDIR
2026-10-04T14:27:41.944939Z;/home/runner/work/JSON-java/JSON-java/src/main;java;IN_ACCESS,IN_ISDIR
2026-10-04T14:27:41.945168Z;/home/runner/work/JSON-java/JSON-java/src/main/java;;IN_ACCESS,IN_ISDIR
2026-10-04T14:27:41.945435Z;/home/runner/work/JSON-java/JSON-java/src/main/java;org;IN_ACCESS,IN_ISDIR
2026-10-04T14:27:41.945660Z;/home/runner/work/JSON-java/JSON-java/src/main/java/org;;IN_ACCESS,IN_ISDIR
2026-10-04T14:27:41.945869Z;/home/runner/work/JSON-java/JSON-java/src/main/java;org;IN_ACCESS,IN_ISDIR
2026-10-04T14:27:41.946085Z;/home/runner/work/JSON-java/JSON-java/src/main/java/org;;IN_ACCESS,IN_ISDIR
2026-10-04T14:27:41.946610Z;/home/runner/work/JSON-java/JSON-java/src/main/java/org;json;IN_ACCESS,IN_ISDIR
2026-10-04T14:27:41.946836Z;/home/runner/work/JSON-java/JSON-java/src/main/java/org/json;;IN_ACCESS,IN_ISDIR
2026-10-04T14:27:41.947044Z;/home/runner/work/JSON-java/JSON-java/src/main/java/org;json;IN_ACCESS,IN_ISDIR
2026-10-04T14:27:41.947254Z;/home/runner/work/JSON-java/JSON-java/src/main/java/org/json;;IN_ACCESS,IN_ISDIR
2026-10-04T14:27:41.954799Z;/home/runner/work/JSON-java/JSON-java/target;maven-archiver;IN_CREATE,IN_ISDIR
2026-10-04T14:27:41.955185Z;/home/runner/work/JSON-java/JSON-java/target;maven-archiver;IN_ACCESS,IN_ISDIR
2026-10-04T14:27:41.955972Z;/home/runner/work/JSON-java/JSON-java/src/main;java;IN_ACCESS,IN_ISDIR
2026-10-04T14:27:41.956190Z;/home/runner/work/JSON-java/JSON-java/src/main/java;;IN_ACCESS,IN_ISDIR
2026-10-04T14:27:41.956423Z;/home/runner/work/JSON-java/JSON-java/src/main;java;IN_ACCESS,IN_ISDIR
2026-10-04T14:27:41.956993Z;/home/runner/work/JSON-java/JSON-java/src/main/java;;IN_ACCESS,IN_ISDIR
2026-10-04T14:27:41.957233Z;/home/runner/work/JSON-java/JSON-java/src/main/java;org;IN_ACCESS,IN_ISDIR
2026-10-04T14:27:41.957443Z;/home/runner/work/JSON-java/JSON-java/src/main/java/org;;IN_ACCESS,IN_ISDIR
2026-10-04T14:27:41.957661Z;/home/runner/work/JSON-java/JSON-java/src/main/java;org;IN_ACCESS,IN_ISDIR
2026-10-04T14:27:41.957947Z;/home/runner/work/JSON-java/JSON-java/src/main/java/org;;IN_ACCESS,IN_ISDIR
2026-10-04T14:27:41.958150Z;/home/runner/work/JSON-java/JSON-java/src/main/java/org;json;IN_ACCESS,IN_ISDIR
2026-10-04T14:27:41.958357Z;/home/runner/work/JSON-java/JSON-java/src/main/java/org/json;;IN_ACCESS,IN_ISDIR
2026-10-04T14:27:41.958559Z;/home/runner/work/JSON-java/JSON-java/src/main/java/org;json;IN_ACCESS,IN_ISDIR
2026-10-04T14:27:41.958760Z;/home/runner/work/JSON-java/JSON-java/src/main/java/org/json;;IN_ACCESS,IN_ISDIR
2026-10-04T14:27:41.960071Z;/home/runner/work/JSON-java/JSON-java/target;json-20260814-sources.jar;IN_CREATE
2026-10-04T14:27:41.971470Z;/home/runner/work/JSON-java/JSON-java/src/main/java/org/json;JSONPointerException.java;IN_ACCESS
2026-10-04T14:27:41.972949Z;/home/runner/work/JSON-java/JSON-java/src/main/java/org/json;JSONParserConfiguration.java;IN_ACCESS
2026-10-04T14:27:41.973286Z;/home/runner/work/JSON-java/JSON-java/src/main/java/org/json;JSONPropertyIgnore.java;IN_ACCESS
2026-10-04T14:27:41.973552Z;/home/runner/work/JSON-java/JSON-java/src/main/java/org/json;JSONML.java;IN_ACCESS
2026-10-04T14:27:41.973782Z;/home/runner/work/JSON-java/JSON-java/src/main/java/org/json;StringBuilderWriter.java;IN_ACCESS
2026-10-04T14:27:41.973997Z;/home/runner/work/JSON-java/JSON-java/src/main/java/org/json;XML.java;IN_ACCESS
2026-10-04T14:27:41.974225Z;/home/runner/work/JSON-java/JSON-java/target/generated-sources;annotations;IN_ACCESS,IN_ISDIR
2026-10-04T14:27:41.974439Z;/home/runner/work/JSON-java/JSON-java/target/generated-sources/annotations;;IN_ACCESS,IN_ISDIR
2026-10-04T14:27:41.974648Z;/home/runner/work/JSON-java/JSON-java/target/generated-sources;annotations;IN_ACCESS,IN_ISDIR
2026-10-04T14:27:41.974846Z;/home/runner/work/JSON-java/JSON-java/target/generated-sources/annotations;;IN_ACCESS,IN_ISDIR
2026-10-04T14:27:41.975288Z;/home/runner/work/JSON-java/JSON-java/src/main/java/org/json;XML.java;IN_ACCESS
2026-10-04T14:27:41.975532Z;/home/runner/work/JSON-java/JSON-java/src/main/java/org/json;XML.java;IN_ACCESS
2026-10-04T14:27:41.975738Z;/home/runner/work/JSON-java/JSON-java/src/main/java/org/json;XMLXsiTypeConverter.java;IN_ACCESS
2026-10-04T14:27:41.978438Z;/home/runner/work/JSON-java/JSON-java/src/main/java/org/json;JSONStringer.java;IN_ACCESS
2026-10-04T14:27:41.978720Z;/home/runner/work/JSON-java/JSON-java/src/main/java/org/json;XMLTokener.java;IN_ACCESS
2026-10-04T14:27:41.978933Z;/home/runner/work/JSON-java/JSON-java/src/main/java/org/json;XMLParserConfiguration.java;IN_ACCESS
2026-10-04T14:27:41.979147Z;/home/runner/work/JSON-java/JSON-java/src/main/java/org/json;HTTPTokener.java;IN_ACCESS
2026-10-04T14:27:41.979347Z;/home/runner/work/JSON-java/JSON-java/src/main/java/org/json;CookieList.java;IN_ACCESS
2026-10-04T14:27:41.979541Z;/home/runner/work/JSON-java/JSON-java/src/main/java/org/json;JSONObject.java;IN_ACCESS
2026-10-04T14:27:41.981106Z;/home/runner/work/JSON-java/JSON-java/src/main/java/org/json;JSONObject.java;IN_ACCESS
2026-10-04T14:27:41.981432Z;/home/runner/work/JSON-java/JSON-java/src/main/java/org/json;JSONObject.java;IN_ACCESS
2026-10-04T14:27:41.981640Z;/home/runner/work/JSON-java/JSON-java/src/main/java/org/json;JSONObject.java;IN_ACCESS
2026-10-04T14:27:41.982135Z;/home/runner/work/JSON-java/JSON-java/src/main/java/org/json;JSONMLParserConfiguration.java;IN_ACCESS
2026-10-04T14:27:41.982341Z;/home/runner/work/JSON-java/JSON-java/src/main/java/org/json;JSONObject.java;IN_ACCESS
2026-10-04T14:27:41.982557Z;/home/runner/work/JSON-java/JSON-java/src/main/java/org/json;Cookie.java;IN_ACCESS
2026-10-04T14:27:41.984144Z;/home/runner/work/JSON-java/JSON-java/src/main/java/org/json;JSONObject.java;IN_ACCESS
2026-10-04T14:27:41.984417Z;/home/runner/work/JSON-java/JSON-java/src/main/java/org/json;Cookie.java;IN_ACCESS
2026-10-04T14:27:41.984638Z;/home/runner/work/JSON-java/JSON-java/src/main/java/org/json;JSONObject.java;IN_ACCESS
2026-10-04T14:27:41.984852Z;/home/runner/work/JSON-java/JSON-java/src/main/java/org/json;HTTP.java;IN_ACCESS
2026-10-04T14:27:41.985076Z;/home/runner/work/JSON-java/JSON-java/src/main/java/org/json;JSONObject.java;IN_ACCESS
2026-10-04T14:27:41.985296Z;/home/runner/work/JSON-java/JSON-java/src/main/java/org/json;HTTP.java;IN_ACCESS
2026-10-04T14:27:41.985505Z;/home/runner/work/JSON-java/JSON-java/src/main/java/org/json;JSONWriter.java;IN_ACCESS
2026-10-04T14:27:41.986043Z;/home/runner/work/JSON-java/JSON-java/src/main/java/org/json;JSONObject.java;IN_ACCESS
2026-10-04T14:27:41.986258Z;/home/runner/work/JSON-java/JSON-java/src/main/java/org/json;JSONWriter.java;IN_ACCESS
2026-10-04T14:27:41.986459Z;/home/runner/work/JSON-java/JSON-java/src/main/java/org/json;JSONObject.java;IN_ACCESS
2026-10-04T14:27:41.986785Z;/home/runner/work/JSON-java/JSON-java/src/main/java/org/json;JSONWriter.java;IN_ACCESS
2026-10-04T14:27:41.987047Z;/home/runner/work/JSON-java/JSON-java/src/main/java/org/json;JSONObject.java;IN_ACCESS
2026-10-04T14:27:41.987560Z;/home/runner/work/JSON-java/JSON-java/src/main/java/org/json;JSONException.java;IN_ACCESS
2026-10-04T14:27:41.987807Z;/home/runner/work/JSON-java/JSON-java/src/main/java/org/json;JSONObject.java;IN_ACCESS
2026-10-04T14:27:41.988074Z;/home/runner/work/JSON-java/JSON-java/src/main/java/org/json;JSONPropertyName.java;IN_ACCESS
2026-10-04T14:27:41.988538Z;/home/runner/work/JSON-java/JSON-java/src/main/java/org/json;JSONObject.java;IN_ACCESS
2026-10-04T14:27:41.988763Z;/home/runner/work/JSON-java/JSON-java/src/main/java/org/json;Property.java;IN_ACCESS
2026-10-04T14:27:41.989008Z;/home/runner/work/JSON-java/JSON-java/src/main/java/org/json;JSONPointer.java;IN_ACCESS
2026-10-04T14:27:41.990493Z;/home/runner/work/JSON-java/JSON-java/src/main/java/org/json;JSONObject.java;IN_ACCESS
2026-10-04T14:27:41.990731Z;/home/runner/work/JSON-java/JSON-java/src/main/java/org/json;JSONPointer.java;IN_ACCESS
2026-10-04T14:27:41.990990Z;/home/runner/work/JSON-java/JSON-java/src/main/java/org/json;JSONObject.java;IN_ACCESS
2026-10-04T14:27:41.991215Z;/home/runner/work/JSON-java/JSON-java/src/main/java/org/json;JSONTokener.java;IN_ACCESS
2026-10-04T14:27:41.991430Z;/home/runner/work/JSON-java/JSON-java/src/main/java/org/json;JSONObject.java;IN_ACCESS
2026-10-04T14:27:41.991731Z;/home/runner/work/JSON-java/JSON-java/src/main/java/org/json;JSONTokener.java;IN_ACCESS
2026-10-04T14:27:41.991963Z;/home/runner/work/JSON-java/JSON-java/src/main/java/org/json;JSONObject.java;IN_ACCESS
2026-10-04T14:27:41.992577Z;/home/runner/work/JSON-java/JSON-java/src/main/java/org/json;JSONTokener.java;IN_ACCESS
2026-10-04T14:27:41.992901Z;/home/runner/work/JSON-java/JSON-java/src/main/java/org/json;JSONObject.java;IN_ACCESS
2026-10-04T14:27:41.993122Z;/home/runner/work/JSON-java/JSON-java/src/main/java/org/json;JSONTokener.java;IN_ACCESS
2026-10-04T14:27:41.993329Z;/home/runner/work/JSON-java/JSON-java/src/main/java/org/json;JSONObject.java;IN_ACCESS
2026-10-04T14:27:41.993897Z;/home/runner/work/JSON-java/JSON-java/src/main/java/org/json;JSONString.java;IN_ACCESS
2026-10-04T14:27:41.994098Z;/home/runner/work/JSON-java/JSON-java/src/main/java/org/json;JSONArray.java;IN_ACCESS
2026-10-04T14:27:41.994306Z;/home/runner/work/JSON-java/JSON-java/src/main/java/org/json;JSONObject.java;IN_ACCESS
2026-10-04T14:27:41.994509Z;/home/runner/work/JSON-java/JSON-java/src/main/java/org/json;JSONArray.java;IN_ACCESS
2026-10-04T14:27:41.994707Z;/home/runner/work/JSON-java/JSON-java/src/main/java/org/json;JSONObject.java;IN_ACCESS
2026-10-04T14:27:41.994907Z;/home/runner/work/JSON-java/JSON-java/src/main/java/org/json;JSONArray.java;IN_ACCESS
2026-10-04T14:27:41.995115Z;/home/runner/work/JSON-java/JSON-java/src/main/java/org/json;JSONObject.java;IN_ACCESS
2026-10-04T14:27:41.995308Z;/home/runner/work/JSON-java/JSON-java/src/main/java/org/json;JSONArray.java;IN_ACCESS
2026-10-04T14:27:41.995502Z;/home/runner/work/JSON-java/JSON-java/src/main/java/org/json;CDL.java;IN_ACCESS
2026-10-04T14:27:41.995703Z;/home/runner/work/JSON-java/JSON-java/src/main/java/org/json;JSONArray.java;IN_ACCESS
2026-10-04T14:27:41.996958Z;/home/runner/work/JSON-java/JSON-java/src/main/java/org/json;CDL.java;IN_ACCESS
2026-10-04T14:27:41.999119Z;/home/runner/work/JSON-java/JSON-java/src/main/java/org/json;JSONArray.java;IN_ACCESS
2026-10-04T14:27:41.999370Z;/home/runner/work/JSON-java/JSON-java/src/main/java/org/json;CDL.java;IN_ACCESS
2026-10-04T14:27:41.999605Z;/home/runner/work/JSON-java/JSON-java/src/main/java/org/json;JSONArray.java;IN_ACCESS
2026-10-04T14:27:41.999820Z;/home/runner/work/JSON-java/JSON-java/src/main/java/org/json;CDL.java;IN_ACCESS
2026-10-04T14:27:42.000035Z;/home/runner/work/JSON-java/JSON-java/src/main/java/org/json;JSONArray.java;IN_ACCESS
2026-10-04T14:27:42.002572Z;/home/runner/work/JSON-java/JSON-java;pom.xml;IN_ACCESS
2026-10-04T14:27:42.002920Z;/home/runner/work/JSON-java/JSON-java/src/main/java/org/json;JSONArray.java;IN_ACCESS
2026-10-04T14:27:42.003160Z;/home/runner/work/JSON-java/JSON-java;pom.xml;IN_ACCESS
2026-10-04T14:27:42.003377Z;/home/runner/work/JSON-java/JSON-java/src/main/java/org/json;JSONArray.java;IN_ACCESS
2026-10-04T14:27:42.003623Z;/home/runner/work/JSON-java/JSON-java/target/maven-archiver;pom.properties;IN_ACCESS
2026-10-04T14:27:42.003873Z;/home/runner/work/JSON-java/JSON-java/src/main/java/org/json;JSONObject.java;IN_ACCESS
2026-10-04T14:27:42.004085Z;/home/runner/work/JSON-java/JSON-java/src/main/java/org/json;JSONArray.java;IN_ACCESS
2026-10-04T14:27:42.004294Z;/home/runner/work/JSON-java/JSON-java/src/main/java/org/json;JSONObject.java;IN_ACCESS
2026-10-04T14:27:42.005138Z;/home/runner/work/JSON-java/JSON-java/src/main/java/org/json;JSONArray.java;IN_ACCESS
2026-10-04T14:27:42.005372Z;/home/runner/work/JSON-java/JSON-java/src/main/java/org/json;ParserConfiguration.java;IN_ACCESS
2026-10-04T14:27:42.246226Z;/home/runner/work/JSON-java/JSON-java/target;javadoc-bundle-options;IN_CREATE,IN_ISDIR
2026-10-04T14:27:42.246753Z;/home/runner/work/JSON-java/JSON-java/target;javadoc-bundle-options;IN_ACCESS,IN_ISDIR
2026-10-04T14:27:42.247272Z;/home/runner/work/JSON-java/JSON-java/target/javadoc-bundle-options;javadoc-options-javadoc-resources.xml;IN_CREATE
2026-10-04T14:27:42.251340Z;/home/runner/work/JSON-java/JSON-java/target;json-20260814.jar;IN_ACCESS
2026-10-04T14:27:42.251762Z;/home/runner/work/JSON-java/JSON-java/target;json-20260814.jar;IN_ACCESS
2026-10-04T14:27:42.252008Z;/home/runner/work/JSON-java/JSON-java/target;json-20260814.jar;IN_ACCESS
2026-10-04T14:27:42.255127Z;/home/runner/work/JSON-java/JSON-java/src/main;java;IN_ACCESS,IN_ISDIR
2026-10-04T14:27:42.255439Z;/home/runner/work/JSON-java/JSON-java/src/main/java;;IN_ACCESS,IN_ISDIR
2026-10-04T14:27:42.255766Z;/home/runner/work/JSON-java/JSON-java/src/main;java;IN_ACCESS,IN_ISDIR
2026-10-04T14:27:42.256083Z;/home/runner/work/JSON-java/JSON-java/src/main/java;;IN_ACCESS,IN_ISDIR
2026-10-04T14:27:42.256396Z;/home/runner/work/JSON-java/JSON-java/src/main/java;org;IN_ACCESS,IN_ISDIR
2026-10-04T14:27:42.256667Z;/home/runner/work/JSON-java/JSON-java/src/main/java/org;;IN_ACCESS,IN_ISDIR
2026-10-04T14:27:42.256945Z;/home/runner/work/JSON-java/JSON-java/src/main/java;org;IN_ACCESS,IN_ISDIR
2026-10-04T14:27:42.257221Z;/home/runner/work/JSON-java/JSON-java/src/main/java/org;;IN_ACCESS,IN_ISDIR
2026-10-04T14:27:42.257498Z;/home/runner/work/JSON-java/JSON-java/src/main/java/org;json;IN_ACCESS,IN_ISDIR
2026-10-04T14:27:42.257775Z;/home/runner/work/JSON-java/JSON-java/src/main/java/org/json;;IN_ACCESS,IN_ISDIR
2026-10-04T14:27:42.258100Z;/home/runner/work/JSON-java/JSON-java/src/main/java/org;json;IN_ACCESS,IN_ISDIR
2026-10-04T14:27:42.258345Z;/home/runner/work/JSON-java/JSON-java/src/main/java/org/json;;IN_ACCESS,IN_ISDIR
2026-10-04T14:27:42.258679Z;/home/runner/work/JSON-java/JSON-java/target/generated-sources;annotations;IN_ACCESS,IN_ISDIR
2026-10-04T14:27:42.259564Z;/home/runner/work/JSON-java/JSON-java/target/generated-sources/annotations;;IN_ACCESS,IN_ISDIR
2026-10-04T14:27:42.259856Z;/home/runner/work/JSON-java/JSON-java/target/generated-sources;annotations;IN_ACCESS,IN_ISDIR
2026-10-04T14:27:42.260120Z;/home/runner/work/JSON-java/JSON-java/target/generated-sources/annotations;;IN_ACCESS,IN_ISDIR
2026-10-04T14:27:42.351318Z;/home/runner/work/JSON-java/JSON-java/target;json-20260814.jar;IN_ACCESS
2026-10-04T14:27:42.351789Z;/home/runner/work/JSON-java/JSON-java/target;json-20260814.jar;IN_ACCESS
2026-10-04T14:27:42.352480Z;/home/runner/work/JSON-java/JSON-java/src/main;java;IN_ACCESS,IN_ISDIR
2026-10-04T14:27:42.352839Z;/home/runner/work/JSON-java/JSON-java/src/main/java;;IN_ACCESS,IN_ISDIR
2026-10-04T14:27:42.353193Z;/home/runner/work/JSON-java/JSON-java/src/main;java;IN_ACCESS,IN_ISDIR
2026-10-04T14:27:42.353429Z;/home/runner/work/JSON-java/JSON-java/src/main/java;;IN_ACCESS,IN_ISDIR
2026-10-04T14:27:42.353668Z;/home/runner/work/JSON-java/JSON-java/src/main/java;org;IN_ACCESS,IN_ISDIR
2026-10-04T14:27:42.353891Z;/home/runner/work/JSON-java/JSON-java/src/main/java/org;;IN_ACCESS,IN_ISDIR
2026-10-04T14:27:42.354317Z;/home/runner/work/JSON-java/JSON-java/src/main/java;org;IN_ACCESS,IN_ISDIR
2026-10-04T14:27:42.354550Z;/home/runner/work/JSON-java/JSON-java/src/main/java/org;;IN_ACCESS,IN_ISDIR
2026-10-04T14:27:42.354770Z;/home/runner/work/JSON-java/JSON-java/src/main/java/org;json;IN_ACCESS,IN_ISDIR
2026-10-04T14:27:42.355193Z;/home/runner/work/JSON-java/JSON-java/src/main/java/org/json;;IN_ACCESS,IN_ISDIR
2026-10-04T14:27:42.355422Z;/home/runner/work/JSON-java/JSON-java/src/main/java/org;json;IN_ACCESS,IN_ISDIR
2026-10-04T14:27:42.355638Z;/home/runner/work/JSON-java/JSON-java/src/main/java/org/json;;IN_ACCESS,IN_ISDIR
2026-10-04T14:27:42.356085Z;/home/runner/work/JSON-java/JSON-java/target/generated-sources;annotations;IN_ACCESS,IN_ISDIR
2026-10-04T14:27:42.356768Z;/home/runner/work/JSON-java/JSON-java/target/generated-sources/annotations;;IN_ACCESS,IN_ISDIR
2026-10-04T14:27:42.357024Z;/home/runner/work/JSON-java/JSON-java/target/generated-sources;annotations;IN_ACCESS,IN_ISDIR
2026-10-04T14:27:42.357257Z;/home/runner/work/JSON-java/JSON-java/target/generated-sources/annotations;;IN_ACCESS,IN_ISDIR
2026-10-04T14:27:42.357609Z;/home/runner/work/JSON-java/JSON-java/target;apidocs;IN_CREATE,IN_ISDIR
2026-10-04T14:27:42.358171Z;/home/runner/work/JSON-java/JSON-java/src/main;java;IN_ACCESS,IN_ISDIR
2026-10-04T14:27:42.358514Z;/home/runner/work/JSON-java/JSON-java/src/main/java;;IN_ACCESS,IN_ISDIR
2026-10-04T14:27:42.358771Z;/home/runner/work/JSON-java/JSON-java/src/main;java;IN_ACCESS,IN_ISDIR
2026-10-04T14:27:42.358993Z;/home/runner/work/JSON-java/JSON-java/src/main/java;;IN_ACCESS,IN_ISDIR
2026-10-04T14:27:42.359237Z;/home/runner/work/JSON-java/JSON-java/src/main/java;org;IN_ACCESS,IN_ISDIR
2026-10-04T14:27:42.359489Z;/home/runner/work/JSON-java/JSON-java/src/main/java/org;;IN_ACCESS,IN_ISDIR
2026-10-04T14:27:42.359734Z;/home/runner/work/JSON-java/JSON-java/src/main/java;org;IN_ACCESS,IN_ISDIR
2026-10-04T14:27:42.360031Z;/home/runner/work/JSON-java/JSON-java/src/main/java/org;;IN_ACCESS,IN_ISDIR
2026-10-04T14:27:42.361026Z;/home/runner/work/JSON-java/JSON-java/src/main/java/org;json;IN_ACCESS,IN_ISDIR
2026-10-04T14:27:42.361291Z;/home/runner/work/JSON-java/JSON-java/src/main/java/org/json;;IN_ACCESS,IN_ISDIR
2026-10-04T14:27:42.361544Z;/home/runner/work/JSON-java/JSON-java/src/main/java/org;json;IN_ACCESS,IN_ISDIR
2026-10-04T14:27:42.361800Z;/home/runner/work/JSON-java/JSON-java/src/main/java/org/json;;IN_ACCESS,IN_ISDIR
2026-10-04T14:27:42.362064Z;/home/runner/work/JSON-java/JSON-java/target/generated-sources;annotations;IN_ACCESS,IN_ISDIR
2026-10-04T14:27:42.362791Z;/home/runner/work/JSON-java/JSON-java/target/generated-sources/annotations;;IN_ACCESS,IN_ISDIR
2026-10-04T14:27:42.363080Z;/home/runner/work/JSON-java/JSON-java/target/generated-sources;annotations;IN_ACCESS,IN_ISDIR
2026-10-04T14:27:42.363300Z;/home/runner/work/JSON-java/JSON-java/target/generated-sources/annotations;;IN_ACCESS,IN_ISDIR
2026-10-04T14:27:42.363643Z;/home/runner/work/JSON-java/JSON-java/target;apidocs;IN_ACCESS,IN_ISDIR
2026-10-04T14:27:42.363867Z;/home/runner/work/JSON-java/JSON-java/target/apidocs;options;IN_CREATE
2026-10-04T14:27:42.364097Z;/home/runner/work/JSON-java/JSON-java/target/apidocs;packages;IN_CREATE
2026-10-04T14:27:42.365472Z;/home/runner/work/JSON-java/JSON-java/target/apidocs;options;IN_ACCESS
2026-10-04T14:27:42.365752Z;/home/runner/work/JSON-java/JSON-java/target/apidocs;packages;IN_ACCESS
2026-10-04T14:27:42.365999Z;/home/runner/work/JSON-java/JSON-java/src/main;java;IN_ACCESS,IN_ISDIR
2026-10-04T14:27:42.366232Z;/home/runner/work/JSON-java/JSON-java/src/main/java;;IN_ACCESS,IN_ISDIR
2026-10-04T14:27:42.366483Z;/home/runner/work/JSON-java/JSON-java/src/main;java;IN_ACCESS,IN_ISDIR
2026-10-04T14:27:42.366724Z;/home/runner/work/JSON-java/JSON-java/src/main/java;;IN_ACCESS,IN_ISDIR
2026-10-04T14:27:42.366932Z;/home/runner/work/JSON-java/JSON-java/target/generated-sources;annotations;IN_ACCESS,IN_ISDIR
2026-10-04T14:27:42.367161Z;/home/runner/work/JSON-java/JSON-java/target/generated-sources/annotations;;IN_ACCESS,IN_ISDIR
2026-10-04T14:27:42.367370Z;/home/runner/work/JSON-java/JSON-java/target/generated-sources;annotations;IN_ACCESS,IN_ISDIR
2026-10-04T14:27:42.367616Z;/home/runner/work/JSON-java/JSON-java/target/generated-sources/annotations;;IN_ACCESS,IN_ISDIR
2026-10-04T14:27:42.367829Z;/home/runner/work/JSON-java/JSON-java/target;apidocs;IN_ACCESS,IN_ISDIR
2026-10-04T14:27:42.368115Z;/home/runner/work/JSON-java/JSON-java/target/apidocs;;IN_ACCESS,IN_ISDIR
2026-10-04T14:27:42.368348Z;/home/runner/work/JSON-java/JSON-java/target;apidocs;IN_ACCESS,IN_ISDIR
2026-10-04T14:27:42.368613Z;/home/runner/work/JSON-java/JSON-java/target/apidocs;;IN_ACCESS,IN_ISDIR
2026-10-04T14:27:42.512656Z;/home/runner/work/JSON-java/JSON-java/target/apidocs;options;IN_ACCESS
2026-10-04T14:27:42.513256Z;/home/runner/work/JSON-java/JSON-java/target/apidocs;packages;IN_ACCESS
2026-10-04T14:27:42.785190Z;/home/runner/work/JSON-java/JSON-java/src/main/java/org;json;IN_ACCESS,IN_ISDIR
2026-10-04T14:27:42.786591Z;/home/runner/work/JSON-java/JSON-java/src/main/java/org/json;;IN_ACCESS,IN_ISDIR
2026-10-04T14:27:42.786939Z;/home/runner/work/JSON-java/JSON-java/src/main/java/org;json;IN_ACCESS,IN_ISDIR
2026-10-04T14:27:42.787195Z;/home/runner/work/JSON-java/JSON-java/src/main/java/org/json;;IN_ACCESS,IN_ISDIR
2026-10-04T14:27:42.788524Z;/home/runner/work/JSON-java/JSON-java/src/main/java/org/json;JSONPointerException.java;IN_ACCESS
2026-10-04T14:27:42.796161Z;/home/runner/work/JSON-java/JSON-java/src/main/java/org/json;JSONParserConfiguration.java;IN_ACCESS
2026-10-04T14:27:42.802482Z;/home/runner/work/JSON-java/JSON-java/src/main/java/org/json;JSONPropertyIgnore.java;IN_ACCESS
2026-10-04T14:27:42.803559Z;/home/runner/work/JSON-java/JSON-java/src/main/java/org/json;CDL.java;IN_ACCESS
2026-10-04T14:27:42.813951Z;/home/runner/work/JSON-java/JSON-java/src/main/java/org/json;JSONML.java;IN_ACCESS
2026-10-04T14:27:42.825915Z;/home/runner/work/JSON-java/JSON-java/src/main/java/org/json;StringBuilderWriter.java;IN_ACCESS
2026-10-04T14:27:42.827259Z;/home/runner/work/JSON-java/JSON-java/src/main/java/org/json;XML.java;IN_ACCESS
2026-10-04T14:27:42.846509Z;/home/runner/work/JSON-java/JSON-java/src/main/java/org/json;XMLXsiTypeConverter.java;IN_ACCESS
2026-10-04T14:27:42.847192Z;/home/runner/work/JSON-java/JSON-java/src/main/java/org/json;JSONStringer.java;IN_ACCESS
2026-10-04T14:27:42.849605Z;/home/runner/work/JSON-java/JSON-java/src/main/java/org/json;XMLTokener.java;IN_ACCESS
2026-10-04T14:27:42.851914Z;/home/runner/work/JSON-java/JSON-java/src/main/java/org/json;XMLParserConfiguration.java;IN_ACCESS
2026-10-04T14:27:42.854622Z;/home/runner/work/JSON-java/JSON-java/src/main/java/org/json;HTTPTokener.java;IN_ACCESS
2026-10-04T14:27:42.855886Z;/home/runner/work/JSON-java/JSON-java/src/main/java/org/json;CookieList.java;IN_ACCESS
2026-10-04T14:27:42.857714Z;/home/runner/work/JSON-java/JSON-java/src/main/java/org/json;JSONObject.java;IN_ACCESS
2026-10-04T14:27:42.882286Z;/home/runner/work/JSON-java/JSON-java/src/main/java/org/json;JSONMLParserConfiguration.java;IN_ACCESS
2026-10-04T14:27:42.884676Z;/home/runner/work/JSON-java/JSON-java/src/main/java/org/json;ParserConfiguration.java;IN_ACCESS
2026-10-04T14:27:42.886579Z;/home/runner/work/JSON-java/JSON-java/src/main/java/org/json;Cookie.java;IN_ACCESS
2026-10-04T14:27:42.886898Z;/home/runner/work/JSON-java/JSON-java/src/main/java/org/json;HTTP.java;IN_ACCESS
2026-10-04T14:27:42.888575Z;/home/runner/work/JSON-java/JSON-java/src/main/java/org/json;JSONWriter.java;IN_ACCESS
2026-10-04T14:27:42.888910Z;/home/runner/work/JSON-java/JSON-java/src/main/java/org/json;JSONException.java;IN_ACCESS
2026-10-04T14:27:42.889798Z;/home/runner/work/JSON-java/JSON-java/src/main/java/org/json;JSONPropertyName.java;IN_ACCESS
2026-10-04T14:27:42.892835Z;/home/runner/work/JSON-java/JSON-java/src/main/java/org/json;Property.java;IN_ACCESS
2026-10-04T14:27:42.893570Z;/home/runner/work/JSON-java/JSON-java/src/main/java/org/json;JSONPointer.java;IN_ACCESS
2026-10-04T14:27:42.893826Z;/home/runner/work/JSON-java/JSON-java/src/main/java/org/json;JSONTokener.java;IN_ACCESS
2026-10-04T14:27:42.895561Z;/home/runner/work/JSON-java/JSON-java/src/main/java/org/json;JSONString.java;IN_ACCESS
2026-10-04T14:27:42.896559Z;/home/runner/work/JSON-java/JSON-java/src/main/java/org/json;JSONArray.java;IN_ACCESS
2026-10-04T14:27:42.906182Z;/home/runner/work/JSON-java/JSON-java/src/main/java/org;json;IN_ACCESS,IN_ISDIR
2026-10-04T14:27:42.907632Z;/home/runner/work/JSON-java/JSON-java/src/main/java/org/json;;IN_ACCESS,IN_ISDIR
2026-10-04T14:27:42.909674Z;/home/runner/work/JSON-java/JSON-java/src/main/java/org;json;IN_ACCESS,IN_ISDIR
2026-10-04T14:27:42.910038Z;/home/runner/work/JSON-java/JSON-java/src/main/java/org/json;;IN_ACCESS,IN_ISDIR
2026-10-04T14:27:42.933934Z;/home/runner/work/JSON-java/JSON-java/src/main/java;org;IN_ACCESS,IN_ISDIR
2026-10-04T14:27:42.934627Z;/home/runner/work/JSON-java/JSON-java/src/main/java/org;;IN_ACCESS,IN_ISDIR
2026-10-04T14:27:42.936587Z;/home/runner/work/JSON-java/JSON-java/src/main/java;org;IN_ACCESS,IN_ISDIR
2026-10-04T14:27:42.937010Z;/home/runner/work/JSON-java/JSON-java/src/main/java/org;;IN_ACCESS,IN_ISDIR
2026-10-04T14:27:43.069532Z;/home/runner/work/JSON-java/JSON-java/target;apidocs;IN_ACCESS,IN_ISDIR
2026-10-04T14:27:43.070580Z;/home/runner/work/JSON-java/JSON-java/target/apidocs;;IN_ACCESS,IN_ISDIR
2026-10-04T14:27:43.072608Z;/home/runner/work/JSON-java/JSON-java/target;apidocs;IN_ACCESS,IN_ISDIR
2026-10-04T14:27:43.073022Z;/home/runner/work/JSON-java/JSON-java/target/apidocs;;IN_ACCESS,IN_ISDIR
2026-10-04T14:27:43.074551Z;/home/runner/work/JSON-java/JSON-java/src/main;java;IN_ACCESS,IN_ISDIR
2026-10-04T14:27:43.075537Z;/home/runner/work/JSON-java/JSON-java/src/main/java;;IN_ACCESS,IN_ISDIR
2026-10-04T14:27:43.077559Z;/home/runner/work/JSON-java/JSON-java/src/main;java;IN_ACCESS,IN_ISDIR
2026-10-04T14:27:43.078668Z;/home/runner/work/JSON-java/JSON-java/src/main/java;;IN_ACCESS,IN_ISDIR
2026-10-04T14:27:43.080560Z;/home/runner/work/JSON-java/JSON-java/target/generated-sources;annotations;IN_ACCESS,IN_ISDIR
2026-10-04T14:27:43.082583Z;/home/runner/work/JSON-java/JSON-java/target/generated-sources/annotations;;IN_ACCESS,IN_ISDIR
2026-10-04T14:27:43.082858Z;/home/runner/work/JSON-java/JSON-java/target/generated-sources;annotations;IN_ACCESS,IN_ISDIR
2026-10-04T14:27:43.084547Z;/home/runner/work/JSON-java/JSON-java/target/generated-sources/annotations;;IN_ACCESS,IN_ISDIR
2026-10-04T14:27:43.453640Z;/home/runner/work/JSON-java/JSON-java/target/apidocs;org;IN_CREATE,IN_ISDIR
2026-10-04T14:27:43.454123Z;/home/runner/work/JSON-java/JSON-java/target/apidocs;org;IN_ACCESS,IN_ISDIR
2026-10-04T14:27:43.495879Z;/home/runner/work/JSON-java/JSON-java/target/apidocs/org/json;Cookie.html;IN_CREATE
2026-10-04T14:27:43.503985Z;/home/runner/work/JSON-java/JSON-java/target/apidocs/org/json;CookieList.html;IN_CREATE
2026-10-04T14:27:43.514288Z;/home/runner/work/JSON-java/JSON-java/target/apidocs/org/json;HTTP.html;IN_CREATE
2026-10-04T14:27:43.534485Z;/home/runner/work/JSON-java/JSON-java/target/apidocs/org/json;HTTPTokener.html;IN_CREATE
2026-10-04T14:27:43.618706Z;/home/runner/work/JSON-java/JSON-java/target/apidocs/org/json;JSONArray.html;IN_CREATE
2026-10-04T14:27:43.630536Z;/home/runner/work/JSON-java/JSON-java/target/apidocs/org/json;JSONException.html;IN_CREATE
2026-10-04T14:27:43.645117Z;/home/runner/work/JSON-java/JSON-java/target/apidocs/org/json;JSONML.html;IN_CREATE
2026-10-04T14:27:43.655076Z;/home/runner/work/JSON-java/JSON-java/target/apidocs/org/json;JSONMLParserConfiguration.html;IN_CREATE
2026-10-04T14:27:43.726276Z;/home/runner/work/JSON-java/JSON-java/target/apidocs/org/json;JSONObject.html;IN_CREATE
2026-10-04T14:27:43.736748Z;/home/runner/work/JSON-java/JSON-java/target/apidocs/org/json;JSONParserConfiguration.html;IN_CREATE
2026-10-04T14:27:43.744019Z;/home/runner/work/JSON-java/JSON-java/target/apidocs/org/json;JSONPointer.html;IN_CREATE
2026-10-04T14:27:43.747817Z;/home/runner/work/JSON-java/JSON-java/target/apidocs/org/json;JSONPointer.Builder.html;IN_CREATE
2026-10-04T14:27:43.753649Z;/home/runner/work/JSON-java/JSON-java/target/apidocs/org/json;JSONPointerException.html;IN_CREATE
2026-10-04T14:27:43.755683Z;/home/runner/work/JSON-java/JSON-java/target/apidocs/org/json;JSONPropertyIgnore.html;IN_CREATE
2026-10-04T14:27:43.757694Z;/home/runner/work/JSON-java/JSON-java/target/apidocs/org/json;JSONPropertyName.html;IN_CREATE
2026-10-04T14:27:43.759602Z;/home/runner/work/JSON-java/JSON-java/target/apidocs/org/json;JSONString.html;IN_CREATE
2026-10-04T14:27:43.764237Z;/home/runner/work/JSON-java/JSON-java/target/apidocs/org/json;JSONStringer.html;IN_CREATE
2026-10-04T14:27:43.774505Z;/home/runner/work/JSON-java/JSON-java/target/apidocs/org/json;JSONTokener.html;IN_CREATE
2026-10-04T14:27:43.781694Z;/home/runner/work/JSON-java/JSON-java/target/apidocs/org/json;JSONWriter.html;IN_CREATE
2026-10-04T14:27:43.786520Z;/home/runner/work/JSON-java/JSON-java/target/apidocs/org/json;ParserConfiguration.html;IN_CREATE
2026-10-04T14:27:43.790650Z;/home/runner/work/JSON-java/JSON-java/target/apidocs/org/json;Property.html;IN_CREATE
2026-10-04T14:27:43.824119Z;/home/runner/work/JSON-java/JSON-java/target/apidocs/org/json;StringBuilderWriter.html;IN_CREATE
2026-10-04T14:27:43.839095Z;/home/runner/work/JSON-java/JSON-java/target/apidocs/org/json;XML.html;IN_CREATE
2026-10-04T14:27:43.854541Z;/home/runner/work/JSON-java/JSON-java/target/apidocs/org/json;XMLParserConfiguration.html;IN_CREATE
2026-10-04T14:27:43.861562Z;/home/runner/work/JSON-java/JSON-java/target/apidocs/org/json;XMLTokener.html;IN_CREATE
2026-10-04T14:27:43.864170Z;/home/runner/work/JSON-java/JSON-java/target/apidocs/org/json;XMLXsiTypeConverter.html;IN_CREATE
2026-10-04T14:27:43.865018Z;/home/runner/work/JSON-java/JSON-java/target/apidocs;element-list;IN_CREATE
2026-10-04T14:27:43.872366Z;/home/runner/work/JSON-java/JSON-java/target/apidocs/org/json;package-summary.html;IN_CREATE
2026-10-04T14:27:43.876489Z;/home/runner/work/JSON-java/JSON-java/target/apidocs/org/json;package-tree.html;IN_CREATE
2026-10-04T14:27:43.880355Z;/home/runner/work/JSON-java/JSON-java/target/apidocs;constant-values.html;IN_CREATE
2026-10-04T14:27:43.886721Z;/home/runner/work/JSON-java/JSON-java/target/apidocs;serialized-form.html;IN_CREATE
2026-10-04T14:27:43.904676Z;/home/runner/work/JSON-java/JSON-java/target/apidocs/org/json;class-use;IN_CREATE,IN_ISDIR
2026-10-04T14:27:43.905636Z;/home/runner/work/JSON-java/JSON-java/target/apidocs/org/json;class-use;IN_ACCESS,IN_ISDIR
2026-10-04T14:27:43.908912Z;/home/runner/work/JSON-java/JSON-java/target/apidocs/org/json/class-use;JSONParserConfiguration.html;IN_CREATE
2026-10-04T14:27:43.909498Z;/home/runner/work/JSON-java/JSON-java/target/apidocs/org/json/class-use;JSONPropertyIgnore.html;IN_CREATE
2026-10-04T14:27:43.910227Z;/home/runner/work/JSON-java/JSON-java/target/apidocs/org/json/class-use;CDL.html;IN_CREATE
2026-10-04T14:27:43.910566Z;/home/runner/work/JSON-java/JSON-java/target/apidocs/org/json/class-use;JSONML.html;IN_CREATE
2026-10-04T14:27:43.913255Z;/home/runner/work/JSON-java/JSON-java/target/apidocs/org/json/class-use;StringBuilderWriter.html;IN_CREATE
2026-10-04T14:27:43.913596Z;/home/runner/work/JSON-java/JSON-java/target/apidocs/org/json/class-use;XML.html;IN_CREATE
2026-10-04T14:27:43.913923Z;/home/runner/work/JSON-java/JSON-java/target/apidocs/org/json/class-use;XMLXsiTypeConverter.html;IN_CREATE
2026-10-04T14:27:43.914240Z;/home/runner/work/JSON-java/JSON-java/target/apidocs/org/json/class-use;JSONStringer.html;IN_CREATE
2026-10-04T14:27:43.915090Z;/home/runner/work/JSON-java/JSON-java/target/apidocs/org/json/class-use;XMLTokener.html;IN_CREATE
2026-10-04T14:27:43.917470Z;/home/runner/work/JSON-java/JSON-java/target/apidocs/org/json/class-use;XMLParserConfiguration.html;IN_CREATE
2026-10-04T14:27:43.918577Z;/home/runner/work/JSON-java/JSON-java/target/apidocs/org/json/class-use;HTTPTokener.html;IN_CREATE
2026-10-04T14:27:43.921282Z;/home/runner/work/JSON-java/JSON-java/target/apidocs/org/json/class-use;CookieList.html;IN_CREATE
2026-10-04T14:27:43.923223Z;/home/runner/work/JSON-java/JSON-java/target/apidocs/org/json/class-use;JSONObject.html;IN_CREATE
2026-10-04T14:27:43.926448Z;/home/runner/work/JSON-java/JSON-java/target/apidocs/org/json/class-use;JSONMLParserConfiguration.html;IN_CREATE
2026-10-04T14:27:43.926827Z;/home/runner/work/JSON-java/JSON-java/target/apidocs/org/json/class-use;ParserConfiguration.html;IN_CREATE
2026-10-04T14:27:43.927791Z;/home/runner/work/JSON-java/JSON-java/target/apidocs/org/json/class-use;Cookie.html;IN_CREATE
2026-10-04T14:27:43.928573Z;/home/runner/work/JSON-java/JSON-java/target/apidocs/org/json/class-use;HTTP.html;IN_CREATE
2026-10-04T14:27:43.932215Z;/home/runner/work/JSON-java/JSON-java/target/apidocs/org/json/class-use;JSONWriter.html;IN_CREATE
2026-10-04T14:27:43.938397Z;/home/runner/work/JSON-java/JSON-java/target/apidocs/org/json/class-use;JSONException.html;IN_CREATE
2026-10-04T14:27:43.941262Z;/home/runner/work/JSON-java/JSON-java/target/apidocs/org/json/class-use;JSONPropertyName.html;IN_CREATE
2026-10-04T14:27:43.942356Z;/home/runner/work/JSON-java/JSON-java/target/apidocs/org/json/class-use;Property.html;IN_CREATE
2026-10-04T14:27:43.943615Z;/home/runner/work/JSON-java/JSON-java/target/apidocs/org/json/class-use;JSONPointer.html;IN_CREATE
2026-10-04T14:27:43.946465Z;/home/runner/work/JSON-java/JSON-java/target/apidocs/org/json/class-use;JSONPointer.Builder.html;IN_CREATE
2026-10-04T14:27:43.946822Z;/home/runner/work/JSON-java/JSON-java/target/apidocs/org/json/class-use;JSONTokener.html;IN_CREATE
2026-10-04T14:27:43.947318Z;/home/runner/work/JSON-java/JSON-java/target/apidocs/org/json/class-use;JSONString.html;IN_CREATE
2026-10-04T14:27:43.950463Z;/home/runner/work/JSON-java/JSON-java/target/apidocs/org/json/class-use;JSONArray.html;IN_CREATE
2026-10-04T14:27:43.953988Z;/home/runner/work/JSON-java/JSON-java/target/apidocs/org/json;package-use.html;IN_CREATE
2026-10-04T14:27:43.955883Z;/home/runner/work/JSON-java/JSON-java/target/apidocs;overview-tree.html;IN_CREATE
2026-10-04T14:27:43.958331Z;/home/runner/work/JSON-java/JSON-java/target/apidocs;deprecated-list.html;IN_CREATE
2026-10-04T14:27:43.980355Z;/home/runner/work/JSON-java/JSON-java/target/apidocs;allclasses-index.html;IN_CREATE
2026-10-04T14:27:43.981575Z;/home/runner/work/JSON-java/JSON-java/target/apidocs;allpackages-index.html;IN_CREATE
2026-10-04T14:27:43.981956Z;/home/runner/work/JSON-java/JSON-java/target/apidocs;module-search-index.js;IN_CREATE
2026-10-04T14:27:43.982333Z;/home/runner/work/JSON-java/JSON-java/target/apidocs;package-search-index.js;IN_CREATE
2026-10-04T14:27:43.982984Z;/home/runner/work/JSON-java/JSON-java/target/apidocs;type-search-index.js;IN_CREATE
2026-10-04T14:27:43.983351Z;/home/runner/work/JSON-java/JSON-java/target/apidocs;member-search-index.js;IN_CREATE
2026-10-04T14:27:43.985445Z;/home/runner/work/JSON-java/JSON-java/target/apidocs;tag-search-index.js;IN_CREATE
2026-10-04T14:27:44.007315Z;/home/runner/work/JSON-java/JSON-java/target/apidocs;index-all.html;IN_CREATE
2026-10-04T14:27:44.010867Z;/home/runner/work/JSON-java/JSON-java/target/apidocs;index.html;IN_CREATE
2026-10-04T14:27:44.013215Z;/home/runner/work/JSON-java/JSON-java/target/apidocs;help-doc.html;IN_CREATE
2026-10-04T14:27:44.013938Z;/home/runner/work/JSON-java/JSON-java/target/apidocs;stylesheet.css;IN_CREATE
2026-10-04T14:27:44.014581Z;/home/runner/work/JSON-java/JSON-java/target/apidocs;script.js;IN_CREATE
2026-10-04T14:27:44.015167Z;/home/runner/work/JSON-java/JSON-java/target/apidocs;search.js;IN_CREATE
2026-10-04T14:27:44.016290Z;/home/runner/work/JSON-java/JSON-java/target/apidocs;resources;IN_CREATE,IN_ISDIR
2026-10-04T14:27:44.017026Z;/home/runner/work/JSON-java/JSON-java/target/apidocs;resources;IN_ACCESS,IN_ISDIR
2026-10-04T14:27:44.062745Z;/home/runner/work/JSON-java/JSON-java/target/apidocs;script-dir;IN_CREATE,IN_ISDIR
2026-10-04T14:27:44.064021Z;/home/runner/work/JSON-java/JSON-java/target/apidocs;script-dir;IN_ACCESS,IN_ISDIR
2026-10-04T14:27:44.064364Z;/home/runner/work/JSON-java/JSON-java/target/apidocs/script-dir;jquery-ui.min.js;IN_CREATE
2026-10-04T14:27:44.064691Z;/home/runner/work/JSON-java/JSON-java/target/apidocs/script-dir;jquery-ui.min.css;IN_CREATE
2026-10-04T14:27:44.064948Z;/home/runner/work/JSON-java/JSON-java/target/apidocs;jquery-ui.overrides.css;IN_CREATE
2026-10-04T14:27:44.086681Z;/home/runner/work/JSON-java/JSON-java/target/apidocs;legal;IN_CREATE,IN_ISDIR
2026-10-04T14:27:44.087166Z;/home/runner/work/JSON-java/JSON-java/target/apidocs;legal;IN_ACCESS,IN_ISDIR
2026-10-04T14:27:44.098047Z;/home/runner/work/JSON-java/JSON-java/target/apidocs/legal;LICENSE;IN_CREATE
2026-10-04T14:27:44.110967Z;/home/runner/work/JSON-java/JSON-java/target/apidocs/legal;ASSEMBLY_EXCEPTION;IN_CREATE
2026-10-04T14:27:44.124703Z;/home/runner/work/JSON-java/JSON-java/target/apidocs/legal;jquery.md;IN_CREATE
2026-10-04T14:27:44.130135Z;/home/runner/work/JSON-java/JSON-java/target/apidocs/legal;ADDITIONAL_LICENSE_INFO;IN_CREATE
2026-10-04T14:27:44.142468Z;/home/runner/work/JSON-java/JSON-java/target/apidocs;options;IN_ACCESS
2026-10-04T14:27:44.142952Z;/home/runner/work/JSON-java/JSON-java/target/apidocs;packages;IN_ACCESS
2026-10-04T14:27:44.143332Z;/home/runner/work/JSON-java/JSON-java/src/main;java;IN_ACCESS,IN_ISDIR
2026-10-04T14:27:44.143609Z;/home/runner/work/JSON-java/JSON-java/src/main/java;;IN_ACCESS,IN_ISDIR
2026-10-04T14:27:44.143874Z;/home/runner/work/JSON-java/JSON-java/src/main;java;IN_ACCESS,IN_ISDIR
2026-10-04T14:27:44.144136Z;/home/runner/work/JSON-java/JSON-java/src/main/java;;IN_ACCESS,IN_ISDIR
2026-10-04T14:27:44.144503Z;/home/runner/work/JSON-java/JSON-java/target/generated-sources;annotations;IN_ACCESS,IN_ISDIR
2026-10-04T14:27:44.144736Z;/home/runner/work/JSON-java/JSON-java/target/generated-sources/annotations;;IN_ACCESS,IN_ISDIR
2026-10-04T14:27:44.144934Z;/home/runner/work/JSON-java/JSON-java/target/generated-sources;annotations;IN_ACCESS,IN_ISDIR
2026-10-04T14:27:44.145376Z;/home/runner/work/JSON-java/JSON-java/target/generated-sources/annotations;;IN_ACCESS,IN_ISDIR
2026-10-04T14:27:44.145649Z;/home/runner/work/JSON-java/JSON-java/target;apidocs;IN_ACCESS,IN_ISDIR
2026-10-04T14:27:44.145896Z;/home/runner/work/JSON-java/JSON-java/target/apidocs;;IN_ACCESS,IN_ISDIR
2026-10-04T14:27:44.146129Z;/home/runner/work/JSON-java/JSON-java/target;apidocs;IN_ACCESS,IN_ISDIR
2026-10-04T14:27:44.146373Z;/home/runner/work/JSON-java/JSON-java/target/apidocs;;IN_ACCESS,IN_ISDIR
2026-10-04T14:27:44.146650Z;/home/runner/work/JSON-java/JSON-java/target;maven-javadoc-plugin-stale-data.txt;IN_CREATE
2026-10-04T14:27:44.146875Z;/home/runner/work/JSON-java/JSON-java/target/apidocs;options;IN_DELETE
2026-10-04T14:27:44.147111Z;/home/runner/work/JSON-java/JSON-java/target/apidocs;packages;IN_DELETE
2026-10-04T14:27:44.147355Z;/home/runner/work/JSON-java/JSON-java/target;apidocs;IN_ACCESS,IN_ISDIR
2026-10-04T14:27:44.147617Z;/home/runner/work/JSON-java/JSON-java/target/apidocs;;IN_ACCESS,IN_ISDIR
2026-10-04T14:27:44.147869Z;/home/runner/work/JSON-java/JSON-java/target;apidocs;IN_ACCESS,IN_ISDIR
2026-10-04T14:27:44.148108Z;/home/runner/work/JSON-java/JSON-java/target/apidocs;;IN_ACCESS,IN_ISDIR
2026-10-04T14:27:44.148350Z;/home/runner/work/JSON-java/JSON-java/target/apidocs;org;IN_ACCESS,IN_ISDIR
2026-10-04T14:27:44.148588Z;/home/runner/work/JSON-java/JSON-java/target/apidocs/org;;IN_ACCESS,IN_ISDIR
2026-10-04T14:27:44.148837Z;/home/runner/work/JSON-java/JSON-java/target/apidocs;org;IN_ACCESS,IN_ISDIR
2026-10-04T14:27:44.149086Z;/home/runner/work/JSON-java/JSON-java/target/apidocs/org;;IN_ACCESS,IN_ISDIR
2026-10-04T14:27:44.149544Z;/home/runner/work/JSON-java/JSON-java/target/apidocs/org;json;IN_ACCESS,IN_ISDIR
2026-10-04T14:27:44.149777Z;/home/runner/work/JSON-java/JSON-java/target/apidocs/org/json;;IN_ACCESS,IN_ISDIR
2026-10-04T14:27:44.150003Z;/home/runner/work/JSON-java/JSON-java/target/apidocs/org;json;IN_ACCESS,IN_ISDIR
2026-10-04T14:27:44.150234Z;/home/runner/work/JSON-java/JSON-java/target/apidocs/org/json;;IN_ACCESS,IN_ISDIR
2026-10-04T14:27:44.150551Z;/home/runner/work/JSON-java/JSON-java/target/apidocs/org/json;class-use;IN_ACCESS,IN_ISDIR
2026-10-04T14:27:44.150839Z;/home/runner/work/JSON-java/JSON-java/target/apidocs/org/json/class-use;;IN_ACCESS,IN_ISDIR
2026-10-04T14:27:44.151111Z;/home/runner/work/JSON-java/JSON-java/target/apidocs/org/json;class-use;IN_ACCESS,IN_ISDIR
2026-10-04T14:27:44.151351Z;/home/runner/work/JSON-java/JSON-java/target/apidocs/org/json/class-use;;IN_ACCESS,IN_ISDIR
2026-10-04T14:27:44.151594Z;/home/runner/work/JSON-java/JSON-java/target/apidocs;script-dir;IN_ACCESS,IN_ISDIR
2026-10-04T14:27:44.152058Z;/home/runner/work/JSON-java/JSON-java/target/apidocs/script-dir;;IN_ACCESS,IN_ISDIR
2026-10-04T14:27:44.152324Z;/home/runner/work/JSON-java/JSON-java/target/apidocs;script-dir;IN_ACCESS,IN_ISDIR
2026-10-04T14:27:44.152570Z;/home/runner/work/JSON-java/JSON-java/target/apidocs/script-dir;;IN_ACCESS,IN_ISDIR
2026-10-04T14:27:44.152814Z;/home/runner/work/JSON-java/JSON-java/target/apidocs;legal;IN_ACCESS,IN_ISDIR
2026-10-04T14:27:44.153155Z;/home/runner/work/JSON-java/JSON-java/target/apidocs/legal;;IN_ACCESS,IN_ISDIR
2026-10-04T14:27:44.153428Z;/home/runner/work/JSON-java/JSON-java/target/apidocs;legal;IN_ACCESS,IN_ISDIR
2026-10-04T14:27:44.153692Z;/home/runner/work/JSON-java/JSON-java/target/apidocs/legal;;IN_ACCESS,IN_ISDIR
2026-10-04T14:27:44.153932Z;/home/runner/work/JSON-java/JSON-java/target/apidocs;resources;IN_ACCESS,IN_ISDIR
2026-10-04T14:27:44.154200Z;/home/runner/work/JSON-java/JSON-java/target/apidocs/resources;;IN_ACCESS,IN_ISDIR
2026-10-04T14:27:44.154437Z;/home/runner/work/JSON-java/JSON-java/target/apidocs;resources;IN_ACCESS,IN_ISDIR
2026-10-04T14:27:44.154790Z;/home/runner/work/JSON-java/JSON-java/target/apidocs/resources;;IN_ACCESS,IN_ISDIR
2026-10-04T14:27:44.155028Z;/home/runner/work/JSON-java/JSON-java/target/apidocs;index.html;IN_ACCESS
2026-10-04T14:27:44.155278Z;/home/runner/work/JSON-java/JSON-java/target;apidocs;IN_ACCESS,IN_ISDIR
2026-10-04T14:27:44.155507Z;/home/runner/work/JSON-java/JSON-java/target/apidocs;;IN_ACCESS,IN_ISDIR
2026-10-04T14:27:44.155758Z;/home/runner/work/JSON-java/JSON-java/target;apidocs;IN_ACCESS,IN_ISDIR
2026-10-04T14:27:44.155980Z;/home/runner/work/JSON-java/JSON-java/target/apidocs;;IN_ACCESS,IN_ISDIR
2026-10-04T14:27:44.156287Z;/home/runner/work/JSON-java/JSON-java/target/apidocs;org;IN_ACCESS,IN_ISDIR
2026-10-04T14:27:44.156584Z;/home/runner/work/JSON-java/JSON-java/target/apidocs/org;;IN_ACCESS,IN_ISDIR
2026-10-04T14:27:44.156854Z;/home/runner/work/JSON-java/JSON-java/target/apidocs;org;IN_ACCESS,IN_ISDIR
2026-10-04T14:27:44.157090Z;/home/runner/work/JSON-java/JSON-java/target/apidocs/org;;IN_ACCESS,IN_ISDIR
2026-10-04T14:27:44.157336Z;/home/runner/work/JSON-java/JSON-java/target/apidocs/org;json;IN_ACCESS,IN_ISDIR
2026-10-04T14:27:44.157569Z;/home/runner/work/JSON-java/JSON-java/target/apidocs/org/json;;IN_ACCESS,IN_ISDIR
2026-10-04T14:27:44.157819Z;/home/runner/work/JSON-java/JSON-java/target/apidocs/org;json;IN_ACCESS,IN_ISDIR
2026-10-04T14:27:44.158085Z;/home/runner/work/JSON-java/JSON-java/target/apidocs/org/json;;IN_ACCESS,IN_ISDIR
2026-10-04T14:27:44.158432Z;/home/runner/work/JSON-java/JSON-java/target/apidocs/org/json;class-use;IN_ACCESS,IN_ISDIR
2026-10-04T14:27:44.158691Z;/home/runner/work/JSON-java/JSON-java/target/apidocs/org/json/class-use;;IN_ACCESS,IN_ISDIR
2026-10-04T14:27:44.158929Z;/home/runner/work/JSON-java/JSON-java/target/apidocs/org/json;class-use;IN_ACCESS,IN_ISDIR
2026-10-04T14:27:44.159181Z;/home/runner/work/JSON-java/JSON-java/target/apidocs/org/json/class-use;;IN_ACCESS,IN_ISDIR
2026-10-04T14:27:44.159450Z;/home/runner/work/JSON-java/JSON-java/target/apidocs;script-dir;IN_ACCESS,IN_ISDIR
2026-10-04T14:27:44.159709Z;/home/runner/work/JSON-java/JSON-java/target/apidocs/script-dir;;IN_ACCESS,IN_ISDIR
2026-10-04T14:27:44.159999Z;/home/runner/work/JSON-java/JSON-java/target/apidocs;script-dir;IN_ACCESS,IN_ISDIR
2026-10-04T14:27:44.160308Z;/home/runner/work/JSON-java/JSON-java/target/apidocs/script-dir;;IN_ACCESS,IN_ISDIR
2026-10-04T14:27:44.160606Z;/home/runner/work/JSON-java/JSON-java/target/apidocs;legal;IN_ACCESS,IN_ISDIR
2026-10-04T14:27:44.160922Z;/home/runner/work/JSON-java/JSON-java/target/apidocs/legal;;IN_ACCESS,IN_ISDIR
2026-10-04T14:27:44.161231Z;/home/runner/work/JSON-java/JSON-java/target/apidocs;legal;IN_ACCESS,IN_ISDIR
2026-10-04T14:27:44.161547Z;/home/runner/work/JSON-java/JSON-java/target/apidocs/legal;;IN_ACCESS,IN_ISDIR
2026-10-04T14:27:44.161833Z;/home/runner/work/JSON-java/JSON-java/target/apidocs;resources;IN_ACCESS,IN_ISDIR
2026-10-04T14:27:44.162140Z;/home/runner/work/JSON-java/JSON-java/target/apidocs/resources;;IN_ACCESS,IN_ISDIR
2026-10-04T14:27:44.162442Z;/home/runner/work/JSON-java/JSON-java/target/apidocs;resources;IN_ACCESS,IN_ISDIR
2026-10-04T14:27:44.162726Z;/home/runner/work/JSON-java/JSON-java/target/apidocs/resources;;IN_ACCESS,IN_ISDIR
2026-10-04T14:27:44.163033Z;/home/runner/work/JSON-java/JSON-java/target;json-20260814-javadoc.jar;IN_CREATE
2026-10-04T14:27:44.168523Z;/home/runner/work/JSON-java/JSON-java/target/apidocs;overview-tree.html;IN_ACCESS
2026-10-04T14:27:44.171472Z;/home/runner/work/JSON-java/JSON-java/target/apidocs/org/json;XMLParserConfiguration.html;IN_ACCESS
2026-10-04T14:27:44.171945Z;/home/runner/work/JSON-java/JSON-java/target/apidocs;overview-tree.html;IN_ACCESS
2026-10-04T14:27:44.176795Z;/home/runner/work/JSON-java/JSON-java/target/apidocs/org/json;XMLParserConfiguration.html;IN_ACCESS
2026-10-04T14:27:44.177209Z;/home/runner/work/JSON-java/JSON-java/target/apidocs/org/json;JSONStringer.html;IN_ACCESS
2026-10-04T14:27:44.177521Z;/home/runner/work/JSON-java/JSON-java/target/apidocs/org/json;ParserConfiguration.html;IN_ACCESS
2026-10-04T14:27:44.177983Z;/home/runner/work/JSON-java/JSON-java/target/apidocs/org/json;JSONStringer.html;IN_ACCESS
2026-10-04T14:27:44.179565Z;/home/runner/work/JSON-java/JSON-java/target/apidocs/org/json;ParserConfiguration.html;IN_ACCESS
2026-10-04T14:27:44.179846Z;/home/runner/work/JSON-java/JSON-java/target/apidocs/org/json;JSONStringer.html;IN_ACCESS
2026-10-04T14:27:44.180716Z;/home/runner/work/JSON-java/JSON-java/target/apidocs/org/json;ParserConfiguration.html;IN_ACCESS
2026-10-04T14:27:44.181101Z;/home/runner/work/JSON-java/JSON-java/target/apidocs/org/json;JSONStringer.html;IN_ACCESS
2026-10-04T14:27:44.181408Z;/home/runner/work/JSON-java/JSON-java/target/apidocs/org/json;ParserConfiguration.html;IN_ACCESS
2026-10-04T14:27:44.181686Z;/home/runner/work/JSON-java/JSON-java/target/apidocs/org/json;JSONPointer.html;IN_ACCESS
2026-10-04T14:27:44.182236Z;/home/runner/work/JSON-java/JSON-java/target/apidocs/org/json;ParserConfiguration.html;IN_ACCESS
2026-10-04T14:27:44.182500Z;/home/runner/work/JSON-java/JSON-java/target/apidocs/org/json;JSONPointer.html;IN_ACCESS
2026-10-04T14:27:44.182749Z;/home/runner/work/JSON-java/JSON-java/target/apidocs/org/json;Cookie.html;IN_ACCESS
2026-10-04T14:27:44.182991Z;/home/runner/work/JSON-java/JSON-java/target/apidocs/org/json;JSONPointer.html;IN_ACCESS
2026-10-04T14:27:44.183247Z;/home/runner/work/JSON-java/JSON-java/target/apidocs/org/json;Cookie.html;IN_ACCESS
2026-10-04T14:27:44.184261Z;/home/runner/work/JSON-java/JSON-java/target/apidocs/org/json;JSONPointer.html;IN_ACCESS
2026-10-04T14:27:44.184514Z;/home/runner/work/JSON-java/JSON-java/target/apidocs/org/json;Cookie.html;IN_ACCESS
2026-10-04T14:27:44.184760Z;/home/runner/work/JSON-java/JSON-java/target/apidocs/org/json;JSONPointer.html;IN_ACCESS
2026-10-04T14:27:44.184996Z;/home/runner/work/JSON-java/JSON-java/target/apidocs/org/json;Cookie.html;IN_ACCESS
2026-10-04T14:27:44.185225Z;/home/runner/work/JSON-java/JSON-java/target/apidocs/org/json;JSONTokener.html;IN_ACCESS
2026-10-04T14:27:44.185452Z;/home/runner/work/JSON-java/JSON-java/target/apidocs/org/json;XMLXsiTypeConverter.html;IN_ACCESS
2026-10-04T14:27:44.185687Z;/home/runner/work/JSON-java/JSON-java/target/apidocs/org/json;JSONTokener.html;IN_ACCESS
2026-10-04T14:27:44.185958Z;/home/runner/work/JSON-java/JSON-java/target/apidocs/org/json;XMLXsiTypeConverter.html;IN_ACCESS
2026-10-04T14:27:44.186284Z;/home/runner/work/JSON-java/JSON-java/target/apidocs/org/json;JSONTokener.html;IN_ACCESS
2026-10-04T14:27:44.186580Z;/home/runner/work/JSON-java/JSON-java/target/apidocs/org/json;XMLXsiTypeConverter.html;IN_ACCESS
2026-10-04T14:27:44.186817Z;/home/runner/work/JSON-java/JSON-java/target/apidocs/org/json;JSONTokener.html;IN_ACCESS
2026-10-04T14:27:44.187483Z;/home/runner/work/JSON-java/JSON-java/target/apidocs/org/json;CookieList.html;IN_ACCESS
2026-10-04T14:27:44.188827Z;/home/runner/work/JSON-java/JSON-java/target/apidocs/org/json;JSONTokener.html;IN_ACCESS
2026-10-04T14:27:44.189096Z;/home/runner/work/JSON-java/JSON-java/target/apidocs/org/json;CookieList.html;IN_ACCESS
2026-10-04T14:27:44.189308Z;/home/runner/work/JSON-java/JSON-java/target/apidocs/org/json;JSONTokener.html;IN_ACCESS
2026-10-04T14:27:44.189531Z;/home/runner/work/JSON-java/JSON-java/target/apidocs/org/json;CookieList.html;IN_ACCESS
2026-10-04T14:27:44.189759Z;/home/runner/work/JSON-java/JSON-java/target/apidocs/org/json;JSONTokener.html;IN_ACCESS
2026-10-04T14:27:44.189987Z;/home/runner/work/JSON-java/JSON-java/target/apidocs/org/json;CookieList.html;IN_ACCESS
2026-10-04T14:27:44.190193Z;/home/runner/work/JSON-java/JSON-java/target/apidocs/org/json;JSONTokener.html;IN_ACCESS
2026-10-04T14:27:44.190415Z;/home/runner/work/JSON-java/JSON-java/target/apidocs/org/json;XML.html;IN_ACCESS
2026-10-04T14:27:44.190637Z;/home/runner/work/JSON-java/JSON-java/target/apidocs/org/json;JSONTokener.html;IN_ACCESS
2026-10-04T14:27:44.190852Z;/home/runner/work/JSON-java/JSON-java/target/apidocs/org/json;XML.html;IN_ACCESS
2026-10-04T14:27:44.191082Z;/home/runner/work/JSON-java/JSON-java/target/apidocs/org/json;package-tree.html;IN_ACCESS
2026-10-04T14:27:44.191528Z;/home/runner/work/JSON-java/JSON-java/target/apidocs/org/json;XML.html;IN_ACCESS
2026-10-04T14:27:44.191780Z;/home/runner/work/JSON-java/JSON-java/target/apidocs/org/json;package-tree.html;IN_ACCESS
2026-10-04T14:27:44.192006Z;/home/runner/work/JSON-java/JSON-java/target/apidocs/org/json;XML.html;IN_ACCESS
2026-10-04T14:27:44.192227Z;/home/runner/work/JSON-java/JSON-java/target/apidocs/org/json;JSONArray.html;IN_ACCESS
2026-10-04T14:27:44.192469Z;/home/runner/work/JSON-java/JSON-java/target/apidocs/org/json;XML.html;IN_ACCESS
2026-10-04T14:27:44.192720Z;/home/runner/work/JSON-java/JSON-java/target/apidocs/org/json;JSONArray.html;IN_ACCESS
2026-10-04T14:27:44.193099Z;/home/runner/work/JSON-java/JSON-java/target/apidocs/org/json;XML.html;IN_ACCESS
2026-10-04T14:27:44.193403Z;/home/runner/work/JSON-java/JSON-java/target/apidocs/org/json;JSONArray.html;IN_ACCESS
2026-10-04T14:27:44.193689Z;/home/runner/work/JSON-java/JSON-java/target/apidocs/org/json;XML.html;IN_ACCESS
2026-10-04T14:27:44.193963Z;/home/runner/work/JSON-java/JSON-java/target/apidocs/org/json;JSONArray.html;IN_ACCESS
2026-10-04T14:27:44.195568Z;/home/runner/work/JSON-java/JSON-java/target/apidocs/org/json;XML.html;IN_ACCESS
2026-10-04T14:27:44.195954Z;/home/runner/work/JSON-java/JSON-java/target/apidocs/org/json;JSONArray.html;IN_ACCESS
2026-10-04T14:27:44.197098Z;/home/runner/work/JSON-java/JSON-java/target/apidocs/org/json;XML.html;IN_ACCESS
2026-10-04T14:27:44.197648Z;/home/runner/work/JSON-java/JSON-java/target/apidocs/org/json;JSONArray.html;IN_ACCESS
2026-10-04T14:27:44.198281Z;/home/runner/work/JSON-java/JSON-java/target/apidocs/org/json;XML.html;IN_ACCESS
2026-10-04T14:27:44.198565Z;/home/runner/work/JSON-java/JSON-java/target/apidocs/org/json;JSONArray.html;IN_ACCESS
2026-10-04T14:27:44.198826Z;/home/runner/work/JSON-java/JSON-java/target/apidocs/org/json;XML.html;IN_ACCESS
2026-10-04T14:27:44.202094Z;/home/runner/work/JSON-java/JSON-java/target/apidocs/org/json;JSONArray.html;IN_ACCESS
2026-10-04T14:27:44.203582Z;/home/runner/work/JSON-java/JSON-java/target/apidocs/org/json;XML.html;IN_ACCESS
2026-10-04T14:27:44.203877Z;/home/runner/work/JSON-java/JSON-java/target/apidocs/org/json;JSONArray.html;IN_ACCESS
2026-10-04T14:27:44.204104Z;/home/runner/work/JSON-java/JSON-java/target/apidocs/org/json;JSONML.html;IN_ACCESS
2026-10-04T14:27:44.204336Z;/home/runner/work/JSON-java/JSON-java/target/apidocs/org/json;JSONArray.html;IN_ACCESS
2026-10-04T14:27:44.205239Z;/home/runner/work/JSON-java/JSON-java/target/apidocs/org/json;JSONML.html;IN_ACCESS
2026-10-04T14:27:44.205505Z;/home/runner/work/JSON-java/JSON-java/target/apidocs/org/json;JSONArray.html;IN_ACCESS
2026-10-04T14:27:44.205735Z;/home/runner/work/JSON-java/JSON-java/target/apidocs/org/json;JSONPropertyName.html;IN_ACCESS
2026-10-04T14:27:44.205946Z;/home/runner/work/JSON-java/JSON-java/target/apidocs/org/json;JSONML.html;IN_ACCESS
2026-10-04T14:27:44.206165Z;/home/runner/work/JSON-java/JSON-java/target/apidocs/org/json;JSONArray.html;IN_ACCESS
2026-10-04T14:27:44.206408Z;/home/runner/work/JSON-java/JSON-java/target/apidocs/org/json;JSONPropertyName.html;IN_ACCESS
2026-10-04T14:27:44.206635Z;/home/runner/work/JSON-java/JSON-java/target/apidocs/org/json;JSONML.html;IN_ACCESS
2026-10-04T14:27:44.206858Z;/home/runner/work/JSON-java/JSON-java/target/apidocs/org/json;JSONArray.html;IN_ACCESS
2026-10-04T14:27:44.207074Z;/home/runner/work/JSON-java/JSON-java/target/apidocs/org/json;JSONML.html;IN_ACCESS
2026-10-04T14:27:44.207304Z;/home/runner/work/JSON-java/JSON-java/target/apidocs/org/json;JSONArray.html;IN_ACCESS
2026-10-04T14:27:44.207515Z;/home/runner/work/JSON-java/JSON-java/target/apidocs/org/json;JSONML.html;IN_ACCESS
2026-10-04T14:27:44.207730Z;/home/runner/work/JSON-java/JSON-java/target/apidocs/org/json;JSONArray.html;IN_ACCESS
2026-10-04T14:27:44.207953Z;/home/runner/work/JSON-java/JSON-java/target/apidocs/org/json;JSONML.html;IN_ACCESS
2026-10-04T14:27:44.208237Z;/home/runner/work/JSON-java/JSON-java/target/apidocs/org/json;JSONPointer.Builder.html;IN_ACCESS
2026-10-04T14:27:44.208597Z;/home/runner/work/JSON-java/JSON-java/target/apidocs/org/json;JSONML.html;IN_ACCESS
2026-10-04T14:27:44.208824Z;/home/runner/work/JSON-java/JSON-java/target/apidocs/org/json;JSONPointer.Builder.html;IN_ACCESS
2026-10-04T14:27:44.209036Z;/home/runner/work/JSON-java/JSON-java/target/apidocs/org/json;JSONArray.html;IN_ACCESS
2026-10-04T14:27:44.209254Z;/home/runner/work/JSON-java/JSON-java/target/apidocs/org/json;JSONML.html;IN_ACCESS
2026-10-04T14:27:44.209488Z;/home/runner/work/JSON-java/JSON-java/target/apidocs/org/json;JSONPointer.Builder.html;IN_ACCESS
2026-10-04T14:27:44.209774Z;/home/runner/work/JSON-java/JSON-java/target/apidocs/org/json;JSONArray.html;IN_ACCESS
2026-10-04T14:27:44.210025Z;/home/runner/work/JSON-java/JSON-java/target/apidocs/org/json;JSONPointer.Builder.html;IN_ACCESS
2026-10-04T14:27:44.210227Z;/home/runner/work/JSON-java/JSON-java/target/apidocs/org/json;JSONArray.html;IN_ACCESS
2026-10-04T14:27:44.210440Z;/home/runner/work/JSON-java/JSON-java/target/apidocs/org/json;CDL.html;IN_ACCESS
2026-10-04T14:27:44.210657Z;/home/runner/work/JSON-java/JSON-java/target/apidocs/org/json;JSONArray.html;IN_ACCESS
2026-10-04T14:27:44.210884Z;/home/runner/work/JSON-java/JSON-java/target/apidocs/org/json;CDL.html;IN_ACCESS
2026-10-04T14:27:44.211100Z;/home/runner/work/JSON-java/JSON-java/target/apidocs/org/json/class-use;XMLParserConfiguration.html;IN_ACCESS
2026-10-04T14:27:44.211325Z;/home/runner/work/JSON-java/JSON-java/target/apidocs/org/json;CDL.html;IN_ACCESS
2026-10-04T14:27:44.211542Z;/home/runner/work/JSON-java/JSON-java/target/apidocs/org/json;JSONArray.html;IN_ACCESS
2026-10-04T14:27:44.212472Z;/home/runner/work/JSON-java/JSON-java/target/apidocs/org/json;CDL.html;IN_ACCESS
2026-10-04T14:27:44.212729Z;/home/runner/work/JSON-java/JSON-java/target/apidocs/org/json/class-use;XMLParserConfiguration.html;IN_ACCESS
2026-10-04T14:27:44.212976Z;/home/runner/work/JSON-java/JSON-java/target/apidocs/org/json;CDL.html;IN_ACCESS
2026-10-04T14:27:44.213391Z;/home/runner/work/JSON-java/JSON-java/target/apidocs/org/json;JSONArray.html;IN_ACCESS
2026-10-04T14:27:44.213629Z;/home/runner/work/JSON-java/JSON-java/target/apidocs/org/json/class-use;XMLParserConfiguration.html;IN_ACCESS
2026-10-04T14:27:44.213858Z;/home/runner/work/JSON-java/JSON-java/target/apidocs/org/json;CDL.html;IN_ACCESS
2026-10-04T14:27:44.214082Z;/home/runner/work/JSON-java/JSON-java/target/apidocs/org/json/class-use;XMLParserConfiguration.html;IN_ACCESS
2026-10-04T14:27:44.214304Z;/home/runner/work/JSON-java/JSON-java/target/apidocs/org/json;JSONArray.html;IN_ACCESS
2026-10-04T14:27:44.214584Z;/home/runner/work/JSON-java/JSON-java/target/apidocs/org/json;CDL.html;IN_ACCESS
2026-10-04T14:27:44.214825Z;/home/runner/work/JSON-java/JSON-java/target/apidocs/org/json/class-use;XMLParserConfiguration.html;IN_ACCESS
2026-10-04T14:27:44.215091Z;/home/runner/work/JSON-java/JSON-java/target/apidocs/org/json;CDL.html;IN_ACCESS
2026-10-04T14:27:44.215333Z;/home/runner/work/JSON-java/JSON-java/target/apidocs/org/json;JSONArray.html;IN_ACCESS
2026-10-04T14:27:44.215587Z;/home/runner/work/JSON-java/JSON-java/target/apidocs/org/json;CDL.html;IN_ACCESS
2026-10-04T14:27:44.215826Z;/home/runner/work/JSON-java/JSON-java/target/apidocs/org/json;JSONArray.html;IN_ACCESS
2026-10-04T14:27:44.216067Z;/home/runner/work/JSON-java/JSON-java/target/apidocs/org/json/class-use;JSONPropertyName.html;IN_ACCESS
2026-10-04T14:27:44.216294Z;/home/runner/work/JSON-java/JSON-java/target/apidocs/org/json;JSONArray.html;IN_ACCESS
2026-10-04T14:27:44.216530Z;/home/runner/work/JSON-java/JSON-java/target/apidocs/org/json;XMLTokener.html;IN_ACCESS
2026-10-04T14:27:44.216750Z;/home/runner/work/JSON-java/JSON-java/target/apidocs/org/json/class-use;ParserConfiguration.html;IN_ACCESS
2026-10-04T14:27:44.216980Z;/home/runner/work/JSON-java/JSON-java/target/apidocs/org/json;JSONArray.html;IN_ACCESS
2026-10-04T14:27:44.217257Z;/home/runner/work/JSON-java/JSON-java/target/apidocs/org/json/class-use;ParserConfiguration.html;IN_ACCESS
2026-10-04T14:27:44.217591Z;/home/runner/work/JSON-java/JSON-java/target/apidocs/org/json;JSONArray.html;IN_ACCESS
2026-10-04T14:27:44.217830Z;/home/runner/work/JSON-java/JSON-java/target/apidocs/org/json;XMLTokener.html;IN_ACCESS
2026-10-04T14:27:44.218748Z;/home/runner/work/JSON-java/JSON-java/target/apidocs/org/json/class-use;XMLTokener.html;IN_ACCESS
2026-10-04T14:27:44.219044Z;/home/runner/work/JSON-java/JSON-java/target/apidocs/org/json;JSONArray.html;IN_ACCESS
2026-10-04T14:27:44.219288Z;/home/runner/work/JSON-java/JSON-java/target/apidocs/org/json;XMLTokener.html;IN_ACCESS
2026-10-04T14:27:44.219537Z;/home/runner/work/JSON-java/JSON-java/target/apidocs/org/json/class-use;XMLTokener.html;IN_ACCESS
2026-10-04T14:27:44.219809Z;/home/runner/work/JSON-java/JSON-java/target/apidocs/org/json;XMLTokener.html;IN_ACCESS
2026-10-04T14:27:44.220049Z;/home/runner/work/JSON-java/JSON-java/target/apidocs/org/json;JSONArray.html;IN_ACCESS
2026-10-04T14:27:44.220898Z;/home/runner/work/JSON-java/JSON-java/target/apidocs/org/json/class-use;JSONStringer.html;IN_ACCESS
2026-10-04T14:27:44.221187Z;/home/runner/work/JSON-java/JSON-java/target/apidocs/org/json;XMLTokener.html;IN_ACCESS
2026-10-04T14:27:44.221465Z;/home/runner/work/JSON-java/JSON-java/target/apidocs/org/json;JSONArray.html;IN_ACCESS
2026-10-04T14:27:44.221706Z;/home/runner/work/JSON-java/JSON-java/target/apidocs/org/json/class-use;JSONPointer.html;IN_ACCESS
2026-10-04T14:27:44.221945Z;/home/runner/work/JSON-java/JSON-java/target/apidocs/org/json;XMLTokener.html;IN_ACCESS
2026-10-04T14:27:44.222202Z;/home/runner/work/JSON-java/JSON-java/target/apidocs/org/json;JSONArray.html;IN_ACCESS
2026-10-04T14:27:44.222510Z;/home/runner/work/JSON-java/JSON-java/target/apidocs/org/json/class-use;JSONPointer.html;IN_ACCESS
2026-10-04T14:27:44.222771Z;/home/runner/work/JSON-java/JSON-java/target/apidocs/org/json/class-use;Cookie.html;IN_ACCESS
2026-10-04T14:27:44.223007Z;/home/runner/work/JSON-java/JSON-java/target/apidocs/org/json;JSONArray.html;IN_ACCESS
2026-10-04T14:27:44.223252Z;/home/runner/work/JSON-java/JSON-java/target/apidocs/org/json;XMLTokener.html;IN_ACCESS
2026-10-04T14:27:44.223470Z;/home/runner/work/JSON-java/JSON-java/target/apidocs/org/json;JSONArray.html;IN_ACCESS
2026-10-04T14:27:44.223691Z;/home/runner/work/JSON-java/JSON-java/target/apidocs/org/json/class-use;JSONTokener.html;IN_ACCESS
2026-10-04T14:27:44.223928Z;/home/runner/work/JSON-java/JSON-java/target/apidocs/org/json/class-use;XMLXsiTypeConverter.html;IN_ACCESS
2026-10-04T14:27:44.224230Z;/home/runner/work/JSON-java/JSON-java/target/apidocs/org/json/class-use;JSONTokener.html;IN_ACCESS
2026-10-04T14:27:44.224447Z;/home/runner/work/JSON-java/JSON-java/target/apidocs/org/json/class-use;XMLXsiTypeConverter.html;IN_ACCESS
2026-10-04T14:27:44.224668Z;/home/runner/work/JSON-java/JSON-java/target/apidocs/org/json/class-use;JSONTokener.html;IN_ACCESS
2026-10-04T14:27:44.224918Z;/home/runner/work/JSON-java/JSON-java/target/apidocs/org/json/class-use;CookieList.html;IN_ACCESS
2026-10-04T14:27:44.225160Z;/home/runner/work/JSON-java/JSON-java/target/apidocs/org/json;JSONArray.html;IN_ACCESS
2026-10-04T14:27:44.225474Z;/home/runner/work/JSON-java/JSON-java/target/apidocs/org/json/class-use;JSONTokener.html;IN_ACCESS
2026-10-04T14:27:44.225721Z;/home/runner/work/JSON-java/JSON-java/target/apidocs/org/json;JSONArray.html;IN_ACCESS
2026-10-04T14:27:44.225961Z;/home/runner/work/JSON-java/JSON-java/target/apidocs/org/json/class-use;XML.html;IN_ACCESS
2026-10-04T14:27:44.226214Z;/home/runner/work/JSON-java/JSON-java/target/apidocs/org/json/class-use;JSONArray.html;IN_ACCESS
2026-10-04T14:27:44.226461Z;/home/runner/work/JSON-java/JSON-java/target/apidocs/org/json/class-use;JSONML.html;IN_ACCESS
2026-10-04T14:27:44.226715Z;/home/runner/work/JSON-java/JSON-java/target/apidocs/org/json/class-use;JSONArray.html;IN_ACCESS
2026-10-04T14:27:44.226943Z;/home/runner/work/JSON-java/JSON-java/target/apidocs/org/json;JSONArray.html;IN_ACCESS
2026-10-04T14:27:44.227184Z;/home/runner/work/JSON-java/JSON-java/target/apidocs/org/json/class-use;JSONPointer.Builder.html;IN_ACCESS
2026-10-04T14:27:44.227517Z;/home/runner/work/JSON-java/JSON-java/target/apidocs/org/json/class-use;JSONArray.html;IN_ACCESS
2026-10-04T14:27:44.227765Z;/home/runner/work/JSON-java/JSON-java/target/apidocs/org/json/class-use;CDL.html;IN_ACCESS
2026-10-04T14:27:44.227977Z;/home/runner/work/JSON-java/JSON-java/target/apidocs/org/json/class-use;JSONPointer.Builder.html;IN_ACCESS
2026-10-04T14:27:44.228411Z;/home/runner/work/JSON-java/JSON-java/target/apidocs/org/json/class-use;JSONArray.html;IN_ACCESS
2026-10-04T14:27:44.228668Z;/home/runner/work/JSON-java/JSON-java/target/apidocs/org/json/class-use;StringBuilderWriter.html;IN_ACCESS
2026-10-04T14:27:44.228937Z;/home/runner/work/JSON-java/JSON-java/target/apidocs/org/json/class-use;JSONArray.html;IN_ACCESS
2026-10-04T14:27:44.229185Z;/home/runner/work/JSON-java/JSON-java/target/apidocs/org/json/class-use;JSONWriter.html;IN_ACCESS
2026-10-04T14:27:44.229415Z;/home/runner/work/JSON-java/JSON-java/target/apidocs/org/json/class-use;JSONArray.html;IN_ACCESS
2026-10-04T14:27:44.229671Z;/home/runner/work/JSON-java/JSON-java/target/apidocs/org/json/class-use;StringBuilderWriter.html;IN_ACCESS
2026-10-04T14:27:44.229892Z;/home/runner/work/JSON-java/JSON-java/target/apidocs/org/json/class-use;JSONWriter.html;IN_ACCESS
2026-10-04T14:27:44.230104Z;/home/runner/work/JSON-java/JSON-java/target/apidocs/org/json/class-use;JSONArray.html;IN_ACCESS
2026-10-04T14:27:44.230324Z;/home/runner/work/JSON-java/JSON-java/target/apidocs/org/json/class-use;JSONWriter.html;IN_ACCESS
2026-10-04T14:27:44.230572Z;/home/runner/work/JSON-java/JSON-java/target/apidocs/org/json/class-use;JSONArray.html;IN_ACCESS
2026-10-04T14:27:44.230798Z;/home/runner/work/JSON-java/JSON-java/target/apidocs/org/json/class-use;JSONParserConfiguration.html;IN_ACCESS
2026-10-04T14:27:44.231002Z;/home/runner/work/JSON-java/JSON-java/target/apidocs/org/json/class-use;JSONArray.html;IN_ACCESS
2026-10-04T14:27:44.231232Z;/home/runner/work/JSON-java/JSON-java/target/apidocs/org/json/class-use;JSONObject.html;IN_ACCESS
2026-10-04T14:27:44.231450Z;/home/runner/work/JSON-java/JSON-java/target/apidocs/org/json/class-use;Property.html;IN_ACCESS
2026-10-04T14:27:44.231658Z;/home/runner/work/JSON-java/JSON-java/target/apidocs/org/json/class-use;JSONParserConfiguration.html;IN_ACCESS
2026-10-04T14:27:44.231905Z;/home/runner/work/JSON-java/JSON-java/target/apidocs/org/json/class-use;JSONObject.html;IN_ACCESS
2026-10-04T14:27:44.232130Z;/home/runner/work/JSON-java/JSON-java/target/apidocs/org/json/class-use;JSONParserConfiguration.html;IN_ACCESS
2026-10-04T14:27:44.232410Z;/home/runner/work/JSON-java/JSON-java/target/apidocs/org/json/class-use;JSONObject.html;IN_ACCESS
2026-10-04T14:27:44.232644Z;/home/runner/work/JSON-java/JSON-java/target/apidocs/org/json/class-use;JSONParserConfiguration.html;IN_ACCESS
2026-10-04T14:27:44.232873Z;/home/runner/work/JSON-java/JSON-java/target/apidocs/org/json/class-use;JSONPropertyIgnore.html;IN_ACCESS
2026-10-04T14:27:44.233162Z;/home/runner/work/JSON-java/JSON-java/target/apidocs/org/json/class-use;JSONObject.html;IN_ACCESS
2026-10-04T14:27:44.233401Z;/home/runner/work/JSON-java/JSON-java/target/apidocs/org/json/class-use;JSONMLParserConfiguration.html;IN_ACCESS
2026-10-04T14:27:44.233619Z;/home/runner/work/JSON-java/JSON-java/target/apidocs/org/json/class-use;JSONObject.html;IN_ACCESS
2026-10-04T14:27:44.233843Z;/home/runner/work/JSON-java/JSON-java/target/apidocs/org/json/class-use;JSONParserConfiguration.html;IN_ACCESS
2026-10-04T14:27:44.234059Z;/home/runner/work/JSON-java/JSON-java/target/apidocs/org/json/class-use;JSONMLParserConfiguration.html;IN_ACCESS
2026-10-04T14:27:44.234297Z;/home/runner/work/JSON-java/JSON-java/target/apidocs/org/json/class-use;JSONParserConfiguration.html;IN_ACCESS
2026-10-04T14:27:44.234513Z;/home/runner/work/JSON-java/JSON-java/target/apidocs/org/json/class-use;JSONObject.html;IN_ACCESS
2026-10-04T14:27:44.234750Z;/home/runner/work/JSON-java/JSON-java/target/apidocs/org/json/class-use;JSONPointerException.html;IN_ACCESS
2026-10-04T14:27:44.235043Z;/home/runner/work/JSON-java/JSON-java/target/apidocs/org/json/class-use;JSONMLParserConfiguration.html;IN_ACCESS
2026-10-04T14:27:44.235274Z;/home/runner/work/JSON-java/JSON-java/target/apidocs/org/json/class-use;JSONObject.html;IN_ACCESS
2026-10-04T14:27:44.304224Z;/home/runner/work/JSON-java/JSON-java/target/apidocs/org/json/class-use;JSONPointerException.html;IN_ACCESS
2026-10-04T14:27:44.304565Z;/home/runner/work/JSON-java/JSON-java/target/apidocs/org/json/class-use;JSONObject.html;IN_ACCESS
2026-10-04T14:27:44.304827Z;/home/runner/work/JSON-java/JSON-java/target/apidocs/org/json/class-use;HTTP.html;IN_ACCESS
2026-10-04T14:27:44.305038Z;/home/runner/work/JSON-java/JSON-java/target/apidocs/org/json/class-use;JSONObject.html;IN_ACCESS
2026-10-04T14:27:44.305272Z;/home/runner/work/JSON-java/JSON-java/target/apidocs/org/json/class-use;JSONString.html;IN_ACCESS
2026-10-04T14:27:44.305510Z;/home/runner/work/JSON-java/JSON-java/target/apidocs/org/json/class-use;HTTPTokener.html;IN_ACCESS
2026-10-04T14:27:44.305773Z;/home/runner/work/JSON-java/JSON-java/target/apidocs/org/json/class-use;JSONObject.html;IN_ACCESS
2026-10-04T14:27:44.305984Z;/home/runner/work/JSON-java/JSON-java/target/apidocs/org/json/class-use;JSONException.html;IN_ACCESS
2026-10-04T14:27:44.306252Z;/home/runner/work/JSON-java/JSON-java/target/apidocs/org/json;JSONWriter.html;IN_ACCESS
2026-10-04T14:27:44.306492Z;/home/runner/work/JSON-java/JSON-java/target/apidocs/org/json/class-use;JSONException.html;IN_ACCESS
2026-10-04T14:27:44.306732Z;/home/runner/work/JSON-java/JSON-java/target/apidocs/org/json;JSONParserConfiguration.html;IN_ACCESS
2026-10-04T14:27:44.306993Z;/home/runner/work/JSON-java/JSON-java/target/apidocs/org/json;JSONWriter.html;IN_ACCESS
2026-10-04T14:27:44.307276Z;/home/runner/work/JSON-java/JSON-java/target/apidocs/org/json;StringBuilderWriter.html;IN_ACCESS
2026-10-04T14:27:44.307545Z;/home/runner/work/JSON-java/JSON-java/target/apidocs/org/json/class-use;JSONException.html;IN_ACCESS
2026-10-04T14:27:44.307789Z;/home/runner/work/JSON-java/JSON-java/target/apidocs/org/json;JSONParserConfiguration.html;IN_ACCESS
2026-10-04T14:27:44.308032Z;/home/runner/work/JSON-java/JSON-java/target/apidocs/org/json/class-use;JSONException.html;IN_ACCESS
2026-10-04T14:27:44.308421Z;/home/runner/work/JSON-java/JSON-java/target/apidocs/org/json;StringBuilderWriter.html;IN_ACCESS
2026-10-04T14:27:44.308649Z;/home/runner/work/JSON-java/JSON-java/target/apidocs/org/json;JSONWriter.html;IN_ACCESS
2026-10-04T14:27:44.308867Z;/home/runner/work/JSON-java/JSON-java/target/apidocs/org/json/class-use;JSONException.html;IN_ACCESS
2026-10-04T14:27:44.309070Z;/home/runner/work/JSON-java/JSON-java/target/apidocs/org/json;JSONParserConfiguration.html;IN_ACCESS
2026-10-04T14:27:44.309281Z;/home/runner/work/JSON-java/JSON-java/target/apidocs/org/json;JSONWriter.html;IN_ACCESS
2026-10-04T14:27:44.309520Z;/home/runner/work/JSON-java/JSON-java/target/apidocs/org/json/class-use;JSONException.html;IN_ACCESS
2026-10-04T14:27:44.309743Z;/home/runner/work/JSON-java/JSON-java/target/apidocs/org/json;StringBuilderWriter.html;IN_ACCESS
2026-10-04T14:27:44.309997Z;/home/runner/work/JSON-java/JSON-java/target/apidocs/org/json;JSONParserConfiguration.html;IN_ACCESS
2026-10-04T14:27:44.310229Z;/home/runner/work/JSON-java/JSON-java/target/apidocs/org/json;JSONWriter.html;IN_ACCESS
2026-10-04T14:27:44.310453Z;/home/runner/work/JSON-java/JSON-java/target/apidocs/org/json;StringBuilderWriter.html;IN_ACCESS
2026-10-04T14:27:44.310673Z;/home/runner/work/JSON-java/JSON-java/target/apidocs/org/json/class-use;JSONException.html;IN_ACCESS
2026-10-04T14:27:44.310883Z;/home/runner/work/JSON-java/JSON-java/target/apidocs/org/json;JSONParserConfiguration.html;IN_ACCESS
2026-10-04T14:27:44.311118Z;/home/runner/work/JSON-java/JSON-java/target/apidocs/org/json;StringBuilderWriter.html;IN_ACCESS
2026-10-04T14:27:44.311347Z;/home/runner/work/JSON-java/JSON-java/target/apidocs/org/json;JSONWriter.html;IN_ACCESS
2026-10-04T14:27:44.311620Z;/home/runner/work/JSON-java/JSON-java/target/apidocs/org/json/class-use;JSONException.html;IN_ACCESS
2026-10-04T14:27:44.311966Z;/home/runner/work/JSON-java/JSON-java/target/apidocs/org/json;JSONParserConfiguration.html;IN_ACCESS
2026-10-04T14:27:44.312192Z;/home/runner/work/JSON-java/JSON-java/target/apidocs/org/json;StringBuilderWriter.html;IN_ACCESS
2026-10-04T14:27:44.312541Z;/home/runner/work/JSON-java/JSON-java/target/apidocs/org/json;JSONWriter.html;IN_ACCESS
2026-10-04T14:27:44.312791Z;/home/runner/work/JSON-java/JSON-java/target/apidocs/org/json/class-use;JSONException.html;IN_ACCESS
2026-10-04T14:27:44.313066Z;/home/runner/work/JSON-java/JSON-java/target/apidocs/org/json;JSONParserConfiguration.html;IN_ACCESS
2026-10-04T14:27:44.313293Z;/home/runner/work/JSON-java/JSON-java/target/apidocs/org/json;StringBuilderWriter.html;IN_ACCESS
2026-10-04T14:27:44.313521Z;/home/runner/work/JSON-java/JSON-java/target/apidocs/org/json/class-use;JSONException.html;IN_ACCESS
2026-10-04T14:27:44.313728Z;/home/runner/work/JSON-java/JSON-java/target/apidocs/org/json;JSONWriter.html;IN_ACCESS
2026-10-04T14:27:44.313964Z;/home/runner/work/JSON-java/JSON-java/target/apidocs/org/json/class-use;JSONException.html;IN_ACCESS
2026-10-04T14:27:44.314184Z;/home/runner/work/JSON-java/JSON-java/target/apidocs/org/json;JSONObject.html;IN_ACCESS
2026-10-04T14:27:44.314433Z;/home/runner/work/JSON-java/JSON-java/target/apidocs/org/json;Property.html;IN_ACCESS
2026-10-04T14:27:44.314654Z;/home/runner/work/JSON-java/JSON-java/target/apidocs/org/json/class-use;JSONException.html;IN_ACCESS
2026-10-04T14:27:44.314867Z;/home/runner/work/JSON-java/JSON-java/target/apidocs/org/json;JSONObject.html;IN_ACCESS
2026-10-04T14:27:44.315083Z;/home/runner/work/JSON-java/JSON-java/target/apidocs/org/json;Property.html;IN_ACCESS
2026-10-04T14:27:44.315320Z;/home/runner/work/JSON-java/JSON-java/target/apidocs/org/json;JSONPropertyIgnore.html;IN_ACCESS
2026-10-04T14:27:44.315524Z;/home/runner/work/JSON-java/JSON-java/target/apidocs/org/json/class-use;JSONException.html;IN_ACCESS
2026-10-04T14:27:44.315770Z;/home/runner/work/JSON-java/JSON-java/target/apidocs/org/json;JSONPropertyIgnore.html;IN_ACCESS
2026-10-04T14:27:44.315991Z;/home/runner/work/JSON-java/JSON-java/target/apidocs/org/json;Property.html;IN_ACCESS
2026-10-04T14:27:44.316218Z;/home/runner/work/JSON-java/JSON-java/target/apidocs/org/json;JSONObject.html;IN_ACCESS
2026-10-04T14:27:44.316449Z;/home/runner/work/JSON-java/JSON-java/target/apidocs/org/json;Property.html;IN_ACCESS
2026-10-04T14:27:44.316687Z;/home/runner/work/JSON-java/JSON-java/target/apidocs/org/json/class-use;JSONException.html;IN_ACCESS
2026-10-04T14:27:44.316916Z;/home/runner/work/JSON-java/JSON-java/target/apidocs/org/json;JSONMLParserConfiguration.html;IN_ACCESS
2026-10-04T14:27:44.317135Z;/home/runner/work/JSON-java/JSON-java/target/apidocs/org/json/class-use;JSONException.html;IN_ACCESS
2026-10-04T14:27:44.317344Z;/home/runner/work/JSON-java/JSON-java/target/apidocs/org/json;JSONObject.html;IN_ACCESS
2026-10-04T14:27:44.317574Z;/home/runner/work/JSON-java/JSON-java/target/apidocs/org/json;JSONMLParserConfiguration.html;IN_ACCESS
2026-10-04T14:27:44.317810Z;/home/runner/work/JSON-java/JSON-java/target/apidocs/org/json/class-use;JSONException.html;IN_ACCESS
2026-10-04T14:27:44.318038Z;/home/runner/work/JSON-java/JSON-java/target/apidocs/org/json;JSONObject.html;IN_ACCESS
2026-10-04T14:27:44.318398Z;/home/runner/work/JSON-java/JSON-java/target/apidocs/org/json;JSONPointerException.html;IN_ACCESS
2026-10-04T14:27:44.318682Z;/home/runner/work/JSON-java/JSON-java/target/apidocs/org/json/class-use;JSONException.html;IN_ACCESS
2026-10-04T14:27:44.318911Z;/home/runner/work/JSON-java/JSON-java/target/apidocs/org/json;JSONMLParserConfiguration.html;IN_ACCESS
2026-10-04T14:27:44.319130Z;/home/runner/work/JSON-java/JSON-java/target/apidocs/org/json;JSONObject.html;IN_ACCESS
2026-10-04T14:27:44.319343Z;/home/runner/work/JSON-java/JSON-java/target/apidocs/org/json;JSONPointerException.html;IN_ACCESS
2026-10-04T14:27:44.319583Z;/home/runner/work/JSON-java/JSON-java/target/apidocs/org/json/class-use;JSONException.html;IN_ACCESS
2026-10-04T14:27:44.319900Z;/home/runner/work/JSON-java/JSON-java/target/apidocs/org/json;JSONObject.html;IN_ACCESS
2026-10-04T14:27:44.320117Z;/home/runner/work/JSON-java/JSON-java/target/apidocs/org/json;JSONMLParserConfiguration.html;IN_ACCESS
2026-10-04T14:27:44.320327Z;/home/runner/work/JSON-java/JSON-java/target/apidocs/org/json/class-use;JSONException.html;IN_ACCESS
2026-10-04T14:27:44.320537Z;/home/runner/work/JSON-java/JSON-java/target/apidocs/org/json;JSONObject.html;IN_ACCESS
2026-10-04T14:27:44.320756Z;/home/runner/work/JSON-java/JSON-java/target/apidocs/org/json;JSONPointerException.html;IN_ACCESS
2026-10-04T14:27:44.320965Z;/home/runner/work/JSON-java/JSON-java/target/apidocs/org/json;JSONMLParserConfiguration.html;IN_ACCESS
2026-10-04T14:27:44.321174Z;/home/runner/work/JSON-java/JSON-java/target/apidocs/org/json;JSONPointerException.html;IN_ACCESS
2026-10-04T14:27:44.321403Z;/home/runner/work/JSON-java/JSON-java/target/apidocs/org/json;JSONObject.html;IN_ACCESS
2026-10-04T14:27:44.321615Z;/home/runner/work/JSON-java/JSON-java/target/apidocs/org/json/class-use;JSONException.html;IN_ACCESS
2026-10-04T14:27:44.321841Z;/home/runner/work/JSON-java/JSON-java/target/apidocs/org/json;JSONObject.html;IN_ACCESS
2026-10-04T14:27:44.322073Z;/home/runner/work/JSON-java/JSON-java/target/apidocs/org/json/class-use;JSONException.html;IN_ACCESS
2026-10-04T14:27:44.322299Z;/home/runner/work/JSON-java/JSON-java/target/apidocs/org/json;JSONMLParserConfiguration.html;IN_ACCESS
2026-10-04T14:27:44.322525Z;/home/runner/work/JSON-java/JSON-java/target/apidocs/org/json;JSONObject.html;IN_ACCESS
2026-10-04T14:27:44.322776Z;/home/runner/work/JSON-java/JSON-java/target/apidocs/org/json;HTTP.html;IN_ACCESS
2026-10-04T14:27:44.323022Z;/home/runner/work/JSON-java/JSON-java/target/apidocs/org/json;JSONObject.html;IN_ACCESS
2026-10-04T14:27:44.323287Z;/home/runner/work/JSON-java/JSON-java/target/apidocs/org/json;HTTP.html;IN_ACCESS
2026-10-04T14:27:44.323541Z;/home/runner/work/JSON-java/JSON-java/target/apidocs/org/json;JSONObject.html;IN_ACCESS
2026-10-04T14:27:44.323758Z;/home/runner/work/JSON-java/JSON-java/target/apidocs/org/json/class-use;JSONException.html;IN_ACCESS
2026-10-04T14:27:44.323985Z;/home/runner/work/JSON-java/JSON-java/target/apidocs/org/json;JSONString.html;IN_ACCESS
2026-10-04T14:27:44.324220Z;/home/runner/work/JSON-java/JSON-java/target/apidocs/org/json;JSONObject.html;IN_ACCESS
2026-10-04T14:27:44.324472Z;/home/runner/work/JSON-java/JSON-java/target/apidocs/org/json;HTTP.html;IN_ACCESS
2026-10-04T14:27:44.324709Z;/home/runner/work/JSON-java/JSON-java/target/apidocs/org/json;JSONString.html;IN_ACCESS
2026-10-04T14:27:44.324943Z;/home/runner/work/JSON-java/JSON-java/target/apidocs/org/json;HTTP.html;IN_ACCESS
2026-10-04T14:27:44.325173Z;/home/runner/work/JSON-java/JSON-java/target/apidocs/org/json;JSONObject.html;IN_ACCESS
2026-10-04T14:27:44.325521Z;/home/runner/work/JSON-java/JSON-java/target/apidocs/org/json;HTTPTokener.html;IN_ACCESS
2026-10-04T14:27:44.325861Z;/home/runner/work/JSON-java/JSON-java/target/apidocs/org/json;JSONException.html;IN_ACCESS
2026-10-04T14:27:44.326097Z;/home/runner/work/JSON-java/JSON-java/target/apidocs/org/json;JSONObject.html;IN_ACCESS
2026-10-04T14:27:44.326327Z;/home/runner/work/JSON-java/JSON-java/target/apidocs/org/json;HTTPTokener.html;IN_ACCESS
2026-10-04T14:27:44.326562Z;/home/runner/work/JSON-java/JSON-java/target/apidocs/org/json;JSONException.html;IN_ACCESS
2026-10-04T14:27:44.327027Z;/home/runner/work/JSON-java/JSON-java/target/apidocs/org/json;package-summary.html;IN_ACCESS
2026-10-04T14:27:44.327285Z;/home/runner/work/JSON-java/JSON-java/target/apidocs/org/json;JSONObject.html;IN_ACCESS
2026-10-04T14:27:44.327531Z;/home/runner/work/JSON-java/JSON-java/target/apidocs/org/json;HTTPTokener.html;IN_ACCESS
2026-10-04T14:27:44.327747Z;/home/runner/work/JSON-java/JSON-java/target/apidocs/org/json;package-summary.html;IN_ACCESS
2026-10-04T14:27:44.327955Z;/home/runner/work/JSON-java/JSON-java/target/apidocs/org/json;JSONObject.html;IN_ACCESS
2026-10-04T14:27:44.328286Z;/home/runner/work/JSON-java/JSON-java/target/apidocs/org/json;package-summary.html;IN_ACCESS
2026-10-04T14:27:44.328503Z;/home/runner/work/JSON-java/JSON-java/target/apidocs/org/json;JSONObject.html;IN_ACCESS
2026-10-04T14:27:44.328730Z;/home/runner/work/JSON-java/JSON-java/target/apidocs/org/json;package-summary.html;IN_ACCESS
2026-10-04T14:27:44.328939Z;/home/runner/work/JSON-java/JSON-java/target/apidocs/org/json;HTTPTokener.html;IN_ACCESS
2026-10-04T14:27:44.329302Z;/home/runner/work/JSON-java/JSON-java/target/apidocs/org/json;JSONObject.html;IN_ACCESS
2026-10-04T14:27:44.329554Z;/home/runner/work/JSON-java/JSON-java/target/apidocs/org/json;package-use.html;IN_ACCESS
2026-10-04T14:27:44.329773Z;/home/runner/work/JSON-java/JSON-java/target/apidocs;type-search-index.js;IN_ACCESS
2026-10-04T14:27:44.329991Z;/home/runner/work/JSON-java/JSON-java/target/apidocs/org/json;JSONObject.html;IN_ACCESS
2026-10-04T14:27:44.330217Z;/home/runner/work/JSON-java/JSON-java/target/apidocs/org/json;package-use.html;IN_ACCESS
2026-10-04T14:27:44.330433Z;/home/runner/work/JSON-java/JSON-java/target/apidocs;constant-values.html;IN_ACCESS
2026-10-04T14:27:44.330660Z;/home/runner/work/JSON-java/JSON-java/target/apidocs/org/json;JSONObject.html;IN_ACCESS
2026-10-04T14:27:44.330918Z;/home/runner/work/JSON-java/JSON-java/target/apidocs;constant-values.html;IN_ACCESS
2026-10-04T14:27:44.331121Z;/home/runner/work/JSON-java/JSON-java/target/apidocs;help-doc.html;IN_ACCESS
2026-10-04T14:27:44.331345Z;/home/runner/work/JSON-java/JSON-java/target/apidocs/org/json;JSONObject.html;IN_ACCESS
2026-10-04T14:27:44.331737Z;/home/runner/work/JSON-java/JSON-java/target/apidocs;script.js;IN_ACCESS
2026-10-04T14:27:44.331980Z;/home/runner/work/JSON-java/JSON-java/target/apidocs;help-doc.html;IN_ACCESS
2026-10-04T14:27:44.332177Z;/home/runner/work/JSON-java/JSON-java/target/apidocs;script.js;IN_ACCESS
2026-10-04T14:27:44.332553Z;/home/runner/work/JSON-java/JSON-java/target/apidocs/org/json;JSONObject.html;IN_ACCESS
2026-10-04T14:27:44.332810Z;/home/runner/work/JSON-java/JSON-java/target/apidocs;element-list;IN_ACCESS
2026-10-04T14:27:44.333179Z;/home/runner/work/JSON-java/JSON-java/target/apidocs/org/json;JSONObject.html;IN_ACCESS
2026-10-04T14:27:44.333435Z;/home/runner/work/JSON-java/JSON-java/target/apidocs;search.js;IN_ACCESS
2026-10-04T14:27:44.333670Z;/home/runner/work/JSON-java/JSON-java/target/apidocs/org/json;JSONObject.html;IN_ACCESS
2026-10-04T14:27:44.333940Z;/home/runner/work/JSON-java/JSON-java/target/apidocs;search.js;IN_ACCESS
2026-10-04T14:27:44.334191Z;/home/runner/work/JSON-java/JSON-java/target/apidocs/org/json;JSONObject.html;IN_ACCESS
2026-10-04T14:27:44.334715Z;/home/runner/work/JSON-java/JSON-java/target/apidocs;deprecated-list.html;IN_ACCESS
2026-10-04T14:27:44.335211Z;/home/runner/work/JSON-java/JSON-java/target/apidocs/org/json;JSONObject.html;IN_ACCESS
2026-10-04T14:27:44.335468Z;/home/runner/work/JSON-java/JSON-java/target/apidocs;package-search-index.js;IN_ACCESS
2026-10-04T14:27:44.335697Z;/home/runner/work/JSON-java/JSON-java/target/apidocs/org/json;JSONObject.html;IN_ACCESS
2026-10-04T14:27:44.335937Z;/home/runner/work/JSON-java/JSON-java/target/apidocs;member-search-index.js;IN_ACCESS
2026-10-04T14:27:44.338230Z;/home/runner/work/JSON-java/JSON-java/target/apidocs/org/json;JSONObject.html;IN_ACCESS
2026-10-04T14:27:44.338550Z;/home/runner/work/JSON-java/JSON-java/target/apidocs;member-search-index.js;IN_ACCESS
2026-10-04T14:27:44.338762Z;/home/runner/work/JSON-java/JSON-java/target/apidocs/org/json;JSONObject.html;IN_ACCESS
2026-10-04T14:27:44.338984Z;/home/runner/work/JSON-java/JSON-java/target/apidocs;member-search-index.js;IN_ACCESS
2026-10-04T14:27:44.339195Z;/home/runner/work/JSON-java/JSON-java/target/apidocs/org/json;JSONObject.html;IN_ACCESS
2026-10-04T14:27:44.340465Z;/home/runner/work/JSON-java/JSON-java/target/apidocs;member-search-index.js;IN_ACCESS
2026-10-04T14:27:44.340734Z;/home/runner/work/JSON-java/JSON-java/target/apidocs/org/json;JSONObject.html;IN_ACCESS
2026-10-04T14:27:44.341256Z;/home/runner/work/JSON-java/JSON-java/target/apidocs;member-search-index.js;IN_ACCESS
2026-10-04T14:27:44.341523Z;/home/runner/work/JSON-java/JSON-java/target/apidocs/org/json;JSONObject.html;IN_ACCESS
2026-10-04T14:27:44.341821Z;/home/runner/work/JSON-java/JSON-java/target/apidocs;member-search-index.js;IN_ACCESS
2026-10-04T14:27:44.342032Z;/home/runner/work/JSON-java/JSON-java/target/apidocs/org/json;JSONObject.html;IN_ACCESS
2026-10-04T14:27:44.342263Z;/home/runner/work/JSON-java/JSON-java/target/apidocs;member-search-index.js;IN_ACCESS
2026-10-04T14:27:44.342508Z;/home/runner/work/JSON-java/JSON-java/target/apidocs/org/json;JSONObject.html;IN_ACCESS
2026-10-04T14:27:44.342732Z;/home/runner/work/JSON-java/JSON-java/target/apidocs;member-search-index.js;IN_ACCESS
2026-10-04T14:27:44.342935Z;/home/runner/work/JSON-java/JSON-java/target/apidocs/org/json;JSONObject.html;IN_ACCESS
2026-10-04T14:27:44.343166Z;/home/runner/work/JSON-java/JSON-java/target/apidocs/script-dir;jquery-ui.min.css;IN_ACCESS
2026-10-04T14:27:44.343367Z;/home/runner/work/JSON-java/JSON-java/target/apidocs/org/json;JSONObject.html;IN_ACCESS
2026-10-04T14:27:44.343587Z;/home/runner/work/JSON-java/JSON-java/target/apidocs/script-dir;jquery-3.7.1.min.js;IN_ACCESS
2026-10-04T14:27:44.343802Z;/home/runner/work/JSON-java/JSON-java/target/apidocs;help-doc.html;IN_ACCESS
2026-10-04T14:27:44.344025Z;/home/runner/work/JSON-java/JSON-java/target/apidocs/org/json;JSONObject.html;IN_ACCESS
2026-10-04T14:27:44.344235Z;/home/runner/work/JSON-java/JSON-java/target/apidocs/script-dir;jquery-3.7.1.min.js;IN_ACCESS
2026-10-04T14:27:44.344440Z;/home/runner/work/JSON-java/JSON-java/target/apidocs/org/json;JSONObject.html;IN_ACCESS
2026-10-04T14:27:44.344672Z;/home/runner/work/JSON-java/JSON-java/target/apidocs/script-dir;jquery-3.7.1.min.js;IN_ACCESS
2026-10-04T14:27:44.345260Z;/home/runner/work/JSON-java/JSON-java/target/apidocs/script-dir;jquery-ui.min.js;IN_ACCESS
2026-10-04T14:27:44.346136Z;/home/runner/work/JSON-java/JSON-java/target/apidocs/org/json;JSONObject.html;IN_ACCESS
2026-10-04T14:27:44.346365Z;/home/runner/work/JSON-java/JSON-java/target/apidocs/script-dir;jquery-3.7.1.min.js;IN_ACCESS
2026-10-04T14:27:44.346618Z;/home/runner/work/JSON-java/JSON-java/target/apidocs/script-dir;jquery-ui.min.js;IN_ACCESS
2026-10-04T14:27:44.346848Z;/home/runner/work/JSON-java/JSON-java/target/apidocs/org/json;JSONObject.html;IN_ACCESS
2026-10-04T14:27:44.347058Z;/home/runner/work/JSON-java/JSON-java/target/apidocs/script-dir;jquery-3.7.1.min.js;IN_ACCESS
2026-10-04T14:27:44.347262Z;/home/runner/work/JSON-java/JSON-java/target/apidocs/org/json;JSONObject.html;IN_ACCESS
2026-10-04T14:27:44.347488Z;/home/runner/work/JSON-java/JSON-java/target/apidocs/script-dir;jquery-ui.min.js;IN_ACCESS
2026-10-04T14:27:44.347873Z;/home/runner/work/JSON-java/JSON-java/target/apidocs/org/json;JSONObject.html;IN_ACCESS
2026-10-04T14:27:44.348088Z;/home/runner/work/JSON-java/JSON-java/target/apidocs/script-dir;jquery-3.7.1.min.js;IN_ACCESS
2026-10-04T14:27:44.348403Z;/home/runner/work/JSON-java/JSON-java/target/apidocs/script-dir;jquery-ui.min.js;IN_ACCESS
2026-10-04T14:27:44.348662Z;/home/runner/work/JSON-java/JSON-java/target/apidocs/script-dir;jquery-3.7.1.min.js;IN_ACCESS
2026-10-04T14:27:44.348871Z;/home/runner/work/JSON-java/JSON-java/target/apidocs/script-dir;jquery-ui.min.js;IN_ACCESS
2026-10-04T14:27:44.349073Z;/home/runner/work/JSON-java/JSON-java/target/apidocs/script-dir;jquery-3.7.1.min.js;IN_ACCESS
2026-10-04T14:27:44.349272Z;/home/runner/work/JSON-java/JSON-java/target/apidocs;serialized-form.html;IN_ACCESS
2026-10-04T14:27:44.349493Z;/home/runner/work/JSON-java/JSON-java/target/apidocs/script-dir;jquery-ui.min.js;IN_ACCESS
2026-10-04T14:27:44.349704Z;/home/runner/work/JSON-java/JSON-java/target/apidocs;module-search-index.js;IN_ACCESS
2026-10-04T14:27:44.349909Z;/home/runner/work/JSON-java/JSON-java/target/apidocs/script-dir;jquery-ui.min.js;IN_ACCESS
2026-10-04T14:27:44.350303Z;/home/runner/work/JSON-java/JSON-java/target/apidocs/script-dir;jquery-3.7.1.min.js;IN_ACCESS
2026-10-04T14:27:44.350646Z;/home/runner/work/JSON-java/JSON-java/target/apidocs;index.html;IN_ACCESS
2026-10-04T14:27:44.350857Z;/home/runner/work/JSON-java/JSON-java/target/apidocs/legal;jqueryUI.md;IN_ACCESS
2026-10-04T14:27:44.351065Z;/home/runner/work/JSON-java/JSON-java/target/apidocs/script-dir;jquery-3.7.1.min.js;IN_ACCESS
2026-10-04T14:27:44.351266Z;/home/runner/work/JSON-java/JSON-java/target/apidocs/legal;LICENSE;IN_ACCESS
2026-10-04T14:27:44.351472Z;/home/runner/work/JSON-java/JSON-java/target/apidocs/legal;ASSEMBLY_EXCEPTION;IN_ACCESS
2026-10-04T14:27:44.351670Z;/home/runner/work/JSON-java/JSON-java/target/apidocs/script-dir;jquery-3.7.1.min.js;IN_ACCESS
2026-10-04T14:27:44.351876Z;/home/runner/work/JSON-java/JSON-java/target/apidocs/legal;LICENSE;IN_ACCESS
2026-10-04T14:27:44.352084Z;/home/runner/work/JSON-java/JSON-java/target/apidocs/legal;jquery.md;IN_ACCESS
2026-10-04T14:27:44.352288Z;/home/runner/work/JSON-java/JSON-java/target/apidocs/legal;ADDITIONAL_LICENSE_INFO;IN_ACCESS
2026-10-04T14:27:44.352488Z;/home/runner/work/JSON-java/JSON-java/target/apidocs/script-dir;jquery-3.7.1.min.js;IN_ACCESS
2026-10-04T14:27:44.352717Z;/home/runner/work/JSON-java/JSON-java/target/apidocs/legal;LICENSE;IN_ACCESS
2026-10-04T14:27:44.352983Z;/home/runner/work/JSON-java/JSON-java/target/apidocs;index-all.html;IN_ACCESS
2026-10-04T14:27:44.353270Z;/home/runner/work/JSON-java/JSON-java/target/apidocs/legal;LICENSE;IN_ACCESS
2026-10-04T14:27:44.353523Z;/home/runner/work/JSON-java/JSON-java/target/apidocs;index-all.html;IN_ACCESS
2026-10-04T14:27:44.353810Z;/home/runner/work/JSON-java/JSON-java/target/apidocs/script-dir;jquery-3.7.1.min.js;IN_ACCESS
2026-10-04T14:27:44.354045Z;/home/runner/work/JSON-java/JSON-java/target/apidocs;index-all.html;IN_ACCESS
2026-10-04T14:27:44.354416Z;/home/runner/work/JSON-java/JSON-java/target/apidocs/script-dir;jquery-3.7.1.min.js;IN_ACCESS
2026-10-04T14:27:44.354670Z;/home/runner/work/JSON-java/JSON-java/target/apidocs;index-all.html;IN_ACCESS
2026-10-04T14:27:44.354919Z;/home/runner/work/JSON-java/JSON-java/target/apidocs;allclasses-index.html;IN_ACCESS
2026-10-04T14:27:44.355144Z;/home/runner/work/JSON-java/JSON-java/target/apidocs;index-all.html;IN_ACCESS
2026-10-04T14:27:44.355370Z;/home/runner/work/JSON-java/JSON-java/target/apidocs;allclasses-index.html;IN_ACCESS
2026-10-04T14:27:44.355594Z;/home/runner/work/JSON-java/JSON-java/target/apidocs/script-dir;jquery-3.7.1.min.js;IN_ACCESS
2026-10-04T14:27:44.355808Z;/home/runner/work/JSON-java/JSON-java/target/apidocs;index-all.html;IN_ACCESS
2026-10-04T14:27:44.356029Z;/home/runner/work/JSON-java/JSON-java/target/apidocs;allclasses-index.html;IN_ACCESS
2026-10-04T14:27:44.356254Z;/home/runner/work/JSON-java/JSON-java/target/apidocs/script-dir;jquery-3.7.1.min.js;IN_ACCESS
2026-10-04T14:27:44.356506Z;/home/runner/work/JSON-java/JSON-java/target/apidocs;index-all.html;IN_ACCESS
2026-10-04T14:27:44.356729Z;/home/runner/work/JSON-java/JSON-java/target/apidocs;stylesheet.css;IN_ACCESS
2026-10-04T14:27:44.356942Z;/home/runner/work/JSON-java/JSON-java/target/apidocs;index-all.html;IN_ACCESS
2026-10-04T14:27:44.357152Z;/home/runner/work/JSON-java/JSON-java/target/apidocs;stylesheet.css;IN_ACCESS
2026-10-04T14:27:44.357358Z;/home/runner/work/JSON-java/JSON-java/target/apidocs/script-dir;jquery-3.7.1.min.js;IN_ACCESS
2026-10-04T14:27:44.357587Z;/home/runner/work/JSON-java/JSON-java/target/apidocs;index-all.html;IN_ACCESS
2026-10-04T14:27:44.357802Z;/home/runner/work/JSON-java/JSON-java/target/apidocs;stylesheet.css;IN_ACCESS
2026-10-04T14:27:44.358295Z;/home/runner/work/JSON-java/JSON-java/target/apidocs;index-all.html;IN_ACCESS
2026-10-04T14:27:44.358512Z;/home/runner/work/JSON-java/JSON-java/target/apidocs;stylesheet.css;IN_ACCESS
2026-10-04T14:27:44.358789Z;/home/runner/work/JSON-java/JSON-java/target/apidocs;index-all.html;IN_ACCESS
2026-10-04T14:27:44.359014Z;/home/runner/work/JSON-java/JSON-java/target/apidocs/script-dir;jquery-3.7.1.min.js;IN_ACCESS
2026-10-04T14:27:44.359236Z;/home/runner/work/JSON-java/JSON-java/target/apidocs/org/json;JSONException.html;IN_ACCESS
2026-10-04T14:27:44.359547Z;/home/runner/work/JSON-java/JSON-java/target/apidocs;allpackages-index.html;IN_ACCESS
2026-10-04T14:27:44.359773Z;/home/runner/work/JSON-java/JSON-java/target/apidocs/resources;x.png;IN_ACCESS
2026-10-04T14:27:44.359973Z;/home/runner/work/JSON-java/JSON-java/target/apidocs/resources;glass.png;IN_ACCESS
2026-10-04T14:27:44.360193Z;/home/runner/work/JSON-java/JSON-java/target/apidocs;jquery-ui.overrides.css;IN_ACCESS
2026-10-04T14:27:44.360389Z;/home/runner/work/JSON-java/JSON-java/target/apidocs;tag-search-index.js;IN_ACCESS
2026-10-04T14:27:44.360619Z;/home/runner/work/JSON-java/JSON-java/target/apidocs;index-all.html;IN_ACCESS
2026-10-04T14:27:44.360964Z;/home/runner/work/JSON-java/JSON-java/target;moditect;IN_CREATE,IN_ISDIR
2026-10-04T14:27:44.361231Z;/home/runner/work/JSON-java/JSON-java/target;modules;IN_CREATE,IN_ISDIR
2026-10-04T14:27:44.361437Z;/home/runner/work/JSON-java/JSON-java/target;json-20260814.jar;IN_ACCESS
2026-10-04T14:27:44.361648Z;/home/runner/work/JSON-java/JSON-java/target;json-20260814.jar;IN_DELETE
2026-10-04T14:27:44.361857Z;/home/runner/work/JSON-java/JSON-java/target;json-20260814.jar;IN_CREATE
2026-10-04T14:27:44.362068Z;/home/runner/work/JSON-java/JSON-java/target;moditect;IN_ACCESS,IN_ISDIR
2026-10-04T14:27:44.362270Z;/home/runner/work/JSON-java/JSON-java/target;modules;IN_ACCESS,IN_ISDIR
2026-10-04T14:27:44.396528Z;/home/runner/work/JSON-java/JSON-java;optcd-8.txt;IN_CREATE
