source,job,rel_path,attribution,expected,rule,verdict,module_check,parallel_build,blamed_goal,mechanism,command
paper,abel533_Mapper_test_mvn_verify_all.json,weekend/target/surefire-reports/,maven-surefire-plugin:2.12.4:test (default-test) @ mapper-weekend,surefire:test,surefire test reports,correct,same-module,False,surefire:test,,mvn --batch-mode --update-snapshots -P dev test
paper,abel533_Mapper_test_mvn_verify_all.json,spring/target/surefire-reports/,maven-surefire-plugin:2.12.4:test (default-test) @ mapper-spring,surefire:test,surefire test reports,correct,same-module,False,surefire:test,,mvn --batch-mode --update-snapshots -P dev test
paper,abel533_Mapper_test_mvn_verify_all.json,solon-plugin/target/surefire-reports/,maven-surefire-plugin:2.12.4:test (default-test) @ mapper-solon-plugin,surefire:test,surefire test reports,correct,same-module,False,surefire:test,,mvn --batch-mode --update-snapshots -P dev test
paper,abel533_Mapper_test_mvn_verify_all.json,extra/target/surefire-reports/,maven-surefire-plugin:2.12.4:test (default-test) @ mapper-extra,surefire:test,surefire test reports,correct,same-module,False,surefire:test,,mvn --batch-mode --update-snapshots -P dev test
paper,abel533_Mapper_test_mvn_verify_all.json,core/target/surefire-reports/,maven-surefire-plugin:2.12.4:test (default-test) @ mapper-core,surefire:test,surefire test reports,correct,same-module,False,surefire:test,,mvn --batch-mode --update-snapshots -P dev test
paper,abel533_Mapper_test_mvn_verify_all.json,base/target/surefire-reports/,maven-surefire-plugin:2.12.4:test (default-test) @ mapper-base,surefire:test,surefire test reports,correct,same-module,False,surefire:test,,mvn --batch-mode --update-snapshots -P dev test
paper,alibaba_arthas_test_ubuntu_build (11)_all.json,arthas-vmtool/target/surefire-reports/,maven-surefire-plugin:2.12.4:test (default-test) @ arthas-vmtool,surefire:test,surefire test reports,correct,same-module,False,surefire:test,,mvn clean install -P full
paper,alibaba_arthas_test_ubuntu_build (11)_all.json,tunnel-server/target/surefire-reports/,maven-surefire-plugin:2.12.4:test (default-test) @ arthas-tunnel-server,surefire:test,surefire test reports,correct,same-module,False,surefire:test,,mvn clean install -P full
paper,alibaba_arthas_test_ubuntu_build (11)_all.json,memorycompiler/target/surefire-reports/,maven-surefire-plugin:2.12.4:test (default-test) @ arthas-memorycompiler,surefire:test,surefire test reports,correct,same-module,False,surefire:test,,mvn clean install -P full
paper,alibaba_arthas_test_ubuntu_build (11)_all.json,core/target/surefire-reports/,maven-surefire-plugin:2.12.4:test (default-test) @ arthas-core,surefire:test,surefire test reports,correct,same-module,False,surefire:test,,mvn clean install -P full
paper,alibaba_arthas_test_ubuntu_build (17)_all.json,tunnel-server/target/surefire-reports/,maven-surefire-plugin:2.12.4:test (default-test) @ arthas-tunnel-server,surefire:test,surefire test reports,correct,same-module,False,surefire:test,,mvn clean install -P full
paper,alibaba_arthas_test_ubuntu_build (17)_all.json,tunnel-common/target/surefire-reports/,maven-surefire-plugin:2.12.4:test (default-test) @ arthas-tunnel-common,surefire:test,surefire test reports,correct,same-module,False,surefire:test,,mvn clean install -P full
paper,alibaba_arthas_test_ubuntu_build (17)_all.json,arthas-spring-boot-starter/target/surefire-reports/,maven-surefire-plugin:2.12.4:test (default-test) @ arthas-spring-boot-starter,surefire:test,surefire test reports,correct,same-module,False,surefire:test,,mvn clean install -P full
paper,alibaba_arthas_test_ubuntu_build (17)_all.json,memorycompiler/target/surefire-reports/,maven-surefire-plugin:2.12.4:test (default-test) @ arthas-memorycompiler,surefire:test,surefire test reports,correct,same-module,False,surefire:test,,mvn clean install -P full
paper,alibaba_arthas_test_ubuntu_build (17)_all.json,arthas-grpc-web-proxy/target/surefire-reports/,maven-surefire-plugin:2.12.4:test (default-test) @ arthas-grpc-web-proxy,surefire:test,surefire test reports,correct,same-module,False,surefire:test,,mvn clean install -P full
paper,alibaba_arthas_test_ubuntu_build (17)_all.json,core/target/surefire-reports/,maven-surefire-plugin:2.12.4:test (default-test) @ arthas-core,surefire:test,surefire test reports,correct,same-module,False,surefire:test,,mvn clean install -P full
paper,alibaba_arthas_test_ubuntu_build (17)_all.json,boot/target/surefire-reports/,maven-surefire-plugin:2.12.4:test (default-test) @ arthas-boot,surefire:test,surefire test reports,correct,same-module,False,surefire:test,,mvn clean install -P full
paper,alibaba_arthas_test_ubuntu_build (17)_all.json,math-game/target/javadoc-bundle-options/,maven-javadoc-plugin:3.2.0:jar (release) @ math-game,javadoc,javadoc options bundle,correct,same-module,False,javadoc:jar,,mvn clean install -P full
paper,alibaba_arthas_test_ubuntu_build (17)_all.json,tunnel-client/target/javadoc-bundle-options/,maven-javadoc-plugin:3.2.0:jar (release) @ arthas-tunnel-client,javadoc,javadoc options bundle,correct,same-module,False,javadoc:jar,,mvn clean install -P full
paper,alibaba_arthas_test_ubuntu_build (17)_all.json,packaging/target/javadoc-bundle-options/,maven-javadoc-plugin:3.2.0:jar (release) @ arthas-packaging,javadoc,javadoc options bundle,correct,same-module,False,javadoc:jar,,mvn clean install -P full
paper,alibaba_arthas_test_ubuntu_build (17)_all.json,arthas-grpc-web-proxy/target/javadoc-bundle-options/,maven-javadoc-plugin:3.2.0:jar (release) @ arthas-grpc-web-proxy,javadoc,javadoc options bundle,correct,same-module,False,javadoc:jar,,mvn clean install -P full
paper,alibaba_arthas_test_ubuntu_build (17)_all.json,common/target/javadoc-bundle-options/,maven-javadoc-plugin:3.2.0:jar (release) @ arthas-common,javadoc,javadoc options bundle,correct,same-module,False,javadoc:jar,,mvn clean install -P full
paper,alibaba_arthas_test_ubuntu_build (19)_all.json,arthas-vmtool/target/surefire-reports/,maven-surefire-plugin:2.12.4:test (default-test) @ arthas-vmtool,surefire:test,surefire test reports,correct,same-module,False,surefire:test,,mvn clean install -P full
paper,alibaba_arthas_test_ubuntu_build (19)_all.json,tunnel-server/target/surefire-reports/,maven-surefire-plugin:2.12.4:test (default-test) @ arthas-tunnel-server,surefire:test,surefire test reports,correct,same-module,False,surefire:test,,mvn clean install -P full
paper,alibaba_arthas_test_ubuntu_build (19)_all.json,tunnel-common/target/surefire-reports/,maven-surefire-plugin:2.12.4:test (default-test) @ arthas-tunnel-common,surefire:test,surefire test reports,correct,same-module,False,surefire:test,,mvn clean install -P full
paper,alibaba_arthas_test_ubuntu_build (19)_all.json,memorycompiler/target/surefire-reports/,maven-surefire-plugin:2.12.4:test (default-test) @ arthas-memorycompiler,surefire:test,surefire test reports,correct,same-module,False,surefire:test,,mvn clean install -P full
paper,alibaba_arthas_test_ubuntu_build (19)_all.json,arthas-grpc-web-proxy/target/surefire-reports/,maven-surefire-plugin:2.12.4:test (default-test) @ arthas-grpc-web-proxy,surefire:test,surefire test reports,correct,same-module,False,surefire:test,,mvn clean install -P full
paper,alibaba_arthas_test_ubuntu_build (19)_all.json,core/target/surefire-reports/,maven-surefire-plugin:2.12.4:test (default-test) @ arthas-core,surefire:test,surefire test reports,correct,same-module,False,surefire:test,,mvn clean install -P full
paper,alibaba_arthas_test_ubuntu_build (19)_all.json,math-game/target/javadoc-bundle-options/,maven-javadoc-plugin:3.2.0:jar (release) @ math-game,javadoc,javadoc options bundle,correct,same-module,False,javadoc:jar,,mvn clean install -P full
paper,alibaba_arthas_test_ubuntu_build (19)_all.json,arthas-vmtool/target/javadoc-bundle-options/,maven-javadoc-plugin:3.2.0:jar (release) @ arthas-vmtool,javadoc,javadoc options bundle,correct,same-module,False,javadoc:jar,,mvn clean install -P full
paper,alibaba_arthas_test_ubuntu_build (19)_all.json,tunnel-client/target/javadoc-bundle-options/,maven-javadoc-plugin:3.2.0:jar (release) @ arthas-tunnel-client,javadoc,javadoc options bundle,correct,same-module,False,javadoc:jar,,mvn clean install -P full
paper,alibaba_arthas_test_ubuntu_build (19)_all.json,client/target/javadoc-bundle-options/,maven-javadoc-plugin:3.2.0:jar (release) @ arthas-client,javadoc,javadoc options bundle,correct,same-module,False,javadoc:jar,,mvn clean install -P full
paper,alibaba_arthas_test_ubuntu_build (19)_all.json,agent/target/javadoc-bundle-options/,maven-javadoc-plugin:3.2.0:jar (release) @ arthas-agent,javadoc,javadoc options bundle,correct,same-module,False,javadoc:jar,,mvn clean install -P full
paper,alibaba_arthas_test_ubuntu_build (8)_all.json,arthas-vmtool/target/surefire-reports/,maven-surefire-plugin:2.12.4:test (default-test) @ arthas-vmtool,surefire:test,surefire test reports,correct,same-module,False,surefire:test,,mvn clean install -P full
paper,alibaba_arthas_test_ubuntu_build (8)_all.json,tunnel-server/target/surefire-reports/,maven-surefire-plugin:2.12.4:test (default-test) @ arthas-tunnel-server,surefire:test,surefire test reports,correct,same-module,False,surefire:test,,mvn clean install -P full
paper,alibaba_arthas_test_ubuntu_build (8)_all.json,tunnel-common/target/surefire-reports/,maven-surefire-plugin:2.12.4:test (default-test) @ arthas-tunnel-common,surefire:test,surefire test reports,correct,same-module,False,surefire:test,,mvn clean install -P full
paper,alibaba_arthas_test_ubuntu_build (8)_all.json,memorycompiler/target/surefire-reports/,maven-surefire-plugin:2.12.4:test (default-test) @ arthas-memorycompiler,surefire:test,surefire test reports,correct,same-module,False,surefire:test,,mvn clean install -P full
paper,alibaba_arthas_test_ubuntu_build (8)_all.json,arthas-grpc-web-proxy/target/surefire-reports/,maven-surefire-plugin:2.12.4:test (default-test) @ arthas-grpc-web-proxy,surefire:test,surefire test reports,correct,same-module,False,surefire:test,,mvn clean install -P full
paper,alibaba_arthas_test_ubuntu_build (8)_all.json,core/target/surefire-reports/,maven-surefire-plugin:2.12.4:test (default-test) @ arthas-core,surefire:test,surefire test reports,correct,same-module,False,surefire:test,,mvn clean install -P full
paper,alibaba_arthas_test_ubuntu_build (8)_all.json,boot/target/surefire-reports/,maven-surefire-plugin:2.12.4:test (default-test) @ arthas-boot,surefire:test,surefire test reports,correct,same-module,False,surefire:test,,mvn clean install -P full
paper,alibaba_arthas_test_ubuntu_build (8)_all.json,common/target/maven-status/,maven-compiler-plugin:3.8.0:compile (default-compile) @ arthas-common,compiler,compiler state (parent dir),correct,same-module,False,compiler:compile,,mvn clean install -P full
paper,"alibaba_easyexcel_ci_test (11, adopt)_all.json",easyexcel-test/target/surefire-reports/,maven-surefire-plugin:3.3.0:test (default-test) @ easyexcel-test,surefire:test,surefire test reports,correct,same-module,False,surefire:test,,./mvnw test -B -Dmaven.test.skip=false
paper,"alibaba_transmittable-thread-local_ci_test (ubuntu-latest, 11)_all.json",ttl-kotlin/target/surefire-reports/,surefire:3.5.0:test (default-test) @ ttl-kotlin,surefire:test,surefire test reports,correct,same-module,False,surefire:test,,./mvnw -V --no-transfer-progress clean package
paper,"alibaba_transmittable-thread-local_ci_test (ubuntu-latest, 11)_all.json",ttl-core/target/surefire-reports/,surefire:3.5.0:test (default-test) @ ttl-core,surefire:test,surefire test reports,correct,same-module,False,surefire:test,,./mvnw -V --no-transfer-progress clean package
paper,"alibaba_transmittable-thread-local_ci_test (ubuntu-latest, 11)_all.json",ttl2-compatible/target/surefire-reports/,surefire:3.5.0:test (default-test) @ transmittable-thread-local,surefire:test,surefire test reports,correct,different-module,False,surefire:test,,./mvnw -V --no-transfer-progress clean package
paper,"alibaba_transmittable-thread-local_ci_test (ubuntu-latest, 17)_all.json",ttl-kotlin/target/surefire-reports/,surefire:3.5.0:test (default-test) @ ttl-kotlin,surefire:test,surefire test reports,correct,same-module,False,surefire:test,,./mvnw -V --no-transfer-progress clean package
paper,"alibaba_transmittable-thread-local_ci_test (ubuntu-latest, 17)_all.json",ttl-core/target/surefire-reports/,surefire:3.5.0:test (default-test) @ ttl-core,surefire:test,surefire test reports,correct,same-module,False,surefire:test,,./mvnw -V --no-transfer-progress clean package
paper,"alibaba_transmittable-thread-local_ci_test (ubuntu-latest, 17)_all.json",ttl2-compatible/target/surefire-reports/,surefire:3.5.0:test (default-test) @ transmittable-thread-local,surefire:test,surefire test reports,correct,different-module,False,surefire:test,,./mvnw -V --no-transfer-progress clean package
paper,"alibaba_transmittable-thread-local_ci_test (ubuntu-latest, 21)_all.json",ttl-kotlin/target/surefire-reports/,surefire:3.5.0:test (default-test) @ ttl-kotlin,surefire:test,surefire test reports,correct,same-module,False,surefire:test,,./mvnw -V --no-transfer-progress clean package
paper,"alibaba_transmittable-thread-local_ci_test (ubuntu-latest, 21)_all.json",ttl-core/target/surefire-reports/,surefire:3.5.0:test (default-test) @ ttl-core,surefire:test,surefire test reports,correct,same-module,False,surefire:test,,./mvnw -V --no-transfer-progress clean package
paper,"alibaba_transmittable-thread-local_ci_test (ubuntu-latest, 21)_all.json",ttl2-compatible/target/surefire-reports/,surefire:3.5.0:test (default-test) @ transmittable-thread-local,surefire:test,surefire test reports,correct,different-module,False,surefire:test,,./mvnw -V --no-transfer-progress clean package
paper,"alibaba_transmittable-thread-local_ci_test (ubuntu-latest, 22)_all.json",ttl-kotlin/target/surefire-reports/,surefire:3.5.0:test (default-test) @ ttl-kotlin,surefire:test,surefire test reports,correct,same-module,False,surefire:test,,./mvnw -V --no-transfer-progress clean package
paper,"alibaba_transmittable-thread-local_ci_test (ubuntu-latest, 22)_all.json",ttl-core/target/surefire-reports/,surefire:3.5.0:test (default-test) @ ttl-core,surefire:test,surefire test reports,correct,same-module,False,surefire:test,,./mvnw -V --no-transfer-progress clean package
paper,"alibaba_transmittable-thread-local_ci_test (ubuntu-latest, 22)_all.json",ttl2-compatible/target/surefire-reports/,surefire:3.5.0:test (default-test) @ transmittable-thread-local,surefire:test,surefire test reports,correct,different-module,False,surefire:test,,./mvnw -V --no-transfer-progress clean package
paper,"alibaba_transmittable-thread-local_ci_test (ubuntu-latest, 8)_all.json",ttl-kotlin/target/surefire-reports/,surefire:3.5.0:test (default-test) @ ttl-kotlin,surefire:test,surefire test reports,correct,same-module,False,surefire:test,,./mvnw -V --no-transfer-progress clean package
paper,"alibaba_transmittable-thread-local_ci_test (ubuntu-latest, 8)_all.json",ttl-core/target/surefire-reports/,surefire:3.5.0:test (default-test) @ ttl-core,surefire:test,surefire test reports,correct,same-module,False,surefire:test,,./mvnw -V --no-transfer-progress clean package
paper,"alibaba_transmittable-thread-local_ci_test (ubuntu-latest, 8)_all.json",ttl2-compatible/target/surefire-reports/,surefire:3.5.0:test (default-test) @ transmittable-thread-local,surefire:test,surefire test reports,correct,different-module,False,surefire:test,,./mvnw -V --no-transfer-progress clean package
paper,apache_incubator-seata_test-druid_test-druid (1.2.1)_all.json,seata-spring-autoconfigure/seata-spring-autoconfigure-core/target/surefire-reports/,maven-surefire-plugin:3.0.0-M5:test (default-test) @ seata-spring-autoconfigure-core,surefire:test,surefire test reports,correct,same-module,True,surefire:test,,./mvnw -T 4C clean test \        -Ddruid.version=${{ matrix.druid }} \        -e -B -Dorg.slf4j.simpleLogger.log.org.apache.maven.cli.transfer.Slf4jMavenTransferListener=warn; 
paper,apache_incubator-seata_test-druid_test-druid (1.2.10)_all.json,seata-spring-autoconfigure/seata-spring-autoconfigure-core/target/surefire-reports/,maven-surefire-plugin:3.0.0-M5:test (default-test) @ seata-spring-autoconfigure-core,surefire:test,surefire test reports,correct,same-module,True,surefire:test,,./mvnw -T 4C clean test \        -Ddruid.version=${{ matrix.druid }} \        -e -B -Dorg.slf4j.simpleLogger.log.org.apache.maven.cli.transfer.Slf4jMavenTransferListener=warn; 
paper,apache_incubator-seata_test-druid_test-druid (1.2.13)_all.json,seata-spring-autoconfigure/seata-spring-autoconfigure-core/target/surefire-reports/,maven-surefire-plugin:3.0.0-M5:test (default-test) @ seata-spring-autoconfigure-core,surefire:test,surefire test reports,correct,same-module,True,surefire:test,,./mvnw -T 4C clean test \        -Ddruid.version=${{ matrix.druid }} \        -e -B -Dorg.slf4j.simpleLogger.log.org.apache.maven.cli.transfer.Slf4jMavenTransferListener=warn; 
paper,apache_incubator-seata_test-druid_test-druid (1.2.14)_all.json,seata-spring-autoconfigure/seata-spring-autoconfigure-core/target/surefire-reports/,maven-surefire-plugin:3.0.0-M5:test (default-test) @ seata-spring-autoconfigure-core,surefire:test,surefire test reports,correct,same-module,True,surefire:test,,./mvnw -T 4C clean test \        -Ddruid.version=${{ matrix.druid }} \        -e -B -Dorg.slf4j.simpleLogger.log.org.apache.maven.cli.transfer.Slf4jMavenTransferListener=warn; 
paper,apache_incubator-seata_test-druid_test-druid (1.2.16)_all.json,seata-spring-autoconfigure/seata-spring-autoconfigure-core/target/surefire-reports/,maven-surefire-plugin:3.0.0-M5:test (default-test) @ seata-spring-autoconfigure-core,surefire:test,surefire test reports,correct,same-module,True,surefire:test,,./mvnw -T 4C clean test \        -Ddruid.version=${{ matrix.druid }} \        -e -B -Dorg.slf4j.simpleLogger.log.org.apache.maven.cli.transfer.Slf4jMavenTransferListener=warn; 
paper,apache_incubator-seata_test-druid_test-druid (1.2.16)_all.json,seata-spring-autoconfigure/seata-spring-autoconfigure-server/target/surefire-reports/,maven-surefire-plugin:3.0.0-M5:test (default-test) @ seata-spring-autoconfigure-client,surefire:test,surefire test reports,correct,different-module,True,surefire:test,,./mvnw -T 4C clean test \        -Ddruid.version=${{ matrix.druid }} \        -e -B -Dorg.slf4j.simpleLogger.log.org.apache.maven.cli.transfer.Slf4jMavenTransferListener=warn; 
paper,apache_incubator-seata_test-druid_test-druid (1.2.19)_all.json,seata-spring-autoconfigure/seata-spring-autoconfigure-client/target/surefire-reports/,jacoco-maven-plugin:0.8.7:report (report) @ seata-spring-autoconfigure-server,surefire:test,surefire test reports,wrong-plugin,different-module,True,jacoco:report,H1-parallel-cross-module,./mvnw -T 4C clean test \        -Ddruid.version=${{ matrix.druid }} \        -e -B -Dorg.slf4j.simpleLogger.log.org.apache.maven.cli.transfer.Slf4jMavenTransferListener=warn; 
paper,apache_incubator-seata_test-druid_test-druid (1.2.20)_all.json,sqlparser/seata-sqlparser-core/target/surefire-reports/,maven-surefire-plugin:3.0.0-M5:test (default-test) @ seata-saga-statelang,surefire:test,surefire test reports,correct,different-module,True,surefire:test,,./mvnw -T 4C clean test \        -Ddruid.version=${{ matrix.druid }} \        -e -B -Dorg.slf4j.simpleLogger.log.org.apache.maven.cli.transfer.Slf4jMavenTransferListener=warn; 
paper,apache_incubator-seata_test-druid_test-druid (1.2.20)_all.json,config/seata-config-core/target/surefire-reports/,maven-surefire-plugin:3.0.0-M5:test (default-test) @ seata-saga-statelang,surefire:test,surefire test reports,correct,different-module,True,surefire:test,,./mvnw -T 4C clean test \        -Ddruid.version=${{ matrix.druid }} \        -e -B -Dorg.slf4j.simpleLogger.log.org.apache.maven.cli.transfer.Slf4jMavenTransferListener=warn; 
paper,apache_incubator-seata_test-druid_test-druid (1.2.20)_all.json,metrics/seata-metrics-registry-compact/target/surefire-reports/,maven-surefire-plugin:3.0.0-M5:test (default-test) @ seata-saga-statelang,surefire:test,surefire test reports,correct,different-module,True,surefire:test,,./mvnw -T 4C clean test \        -Ddruid.version=${{ matrix.druid }} \        -e -B -Dorg.slf4j.simpleLogger.log.org.apache.maven.cli.transfer.Slf4jMavenTransferListener=warn; 
paper,apache_incubator-seata_test-druid_test-druid (1.2.20)_all.json,discovery/seata-discovery-etcd3/target/surefire-reports/,maven-surefire-plugin:3.0.0-M5:test (default-test) @ seata-core,surefire:test,surefire test reports,correct,different-module,True,surefire:test,,./mvnw -T 4C clean test \        -Ddruid.version=${{ matrix.druid }} \        -e -B -Dorg.slf4j.simpleLogger.log.org.apache.maven.cli.transfer.Slf4jMavenTransferListener=warn; 
paper,apache_incubator-seata_test-druid_test-druid (1.2.20)_all.json,discovery/seata-discovery-core/target/surefire-reports/,maven-surefire-plugin:3.0.0-M5:test (default-test) @ seata-config-nacos,surefire:test,surefire test reports,correct,different-module,True,surefire:test,,./mvnw -T 4C clean test \        -Ddruid.version=${{ matrix.druid }} \        -e -B -Dorg.slf4j.simpleLogger.log.org.apache.maven.cli.transfer.Slf4jMavenTransferListener=warn; 
paper,apache_incubator-seata_test-druid_test-druid (1.2.20)_all.json,config/seata-config-custom/target/surefire-reports/,maven-surefire-plugin:3.0.0-M5:test (default-test) @ seata-config-apollo,surefire:test,surefire test reports,correct,different-module,True,surefire:test,,./mvnw -T 4C clean test \        -Ddruid.version=${{ matrix.druid }} \        -e -B -Dorg.slf4j.simpleLogger.log.org.apache.maven.cli.transfer.Slf4jMavenTransferListener=warn; 
paper,apache_incubator-seata_test-druid_test-druid (1.2.20)_all.json,common/target/surefire-reports/,maven-surefire-plugin:3.0.0-M5:test (default-test) @ seata-common,surefire:test,surefire test reports,correct,same-module,True,surefire:test,,./mvnw -T 4C clean test \        -Ddruid.version=${{ matrix.druid }} \        -e -B -Dorg.slf4j.simpleLogger.log.org.apache.maven.cli.transfer.Slf4jMavenTransferListener=warn; 
paper,apache_incubator-seata_test-druid_test-druid (1.2.20)_all.json,namingserver/target/surefire-reports/,maven-resources-plugin:3.2.0:resources (default-resources) @ seata-discovery-zk,surefire:test,surefire test reports,wrong-plugin,different-module,True,resources:resources,H1-parallel-cross-module,./mvnw -T 4C clean test \        -Ddruid.version=${{ matrix.druid }} \        -e -B -Dorg.slf4j.simpleLogger.log.org.apache.maven.cli.transfer.Slf4jMavenTransferListener=warn; 
paper,apache_incubator-seata_test-druid_test-druid (1.2.20)_all.json,core/target/surefire-reports/,maven-remote-resources-plugin:1.5:process (process-resource-bundles) @ seata-discovery-all,surefire:test,surefire test reports,wrong-plugin,different-module,True,remote-resources:process,H1-parallel-cross-module,./mvnw -T 4C clean test \        -Ddruid.version=${{ matrix.druid }} \        -e -B -Dorg.slf4j.simpleLogger.log.org.apache.maven.cli.transfer.Slf4jMavenTransferListener=warn; 
paper,apache_incubator-seata_test-druid_test-druid (1.2.20)_all.json,sqlparser/seata-sqlparser-antlr/target/surefire-reports/,maven-remote-resources-plugin:1.5:process (process-resource-bundles) @ seata-config-consul,surefire:test,surefire test reports,wrong-plugin,different-module,True,remote-resources:process,H1-parallel-cross-module,./mvnw -T 4C clean test \        -Ddruid.version=${{ matrix.druid }} \        -e -B -Dorg.slf4j.simpleLogger.log.org.apache.maven.cli.transfer.Slf4jMavenTransferListener=warn; 
paper,apache_incubator-seata_test-druid_test-druid (1.2.20)_all.json,config/seata-config-nacos/target/surefire-reports/,maven-enforcer-plugin:3.0.0-M3:enforce (enforce-maven-version) @ seata-discovery-sofa,surefire:test,surefire test reports,wrong-plugin,different-module,True,enforcer:enforce,H1-parallel-cross-module,./mvnw -T 4C clean test \        -Ddruid.version=${{ matrix.druid }} \        -e -B -Dorg.slf4j.simpleLogger.log.org.apache.maven.cli.transfer.Slf4jMavenTransferListener=warn; 
paper,apache_incubator-seata_test-druid_test-druid (1.2.20)_all.json,discovery/seata-discovery-zk/target/surefire-reports/,maven-compiler-plugin:3.8.1:testCompile (default-testCompile) @ seata-core,surefire:test,surefire test reports,wrong-plugin,different-module,True,compiler:testCompile,H1-parallel-cross-module,./mvnw -T 4C clean test \        -Ddruid.version=${{ matrix.druid }} \        -e -B -Dorg.slf4j.simpleLogger.log.org.apache.maven.cli.transfer.Slf4jMavenTransferListener=warn; 
paper,apache_incubator-seata_test-druid_test-druid (1.2.20)_all.json,metrics/seata-metrics-api/target/surefire-reports/,maven-compiler-plugin:3.8.1:testCompile (default-testCompile) @ seata-common,surefire:test,surefire test reports,wrong-plugin,different-module,True,compiler:testCompile,H1-parallel-cross-module,./mvnw -T 4C clean test \        -Ddruid.version=${{ matrix.druid }} \        -e -B -Dorg.slf4j.simpleLogger.log.org.apache.maven.cli.transfer.Slf4jMavenTransferListener=warn; 
paper,apache_incubator-seata_test-druid_test-druid (1.2.20)_all.json,common/target/maven-status/,maven-compiler-plugin:3.8.1:compile (default-compile) @ seata-common,compiler,compiler state (parent dir),correct,same-module,True,compiler:compile,,./mvnw -T 4C clean test \        -Ddruid.version=${{ matrix.druid }} \        -e -B -Dorg.slf4j.simpleLogger.log.org.apache.maven.cli.transfer.Slf4jMavenTransferListener=warn; 
paper,apache_incubator-seata_test-druid_test-druid (1.2.20)_all.json,saga/seata-saga-processctrl/target/surefire-reports/,jacoco-maven-plugin:0.8.7:report (report) @ seata-sqlparser-core,surefire:test,surefire test reports,wrong-plugin,different-module,True,jacoco:report,H1-parallel-cross-module,./mvnw -T 4C clean test \        -Ddruid.version=${{ matrix.druid }} \        -e -B -Dorg.slf4j.simpleLogger.log.org.apache.maven.cli.transfer.Slf4jMavenTransferListener=warn; 
paper,apache_incubator-seata_test-druid_test-druid (1.2.20)_all.json,discovery/seata-discovery-nacos/target/surefire-reports/,jacoco-maven-plugin:0.8.7:report (report) @ seata-namingserver,surefire:test,surefire test reports,wrong-plugin,different-module,True,jacoco:report,H1-parallel-cross-module,./mvnw -T 4C clean test \        -Ddruid.version=${{ matrix.druid }} \        -e -B -Dorg.slf4j.simpleLogger.log.org.apache.maven.cli.transfer.Slf4jMavenTransferListener=warn; 
paper,apache_incubator-seata_test-druid_test-druid (1.2.20)_all.json,config/seata-config-zk/target/surefire-reports/,jacoco-maven-plugin:0.8.7:report (report) @ seata-discovery-core,surefire:test,surefire test reports,wrong-plugin,different-module,True,jacoco:report,H1-parallel-cross-module,./mvnw -T 4C clean test \        -Ddruid.version=${{ matrix.druid }} \        -e -B -Dorg.slf4j.simpleLogger.log.org.apache.maven.cli.transfer.Slf4jMavenTransferListener=warn; 
paper,apache_incubator-seata_test-druid_test-druid (1.2.20)_all.json,discovery/seata-discovery-raft/target/surefire-reports/,jacoco-maven-plugin:0.8.7:report (report) @ seata-discovery-all,surefire:test,surefire test reports,wrong-plugin,different-module,True,jacoco:report,H1-parallel-cross-module,./mvnw -T 4C clean test \        -Ddruid.version=${{ matrix.druid }} \        -e -B -Dorg.slf4j.simpleLogger.log.org.apache.maven.cli.transfer.Slf4jMavenTransferListener=warn; 
paper,apache_incubator-seata_test-druid_test-druid (1.2.20)_all.json,config/seata-config-apollo/target/surefire-reports/,jacoco-maven-plugin:0.8.7:prepare-agent (default) @ seata-core,surefire:test,surefire test reports,wrong-plugin,different-module,True,jacoco:prepare-agent,H1-parallel-cross-module,./mvnw -T 4C clean test \        -Ddruid.version=${{ matrix.druid }} \        -e -B -Dorg.slf4j.simpleLogger.log.org.apache.maven.cli.transfer.Slf4jMavenTransferListener=warn; 
paper,apache_incubator-seata_test-druid_test-druid (1.2.3)_all.json,seata-spring-autoconfigure/seata-spring-autoconfigure-core/target/surefire-reports/,maven-surefire-plugin:3.0.0-M5:test (default-test) @ seata-spring-autoconfigure-core,surefire:test,surefire test reports,correct,same-module,True,surefire:test,,./mvnw -T 4C clean test \        -Ddruid.version=${{ matrix.druid }} \        -e -B -Dorg.slf4j.simpleLogger.log.org.apache.maven.cli.transfer.Slf4jMavenTransferListener=warn; 
paper,apache_incubator-seata_test-druid_test-druid (1.2.5)_all.json,config/seata-config-core/target/surefire-reports/,maven-surefire-plugin:3.0.0-M5:test (default-test) @ seata-saga-statelang,surefire:test,surefire test reports,correct,different-module,True,surefire:test,,./mvnw -T 4C clean test \        -Ddruid.version=${{ matrix.druid }} \        -e -B -Dorg.slf4j.simpleLogger.log.org.apache.maven.cli.transfer.Slf4jMavenTransferListener=warn; 
paper,apache_incubator-seata_test-druid_test-druid (1.2.5)_all.json,saga/seata-saga-statelang/target/surefire-reports/,maven-surefire-plugin:3.0.0-M5:test (default-test) @ seata-namingserver,surefire:test,surefire test reports,correct,different-module,True,surefire:test,,./mvnw -T 4C clean test \        -Ddruid.version=${{ matrix.druid }} \        -e -B -Dorg.slf4j.simpleLogger.log.org.apache.maven.cli.transfer.Slf4jMavenTransferListener=warn; 
paper,apache_incubator-seata_test-druid_test-druid (1.2.5)_all.json,discovery/seata-discovery-etcd3/target/surefire-reports/,maven-surefire-plugin:3.0.0-M5:test (default-test) @ seata-core,surefire:test,surefire test reports,correct,different-module,True,surefire:test,,./mvnw -T 4C clean test \        -Ddruid.version=${{ matrix.druid }} \        -e -B -Dorg.slf4j.simpleLogger.log.org.apache.maven.cli.transfer.Slf4jMavenTransferListener=warn; 
paper,apache_incubator-seata_test-druid_test-druid (1.2.5)_all.json,metrics/seata-metrics-api/target/surefire-reports/,maven-surefire-plugin:3.0.0-M5:test (default-test) @ seata-common,surefire:test,surefire test reports,correct,different-module,True,surefire:test,,./mvnw -T 4C clean test \        -Ddruid.version=${{ matrix.druid }} \        -e -B -Dorg.slf4j.simpleLogger.log.org.apache.maven.cli.transfer.Slf4jMavenTransferListener=warn; 
paper,apache_incubator-seata_test-druid_test-druid (1.2.5)_all.json,config/seata-config-nacos/target/surefire-reports/,maven-enforcer-plugin:3.0.0-M3:enforce (enforce-maven-version) @ seata-discovery-namingserver,surefire:test,surefire test reports,wrong-plugin,different-module,True,enforcer:enforce,H1-parallel-cross-module,./mvnw -T 4C clean test \        -Ddruid.version=${{ matrix.druid }} \        -e -B -Dorg.slf4j.simpleLogger.log.org.apache.maven.cli.transfer.Slf4jMavenTransferListener=warn; 
paper,apache_incubator-seata_test-druid_test-druid (1.2.5)_all.json,metrics/seata-metrics-registry-compact/target/surefire-reports/,maven-compiler-plugin:3.8.1:testCompile (default-testCompile) @ seata-saga-processctrl,surefire:test,surefire test reports,wrong-plugin,different-module,True,compiler:testCompile,H1-parallel-cross-module,./mvnw -T 4C clean test \        -Ddruid.version=${{ matrix.druid }} \        -e -B -Dorg.slf4j.simpleLogger.log.org.apache.maven.cli.transfer.Slf4jMavenTransferListener=warn; 
paper,apache_incubator-seata_test-druid_test-druid (1.2.5)_all.json,namingserver/target/surefire-reports/,maven-compiler-plugin:3.8.1:testCompile (default-testCompile) @ seata-discovery-zk,surefire:test,surefire test reports,wrong-plugin,different-module,True,compiler:testCompile,H1-parallel-cross-module,./mvnw -T 4C clean test \        -Ddruid.version=${{ matrix.druid }} \        -e -B -Dorg.slf4j.simpleLogger.log.org.apache.maven.cli.transfer.Slf4jMavenTransferListener=warn; 
paper,apache_incubator-seata_test-druid_test-druid (1.2.5)_all.json,sqlparser/seata-sqlparser-core/target/surefire-reports/,maven-compiler-plugin:3.8.1:compile (default-compile) @ seata-saga-processctrl,surefire:test,surefire test reports,wrong-plugin,different-module,True,compiler:compile,H1-parallel-cross-module,./mvnw -T 4C clean test \        -Ddruid.version=${{ matrix.druid }} \        -e -B -Dorg.slf4j.simpleLogger.log.org.apache.maven.cli.transfer.Slf4jMavenTransferListener=warn; 
paper,apache_incubator-seata_test-druid_test-druid (1.2.5)_all.json,saga/seata-saga-processctrl/target/surefire-reports/,maven-compiler-plugin:3.8.1:compile (default-compile) @ seata-namingserver,surefire:test,surefire test reports,wrong-plugin,different-module,True,compiler:compile,H1-parallel-cross-module,./mvnw -T 4C clean test \        -Ddruid.version=${{ matrix.druid }} \        -e -B -Dorg.slf4j.simpleLogger.log.org.apache.maven.cli.transfer.Slf4jMavenTransferListener=warn; 
paper,apache_incubator-seata_test-druid_test-druid (1.2.5)_all.json,discovery/seata-discovery-zk/target/maven-status/,maven-compiler-plugin:3.8.1:compile (default-compile) @ seata-discovery-zk,compiler,compiler state (parent dir),correct,same-module,True,compiler:compile,,./mvnw -T 4C clean test \        -Ddruid.version=${{ matrix.druid }} \        -e -B -Dorg.slf4j.simpleLogger.log.org.apache.maven.cli.transfer.Slf4jMavenTransferListener=warn; 
paper,apache_incubator-seata_test-druid_test-druid (1.2.5)_all.json,discovery/seata-discovery-zk/target/surefire-reports/,jacoco-maven-plugin:0.8.7:report (report) @ seata-namingserver,surefire:test,surefire test reports,wrong-plugin,different-module,True,jacoco:report,H1-parallel-cross-module,./mvnw -T 4C clean test \        -Ddruid.version=${{ matrix.druid }} \        -e -B -Dorg.slf4j.simpleLogger.log.org.apache.maven.cli.transfer.Slf4jMavenTransferListener=warn; 
paper,apache_incubator-seata_test-druid_test-druid (1.2.5)_all.json,common/target/surefire-reports/,jacoco-maven-plugin:0.8.7:report (report) @ seata-metrics-api,surefire:test,surefire test reports,wrong-plugin,different-module,True,jacoco:report,H1-parallel-cross-module,./mvnw -T 4C clean test \        -Ddruid.version=${{ matrix.druid }} \        -e -B -Dorg.slf4j.simpleLogger.log.org.apache.maven.cli.transfer.Slf4jMavenTransferListener=warn; 
paper,apache_incubator-seata_test-druid_test-druid (1.2.5)_all.json,config/seata-config-all/target/classes/,jacoco-maven-plugin:0.8.7:report (report) @ seata-discovery-etcd3,compiler/resources:compile|resources,main classes,wrong-plugin,different-module,True,jacoco:report,H1-parallel-cross-module,./mvnw -T 4C clean test \        -Ddruid.version=${{ matrix.druid }} \        -e -B -Dorg.slf4j.simpleLogger.log.org.apache.maven.cli.transfer.Slf4jMavenTransferListener=warn; 
paper,apache_incubator-seata_test-druid_test-druid (1.2.5)_all.json,core/target/surefire-reports/,jacoco-maven-plugin:0.8.7:report (report) @ seata-discovery-consul,surefire:test,surefire test reports,wrong-plugin,different-module,True,jacoco:report,H1-parallel-cross-module,./mvnw -T 4C clean test \        -Ddruid.version=${{ matrix.druid }} \        -e -B -Dorg.slf4j.simpleLogger.log.org.apache.maven.cli.transfer.Slf4jMavenTransferListener=warn; 
paper,apache_incubator-seata_test-druid_test-druid (1.2.5)_all.json,discovery/seata-discovery-raft/target/surefire-reports/,jacoco-maven-plugin:0.8.7:report (report) @ seata-discovery-all,surefire:test,surefire test reports,wrong-plugin,different-module,True,jacoco:report,H1-parallel-cross-module,./mvnw -T 4C clean test \        -Ddruid.version=${{ matrix.druid }} \        -e -B -Dorg.slf4j.simpleLogger.log.org.apache.maven.cli.transfer.Slf4jMavenTransferListener=warn; 
paper,apache_incubator-seata_test-druid_test-druid (1.2.5)_all.json,config/seata-config-custom/target/surefire-reports/,jacoco-maven-plugin:0.8.7:report (report) @ seata-config-consul,surefire:test,surefire test reports,wrong-plugin,different-module,True,jacoco:report,H1-parallel-cross-module,./mvnw -T 4C clean test \        -Ddruid.version=${{ matrix.druid }} \        -e -B -Dorg.slf4j.simpleLogger.log.org.apache.maven.cli.transfer.Slf4jMavenTransferListener=warn; 
paper,apache_incubator-seata_test-druid_test-druid (1.2.5)_all.json,discovery/seata-discovery-core/target/surefire-reports/,jacoco-maven-plugin:0.8.7:report (report) @ seata-config-consul,surefire:test,surefire test reports,wrong-plugin,different-module,True,jacoco:report,H1-parallel-cross-module,./mvnw -T 4C clean test \        -Ddruid.version=${{ matrix.druid }} \        -e -B -Dorg.slf4j.simpleLogger.log.org.apache.maven.cli.transfer.Slf4jMavenTransferListener=warn; 
paper,apache_incubator-seata_test-druid_test-druid (1.2.5)_all.json,config/seata-config-zk/target/surefire-reports/,jacoco-maven-plugin:0.8.7:prepare-agent (default) @ seata-discovery-etcd3,surefire:test,surefire test reports,wrong-plugin,different-module,True,jacoco:prepare-agent,H1-parallel-cross-module,./mvnw -T 4C clean test \        -Ddruid.version=${{ matrix.druid }} \        -e -B -Dorg.slf4j.simpleLogger.log.org.apache.maven.cli.transfer.Slf4jMavenTransferListener=warn; 
paper,apache_incubator-seata_test-druid_test-druid (1.2.6)_all.json,seata-spring-autoconfigure/seata-spring-autoconfigure-core/target/surefire-reports/,maven-surefire-plugin:3.0.0-M5:test (default-test) @ seata-spring-autoconfigure-core,surefire:test,surefire test reports,correct,same-module,True,surefire:test,,./mvnw -T 4C clean test \        -Ddruid.version=${{ matrix.druid }} \        -e -B -Dorg.slf4j.simpleLogger.log.org.apache.maven.cli.transfer.Slf4jMavenTransferListener=warn; 
paper,apache_incubator-seata_test-druid_test-druid (1.2.7)_all.json,seata-spring-autoconfigure/seata-spring-autoconfigure-core/target/surefire-reports/,maven-surefire-plugin:3.0.0-M5:test (default-test) @ seata-spring-autoconfigure-core,surefire:test,surefire test reports,correct,same-module,True,surefire:test,,./mvnw -T 4C clean test \        -Ddruid.version=${{ matrix.druid }} \        -e -B -Dorg.slf4j.simpleLogger.log.org.apache.maven.cli.transfer.Slf4jMavenTransferListener=warn; 
paper,apache_incubator-seata_test-druid_test-druid (1.2.8)_all.json,seata-spring-autoconfigure/seata-spring-autoconfigure-core/target/surefire-reports/,maven-surefire-plugin:3.0.0-M5:test (default-test) @ seata-spring-autoconfigure-core,surefire:test,surefire test reports,correct,same-module,True,surefire:test,,./mvnw -T 4C clean test \        -Ddruid.version=${{ matrix.druid }} \        -e -B -Dorg.slf4j.simpleLogger.log.org.apache.maven.cli.transfer.Slf4jMavenTransferListener=warn; 
paper,apache_incubator-seata_test-druid_test-druid (1.2.9)_all.json,seata-spring-autoconfigure/seata-spring-autoconfigure-core/target/surefire-reports/,maven-surefire-plugin:3.0.0-M5:test (default-test) @ seata-spring-autoconfigure-core,surefire:test,surefire test reports,correct,same-module,True,surefire:test,,./mvnw -T 4C clean test \        -Ddruid.version=${{ matrix.druid }} \        -e -B -Dorg.slf4j.simpleLogger.log.org.apache.maven.cli.transfer.Slf4jMavenTransferListener=warn; 
paper,"apache_incubator-seata_test-ubuntu_test (11, ubuntu, 2.2.13.RELEASE -D spring-framework.version=5.2.12.RELEASE)_all.json",test/target/surefire-reports/,maven-surefire-plugin:3.0.0-M5:test (default-test) @ seata-test,surefire:test,surefire test reports,correct,same-module,True,surefire:test,,./mvnw -T 4C clean test -P args-for-client-test -Dspring-boot.version=${{ matrix.springboot }} -e -B -Dorg.slf4j.simpleLogger.log.org.apache.maven.cli.transfer.Slf4jMavenTransferListener=warn; 
paper,"apache_incubator-seata_test-ubuntu_test (11, ubuntu, 2.2.13.RELEASE -D spring-framework.version=5.2.12.RELEASE)_all.json",seata-spring-autoconfigure/seata-spring-autoconfigure-server/target/surefire-reports/,maven-surefire-plugin:3.0.0-M5:test (default-test) @ seata-spring-autoconfigure-client,surefire:test,surefire test reports,correct,different-module,True,surefire:test,,./mvnw -T 4C clean test -P args-for-client-test -Dspring-boot.version=${{ matrix.springboot }} -e -B -Dorg.slf4j.simpleLogger.log.org.apache.maven.cli.transfer.Slf4jMavenTransferListener=warn; 
paper,"apache_incubator-seata_test-ubuntu_test (11, ubuntu, 2.3.12.RELEASE -D spring-framework.version=5.2.15.RELEASE)_all.json",test/target/surefire-reports/,maven-surefire-plugin:3.0.0-M5:test (default-test) @ seata-test,surefire:test,surefire test reports,correct,same-module,True,surefire:test,,./mvnw -T 4C clean test -P args-for-client-test -Dspring-boot.version=${{ matrix.springboot }} -e -B -Dorg.slf4j.simpleLogger.log.org.apache.maven.cli.transfer.Slf4jMavenTransferListener=warn; 
paper,"apache_incubator-seata_test-ubuntu_test (11, ubuntu, 2.4.13         -D spring-framework.version=5.3.13)_all.json",test/target/surefire-reports/,maven-surefire-plugin:3.0.0-M5:test (default-test) @ seata-test,surefire:test,surefire test reports,correct,same-module,True,surefire:test,,./mvnw -T 4C clean test -P args-for-client-test -Dspring-boot.version=${{ matrix.springboot }} -e -B -Dorg.slf4j.simpleLogger.log.org.apache.maven.cli.transfer.Slf4jMavenTransferListener=warn; 
paper,"apache_incubator-seata_test-ubuntu_test (11, ubuntu, 2.4.13         -D spring-framework.version=5.3.13)_all.json",seata-spring-autoconfigure/seata-spring-autoconfigure-core/target/surefire-reports/,maven-surefire-plugin:3.0.0-M5:test (default-test) @ seata-spring-autoconfigure-core,surefire:test,surefire test reports,correct,same-module,True,surefire:test,,./mvnw -T 4C clean test -P args-for-client-test -Dspring-boot.version=${{ matrix.springboot }} -e -B -Dorg.slf4j.simpleLogger.log.org.apache.maven.cli.transfer.Slf4jMavenTransferListener=warn; 
paper,"apache_incubator-seata_test-ubuntu_test (11, ubuntu, 2.4.13         -D spring-framework.version=5.3.13)_all.json",seata-spring-autoconfigure/seata-spring-autoconfigure-server/target/surefire-reports/,maven-surefire-plugin:3.0.0-M5:test (default-test) @ seata-spring-autoconfigure-client,surefire:test,surefire test reports,correct,different-module,True,surefire:test,,./mvnw -T 4C clean test -P args-for-client-test -Dspring-boot.version=${{ matrix.springboot }} -e -B -Dorg.slf4j.simpleLogger.log.org.apache.maven.cli.transfer.Slf4jMavenTransferListener=warn; 
paper,"apache_incubator-seata_test-ubuntu_test (11, ubuntu, 2.4.13         -D spring-framework.version=5.3.13)_all.json",seata-spring-boot-starter/target/surefire-reports/,maven-remote-resources-plugin:1.5:process (process-resource-bundles) @ apm-seata-skywalking-plugin,surefire:test,surefire test reports,wrong-plugin,different-module,True,remote-resources:process,H1-parallel-cross-module,./mvnw -T 4C clean test -P args-for-client-test -Dspring-boot.version=${{ matrix.springboot }} -e -B -Dorg.slf4j.simpleLogger.log.org.apache.maven.cli.transfer.Slf4jMavenTransferListener=warn; 
paper,"apache_incubator-seata_test-ubuntu_test (11, ubuntu, 2.4.13         -D spring-framework.version=5.3.13)_all.json",seata-spring-autoconfigure/seata-spring-autoconfigure-client/target/surefire-reports/,jacoco-maven-plugin:0.8.7:report (report) @ seata-spring-autoconfigure-server,surefire:test,surefire test reports,wrong-plugin,different-module,True,jacoco:report,H1-parallel-cross-module,./mvnw -T 4C clean test -P args-for-client-test -Dspring-boot.version=${{ matrix.springboot }} -e -B -Dorg.slf4j.simpleLogger.log.org.apache.maven.cli.transfer.Slf4jMavenTransferListener=warn; 
paper,"apache_incubator-seata_test-ubuntu_test (11, ubuntu, 2.5.15         -D spring-framework.version=5.3.27)_all.json",test/target/surefire-reports/,maven-surefire-plugin:3.0.0-M5:test (default-test) @ seata-test,surefire:test,surefire test reports,correct,same-module,True,surefire:test,,./mvnw -T 4C clean test -P args-for-client-test -Dspring-boot.version=${{ matrix.springboot }} -e -B -Dorg.slf4j.simpleLogger.log.org.apache.maven.cli.transfer.Slf4jMavenTransferListener=warn; 
paper,"apache_incubator-seata_test-ubuntu_test (11, ubuntu, 2.5.15         -D spring-framework.version=5.3.27)_all.json",seata-spring-autoconfigure/seata-spring-autoconfigure-server/target/surefire-reports/,maven-surefire-plugin:3.0.0-M5:test (default-test) @ seata-spring-autoconfigure-client,surefire:test,surefire test reports,correct,different-module,True,surefire:test,,./mvnw -T 4C clean test -P args-for-client-test -Dspring-boot.version=${{ matrix.springboot }} -e -B -Dorg.slf4j.simpleLogger.log.org.apache.maven.cli.transfer.Slf4jMavenTransferListener=warn; 
paper,"apache_incubator-seata_test-ubuntu_test (11, ubuntu, 2.6.15         -D spring-framework.version=5.3.27)_all.json",test-old-version/target/surefire-reports/,maven-surefire-plugin:3.0.0-M5:test (default-test) @ seata-test,surefire:test,surefire test reports,correct,different-module,True,surefire:test,,./mvnw -T 4C clean test -P args-for-client-test -Dspring-boot.version=${{ matrix.springboot }} -e -B -Dorg.slf4j.simpleLogger.log.org.apache.maven.cli.transfer.Slf4jMavenTransferListener=warn; 
paper,"apache_incubator-seata_test-ubuntu_test (11, ubuntu, 2.6.15         -D spring-framework.version=5.3.27)_all.json",test/target/surefire-reports/,maven-surefire-plugin:3.0.0-M5:test (default-test) @ seata-test,surefire:test,surefire test reports,correct,same-module,True,surefire:test,,./mvnw -T 4C clean test -P args-for-client-test -Dspring-boot.version=${{ matrix.springboot }} -e -B -Dorg.slf4j.simpleLogger.log.org.apache.maven.cli.transfer.Slf4jMavenTransferListener=warn; 
paper,"apache_incubator-seata_test-ubuntu_test (11, ubuntu, 2.6.15         -D spring-framework.version=5.3.27)_all.json",seata-spring-autoconfigure/seata-spring-autoconfigure-core/target/surefire-reports/,maven-surefire-plugin:3.0.0-M5:test (default-test) @ seata-spring-autoconfigure-core,surefire:test,surefire test reports,correct,same-module,True,surefire:test,,./mvnw -T 4C clean test -P args-for-client-test -Dspring-boot.version=${{ matrix.springboot }} -e -B -Dorg.slf4j.simpleLogger.log.org.apache.maven.cli.transfer.Slf4jMavenTransferListener=warn; 
paper,"apache_incubator-seata_test-ubuntu_test (11, ubuntu, 2.6.15         -D spring-framework.version=5.3.27)_all.json",seata-spring-autoconfigure/seata-spring-autoconfigure-server/target/surefire-reports/,maven-surefire-plugin:3.0.0-M5:test (default-test) @ seata-spring-autoconfigure-client,surefire:test,surefire test reports,correct,different-module,True,surefire:test,,./mvnw -T 4C clean test -P args-for-client-test -Dspring-boot.version=${{ matrix.springboot }} -e -B -Dorg.slf4j.simpleLogger.log.org.apache.maven.cli.transfer.Slf4jMavenTransferListener=warn; 
paper,"apache_incubator-seata_test-ubuntu_test (11, ubuntu, 2.6.15         -D spring-framework.version=5.3.27)_all.json",seata-spring-boot-starter/target/surefire-reports/,maven-remote-resources-plugin:1.5:process (process-resource-bundles) @ apm-seata-skywalking-plugin,surefire:test,surefire test reports,wrong-plugin,different-module,True,remote-resources:process,H1-parallel-cross-module,./mvnw -T 4C clean test -P args-for-client-test -Dspring-boot.version=${{ matrix.springboot }} -e -B -Dorg.slf4j.simpleLogger.log.org.apache.maven.cli.transfer.Slf4jMavenTransferListener=warn; 
paper,"apache_incubator-seata_test-ubuntu_test (11, ubuntu, 2.7.18         -D spring-framework.version=5.3.31)_all.json",test/target/surefire-reports/,maven-surefire-plugin:3.0.0-M5:test (default-test) @ seata-test,surefire:test,surefire test reports,correct,same-module,True,surefire:test,,./mvnw -T 4C clean test -P args-for-client-test -Dspring-boot.version=${{ matrix.springboot }} -e -B -Dorg.slf4j.simpleLogger.log.org.apache.maven.cli.transfer.Slf4jMavenTransferListener=warn; 
paper,"apache_incubator-seata_test-ubuntu_test (11, ubuntu, 2.7.18         -D spring-framework.version=5.3.31)_all.json",seata-spring-autoconfigure/seata-spring-autoconfigure-core/target/surefire-reports/,maven-surefire-plugin:3.0.0-M5:test (default-test) @ seata-spring-autoconfigure-core,surefire:test,surefire test reports,correct,same-module,True,surefire:test,,./mvnw -T 4C clean test -P args-for-client-test -Dspring-boot.version=${{ matrix.springboot }} -e -B -Dorg.slf4j.simpleLogger.log.org.apache.maven.cli.transfer.Slf4jMavenTransferListener=warn; 
paper,"apache_incubator-seata_test-ubuntu_test (11, ubuntu, 2.7.18         -D spring-framework.version=5.3.31)_all.json",seata-spring-autoconfigure/seata-spring-autoconfigure-server/target/surefire-reports/,maven-surefire-plugin:3.0.0-M5:test (default-test) @ seata-spring-autoconfigure-client,surefire:test,surefire test reports,correct,different-module,True,surefire:test,,./mvnw -T 4C clean test -P args-for-client-test -Dspring-boot.version=${{ matrix.springboot }} -e -B -Dorg.slf4j.simpleLogger.log.org.apache.maven.cli.transfer.Slf4jMavenTransferListener=warn; 
paper,"apache_incubator-seata_test-ubuntu_test (17, ubuntu, 2.2.13.RELEASE -D spring-framework.version=5.2.12.RELEASE)_all.json",saga/seata-saga-processctrl/target/surefire-reports/,maven-surefire-plugin:3.0.0-M5:test (default-test) @ seata-saga-statelang,surefire:test,surefire test reports,correct,different-module,True,surefire:test,,./mvnw -T 4C clean test -P args-for-client-test -Dspring-boot.version=${{ matrix.springboot }} -e -B -Dorg.slf4j.simpleLogger.log.org.apache.maven.cli.transfer.Slf4jMavenTransferListener=warn; 
paper,"apache_incubator-seata_test-ubuntu_test (17, ubuntu, 2.2.13.RELEASE -D spring-framework.version=5.2.12.RELEASE)_all.json",metrics/seata-metrics-registry-compact/target/surefire-reports/,maven-surefire-plugin:3.0.0-M5:test (default-test) @ seata-saga-statelang,surefire:test,surefire test reports,correct,different-module,True,surefire:test,,./mvnw -T 4C clean test -P args-for-client-test -Dspring-boot.version=${{ matrix.springboot }} -e -B -Dorg.slf4j.simpleLogger.log.org.apache.maven.cli.transfer.Slf4jMavenTransferListener=warn; 
paper,"apache_incubator-seata_test-ubuntu_test (17, ubuntu, 2.2.13.RELEASE -D spring-framework.version=5.2.12.RELEASE)_all.json",sqlparser/seata-sqlparser-core/target/surefire-reports/,maven-surefire-plugin:3.0.0-M5:test (default-test) @ seata-saga-statelang,surefire:test,surefire test reports,correct,different-module,True,surefire:test,,./mvnw -T 4C clean test -P args-for-client-test -Dspring-boot.version=${{ matrix.springboot }} -e -B -Dorg.slf4j.simpleLogger.log.org.apache.maven.cli.transfer.Slf4jMavenTransferListener=warn; 
paper,"apache_incubator-seata_test-ubuntu_test (17, ubuntu, 2.2.13.RELEASE -D spring-framework.version=5.2.12.RELEASE)_all.json",config/seata-config-custom/target/surefire-reports/,maven-surefire-plugin:3.0.0-M5:test (default-test) @ seata-config-nacos,surefire:test,surefire test reports,correct,different-module,True,surefire:test,,./mvnw -T 4C clean test -P args-for-client-test -Dspring-boot.version=${{ matrix.springboot }} -e -B -Dorg.slf4j.simpleLogger.log.org.apache.maven.cli.transfer.Slf4jMavenTransferListener=warn; 
paper,"apache_incubator-seata_test-ubuntu_test (17, ubuntu, 2.2.13.RELEASE -D spring-framework.version=5.2.12.RELEASE)_all.json",common/target/surefire-reports/,maven-surefire-plugin:3.0.0-M5:test (default-test) @ seata-common,surefire:test,surefire test reports,correct,same-module,True,surefire:test,,./mvnw -T 4C clean test -P args-for-client-test -Dspring-boot.version=${{ matrix.springboot }} -e -B -Dorg.slf4j.simpleLogger.log.org.apache.maven.cli.transfer.Slf4jMavenTransferListener=warn; 
paper,"apache_incubator-seata_test-ubuntu_test (17, ubuntu, 2.2.13.RELEASE -D spring-framework.version=5.2.12.RELEASE)_all.json",config/seata-config-core/target/surefire-reports/,maven-resources-plugin:3.2.0:resources (default-resources) @ seata-namingserver,surefire:test,surefire test reports,wrong-plugin,different-module,True,resources:resources,H1-parallel-cross-module,./mvnw -T 4C clean test -P args-for-client-test -Dspring-boot.version=${{ matrix.springboot }} -e -B -Dorg.slf4j.simpleLogger.log.org.apache.maven.cli.transfer.Slf4jMavenTransferListener=warn; 
paper,"apache_incubator-seata_test-ubuntu_test (17, ubuntu, 2.2.13.RELEASE -D spring-framework.version=5.2.12.RELEASE)_all.json",core/target/surefire-reports/,maven-remote-resources-plugin:1.5:process (process-resource-bundles) @ seata-discovery-all,surefire:test,surefire test reports,wrong-plugin,different-module,True,remote-resources:process,H1-parallel-cross-module,./mvnw -T 4C clean test -P args-for-client-test -Dspring-boot.version=${{ matrix.springboot }} -e -B -Dorg.slf4j.simpleLogger.log.org.apache.maven.cli.transfer.Slf4jMavenTransferListener=warn; 
paper,"apache_incubator-seata_test-ubuntu_test (17, ubuntu, 2.2.13.RELEASE -D spring-framework.version=5.2.12.RELEASE)_all.json",metrics/seata-metrics-api/target/surefire-reports/,maven-remote-resources-plugin:1.5:process (process-resource-bundles) @ seata-common,surefire:test,surefire test reports,wrong-plugin,different-module,True,remote-resources:process,H1-parallel-cross-module,./mvnw -T 4C clean test -P args-for-client-test -Dspring-boot.version=${{ matrix.springboot }} -e -B -Dorg.slf4j.simpleLogger.log.org.apache.maven.cli.transfer.Slf4jMavenTransferListener=warn; 
paper,"apache_incubator-seata_test-ubuntu_test (17, ubuntu, 2.2.13.RELEASE -D spring-framework.version=5.2.12.RELEASE)_all.json",config/seata-config-nacos/target/surefire-reports/,maven-enforcer-plugin:3.0.0-M3:enforce (enforce-maven) @ seata-discovery-etcd3,surefire:test,surefire test reports,wrong-plugin,different-module,True,enforcer:enforce,H1-parallel-cross-module,./mvnw -T 4C clean test -P args-for-client-test -Dspring-boot.version=${{ matrix.springboot }} -e -B -Dorg.slf4j.simpleLogger.log.org.apache.maven.cli.transfer.Slf4jMavenTransferListener=warn; 
paper,"apache_incubator-seata_test-ubuntu_test (17, ubuntu, 2.2.13.RELEASE -D spring-framework.version=5.2.12.RELEASE)_all.json",discovery/seata-discovery-nacos/target/surefire-reports/,jacoco-maven-plugin:0.8.7:report (report) @ seata-discovery-eureka,surefire:test,surefire test reports,wrong-plugin,different-module,True,jacoco:report,H1-parallel-cross-module,./mvnw -T 4C clean test -P args-for-client-test -Dspring-boot.version=${{ matrix.springboot }} -e -B -Dorg.slf4j.simpleLogger.log.org.apache.maven.cli.transfer.Slf4jMavenTransferListener=warn; 
paper,"apache_incubator-seata_test-ubuntu_test (17, ubuntu, 2.2.13.RELEASE -D spring-framework.version=5.2.12.RELEASE)_all.json",discovery/seata-discovery-zk/target/surefire-reports/,jacoco-maven-plugin:0.8.7:report (report) @ seata-discovery-etcd3,surefire:test,surefire test reports,wrong-plugin,different-module,True,jacoco:report,H1-parallel-cross-module,./mvnw -T 4C clean test -P args-for-client-test -Dspring-boot.version=${{ matrix.springboot }} -e -B -Dorg.slf4j.simpleLogger.log.org.apache.maven.cli.transfer.Slf4jMavenTransferListener=warn; 
paper,"apache_incubator-seata_test-ubuntu_test (17, ubuntu, 2.2.13.RELEASE -D spring-framework.version=5.2.12.RELEASE)_all.json",discovery/seata-discovery-core/target/surefire-reports/,jacoco-maven-plugin:0.8.7:report (report) @ seata-config-custom,surefire:test,surefire test reports,wrong-plugin,different-module,True,jacoco:report,H1-parallel-cross-module,./mvnw -T 4C clean test -P args-for-client-test -Dspring-boot.version=${{ matrix.springboot }} -e -B -Dorg.slf4j.simpleLogger.log.org.apache.maven.cli.transfer.Slf4jMavenTransferListener=warn; 
paper,"apache_incubator-seata_test-ubuntu_test (17, ubuntu, 2.3.12.RELEASE -D spring-framework.version=5.2.15.RELEASE)_all.json",metrics/seata-metrics-registry-compact/target/surefire-reports/,maven-surefire-plugin:3.0.0-M5:test (default-test) @ seata-saga-statelang,surefire:test,surefire test reports,correct,different-module,True,surefire:test,,./mvnw -T 4C clean test -P args-for-client-test -Dspring-boot.version=${{ matrix.springboot }} -e -B -Dorg.slf4j.simpleLogger.log.org.apache.maven.cli.transfer.Slf4jMavenTransferListener=warn; 
paper,"apache_incubator-seata_test-ubuntu_test (17, ubuntu, 2.3.12.RELEASE -D spring-framework.version=5.2.15.RELEASE)_all.json",sqlparser/seata-sqlparser-core/target/surefire-reports/,maven-surefire-plugin:3.0.0-M5:test (default-test) @ seata-saga-statelang,surefire:test,surefire test reports,correct,different-module,True,surefire:test,,./mvnw -T 4C clean test -P args-for-client-test -Dspring-boot.version=${{ matrix.springboot }} -e -B -Dorg.slf4j.simpleLogger.log.org.apache.maven.cli.transfer.Slf4jMavenTransferListener=warn; 
paper,"apache_incubator-seata_test-ubuntu_test (17, ubuntu, 2.3.12.RELEASE -D spring-framework.version=5.2.15.RELEASE)_all.json",namingserver/target/surefire-reports/,maven-surefire-plugin:3.0.0-M5:test (default-test) @ seata-discovery-raft,surefire:test,surefire test reports,correct,different-module,True,surefire:test,,./mvnw -T 4C clean test -P args-for-client-test -Dspring-boot.version=${{ matrix.springboot }} -e -B -Dorg.slf4j.simpleLogger.log.org.apache.maven.cli.transfer.Slf4jMavenTransferListener=warn; 
paper,"apache_incubator-seata_test-ubuntu_test (17, ubuntu, 2.3.12.RELEASE -D spring-framework.version=5.2.15.RELEASE)_all.json",common/target/surefire-reports/,maven-surefire-plugin:3.0.0-M5:test (default-test) @ seata-common,surefire:test,surefire test reports,correct,same-module,True,surefire:test,,./mvnw -T 4C clean test -P args-for-client-test -Dspring-boot.version=${{ matrix.springboot }} -e -B -Dorg.slf4j.simpleLogger.log.org.apache.maven.cli.transfer.Slf4jMavenTransferListener=warn; 
paper,"apache_incubator-seata_test-ubuntu_test (17, ubuntu, 2.3.12.RELEASE -D spring-framework.version=5.2.15.RELEASE)_all.json",config/seata-config-core/target/surefire-reports/,maven-remote-resources-plugin:1.5:process (process-resource-bundles) @ seata-sqlparser-druid,surefire:test,surefire test reports,wrong-plugin,different-module,True,remote-resources:process,H1-parallel-cross-module,./mvnw -T 4C clean test -P args-for-client-test -Dspring-boot.version=${{ matrix.springboot }} -e -B -Dorg.slf4j.simpleLogger.log.org.apache.maven.cli.transfer.Slf4jMavenTransferListener=warn; 
paper,"apache_incubator-seata_test-ubuntu_test (17, ubuntu, 2.3.12.RELEASE -D spring-framework.version=5.2.15.RELEASE)_all.json",saga/seata-saga-processctrl/target/surefire-reports/,maven-remote-resources-plugin:1.5:process (process-resource-bundles) @ seata-sqlparser-druid,surefire:test,surefire test reports,wrong-plugin,different-module,True,remote-resources:process,H1-parallel-cross-module,./mvnw -T 4C clean test -P args-for-client-test -Dspring-boot.version=${{ matrix.springboot }} -e -B -Dorg.slf4j.simpleLogger.log.org.apache.maven.cli.transfer.Slf4jMavenTransferListener=warn; 
paper,"apache_incubator-seata_test-ubuntu_test (17, ubuntu, 2.3.12.RELEASE -D spring-framework.version=5.2.15.RELEASE)_all.json",saga/seata-saga-statelang/target/surefire-reports/,maven-remote-resources-plugin:1.5:process (process-resource-bundles) @ seata-sqlparser-antlr,surefire:test,surefire test reports,wrong-plugin,different-module,True,remote-resources:process,H1-parallel-cross-module,./mvnw -T 4C clean test -P args-for-client-test -Dspring-boot.version=${{ matrix.springboot }} -e -B -Dorg.slf4j.simpleLogger.log.org.apache.maven.cli.transfer.Slf4jMavenTransferListener=warn; 
paper,"apache_incubator-seata_test-ubuntu_test (17, ubuntu, 2.3.12.RELEASE -D spring-framework.version=5.2.15.RELEASE)_all.json",core/target/surefire-reports/,maven-remote-resources-plugin:1.5:process (process-resource-bundles) @ seata-discovery-all,surefire:test,surefire test reports,wrong-plugin,different-module,True,remote-resources:process,H1-parallel-cross-module,./mvnw -T 4C clean test -P args-for-client-test -Dspring-boot.version=${{ matrix.springboot }} -e -B -Dorg.slf4j.simpleLogger.log.org.apache.maven.cli.transfer.Slf4jMavenTransferListener=warn; 
paper,"apache_incubator-seata_test-ubuntu_test (17, ubuntu, 2.3.12.RELEASE -D spring-framework.version=5.2.15.RELEASE)_all.json",config/seata-config-nacos/target/surefire-reports/,maven-pmd-plugin:3.8:pmd (pmd) @ seata-discovery-namingserver,surefire:test,surefire test reports,wrong-plugin,different-module,True,pmd:pmd,H1-parallel-cross-module,./mvnw -T 4C clean test -P args-for-client-test -Dspring-boot.version=${{ matrix.springboot }} -e -B -Dorg.slf4j.simpleLogger.log.org.apache.maven.cli.transfer.Slf4jMavenTransferListener=warn; 
paper,"apache_incubator-seata_test-ubuntu_test (17, ubuntu, 2.3.12.RELEASE -D spring-framework.version=5.2.15.RELEASE)_all.json",metrics/seata-metrics-api/target/surefire-reports/,maven-compiler-plugin:3.8.1:testCompile (default-testCompile) @ seata-common,surefire:test,surefire test reports,wrong-plugin,different-module,True,compiler:testCompile,H1-parallel-cross-module,./mvnw -T 4C clean test -P args-for-client-test -Dspring-boot.version=${{ matrix.springboot }} -e -B -Dorg.slf4j.simpleLogger.log.org.apache.maven.cli.transfer.Slf4jMavenTransferListener=warn; 
paper,"apache_incubator-seata_test-ubuntu_test (17, ubuntu, 2.3.12.RELEASE -D spring-framework.version=5.2.15.RELEASE)_all.json",discovery/seata-discovery-zk/target/surefire-reports/,jacoco-maven-plugin:0.8.7:report (report) @ seata-discovery-nacos,surefire:test,surefire test reports,wrong-plugin,different-module,True,jacoco:report,H1-parallel-cross-module,./mvnw -T 4C clean test -P args-for-client-test -Dspring-boot.version=${{ matrix.springboot }} -e -B -Dorg.slf4j.simpleLogger.log.org.apache.maven.cli.transfer.Slf4jMavenTransferListener=warn; 
paper,"apache_incubator-seata_test-ubuntu_test (17, ubuntu, 2.3.12.RELEASE -D spring-framework.version=5.2.15.RELEASE)_all.json",discovery/seata-discovery-core/target/surefire-reports/,jacoco-maven-plugin:0.8.7:report (report) @ seata-config-custom,surefire:test,surefire test reports,wrong-plugin,different-module,True,jacoco:report,H1-parallel-cross-module,./mvnw -T 4C clean test -P args-for-client-test -Dspring-boot.version=${{ matrix.springboot }} -e -B -Dorg.slf4j.simpleLogger.log.org.apache.maven.cli.transfer.Slf4jMavenTransferListener=warn; 
paper,"apache_incubator-seata_test-ubuntu_test (17, ubuntu, 2.4.13         -D spring-framework.version=5.3.13)_all.json",test/target/surefire-reports/,maven-surefire-plugin:3.0.0-M5:test (default-test) @ seata-test,surefire:test,surefire test reports,correct,same-module,True,surefire:test,,./mvnw -T 4C clean test -P args-for-client-test -Dspring-boot.version=${{ matrix.springboot }} -e -B -Dorg.slf4j.simpleLogger.log.org.apache.maven.cli.transfer.Slf4jMavenTransferListener=warn; 
paper,"apache_incubator-seata_test-ubuntu_test (17, ubuntu, 2.4.13         -D spring-framework.version=5.3.13)_all.json",seata-spring-autoconfigure/seata-spring-autoconfigure-server/target/surefire-reports/,maven-surefire-plugin:3.0.0-M5:test (default-test) @ seata-spring-autoconfigure-client,surefire:test,surefire test reports,correct,different-module,True,surefire:test,,./mvnw -T 4C clean test -P args-for-client-test -Dspring-boot.version=${{ matrix.springboot }} -e -B -Dorg.slf4j.simpleLogger.log.org.apache.maven.cli.transfer.Slf4jMavenTransferListener=warn; 
paper,"apache_incubator-seata_test-ubuntu_test (17, ubuntu, 2.5.15         -D spring-framework.version=5.3.27)_all.json",test/target/surefire-reports/,maven-surefire-plugin:3.0.0-M5:test (default-test) @ seata-test,surefire:test,surefire test reports,correct,same-module,True,surefire:test,,./mvnw -T 4C clean test -P args-for-client-test -Dspring-boot.version=${{ matrix.springboot }} -e -B -Dorg.slf4j.simpleLogger.log.org.apache.maven.cli.transfer.Slf4jMavenTransferListener=warn; 
paper,"apache_incubator-seata_test-ubuntu_test (17, ubuntu, 2.5.15         -D spring-framework.version=5.3.27)_all.json",seata-spring-boot-starter/target/surefire-reports/,maven-surefire-plugin:3.0.0-M5:test (default-test) @ seata-spring-boot-starter,surefire:test,surefire test reports,correct,same-module,True,surefire:test,,./mvnw -T 4C clean test -P args-for-client-test -Dspring-boot.version=${{ matrix.springboot }} -e -B -Dorg.slf4j.simpleLogger.log.org.apache.maven.cli.transfer.Slf4jMavenTransferListener=warn; 
paper,"apache_incubator-seata_test-ubuntu_test (17, ubuntu, 2.5.15         -D spring-framework.version=5.3.27)_all.json",seata-spring-autoconfigure/seata-spring-autoconfigure-server/target/surefire-reports/,maven-surefire-plugin:3.0.0-M5:test (default-test) @ seata-spring-autoconfigure-client,surefire:test,surefire test reports,correct,different-module,True,surefire:test,,./mvnw -T 4C clean test -P args-for-client-test -Dspring-boot.version=${{ matrix.springboot }} -e -B -Dorg.slf4j.simpleLogger.log.org.apache.maven.cli.transfer.Slf4jMavenTransferListener=warn; 
paper,"apache_incubator-seata_test-ubuntu_test (17, ubuntu, 2.7.18         -D spring-framework.version=5.3.31)_all.json",test/target/surefire-reports/,maven-surefire-plugin:3.0.0-M5:test (default-test) @ seata-test,surefire:test,surefire test reports,correct,same-module,True,surefire:test,,./mvnw -T 4C clean test -P args-for-client-test -Dspring-boot.version=${{ matrix.springboot }} -e -B -Dorg.slf4j.simpleLogger.log.org.apache.maven.cli.transfer.Slf4jMavenTransferListener=warn; 
paper,"apache_incubator-seata_test-ubuntu_test (17, ubuntu, 2.7.18         -D spring-framework.version=5.3.31)_all.json",seata-spring-autoconfigure/seata-spring-autoconfigure-core/target/surefire-reports/,maven-surefire-plugin:3.0.0-M5:test (default-test) @ seata-spring-autoconfigure-core,surefire:test,surefire test reports,correct,same-module,True,surefire:test,,./mvnw -T 4C clean test -P args-for-client-test -Dspring-boot.version=${{ matrix.springboot }} -e -B -Dorg.slf4j.simpleLogger.log.org.apache.maven.cli.transfer.Slf4jMavenTransferListener=warn; 
paper,"apache_incubator-seata_test-ubuntu_test (17, ubuntu, 2.7.18         -D spring-framework.version=5.3.31)_all.json",seata-spring-autoconfigure/seata-spring-autoconfigure-server/target/surefire-reports/,maven-surefire-plugin:3.0.0-M5:test (default-test) @ seata-spring-autoconfigure-client,surefire:test,surefire test reports,correct,different-module,True,surefire:test,,./mvnw -T 4C clean test -P args-for-client-test -Dspring-boot.version=${{ matrix.springboot }} -e -B -Dorg.slf4j.simpleLogger.log.org.apache.maven.cli.transfer.Slf4jMavenTransferListener=warn; 
paper,"apache_incubator-seata_test-ubuntu_test (21, ubuntu, 2.2.13.RELEASE -D spring-framework.version=5.2.12.RELEASE)_all.json",test/target/surefire-reports/,maven-surefire-plugin:3.0.0-M5:test (default-test) @ seata-test,surefire:test,surefire test reports,correct,same-module,True,surefire:test,,./mvnw -T 4C clean test -P args-for-client-test -Dspring-boot.version=${{ matrix.springboot }} -e -B -Dorg.slf4j.simpleLogger.log.org.apache.maven.cli.transfer.Slf4jMavenTransferListener=warn; 
paper,"apache_incubator-seata_test-ubuntu_test (21, ubuntu, 2.2.13.RELEASE -D spring-framework.version=5.2.12.RELEASE)_all.json",seata-spring-autoconfigure/seata-spring-autoconfigure-server/target/surefire-reports/,maven-surefire-plugin:3.0.0-M5:test (default-test) @ seata-spring-autoconfigure-server,surefire:test,surefire test reports,correct,same-module,True,surefire:test,,./mvnw -T 4C clean test -P args-for-client-test -Dspring-boot.version=${{ matrix.springboot }} -e -B -Dorg.slf4j.simpleLogger.log.org.apache.maven.cli.transfer.Slf4jMavenTransferListener=warn; 
paper,"apache_incubator-seata_test-ubuntu_test (21, ubuntu, 2.2.13.RELEASE -D spring-framework.version=5.2.12.RELEASE)_all.json",seata-spring-autoconfigure/seata-spring-autoconfigure-core/target/surefire-reports/,maven-surefire-plugin:3.0.0-M5:test (default-test) @ seata-spring-autoconfigure-core,surefire:test,surefire test reports,correct,same-module,True,surefire:test,,./mvnw -T 4C clean test -P args-for-client-test -Dspring-boot.version=${{ matrix.springboot }} -e -B -Dorg.slf4j.simpleLogger.log.org.apache.maven.cli.transfer.Slf4jMavenTransferListener=warn; 
paper,"apache_incubator-seata_test-ubuntu_test (21, ubuntu, 2.3.12.RELEASE -D spring-framework.version=5.2.15.RELEASE)_all.json",test/target/surefire-reports/,maven-surefire-plugin:3.0.0-M5:test (default-test) @ seata-test,surefire:test,surefire test reports,correct,same-module,True,surefire:test,,./mvnw -T 4C clean test -P args-for-client-test -Dspring-boot.version=${{ matrix.springboot }} -e -B -Dorg.slf4j.simpleLogger.log.org.apache.maven.cli.transfer.Slf4jMavenTransferListener=warn; 
paper,"apache_incubator-seata_test-ubuntu_test (21, ubuntu, 2.3.12.RELEASE -D spring-framework.version=5.2.15.RELEASE)_all.json",seata-spring-autoconfigure/seata-spring-autoconfigure-core/target/surefire-reports/,maven-surefire-plugin:3.0.0-M5:test (default-test) @ seata-spring-autoconfigure-core,surefire:test,surefire test reports,correct,same-module,True,surefire:test,,./mvnw -T 4C clean test -P args-for-client-test -Dspring-boot.version=${{ matrix.springboot }} -e -B -Dorg.slf4j.simpleLogger.log.org.apache.maven.cli.transfer.Slf4jMavenTransferListener=warn; 
paper,"apache_incubator-seata_test-ubuntu_test (21, ubuntu, 2.3.12.RELEASE -D spring-framework.version=5.2.15.RELEASE)_all.json",seata-spring-autoconfigure/seata-spring-autoconfigure-server/target/surefire-reports/,maven-surefire-plugin:3.0.0-M5:test (default-test) @ seata-spring-autoconfigure-client,surefire:test,surefire test reports,correct,different-module,True,surefire:test,,./mvnw -T 4C clean test -P args-for-client-test -Dspring-boot.version=${{ matrix.springboot }} -e -B -Dorg.slf4j.simpleLogger.log.org.apache.maven.cli.transfer.Slf4jMavenTransferListener=warn; 
paper,"apache_incubator-seata_test-ubuntu_test (21, ubuntu, 2.3.12.RELEASE -D spring-framework.version=5.2.15.RELEASE)_all.json",seata-spring-autoconfigure/seata-spring-autoconfigure-client/target/surefire-reports/,jacoco-maven-plugin:0.8.7:report (report) @ seata-spring-autoconfigure-server,surefire:test,surefire test reports,wrong-plugin,different-module,True,jacoco:report,H1-parallel-cross-module,./mvnw -T 4C clean test -P args-for-client-test -Dspring-boot.version=${{ matrix.springboot }} -e -B -Dorg.slf4j.simpleLogger.log.org.apache.maven.cli.transfer.Slf4jMavenTransferListener=warn; 
paper,"apache_incubator-seata_test-ubuntu_test (21, ubuntu, 2.4.13         -D spring-framework.version=5.3.13)_all.json",test/target/surefire-reports/,maven-surefire-plugin:3.0.0-M5:test (default-test) @ seata-test,surefire:test,surefire test reports,correct,same-module,True,surefire:test,,./mvnw -T 4C clean test -P args-for-client-test -Dspring-boot.version=${{ matrix.springboot }} -e -B -Dorg.slf4j.simpleLogger.log.org.apache.maven.cli.transfer.Slf4jMavenTransferListener=warn; 
paper,"apache_incubator-seata_test-ubuntu_test (21, ubuntu, 2.4.13         -D spring-framework.version=5.3.13)_all.json",seata-spring-autoconfigure/seata-spring-autoconfigure-server/target/surefire-reports/,maven-surefire-plugin:3.0.0-M5:test (default-test) @ seata-spring-autoconfigure-client,surefire:test,surefire test reports,correct,different-module,True,surefire:test,,./mvnw -T 4C clean test -P args-for-client-test -Dspring-boot.version=${{ matrix.springboot }} -e -B -Dorg.slf4j.simpleLogger.log.org.apache.maven.cli.transfer.Slf4jMavenTransferListener=warn; 
paper,"apache_incubator-seata_test-ubuntu_test (21, ubuntu, 2.5.15         -D spring-framework.version=5.3.27)_all.json",test/target/surefire-reports/,maven-surefire-plugin:3.0.0-M5:test (default-test) @ seata-test,surefire:test,surefire test reports,correct,same-module,True,surefire:test,,./mvnw -T 4C clean test -P args-for-client-test -Dspring-boot.version=${{ matrix.springboot }} -e -B -Dorg.slf4j.simpleLogger.log.org.apache.maven.cli.transfer.Slf4jMavenTransferListener=warn; 
paper,"apache_incubator-seata_test-ubuntu_test (21, ubuntu, 2.5.15         -D spring-framework.version=5.3.27)_all.json",seata-spring-boot-starter/target/surefire-reports/,maven-surefire-plugin:3.0.0-M5:test (default-test) @ seata-spring-boot-starter,surefire:test,surefire test reports,correct,same-module,True,surefire:test,,./mvnw -T 4C clean test -P args-for-client-test -Dspring-boot.version=${{ matrix.springboot }} -e -B -Dorg.slf4j.simpleLogger.log.org.apache.maven.cli.transfer.Slf4jMavenTransferListener=warn; 
paper,"apache_incubator-seata_test-ubuntu_test (21, ubuntu, 2.5.15         -D spring-framework.version=5.3.27)_all.json",seata-spring-autoconfigure/seata-spring-autoconfigure-server/target/surefire-reports/,maven-surefire-plugin:3.0.0-M5:test (default-test) @ seata-spring-autoconfigure-server,surefire:test,surefire test reports,correct,same-module,True,surefire:test,,./mvnw -T 4C clean test -P args-for-client-test -Dspring-boot.version=${{ matrix.springboot }} -e -B -Dorg.slf4j.simpleLogger.log.org.apache.maven.cli.transfer.Slf4jMavenTransferListener=warn; 
paper,"apache_incubator-seata_test-ubuntu_test (21, ubuntu, 2.5.15         -D spring-framework.version=5.3.27)_all.json",seata-spring-autoconfigure/seata-spring-autoconfigure-core/target/surefire-reports/,maven-surefire-plugin:3.0.0-M5:test (default-test) @ seata-spring-autoconfigure-core,surefire:test,surefire test reports,correct,same-module,True,surefire:test,,./mvnw -T 4C clean test -P args-for-client-test -Dspring-boot.version=${{ matrix.springboot }} -e -B -Dorg.slf4j.simpleLogger.log.org.apache.maven.cli.transfer.Slf4jMavenTransferListener=warn; 
paper,"apache_incubator-seata_test-ubuntu_test (21, ubuntu, 2.5.15         -D spring-framework.version=5.3.27)_all.json",seata-spring-autoconfigure/seata-spring-autoconfigure-client/target/surefire-reports/,jacoco-maven-plugin:0.8.7:report (report) @ seata-spring-autoconfigure-server,surefire:test,surefire test reports,wrong-plugin,different-module,True,jacoco:report,H1-parallel-cross-module,./mvnw -T 4C clean test -P args-for-client-test -Dspring-boot.version=${{ matrix.springboot }} -e -B -Dorg.slf4j.simpleLogger.log.org.apache.maven.cli.transfer.Slf4jMavenTransferListener=warn; 
paper,"apache_incubator-seata_test-ubuntu_test (21, ubuntu, 2.6.15         -D spring-framework.version=5.3.27)_all.json",test/target/surefire-reports/,maven-surefire-plugin:3.0.0-M5:test (default-test) @ seata-test,surefire:test,surefire test reports,correct,same-module,True,surefire:test,,./mvnw -T 4C clean test -P args-for-client-test -Dspring-boot.version=${{ matrix.springboot }} -e -B -Dorg.slf4j.simpleLogger.log.org.apache.maven.cli.transfer.Slf4jMavenTransferListener=warn; 
paper,"apache_incubator-seata_test-ubuntu_test (21, ubuntu, 2.6.15         -D spring-framework.version=5.3.27)_all.json",seata-spring-autoconfigure/seata-spring-autoconfigure-server/target/surefire-reports/,maven-surefire-plugin:3.0.0-M5:test (default-test) @ seata-spring-autoconfigure-server,surefire:test,surefire test reports,correct,same-module,True,surefire:test,,./mvnw -T 4C clean test -P args-for-client-test -Dspring-boot.version=${{ matrix.springboot }} -e -B -Dorg.slf4j.simpleLogger.log.org.apache.maven.cli.transfer.Slf4jMavenTransferListener=warn; 
paper,"apache_incubator-seata_test-ubuntu_test (21, ubuntu, 2.7.18         -D spring-framework.version=5.3.31)_all.json",test-old-version/target/surefire-reports/,maven-surefire-plugin:3.0.0-M5:test (default-test) @ seata-test,surefire:test,surefire test reports,correct,different-module,True,surefire:test,,./mvnw -T 4C clean test -P args-for-client-test -Dspring-boot.version=${{ matrix.springboot }} -e -B -Dorg.slf4j.simpleLogger.log.org.apache.maven.cli.transfer.Slf4jMavenTransferListener=warn; 
paper,"apache_incubator-seata_test-ubuntu_test (21, ubuntu, 2.7.18         -D spring-framework.version=5.3.31)_all.json",test/target/surefire-reports/,maven-surefire-plugin:3.0.0-M5:test (default-test) @ seata-test,surefire:test,surefire test reports,correct,same-module,True,surefire:test,,./mvnw -T 4C clean test -P args-for-client-test -Dspring-boot.version=${{ matrix.springboot }} -e -B -Dorg.slf4j.simpleLogger.log.org.apache.maven.cli.transfer.Slf4jMavenTransferListener=warn; 
paper,"apache_incubator-seata_test-ubuntu_test (21, ubuntu, 2.7.18         -D spring-framework.version=5.3.31)_all.json",seata-spring-autoconfigure/seata-spring-autoconfigure-core/target/surefire-reports/,maven-surefire-plugin:3.0.0-M5:test (default-test) @ seata-spring-autoconfigure-core,surefire:test,surefire test reports,correct,same-module,True,surefire:test,,./mvnw -T 4C clean test -P args-for-client-test -Dspring-boot.version=${{ matrix.springboot }} -e -B -Dorg.slf4j.simpleLogger.log.org.apache.maven.cli.transfer.Slf4jMavenTransferListener=warn; 
paper,"apache_incubator-seata_test-ubuntu_test (21, ubuntu, 2.7.18         -D spring-framework.version=5.3.31)_all.json",seata-spring-autoconfigure/seata-spring-autoconfigure-server/target/surefire-reports/,maven-surefire-plugin:3.0.0-M5:test (default-test) @ seata-spring-autoconfigure-client,surefire:test,surefire test reports,correct,different-module,True,surefire:test,,./mvnw -T 4C clean test -P args-for-client-test -Dspring-boot.version=${{ matrix.springboot }} -e -B -Dorg.slf4j.simpleLogger.log.org.apache.maven.cli.transfer.Slf4jMavenTransferListener=warn; 
paper,"apache_incubator-seata_test-ubuntu_test (21, ubuntu, 2.7.18         -D spring-framework.version=5.3.31)_all.json",seata-spring-autoconfigure/seata-spring-autoconfigure-client/target/surefire-reports/,jacoco-maven-plugin:0.8.7:report (report) @ seata-spring-autoconfigure-server,surefire:test,surefire test reports,wrong-plugin,different-module,True,jacoco:report,H1-parallel-cross-module,./mvnw -T 4C clean test -P args-for-client-test -Dspring-boot.version=${{ matrix.springboot }} -e -B -Dorg.slf4j.simpleLogger.log.org.apache.maven.cli.transfer.Slf4jMavenTransferListener=warn; 
paper,"apache_incubator-seata_test-ubuntu_test (8, ubuntu, 2.3.12.RELEASE -D spring-framework.version=5.2.15.RELEASE)_all.json",test-old-version/target/surefire-reports/,maven-surefire-plugin:3.0.0-M5:test (default-test) @ seata-test,surefire:test,surefire test reports,correct,different-module,True,surefire:test,,./mvnw -T 4C clean test -P args-for-client-test -Dspring-boot.version=${{ matrix.springboot }} -e -B -Dorg.slf4j.simpleLogger.log.org.apache.maven.cli.transfer.Slf4jMavenTransferListener=warn; 
paper,"apache_incubator-seata_test-ubuntu_test (8, ubuntu, 2.3.12.RELEASE -D spring-framework.version=5.2.15.RELEASE)_all.json",test/target/surefire-reports/,maven-surefire-plugin:3.0.0-M5:test (default-test) @ seata-test,surefire:test,surefire test reports,correct,same-module,True,surefire:test,,./mvnw -T 4C clean test -P args-for-client-test -Dspring-boot.version=${{ matrix.springboot }} -e -B -Dorg.slf4j.simpleLogger.log.org.apache.maven.cli.transfer.Slf4jMavenTransferListener=warn; 
paper,"apache_incubator-seata_test-ubuntu_test (8, ubuntu, 2.3.12.RELEASE -D spring-framework.version=5.2.15.RELEASE)_all.json",seata-spring-autoconfigure/seata-spring-autoconfigure-core/target/surefire-reports/,maven-surefire-plugin:3.0.0-M5:test (default-test) @ seata-spring-autoconfigure-core,surefire:test,surefire test reports,correct,same-module,True,surefire:test,,./mvnw -T 4C clean test -P args-for-client-test -Dspring-boot.version=${{ matrix.springboot }} -e -B -Dorg.slf4j.simpleLogger.log.org.apache.maven.cli.transfer.Slf4jMavenTransferListener=warn; 
paper,"apache_incubator-seata_test-ubuntu_test (8, ubuntu, 2.3.12.RELEASE -D spring-framework.version=5.2.15.RELEASE)_all.json",seata-spring-autoconfigure/seata-spring-autoconfigure-server/target/surefire-reports/,maven-surefire-plugin:3.0.0-M5:test (default-test) @ seata-spring-autoconfigure-client,surefire:test,surefire test reports,correct,different-module,True,surefire:test,,./mvnw -T 4C clean test -P args-for-client-test -Dspring-boot.version=${{ matrix.springboot }} -e -B -Dorg.slf4j.simpleLogger.log.org.apache.maven.cli.transfer.Slf4jMavenTransferListener=warn; 
paper,"apache_incubator-seata_test-ubuntu_test (8, ubuntu, 2.3.12.RELEASE -D spring-framework.version=5.2.15.RELEASE)_all.json",seata-spring-boot-starter/target/surefire-reports/,maven-compiler-plugin:3.8.1:testCompile (default-testCompile) @ apm-seata-skywalking-plugin,surefire:test,surefire test reports,wrong-plugin,different-module,True,compiler:testCompile,H1-parallel-cross-module,./mvnw -T 4C clean test -P args-for-client-test -Dspring-boot.version=${{ matrix.springboot }} -e -B -Dorg.slf4j.simpleLogger.log.org.apache.maven.cli.transfer.Slf4jMavenTransferListener=warn; 
paper,"apache_incubator-seata_test-ubuntu_test (8, ubuntu, 2.4.13         -D spring-framework.version=5.3.13)_all.json",seata-spring-autoconfigure/seata-spring-autoconfigure-core/target/surefire-reports/,maven-surefire-plugin:3.0.0-M5:test (default-test) @ seata-spring-autoconfigure-core,surefire:test,surefire test reports,correct,same-module,True,surefire:test,,./mvnw -T 4C clean test -P args-for-client-test -Dspring-boot.version=${{ matrix.springboot }} -e -B -Dorg.slf4j.simpleLogger.log.org.apache.maven.cli.transfer.Slf4jMavenTransferListener=warn; 
paper,"apache_incubator-seata_test-ubuntu_test (8, ubuntu, 2.5.15         -D spring-framework.version=5.3.27)_all.json",seata-spring-autoconfigure/seata-spring-autoconfigure-core/target/surefire-reports/,maven-surefire-plugin:3.0.0-M5:test (default-test) @ seata-spring-autoconfigure-core,surefire:test,surefire test reports,correct,same-module,True,surefire:test,,./mvnw -T 4C clean test -P args-for-client-test -Dspring-boot.version=${{ matrix.springboot }} -e -B -Dorg.slf4j.simpleLogger.log.org.apache.maven.cli.transfer.Slf4jMavenTransferListener=warn; 
paper,"apache_incubator-seata_test-ubuntu_test (8, ubuntu, 2.6.15         -D spring-framework.version=5.3.27)_all.json",seata-spring-autoconfigure/seata-spring-autoconfigure-core/target/surefire-reports/,maven-surefire-plugin:3.0.0-M5:test (default-test) @ seata-spring-autoconfigure-core,surefire:test,surefire test reports,correct,same-module,True,surefire:test,,./mvnw -T 4C clean test -P args-for-client-test -Dspring-boot.version=${{ matrix.springboot }} -e -B -Dorg.slf4j.simpleLogger.log.org.apache.maven.cli.transfer.Slf4jMavenTransferListener=warn; 
paper,"apache_incubator-seata_test-ubuntu_test (8, ubuntu, 2.6.15         -D spring-framework.version=5.3.27)_all.json",seata-spring-autoconfigure/seata-spring-autoconfigure-server/target/surefire-reports/,maven-surefire-plugin:3.0.0-M5:test (default-test) @ seata-spring-autoconfigure-client,surefire:test,surefire test reports,correct,different-module,True,surefire:test,,./mvnw -T 4C clean test -P args-for-client-test -Dspring-boot.version=${{ matrix.springboot }} -e -B -Dorg.slf4j.simpleLogger.log.org.apache.maven.cli.transfer.Slf4jMavenTransferListener=warn; 
paper,"apache_incubator-seata_test-ubuntu_test (8, ubuntu, 2.7.18         -D spring-framework.version=5.3.31)_all.json",seata-spring-autoconfigure/seata-spring-autoconfigure-core/target/surefire-reports/,maven-surefire-plugin:3.0.0-M5:test (default-test) @ seata-spring-autoconfigure-core,surefire:test,surefire test reports,correct,same-module,True,surefire:test,,./mvnw -T 4C clean test -P args-for-client-test -Dspring-boot.version=${{ matrix.springboot }} -e -B -Dorg.slf4j.simpleLogger.log.org.apache.maven.cli.transfer.Slf4jMavenTransferListener=warn; 
paper,"apache_incubator-seata_test-ubuntu_test (8, ubuntu, 2.7.18         -D spring-framework.version=5.3.31)_all.json",seata-spring-autoconfigure/seata-spring-autoconfigure-server/target/surefire-reports/,maven-surefire-plugin:3.0.0-M5:test (default-test) @ seata-spring-autoconfigure-client,surefire:test,surefire test reports,correct,different-module,True,surefire:test,,./mvnw -T 4C clean test -P args-for-client-test -Dspring-boot.version=${{ matrix.springboot }} -e -B -Dorg.slf4j.simpleLogger.log.org.apache.maven.cli.transfer.Slf4jMavenTransferListener=warn; 
paper,apache_incubator-seata_test-ubuntu_test-arm64 (2.2.13.RELEASE -Dspring-framework.version=5.2.12.RELEASE)_all.json,test-mock-server/target/test-classes/,maven-resources-plugin:3.2.0:testResources (default-testResources) @ seata-mock-server,compiler/resources:testCompile|testResources,test classes,correct,different-module,True,resources:testResources,,docker run --rm -v ${{ github.workspace }}:/ws:rw --workdir=/ws \   arm64v8/ubuntu:20.04 \   bash -exc 'apt-get update -y && \              apt-get install maven -y && \              apt-get install -
paper,apache_incubator-seata_test-ubuntu_test-arm64 (2.2.13.RELEASE -Dspring-framework.version=5.2.12.RELEASE)_all.json,seata-spring-autoconfigure/seata-spring-autoconfigure-server/target/maven-status/,maven-compiler-plugin:3.8.1:compile (default-compile) @ seata-spring-autoconfigure-client,compiler,compiler state (parent dir),correct,different-module,True,compiler:compile,,docker run --rm -v ${{ github.workspace }}:/ws:rw --workdir=/ws \   arm64v8/ubuntu:20.04 \   bash -exc 'apt-get update -y && \              apt-get install maven -y && \              apt-get install -
paper,apache_incubator-seata_test-ubuntu_test-arm64 (2.3.12.RELEASE -Dspring-framework.version=5.2.15.RELEASE)_all.json,test-mock-server/target/test-classes/,maven-resources-plugin:3.2.0:testResources (default-testResources) @ seata-mock-server,compiler/resources:testCompile|testResources,test classes,correct,different-module,True,resources:testResources,,docker run --rm -v ${{ github.workspace }}:/ws:rw --workdir=/ws \   arm64v8/ubuntu:20.04 \   bash -exc 'apt-get update -y && \              apt-get install maven -y && \              apt-get install -
paper,apache_incubator-seata_test-ubuntu_test-arm64 (2.4.13         -Dspring-framework.version=5.3.13)_all.json,test-mock-server/target/test-classes/,maven-resources-plugin:3.2.0:testResources (default-testResources) @ seata-mock-server,compiler/resources:testCompile|testResources,test classes,correct,different-module,True,resources:testResources,,docker run --rm -v ${{ github.workspace }}:/ws:rw --workdir=/ws \   arm64v8/ubuntu:20.04 \   bash -exc 'apt-get update -y && \              apt-get install maven -y && \              apt-get install -
paper,"apache_nifi_system-tests_build_and_test (ubuntu-latest, 21)_all.json",nifi-system-tests/nifi-system-test-extensions-bundle/nifi-system-test-extensions-services-nar/target/test-classes/,resources:3.3.1:testResources (default-testResources) @ nifi-system-test-extensions-services-nar,compiler/resources:testCompile|testResources,test classes,correct,same-module,False,resources:testResources,,${{ env.MAVEN_COMMAND }} ${{ env.MAVEN_BUILD_ARGUMENTS }} ${{ env.MAVEN_PROJECTS }} 
paper,"apache_nifi_system-tests_build_and_test (ubuntu-latest, 21)_all.json",nifi-system-tests/nifi-system-test-extensions-bundle/nifi-system-test-extensions-services-api-nar/target/test-classes/,resources:3.3.1:testResources (default-testResources) @ nifi-system-test-extensions-services-api-nar,compiler/resources:testCompile|testResources,test classes,correct,same-module,False,resources:testResources,,${{ env.MAVEN_COMMAND }} ${{ env.MAVEN_BUILD_ARGUMENTS }} ${{ env.MAVEN_PROJECTS }} 
paper,"apache_nifi_system-tests_build_and_test (ubuntu-latest, 21)_all.json",nifi-stateless/nifi-stateless-bundle/nifi-stateless-nar/target/test-classes/,resources:3.3.1:testResources (default-testResources) @ nifi-stateless-nar,compiler/resources:testCompile|testResources,test classes,correct,same-module,False,resources:testResources,,${{ env.MAVEN_COMMAND }} ${{ env.MAVEN_BUILD_ARGUMENTS }} ${{ env.MAVEN_PROJECTS }} 
paper,"apache_nifi_system-tests_build_and_test (ubuntu-latest, 21)_all.json",nifi-extension-bundles/nifi-standard-shared-bundle/nifi-standard-shared-nar/target/test-classes/,resources:3.3.1:testResources (default-testResources) @ nifi-standard-shared-nar,compiler/resources:testCompile|testResources,test classes,correct,same-module,False,resources:testResources,,${{ env.MAVEN_COMMAND }} ${{ env.MAVEN_BUILD_ARGUMENTS }} ${{ env.MAVEN_PROJECTS }} 
paper,"apache_nifi_system-tests_build_and_test (ubuntu-latest, 21)_all.json",nifi-extension-bundles/nifi-standard-services/nifi-standard-services-api-nar/target/test-classes/,resources:3.3.1:testResources (default-testResources) @ nifi-standard-services-api-nar,compiler/resources:testCompile|testResources,test classes,correct,same-module,False,resources:testResources,,${{ env.MAVEN_COMMAND }} ${{ env.MAVEN_BUILD_ARGUMENTS }} ${{ env.MAVEN_PROJECTS }} 
paper,"apache_nifi_system-tests_build_and_test (ubuntu-latest, 21)_all.json",nifi-extension-bundles/nifi-py4j-extension-bundle/nifi-py4j-nar/target/test-classes/,resources:3.3.1:testResources (default-testResources) @ nifi-py4j-nar,compiler/resources:testCompile|testResources,test classes,correct,same-module,False,resources:testResources,,${{ env.MAVEN_COMMAND }} ${{ env.MAVEN_BUILD_ARGUMENTS }} ${{ env.MAVEN_PROJECTS }} 
paper,"apache_nifi_system-tests_build_and_test (ubuntu-latest, 21)_all.json",nifi-system-tests/nifi-system-test-nar-provider-bundles/nifi-nar-provider-service-nar/target/test-classes/,resources:3.3.1:testResources (default-testResources) @ nifi-nar-provider-service-nar,compiler/resources:testCompile|testResources,test classes,correct,same-module,False,resources:testResources,,${{ env.MAVEN_COMMAND }} ${{ env.MAVEN_BUILD_ARGUMENTS }} ${{ env.MAVEN_PROJECTS }} 
paper,"apache_nifi_system-tests_build_and_test (ubuntu-latest, 21)_all.json",nifi-system-tests/nifi-system-test-nar-provider-bundles/nifi-nar-provider-service-api-nar/target/test-classes/,resources:3.3.1:testResources (default-testResources) @ nifi-nar-provider-service-api-nar,compiler/resources:testCompile|testResources,test classes,correct,same-module,False,resources:testResources,,${{ env.MAVEN_COMMAND }} ${{ env.MAVEN_BUILD_ARGUMENTS }} ${{ env.MAVEN_PROJECTS }} 
paper,"apache_nifi_system-tests_build_and_test (ubuntu-latest, 21)_all.json",nifi-system-tests/nifi-system-test-nar-provider-bundles/nifi-nar-provider-processors-nar/target/test-classes/,resources:3.3.1:testResources (default-testResources) @ nifi-nar-provider-processors-nar,compiler/resources:testCompile|testResources,test classes,correct,same-module,False,resources:testResources,,${{ env.MAVEN_COMMAND }} ${{ env.MAVEN_BUILD_ARGUMENTS }} ${{ env.MAVEN_PROJECTS }} 
paper,"apache_nifi_system-tests_build_and_test (ubuntu-latest, 21)_all.json",nifi-system-tests/nifi-system-test-suite/target/failsafe-reports/,failsafe:3.2.5:integration-test (default) @ nifi-system-test-suite,failsafe,failsafe IT reports,correct,same-module,False,failsafe:integration-test,,${{ env.MAVEN_COMMAND }} ${{ env.MAVEN_RUN_ARGUMENTS }} ${{ env.MAVEN_PROJECTS }} 
paper,apache_rocketmq_pr-ci_dist-tar_all.json,remoting/target/maven-status/,maven-compiler-plugin:3.5.1:compile (default-compile) @ rocketmq-remoting,compiler,compiler state (parent dir),correct,same-module,False,compiler:compile,,mvn -Prelease-all -DskipTests -Dspotbugs.skip=true clean install -U 
paper,"apache_shardingsphere_e2e-operation_e2e-operation (pipeline, Object)_all.json",infra/reachability-metadata/target/test-classes/,maven-resources-plugin:3.3.1:testResources (default-testResources) @ shardingsphere-infra-reachability-metadata,compiler/resources:testCompile|testResources,test classes,correct,same-module,False,resources:testResources,,./mvnw -B clean install -am -pl test/e2e/operation/${{ matrix.operation }} -Pit.env.docker -DskipTests
paper,"apache_shardingsphere_e2e-operation_e2e-operation (pipeline, Object)_all.json",infra/common/target/maven-status/,maven-resources-plugin:3.3.1:resources (default-resources) @ shardingsphere-infra-common,compiler,compiler state (parent dir),wrong-plugin,same-module,False,resources:resources,H3-predecessor,./mvnw -B clean install -am -pl test/e2e/operation/${{ matrix.operation }} -Pit.env.docker -DskipTests
paper,"apache_shardingsphere_e2e-operation_e2e-operation (pipeline, Object)_all.json",features/mask/distsql/parser/target/maven-status/,maven-enforcer-plugin:3.2.1:enforce (enforce-java-version) @ shardingsphere-mask-distsql-parser,compiler,compiler state (parent dir),wrong-plugin,same-module,False,enforcer:enforce,H3-predecessor,./mvnw -B clean install -am -pl test/e2e/operation/${{ matrix.operation }} -Pit.env.docker -DskipTests
paper,"apache_shardingsphere_e2e-operation_e2e-operation (pipeline, Object)_all.json",db-protocol/postgresql/target/maven-status/,maven-compiler-plugin:3.11.0:compile (default-compile) @ shardingsphere-postgresql-protocol,compiler,compiler state (parent dir),correct,same-module,False,compiler:compile,,./mvnw -B clean install -am -pl test/e2e/operation/${{ matrix.operation }} -Pit.env.docker -DskipTests
paper,"apache_shardingsphere_e2e-operation_e2e-operation (pipeline, Object)_all.json",kernel/sql-federation/distsql/parser/target/maven-status/,antlr4-maven-plugin:4.10.1:antlr4 (antlr) @ shardingsphere-sql-federation-distsql-parser,compiler,compiler state (parent dir),wrong-plugin,same-module,False,antlr4:antlr4,H3-predecessor,./mvnw -B clean install -am -pl test/e2e/operation/${{ matrix.operation }} -Pit.env.docker -DskipTests
paper,"apache_shardingsphere_e2e-operation_e2e-operation (pipeline, Object)_all.json",kernel/single/distsql/parser/target/maven-status/,antlr4-maven-plugin:4.10.1:antlr4 (antlr) @ shardingsphere-single-distsql-parser,compiler,compiler state (parent dir),wrong-plugin,same-module,False,antlr4:antlr4,H3-predecessor,./mvnw -B clean install -am -pl test/e2e/operation/${{ matrix.operation }} -Pit.env.docker -DskipTests
paper,"apache_shardingsphere_e2e-operation_e2e-operation (pipeline, Object)_all.json",kernel/global-clock/distsql/parser/target/maven-status/,antlr4-maven-plugin:4.10.1:antlr4 (antlr) @ shardingsphere-global-clock-distsql-parser,compiler,compiler state (parent dir),wrong-plugin,same-module,False,antlr4:antlr4,H3-predecessor,./mvnw -B clean install -am -pl test/e2e/operation/${{ matrix.operation }} -Pit.env.docker -DskipTests
paper,"apache_shardingsphere_e2e-operation_e2e-operation (pipeline, Object)_all.json",features/encrypt/distsql/parser/target/maven-status/,antlr4-maven-plugin:4.10.1:antlr4 (antlr) @ shardingsphere-encrypt-distsql-parser,compiler,compiler state (parent dir),wrong-plugin,same-module,False,antlr4:antlr4,H3-predecessor,./mvnw -B clean install -am -pl test/e2e/operation/${{ matrix.operation }} -Pit.env.docker -DskipTests
paper,"apache_shardingsphere_e2e-operation_e2e-operation (showprocesslist, Object)_all.json",test/util/target/test-classes/,maven-resources-plugin:3.3.1:testResources (default-testResources) @ shardingsphere-test-util,compiler/resources:testCompile|testResources,test classes,correct,same-module,False,resources:testResources,,./mvnw -B clean install -am -pl test/e2e/operation/${{ matrix.operation }} -Pit.env.docker -DskipTests
paper,"apache_shardingsphere_e2e-operation_e2e-operation (showprocesslist, Object)_all.json",infra/reachability-metadata/target/test-classes/,maven-resources-plugin:3.3.1:testResources (default-testResources) @ shardingsphere-infra-reachability-metadata,compiler/resources:testCompile|testResources,test classes,correct,same-module,False,resources:testResources,,./mvnw -B clean install -am -pl test/e2e/operation/${{ matrix.operation }} -Pit.env.docker -DskipTests
paper,"apache_shardingsphere_e2e-operation_e2e-operation (showprocesslist, Object)_all.json",features/encrypt/distsql/parser/target/maven-status/,antlr4-maven-plugin:4.10.1:antlr4 (antlr) @ shardingsphere-encrypt-distsql-parser,compiler,compiler state (parent dir),wrong-plugin,same-module,False,antlr4:antlr4,H3-predecessor,./mvnw -B clean install -am -pl test/e2e/operation/${{ matrix.operation }} -Pit.env.docker -DskipTests
paper,"apache_shardingsphere_e2e-operation_e2e-operation (transaction, Object)_all.json",kernel/sql-translator/distsql/parser/target/maven-status/,antlr4-maven-plugin:4.10.1:antlr4 (antlr) @ shardingsphere-sql-translator-distsql-parser,compiler,compiler state (parent dir),wrong-plugin,same-module,False,antlr4:antlr4,H3-predecessor,./mvnw -B clean install -am -pl test/e2e/operation/${{ matrix.operation }} -Pit.env.docker -DskipTests
paper,"apache_shardingsphere_e2e-operation_e2e-operation (transaction, Object)_all.json",features/mask/distsql/parser/target/maven-status/,antlr4-maven-plugin:4.10.1:antlr4 (antlr) @ shardingsphere-mask-distsql-parser,compiler,compiler state (parent dir),wrong-plugin,same-module,False,antlr4:antlr4,H3-predecessor,./mvnw -B clean install -am -pl test/e2e/operation/${{ matrix.operation }} -Pit.env.docker -DskipTests
paper,apache_shenyu_integrated-test_build (shenyu-integrated-test-apache-dubbo)_all.json,shenyu-examples/shenyu-examples-motan/shenyu-examples-motan-api/target/maven-status/,maven-compiler-plugin:3.7.0:compile (process-annotations) @ shenyu-examples-motan-api,compiler,compiler state (parent dir),correct,same-module,False,compiler:compile,,./mvnw -B clean install -Pexample -Dmaven.javadoc.skip=true -Dmaven.test.skip=true -am -f ./shenyu-examples/pom.xml
paper,apache_shenyu_integrated-test_build (shenyu-integrated-test-apache-dubbo)_all.json,shenyu-examples/shenyu-examples-sdk/shenyu-examples-sdk-grpc/shenyu-examples-sdk-grpc-consumer/target/maven-status/,maven-compiler-plugin:3.7.0:compile (default-compile) @ shenyu-examples-sdk-grpc-consumer,compiler,compiler state (parent dir),correct,same-module,False,compiler:compile,,./mvnw -B clean install -Pexample -Dmaven.javadoc.skip=true -Dmaven.test.skip=true -am -f ./shenyu-examples/pom.xml
paper,apache_shenyu_integrated-test_build (shenyu-integrated-test-combination)_all.json,shenyu-integrated-test/shenyu-integrated-test-combination/target/surefire-reports/,maven-surefire-plugin:3.0.0-M4:test (default-test) @ shenyu-integrated-test-combination,surefire:test,surefire test reports,correct,same-module,False,surefire:test,,./mvnw test -Pit -f ./shenyu-integrated-test/${{ matrix.case }}/pom.xml
paper,apache_shenyu_integrated-test_build (shenyu-integrated-test-grpc)_all.json,shenyu-integrated-test/shenyu-integrated-test-grpc/target/surefire-reports/,maven-surefire-plugin:3.0.0-M4:test (default-test) @ shenyu-integrated-test-grpc,surefire:test,surefire test reports,correct,same-module,False,surefire:test,,./mvnw test -Pit -f ./shenyu-integrated-test/${{ matrix.case }}/pom.xml
paper,apache_shenyu_integrated-test_build (shenyu-integrated-test-http)_all.json,shenyu-integrated-test/shenyu-integrated-test-http/target/surefire-reports/,maven-surefire-plugin:3.0.0-M4:test (default-test) @ shenyu-integrated-test-http,surefire:test,surefire test reports,correct,same-module,False,surefire:test,,./mvnw test -Pit -f ./shenyu-integrated-test/${{ matrix.case }}/pom.xml
paper,apache_shenyu_integrated-test_build (shenyu-integrated-test-https)_all.json,shenyu-integrated-test/shenyu-integrated-test-https/target/surefire-reports/,maven-surefire-plugin:3.0.0-M4:test (default-test) @ shenyu-integrated-test-https,surefire:test,surefire test reports,correct,same-module,False,surefire:test,,./mvnw test -Pit -f ./shenyu-integrated-test/${{ matrix.case }}/pom.xml
paper,apache_shenyu_integrated-test_build (shenyu-integrated-test-motan)_all.json,shenyu-integrated-test/shenyu-integrated-test-motan/target/surefire-reports/,maven-surefire-plugin:3.0.0-M4:test (default-test) @ shenyu-integrated-test-motan,surefire:test,surefire test reports,correct,same-module,False,surefire:test,,./mvnw test -Pit -f ./shenyu-integrated-test/${{ matrix.case }}/pom.xml
paper,apache_shenyu_integrated-test_build (shenyu-integrated-test-rewrite)_all.json,shenyu-integrated-test/shenyu-integrated-test-rewrite/target/surefire-reports/,maven-surefire-plugin:3.0.0-M4:test (default-test) @ shenyu-integrated-test-rewrite,surefire:test,surefire test reports,correct,same-module,False,surefire:test,,./mvnw test -Pit -f ./shenyu-integrated-test/${{ matrix.case }}/pom.xml
paper,apache_shenyu_integrated-test_build (shenyu-integrated-test-sdk-apache-dubbo)_all.json,shenyu-examples/shenyu-examples-sdk/shenyu-examples-sdk-grpc/shenyu-examples-sdk-grpc-consumer/target/maven-status/,maven-compiler-plugin:3.7.0:compile (default-compile) @ shenyu-examples-sdk-grpc-consumer,compiler,compiler state (parent dir),correct,same-module,False,compiler:compile,,./mvnw -B clean install -Pexample -Dmaven.javadoc.skip=true -Dmaven.test.skip=true -am -f ./shenyu-examples/pom.xml
paper,apache_shenyu_integrated-test_build (shenyu-integrated-test-sdk-http)_all.json,shenyu-integrated-test/shenyu-integrated-test-sdk-http/target/surefire-reports/,maven-surefire-plugin:3.0.0-M4:test (default-test) @ shenyu-integrated-test-sdk-http,surefire:test,surefire test reports,correct,same-module,False,surefire:test,,./mvnw test -Pit -f ./shenyu-integrated-test/${{ matrix.case }}/pom.xml
paper,apache_shenyu_integrated-test_build (shenyu-integrated-test-sofa)_all.json,shenyu-integrated-test/shenyu-integrated-test-sofa/target/surefire-reports/,maven-surefire-plugin:3.0.0-M4:test (default-test) @ shenyu-integrated-test-sofa,surefire:test,surefire test reports,correct,same-module,False,surefire:test,,./mvnw test -Pit -f ./shenyu-integrated-test/${{ matrix.case }}/pom.xml
paper,apache_shenyu_integrated-test_build (shenyu-integrated-test-spring-cloud)_all.json,shenyu-integrated-test/shenyu-integrated-test-spring-cloud/target/surefire-reports/,maven-surefire-plugin:3.0.0-M4:test (default-test) @ shenyu-integrated-test-spring-cloud,surefire:test,surefire test reports,correct,same-module,False,surefire:test,,./mvnw test -Pit -f ./shenyu-integrated-test/${{ matrix.case }}/pom.xml
paper,apache_shenyu_integrated-test_build (shenyu-integrated-test-websocket)_all.json,shenyu-integrated-test/shenyu-integrated-test-websocket/target/surefire-reports/,maven-surefire-plugin:3.0.0-M4:test (default-test) @ shenyu-integrated-test-websocket,surefire:test,surefire test reports,correct,same-module,False,surefire:test,,./mvnw test -Pit -f ./shenyu-integrated-test/${{ matrix.case }}/pom.xml
paper,apache_shenyu_k8s-examples-http_k8s-examples-http_all.json,shenyu-examples/shenyu-examples-dubbo/shenyu-examples-dubbo-api/target/maven-status/,maven-compiler-plugin:3.7.0:compile (default-compile) @ shenyu-examples-dubbo-api,compiler,compiler state (parent dir),correct,same-module,False,compiler:compile,,./mvnw -B clean install -Pexample -Dmaven.javadoc.skip=true -Dmaven.test.skip=true -f ./shenyu-examples/pom.xml
paper,apache_zeppelin_core_core-modules (11)_all.json,zeppelin-plugins/notebookrepo/s3/target/surefire-reports/,maven-surefire-plugin:3.2.2:test (default-test) @ notebookrepo-s3,surefire:test,surefire test reports,correct,same-module,False,surefire:test,,./mvnw package -pl zeppelin-plugins -amd ${MAVEN_ARGS}
paper,apache_zeppelin_core_core-modules (11)_all.json,zeppelin-plugins/notebookrepo/oss/target/surefire-reports/,maven-surefire-plugin:3.2.2:test (default-test) @ notebookrepo-oss,surefire:test,surefire test reports,correct,same-module,False,surefire:test,,./mvnw package -pl zeppelin-plugins -amd ${MAVEN_ARGS}
paper,apache_zeppelin_core_core-modules (11)_all.json,zeppelin-plugins/notebookrepo/mongo/target/surefire-reports/,maven-surefire-plugin:3.2.2:test (default-test) @ notebookrepo-mongo,surefire:test,surefire test reports,correct,same-module,False,surefire:test,,./mvnw package -pl zeppelin-plugins -amd ${MAVEN_ARGS}
paper,apache_zeppelin_core_core-modules (11)_all.json,zeppelin-plugins/notebookrepo/github/target/surefire-reports/,maven-surefire-plugin:3.2.2:test (default-test) @ notebookrepo-github,surefire:test,surefire test reports,correct,same-module,False,surefire:test,,./mvnw package -pl zeppelin-plugins -amd ${MAVEN_ARGS}
paper,apache_zeppelin_core_core-modules (11)_all.json,zeppelin-plugins/notebookrepo/gcs/target/surefire-reports/,maven-surefire-plugin:3.2.2:test (default-test) @ notebookrepo-gcs,surefire:test,surefire test reports,correct,same-module,False,surefire:test,,./mvnw package -pl zeppelin-plugins -amd ${MAVEN_ARGS}
paper,apache_zeppelin_core_core-modules (11)_all.json,zeppelin-plugins/notebookrepo/filesystem/target/surefire-reports/,maven-surefire-plugin:3.2.2:test (default-test) @ notebookrepo-filesystem,surefire:test,surefire test reports,correct,same-module,False,surefire:test,,./mvnw package -pl zeppelin-plugins -amd ${MAVEN_ARGS}
paper,apache_zeppelin_core_core-modules (8)_all.json,zeppelin-zengine/target/surefire-reports/,maven-surefire-plugin:3.2.2:test (default-test) @ zeppelin-zengine,surefire:test,surefire test reports,correct,same-module,False,surefire:test,,"./mvnw verify -Pusing-packaged-distr -pl zeppelin-server,zeppelin-web,spark-submit,spark/scala-2.12,spark/scala-2.13,markdown,angular,shell -am -Pweb-classic -Phelium-dev -Pexamples -Dtests.to.exclude"
paper,apache_zeppelin_core_core-modules (8)_all.json,zeppelin-test/target/surefire-reports/,maven-surefire-plugin:3.2.2:test (default-test) @ zeppelin-test,surefire:test,surefire test reports,correct,same-module,False,surefire:test,,"./mvnw verify -Pusing-packaged-distr -pl zeppelin-server,zeppelin-web,spark-submit,spark/scala-2.12,spark/scala-2.13,markdown,angular,shell -am -Pweb-classic -Phelium-dev -Pexamples -Dtests.to.exclude"
paper,apache_zeppelin_core_core-modules (8)_all.json,zeppelin-jupyter/target/surefire-reports/,maven-surefire-plugin:3.2.2:test (default-test) @ zeppelin-jupyter,surefire:test,surefire test reports,correct,same-module,False,surefire:test,,"./mvnw verify -Pusing-packaged-distr -pl zeppelin-server,zeppelin-web,spark-submit,spark/scala-2.12,spark/scala-2.13,markdown,angular,shell -am -Pweb-classic -Phelium-dev -Pexamples -Dtests.to.exclude"
paper,apache_zeppelin_core_core-modules (8)_all.json,zeppelin-plugins/notebookrepo/s3/target/surefire-reports/,maven-surefire-plugin:3.2.2:test (default-test) @ notebookrepo-s3,surefire:test,surefire test reports,correct,same-module,False,surefire:test,,./mvnw package -pl zeppelin-plugins -amd ${MAVEN_ARGS}
paper,apache_zeppelin_core_core-modules (8)_all.json,zeppelin-plugins/notebookrepo/oss/target/surefire-reports/,maven-surefire-plugin:3.2.2:test (default-test) @ notebookrepo-oss,surefire:test,surefire test reports,correct,same-module,False,surefire:test,,./mvnw package -pl zeppelin-plugins -amd ${MAVEN_ARGS}
paper,apache_zeppelin_core_core-modules (8)_all.json,zeppelin-plugins/notebookrepo/mongo/target/surefire-reports/,maven-surefire-plugin:3.2.2:test (default-test) @ notebookrepo-mongo,surefire:test,surefire test reports,correct,same-module,False,surefire:test,,./mvnw package -pl zeppelin-plugins -amd ${MAVEN_ARGS}
paper,apache_zeppelin_core_core-modules (8)_all.json,zeppelin-plugins/notebookrepo/github/target/surefire-reports/,maven-surefire-plugin:3.2.2:test (default-test) @ notebookrepo-github,surefire:test,surefire test reports,correct,same-module,False,surefire:test,,./mvnw package -pl zeppelin-plugins -amd ${MAVEN_ARGS}
paper,apache_zeppelin_core_core-modules (8)_all.json,zeppelin-plugins/notebookrepo/gcs/target/surefire-reports/,maven-surefire-plugin:3.2.2:test (default-test) @ notebookrepo-gcs,surefire:test,surefire test reports,correct,same-module,False,surefire:test,,./mvnw package -pl zeppelin-plugins -amd ${MAVEN_ARGS}
paper,apache_zeppelin_core_core-modules (8)_all.json,zeppelin-plugins/notebookrepo/filesystem/target/surefire-reports/,maven-surefire-plugin:3.2.2:test (default-test) @ notebookrepo-filesystem,surefire:test,surefire test reports,correct,same-module,False,surefire:test,,./mvnw package -pl zeppelin-plugins -amd ${MAVEN_ARGS}
paper,apache_zeppelin_core_default-build (11)_all.json,zeppelin-web-angular/target/test-classes/,maven-resources-plugin:3.3.0:testResources (default-testResources) @ zeppelin-web-angular,compiler/resources:testCompile|testResources,test classes,correct,same-module,False,resources:testResources,,./mvnw clean verify -DskipTests ${MAVEN_ARGS}
paper,apache_zeppelin_core_default-build (8)_all.json,spark/spark-common/target/test-classes/,maven-resources-plugin:3.3.0:testResources (default-testResources) @ spark-common,compiler/resources:testCompile|testResources,test classes,correct,same-module,False,resources:testResources,,./mvnw clean verify -DskipTests ${MAVEN_ARGS}
paper,"apache_zeppelin_core_flink-test-and-flink-integration-test (3.9, 116)_all.json",zeppelin-plugins/notebookrepo/github/target/maven-status/,maven-compiler-plugin:3.10.1:compile (default-compile) @ notebookrepo-github,compiler,compiler state (parent dir),correct,same-module,False,compiler:compile,,"./mvnw install -DskipTests -am -pl flink/flink-scala-2.12,flink-cmd,zeppelin-interpreter-integration -Pflink-${{ matrix.flink }} -Pintegration ${MAVEN_ARGS} ./mvnw clean package -pl zeppelin-plugins -"
paper,"apache_zeppelin_core_flink-test-and-flink-integration-test (3.9, 116)_all.json",zeppelin-plugins/notebookrepo/gcs/target/maven-status/,maven-compiler-plugin:3.10.1:compile (default-compile) @ notebookrepo-gcs,compiler,compiler state (parent dir),correct,same-module,False,compiler:compile,,"./mvnw install -DskipTests -am -pl flink/flink-scala-2.12,flink-cmd,zeppelin-interpreter-integration -Pflink-${{ matrix.flink }} -Pintegration ${MAVEN_ARGS} ./mvnw clean package -pl zeppelin-plugins -"
paper,"apache_zeppelin_core_interpreter-test-jupyter-python-rlang (3.7, 8)_all.json",python/target/surefire-reports/,maven-surefire-plugin:3.2.2:test (default-test) @ zeppelin-python,surefire:test,surefire test reports,correct,same-module,False,surefire:test,,"./mvnw test -pl python,rlang,zeppelin-jupyter-interpreter -DfailIfNoTests=false ${MAVEN_ARGS} "
paper,"apache_zeppelin_core_interpreter-test-jupyter-python-rlang (3.8, 8)_all.json",python/target/surefire-reports/,maven-surefire-plugin:3.2.2:test (default-test) @ zeppelin-python,surefire:test,surefire test reports,correct,same-module,False,surefire:test,,"./mvnw test -pl python,rlang,zeppelin-jupyter-interpreter -DfailIfNoTests=false ${MAVEN_ARGS} "
paper,apache_zeppelin_core_interpreter-test-non-core (11)_all.json,sparql/target/surefire-reports/,maven-surefire-plugin:3.2.2:test (default-test) @ zeppelin-sparql,surefire:test,surefire test reports,correct,same-module,False,surefire:test,,./mvnw verify -am -pl ${INTERPRETERS} ${MAVEN_ARGS}
paper,apache_zeppelin_core_interpreter-test-non-core (11)_all.json,neo4j/target/surefire-reports/,maven-surefire-plugin:3.2.2:test (default-test) @ zeppelin-neo4j,surefire:test,surefire test reports,correct,same-module,False,surefire:test,,./mvnw verify -am -pl ${INTERPRETERS} ${MAVEN_ARGS}
paper,apache_zeppelin_core_interpreter-test-non-core (11)_all.json,mongodb/target/surefire-reports/,maven-surefire-plugin:3.2.2:test (default-test) @ zeppelin-mongodb,surefire:test,surefire test reports,correct,same-module,False,surefire:test,,./mvnw verify -am -pl ${INTERPRETERS} ${MAVEN_ARGS}
paper,apache_zeppelin_core_interpreter-test-non-core (11)_all.json,livy/target/surefire-reports/,maven-surefire-plugin:3.2.2:test (default-test) @ zeppelin-livy,surefire:test,surefire test reports,correct,same-module,False,surefire:test,,./mvnw verify -am -pl ${INTERPRETERS} ${MAVEN_ARGS}
paper,apache_zeppelin_core_interpreter-test-non-core (11)_all.json,jdbc/target/surefire-reports/,maven-surefire-plugin:3.2.2:test (default-test) @ zeppelin-jdbc,surefire:test,surefire test reports,correct,same-module,False,surefire:test,,./mvnw verify -am -pl ${INTERPRETERS} ${MAVEN_ARGS}
paper,apache_zeppelin_core_interpreter-test-non-core (11)_all.json,java/target/surefire-reports/,maven-surefire-plugin:3.2.2:test (default-test) @ zeppelin-java,surefire:test,surefire test reports,correct,same-module,False,surefire:test,,./mvnw verify -am -pl ${INTERPRETERS} ${MAVEN_ARGS}
paper,apache_zeppelin_core_interpreter-test-non-core (11)_all.json,influxdb/target/surefire-reports/,maven-surefire-plugin:3.2.2:test (default-test) @ zeppelin-influxdb,surefire:test,surefire test reports,correct,same-module,False,surefire:test,,./mvnw verify -am -pl ${INTERPRETERS} ${MAVEN_ARGS}
paper,apache_zeppelin_core_interpreter-test-non-core (11)_all.json,hbase/target/surefire-reports/,maven-surefire-plugin:3.2.2:test (default-test) @ zeppelin-hbase,surefire:test,surefire test reports,correct,same-module,False,surefire:test,,./mvnw verify -am -pl ${INTERPRETERS} ${MAVEN_ARGS}
paper,apache_zeppelin_core_interpreter-test-non-core (11)_all.json,file/target/surefire-reports/,maven-surefire-plugin:3.2.2:test (default-test) @ zeppelin-file,surefire:test,surefire test reports,correct,same-module,False,surefire:test,,./mvnw verify -am -pl ${INTERPRETERS} ${MAVEN_ARGS}
paper,apache_zeppelin_core_interpreter-test-non-core (11)_all.json,elasticsearch/target/surefire-reports/,maven-surefire-plugin:3.2.2:test (default-test) @ zeppelin-elasticsearch,surefire:test,surefire test reports,correct,same-module,False,surefire:test,,./mvnw verify -am -pl ${INTERPRETERS} ${MAVEN_ARGS}
paper,apache_zeppelin_core_interpreter-test-non-core (11)_all.json,cassandra/target/surefire-reports/,maven-surefire-plugin:3.2.2:test (default-test) @ zeppelin-cassandra,surefire:test,surefire test reports,correct,same-module,False,surefire:test,,./mvnw verify -am -pl ${INTERPRETERS} ${MAVEN_ARGS}
paper,apache_zeppelin_core_interpreter-test-non-core (11)_all.json,alluxio/target/surefire-reports/,maven-surefire-plugin:3.2.2:test (default-test) @ zeppelin-alluxio,surefire:test,surefire test reports,correct,same-module,False,surefire:test,,./mvnw verify -am -pl ${INTERPRETERS} ${MAVEN_ARGS}
paper,apache_zeppelin_core_interpreter-test-non-core (8)_all.json,sparql/target/surefire-reports/,maven-surefire-plugin:3.2.2:test (default-test) @ zeppelin-sparql,surefire:test,surefire test reports,correct,same-module,False,surefire:test,,./mvnw verify -am -pl ${INTERPRETERS} ${MAVEN_ARGS}
paper,apache_zeppelin_core_interpreter-test-non-core (8)_all.json,shell/target/surefire-reports/,maven-surefire-plugin:3.2.2:test (default-test) @ zeppelin-shell,surefire:test,surefire test reports,correct,same-module,False,surefire:test,,./mvnw verify -am -pl ${INTERPRETERS} ${MAVEN_ARGS}
paper,apache_zeppelin_core_interpreter-test-non-core (8)_all.json,neo4j/target/surefire-reports/,maven-surefire-plugin:3.2.2:test (default-test) @ zeppelin-neo4j,surefire:test,surefire test reports,correct,same-module,False,surefire:test,,./mvnw verify -am -pl ${INTERPRETERS} ${MAVEN_ARGS}
paper,apache_zeppelin_core_interpreter-test-non-core (8)_all.json,mongodb/target/surefire-reports/,maven-surefire-plugin:3.2.2:test (default-test) @ zeppelin-mongodb,surefire:test,surefire test reports,correct,same-module,False,surefire:test,,./mvnw verify -am -pl ${INTERPRETERS} ${MAVEN_ARGS}
paper,apache_zeppelin_core_interpreter-test-non-core (8)_all.json,livy/target/surefire-reports/,maven-surefire-plugin:3.2.2:test (default-test) @ zeppelin-livy,surefire:test,surefire test reports,correct,same-module,False,surefire:test,,./mvnw verify -am -pl ${INTERPRETERS} ${MAVEN_ARGS}
paper,apache_zeppelin_core_interpreter-test-non-core (8)_all.json,jdbc/target/surefire-reports/,maven-surefire-plugin:3.2.2:test (default-test) @ zeppelin-jdbc,surefire:test,surefire test reports,correct,same-module,False,surefire:test,,./mvnw verify -am -pl ${INTERPRETERS} ${MAVEN_ARGS}
paper,apache_zeppelin_core_interpreter-test-non-core (8)_all.json,java/target/surefire-reports/,maven-surefire-plugin:3.2.2:test (default-test) @ zeppelin-java,surefire:test,surefire test reports,correct,same-module,False,surefire:test,,./mvnw verify -am -pl ${INTERPRETERS} ${MAVEN_ARGS}
paper,apache_zeppelin_core_interpreter-test-non-core (8)_all.json,influxdb/target/surefire-reports/,maven-surefire-plugin:3.2.2:test (default-test) @ zeppelin-influxdb,surefire:test,surefire test reports,correct,same-module,False,surefire:test,,./mvnw verify -am -pl ${INTERPRETERS} ${MAVEN_ARGS}
paper,apache_zeppelin_core_interpreter-test-non-core (8)_all.json,hbase/target/surefire-reports/,maven-surefire-plugin:3.2.2:test (default-test) @ zeppelin-hbase,surefire:test,surefire test reports,correct,same-module,False,surefire:test,,./mvnw verify -am -pl ${INTERPRETERS} ${MAVEN_ARGS}
paper,apache_zeppelin_core_interpreter-test-non-core (8)_all.json,file/target/surefire-reports/,maven-surefire-plugin:3.2.2:test (default-test) @ zeppelin-file,surefire:test,surefire test reports,correct,same-module,False,surefire:test,,./mvnw verify -am -pl ${INTERPRETERS} ${MAVEN_ARGS}
paper,apache_zeppelin_core_interpreter-test-non-core (8)_all.json,elasticsearch/target/surefire-reports/,maven-surefire-plugin:3.2.2:test (default-test) @ zeppelin-elasticsearch,surefire:test,surefire test reports,correct,same-module,False,surefire:test,,./mvnw verify -am -pl ${INTERPRETERS} ${MAVEN_ARGS}
paper,apache_zeppelin_core_interpreter-test-non-core (8)_all.json,cassandra/target/surefire-reports/,maven-surefire-plugin:3.2.2:test (default-test) @ zeppelin-cassandra,surefire:test,surefire test reports,correct,same-module,False,surefire:test,,./mvnw verify -am -pl ${INTERPRETERS} ${MAVEN_ARGS}
paper,apache_zeppelin_core_interpreter-test-non-core (8)_all.json,alluxio/target/surefire-reports/,maven-surefire-plugin:3.2.2:test (default-test) @ zeppelin-alluxio,surefire:test,surefire test reports,correct,same-module,False,surefire:test,,./mvnw verify -am -pl ${INTERPRETERS} ${MAVEN_ARGS}
paper,apache_zeppelin_core_livy-0-8-with-spark-2-4-under-python37_all.json,livy/target/surefire-reports/,maven-surefire-plugin:3.2.2:test (default-test) @ zeppelin-livy,surefire:test,surefire test reports,correct,same-module,False,surefire:test,,export SPARK_HOME=$PWD/spark-2.4.8-bin-hadoop2.7 export LIVY_HOME=$PWD/apache-livy-0.8.0-incubating_2.11-bin ./mvnw verify -pl livy -am ${MAVEN_ARGS} 
paper,apache_zeppelin_core_spark-integration-test (11)_all.json,zeppelin-plugins/notebookrepo/s3/target/maven-status/,maven-compiler-plugin:3.10.1:compile (default-compile) @ notebookrepo-s3,compiler,compiler state (parent dir),correct,same-module,False,compiler:compile,,"./mvnw install -DskipTests -pl zeppelin-interpreter-integration,zeppelin-web,spark-submit,spark/scala-2.12,spark/scala-2.13,markdown -am -Pweb-classic -Pintegration ${MAVEN_ARGS} ./mvnw clean package "
paper,apache_zeppelin_core_zeppelin-integration-test (11)_all.json,spark/spark-common/target/maven-status/,maven-compiler-plugin:3.10.1:compile (default-compile) @ spark-common,compiler,compiler state (parent dir),correct,same-module,False,compiler:compile,,"./mvnw install -DskipTests -Pintegration -pl zeppelin-interpreter-integration,zeppelin-web,spark-submit,spark/scala-2.12,spark/scala-2.13,markdown,flink-cmd,flink/flink-scala-2.12,jdbc,shell -am -Pweb"
paper,aragozin_jvm-tools_maven_build11_all.json,sjk-test/target/surefire-reports/,maven-surefire-plugin:3.0.0-M5:test (default-test) @ sjk-test,surefire:test,surefire test reports,correct,same-module,False,surefire:test,,mvn -B package --file pom.xml -DdisableToolchain
paper,aragozin_jvm-tools_maven_build11_all.json,sjk-stacktrace/target/surefire-reports/,maven-surefire-plugin:3.0.0-M5:test (default-test) @ sjk-stacktrace,surefire:test,surefire test reports,correct,same-module,False,surefire:test,,mvn -B package --file pom.xml -DdisableToolchain
paper,aragozin_jvm-tools_maven_build11_all.json,sjk-hflame/target/surefire-reports/,maven-surefire-plugin:3.0.0-M5:test (default-test) @ sjk-hflame,surefire:test,surefire test reports,correct,same-module,False,surefire:test,,mvn -B package --file pom.xml -DdisableToolchain
paper,aragozin_jvm-tools_maven_build11_all.json,sjk-core/target/surefire-reports/,maven-surefire-plugin:3.0.0-M5:test (default-test) @ sjk-core,surefire:test,surefire test reports,correct,same-module,False,surefire:test,,mvn -B package --file pom.xml -DdisableToolchain
paper,aragozin_jvm-tools_maven_build11_all.json,gcflow/target/surefire-reports/,maven-surefire-plugin:3.0.0-M5:test (default-test) @ gcflow,surefire:test,surefire test reports,correct,same-module,False,surefire:test,,mvn -B package --file pom.xml -DdisableToolchain
paper,aragozin_jvm-tools_maven_build15_all.json,sjk-stacktrace/target/surefire-reports/,maven-surefire-plugin:3.0.0-M5:test (default-test) @ sjk-stacktrace,surefire:test,surefire test reports,correct,same-module,False,surefire:test,,mvn -B help:active-profiles && mvn -B package --file pom.xml -DdisableToolchain
paper,aragozin_jvm-tools_maven_build15_all.json,sjk-hflame/target/surefire-reports/,maven-surefire-plugin:3.0.0-M5:test (default-test) @ sjk-hflame,surefire:test,surefire test reports,correct,same-module,False,surefire:test,,mvn -B help:active-profiles && mvn -B package --file pom.xml -DdisableToolchain
paper,aragozin_jvm-tools_maven_build15_all.json,sjk-core/target/surefire-reports/,maven-surefire-plugin:3.0.0-M5:test (default-test) @ sjk-core,surefire:test,surefire test reports,correct,same-module,False,surefire:test,,mvn -B help:active-profiles && mvn -B package --file pom.xml -DdisableToolchain
paper,aragozin_jvm-tools_maven_build15_all.json,gcflow/target/surefire-reports/,maven-surefire-plugin:3.0.0-M5:test (default-test) @ gcflow,surefire:test,surefire test reports,correct,same-module,False,surefire:test,,mvn -B help:active-profiles && mvn -B package --file pom.xml -DdisableToolchain
paper,aragozin_jvm-tools_maven_build17_all.json,sjk-stacktrace/target/surefire-reports/,maven-surefire-plugin:3.0.0-M5:test (default-test) @ sjk-stacktrace,surefire:test,surefire test reports,correct,same-module,False,surefire:test,,mvn -B help:active-profiles && mvn -B package --file pom.xml -DdisableToolchain
paper,aragozin_jvm-tools_maven_build17_all.json,sjk-hflame/target/surefire-reports/,maven-surefire-plugin:3.0.0-M5:test (default-test) @ sjk-hflame,surefire:test,surefire test reports,correct,same-module,False,surefire:test,,mvn -B help:active-profiles && mvn -B package --file pom.xml -DdisableToolchain
paper,aragozin_jvm-tools_maven_build17_all.json,sjk-core/target/surefire-reports/,maven-surefire-plugin:3.0.0-M5:test (default-test) @ sjk-core,surefire:test,surefire test reports,correct,same-module,False,surefire:test,,mvn -B help:active-profiles && mvn -B package --file pom.xml -DdisableToolchain
paper,aragozin_jvm-tools_maven_build21_all.json,sjk-test/target/surefire-reports/,maven-surefire-plugin:3.0.0-M5:test (default-test) @ sjk-test,surefire:test,surefire test reports,correct,same-module,False,surefire:test,,mvn -B help:active-profiles && mvn -B package --file pom.xml -DdisableToolchain
paper,aragozin_jvm-tools_maven_build21_all.json,sjk-stacktrace/target/surefire-reports/,maven-surefire-plugin:3.0.0-M5:test (default-test) @ sjk-stacktrace,surefire:test,surefire test reports,correct,same-module,False,surefire:test,,mvn -B help:active-profiles && mvn -B package --file pom.xml -DdisableToolchain
paper,aragozin_jvm-tools_maven_build21_all.json,sjk-hflame/target/surefire-reports/,maven-surefire-plugin:3.0.0-M5:test (default-test) @ sjk-hflame,surefire:test,surefire test reports,correct,same-module,False,surefire:test,,mvn -B help:active-profiles && mvn -B package --file pom.xml -DdisableToolchain
paper,aragozin_jvm-tools_maven_build21_all.json,sjk-core/target/surefire-reports/,maven-surefire-plugin:3.0.0-M5:test (default-test) @ sjk-core,surefire:test,surefire test reports,correct,same-module,False,surefire:test,,mvn -B help:active-profiles && mvn -B package --file pom.xml -DdisableToolchain
paper,aragozin_jvm-tools_maven_build8_all.json,sjk-test/target/surefire-reports/,maven-surefire-plugin:2.22.2:test (default-test) @ sjk-test,surefire:test,surefire test reports,correct,same-module,False,surefire:test,,mvn -B package --file pom.xml -DdisableToolchain
paper,aragozin_jvm-tools_maven_build8_all.json,sjk-hflame/target/surefire-reports/,maven-surefire-plugin:2.22.2:test (default-test) @ sjk-hflame,surefire:test,surefire test reports,correct,same-module,False,surefire:test,,mvn -B package --file pom.xml -DdisableToolchain
paper,aragozin_jvm-tools_maven_build8_all.json,sjk-core/target/surefire-reports/,maven-surefire-plugin:2.22.2:test (default-test) @ sjk-core,surefire:test,surefire test reports,correct,same-module,False,surefire:test,,mvn -B package --file pom.xml -DdisableToolchain
paper,aragozin_jvm-tools_maven_build8_all.json,gcflow/target/surefire-reports/,maven-surefire-plugin:2.22.2:test (default-test) @ gcflow,surefire:test,surefire test reports,correct,same-module,False,surefire:test,,mvn -B package --file pom.xml -DdisableToolchain
paper,AsyncHttpClient_async-http-client_builds_RunOnLinux_all.json,client/target/surefire-reports/,surefire:3.5.0:test (default-test) @ async-http-client,surefire:test,surefire test reports,correct,same-module,False,surefire:test,,./mvnw -B -ntp clean test
paper,AsyncHttpClient_async-http-client_maven_RunOnLinux_all.json,client/target/surefire-reports/,surefire:3.5.0:test (default-test) @ async-http-client,surefire:test,surefire test reports,correct,same-module,False,surefire:test,,./mvnw -B -ntp clean test
paper,citerus_dddsample-core_pipeline_build_all.json,target/surefire-reports/,maven-surefire-plugin:3.2.5:test (default-test) @ dddsample,surefire:test,surefire test reports,correct,n/a,False,surefire:test,,mvn -B test
paper,codecentric_spring-boot-admin_build-feature_build (ubuntu-latest)_all.json,spring-boot-admin-samples/spring-boot-admin-sample-zookeeper/target/surefire-reports/,maven-surefire-plugin:3.5.0:test (default-test) @ spring-boot-admin-sample-zookeeper,surefire:test,surefire test reports,correct,same-module,False,surefire:test,,mvn -B verify -P coverage --no-transfer-progress -D maven.javadoc.skip=true 
paper,codecentric_spring-boot-admin_build-feature_build (ubuntu-latest)_all.json,spring-boot-admin-samples/spring-boot-admin-sample-servlet/target/surefire-reports/,maven-surefire-plugin:3.5.0:test (default-test) @ spring-boot-admin-sample-servlet,surefire:test,surefire test reports,correct,same-module,False,surefire:test,,mvn -B verify -P coverage --no-transfer-progress -D maven.javadoc.skip=true 
paper,codecentric_spring-boot-admin_build-feature_build (ubuntu-latest)_all.json,spring-boot-admin-samples/spring-boot-admin-sample-reactive/target/surefire-reports/,maven-surefire-plugin:3.5.0:test (default-test) @ spring-boot-admin-sample-reactive,surefire:test,surefire test reports,correct,same-module,False,surefire:test,,mvn -B verify -P coverage --no-transfer-progress -D maven.javadoc.skip=true 
paper,codecentric_spring-boot-admin_build-feature_build (ubuntu-latest)_all.json,spring-boot-admin-samples/spring-boot-admin-sample-eureka/target/surefire-reports/,maven-surefire-plugin:3.5.0:test (default-test) @ spring-boot-admin-sample-eureka,surefire:test,surefire test reports,correct,same-module,False,surefire:test,,mvn -B verify -P coverage --no-transfer-progress -D maven.javadoc.skip=true 
paper,codecentric_spring-boot-admin_build-feature_build (ubuntu-latest)_all.json,spring-boot-admin-samples/spring-boot-admin-sample-consul/target/surefire-reports/,maven-surefire-plugin:3.5.0:test (default-test) @ spring-boot-admin-sample-consul,surefire:test,surefire test reports,correct,same-module,False,surefire:test,,mvn -B verify -P coverage --no-transfer-progress -D maven.javadoc.skip=true 
paper,crate_crate_main_checkstyle_all.json,libs/sql-parser/target/maven-status/,jacoco-maven-plugin:0.8.12:prepare-agent (default-prepare-agent) @ crate-libs-sql-parser,compiler,compiler state (parent dir),wrong-plugin,same-module,False,jacoco:prepare-agent,H3-predecessor,mvn compile checkstyle:checkstyle
paper,crate_crate_main_checkstyle_all.json,server/target/maven-status/,antlr4-maven-plugin:4.13.2:antlr4 (antlr) @ crate-server,compiler,compiler state (parent dir),wrong-plugin,same-module,False,antlr4:antlr4,H3-predecessor,mvn compile checkstyle:checkstyle
paper,crate_crate_main_checkstyle_all.json,libs/pgwire/target/maven-status/,antlr4-maven-plugin:4.13.2:antlr4 (antlr) @ crate-libs-pgwire,compiler,compiler state (parent dir),wrong-plugin,same-module,False,antlr4:antlr4,H3-predecessor,mvn compile checkstyle:checkstyle
paper,crate_crate_main_forbiddenApis_all.json,server/target/maven-status/,antlr4-maven-plugin:4.13.2:antlr4 (antlr) @ crate-server,compiler,compiler state (parent dir),wrong-plugin,same-module,False,antlr4:antlr4,H3-predecessor,mvn compile forbiddenapis:check 
paper,crate_crate_main_forbiddenApis_all.json,libs/sql-parser/target/maven-status/,antlr4-maven-plugin:4.13.2:antlr4 (antlr) @ crate-libs-sql-parser,compiler,compiler state (parent dir),wrong-plugin,same-module,False,antlr4:antlr4,H3-predecessor,mvn compile forbiddenapis:check 
paper,crate_crate_main_forbiddenApis_all.json,libs/pgwire/target/maven-status/,antlr4-maven-plugin:4.13.2:antlr4 (antlr) @ crate-libs-pgwire,compiler,compiler state (parent dir),wrong-plugin,same-module,False,antlr4:antlr4,H3-predecessor,mvn compile forbiddenapis:check 
paper,crate_crate_main_test (ubuntu-latest)_all.json,plugins/repository-gcs/target/surefire-reports/,maven-surefire-plugin:3.5.0:test (default-test) @ repository-gcs,surefire:test,surefire test reports,correct,same-module,False,surefire:test,,mvn test \   -Dtests.crate.run-windows-incompatible=true \   -DforkCount=2 \   -DthreadCount=2 \   -Dcheckstyle.skip \   -Dforbiddenapis.skip=true \   -Dmaven.javadoc.skip=true \   -Djacoco.skip=true 
paper,crate_crate_main_test (ubuntu-latest)_all.json,plugins/es-repository-url/target/surefire-reports/,maven-surefire-plugin:3.5.0:test (default-test) @ es-repository-s3,surefire:test,surefire test reports,correct,different-module,False,surefire:test,,mvn test \   -Dtests.crate.run-windows-incompatible=true \   -DforkCount=2 \   -DthreadCount=2 \   -Dcheckstyle.skip \   -Dforbiddenapis.skip=true \   -Dmaven.javadoc.skip=true \   -Djacoco.skip=true 
paper,crate_crate_main_test (ubuntu-latest)_all.json,plugins/es-repository-s3/target/surefire-reports/,maven-surefire-plugin:3.5.0:test (default-test) @ es-repository-s3,surefire:test,surefire test reports,correct,same-module,False,surefire:test,,mvn test \   -Dtests.crate.run-windows-incompatible=true \   -DforkCount=2 \   -DthreadCount=2 \   -Dcheckstyle.skip \   -Dforbiddenapis.skip=true \   -Dmaven.javadoc.skip=true \   -Djacoco.skip=true 
paper,crate_crate_main_test (ubuntu-latest)_all.json,plugins/es-repository-azure/target/surefire-reports/,maven-surefire-plugin:3.5.0:test (default-test) @ es-repository-azure,surefire:test,surefire test reports,correct,same-module,False,surefire:test,,mvn test \   -Dtests.crate.run-windows-incompatible=true \   -DforkCount=2 \   -DthreadCount=2 \   -Dcheckstyle.skip \   -Dforbiddenapis.skip=true \   -Dmaven.javadoc.skip=true \   -Djacoco.skip=true 
paper,crate_crate_main_test (ubuntu-latest)_all.json,plugins/es-analysis-phonetic/target/surefire-reports/,maven-surefire-plugin:3.5.0:test (default-test) @ es-analysis-phonetic,surefire:test,surefire test reports,correct,same-module,False,surefire:test,,mvn test \   -Dtests.crate.run-windows-incompatible=true \   -DforkCount=2 \   -DthreadCount=2 \   -Dcheckstyle.skip \   -Dforbiddenapis.skip=true \   -Dmaven.javadoc.skip=true \   -Djacoco.skip=true 
paper,crate_crate_main_test (ubuntu-latest)_all.json,libs/sql-parser/target/surefire-reports/,maven-surefire-plugin:3.5.0:test (default-test) @ crate-libs-sql-parser,surefire:test,surefire test reports,correct,same-module,False,surefire:test,,mvn test \   -Dtests.crate.run-windows-incompatible=true \   -DforkCount=2 \   -DthreadCount=2 \   -Dcheckstyle.skip \   -Dforbiddenapis.skip=true \   -Dmaven.javadoc.skip=true \   -Djacoco.skip=true 
paper,crate_crate_main_test (ubuntu-latest)_all.json,libs/shared/target/surefire-reports/,maven-surefire-plugin:3.5.0:test (default-test) @ crate-libs-shared,surefire:test,surefire test reports,correct,same-module,False,surefire:test,,mvn test \   -Dtests.crate.run-windows-incompatible=true \   -DforkCount=2 \   -DthreadCount=2 \   -Dcheckstyle.skip \   -Dforbiddenapis.skip=true \   -Dmaven.javadoc.skip=true \   -Djacoco.skip=true 
paper,crate_crate_main_test (ubuntu-latest)_all.json,libs/pgwire/target/surefire-reports/,maven-surefire-plugin:3.5.0:test (default-test) @ crate-libs-guice,surefire:test,surefire test reports,correct,different-module,False,surefire:test,,mvn test \   -Dtests.crate.run-windows-incompatible=true \   -DforkCount=2 \   -DthreadCount=2 \   -Dcheckstyle.skip \   -Dforbiddenapis.skip=true \   -Dmaven.javadoc.skip=true \   -Djacoco.skip=true 
paper,crate_crate_main_test (ubuntu-latest)_all.json,app/target/surefire-reports/,maven-surefire-plugin:3.5.0:test (default-test) @ crate-app,surefire:test,surefire test reports,correct,same-module,False,surefire:test,,mvn test \   -Dtests.crate.run-windows-incompatible=true \   -DforkCount=2 \   -DthreadCount=2 \   -Dcheckstyle.skip \   -Dforbiddenapis.skip=true \   -Dmaven.javadoc.skip=true \   -Djacoco.skip=true 
paper,cryptomator_cryptomator_pullrequest_test_all.json,target/surefire-reports/,maven-surefire-plugin:3.4.0:test (default-test) @ cryptomator,surefire:test,surefire test reports,correct,n/a,False,surefire:test,,xvfb-run mvn -B clean install jacoco:report -Pcoverage -Djavafx.platform=linux
paper,fabric8io_kubernetes-client_build_build (11)_all.json,extensions/volumesnapshot/tests/target/surefire-reports/,surefire:3.5.0:test (default-test) @ volumesnapshot-tests,surefire:test,surefire test reports,correct,same-module,False,surefire:test,,./mvnw ${MAVEN_ARGS} clean install
paper,fabric8io_kubernetes-client_build_build (11)_all.json,extensions/volcano/tests/target/surefire-reports/,surefire:3.5.0:test (default-test) @ volcano-tests,surefire:test,surefire test reports,correct,same-module,False,surefire:test,,./mvnw ${MAVEN_ARGS} clean install
paper,fabric8io_kubernetes-client_build_build (11)_all.json,extensions/verticalpodautoscaler/tests/target/surefire-reports/,surefire:3.5.0:test (default-test) @ verticalpodautoscaler-tests,surefire:test,surefire test reports,correct,same-module,False,surefire:test,,./mvnw ${MAVEN_ARGS} clean install
paper,fabric8io_kubernetes-client_build_build (11)_all.json,extensions/tekton/tests/target/surefire-reports/,surefire:3.5.0:test (default-test) @ tekton-tests,surefire:test,surefire test reports,correct,same-module,False,surefire:test,,./mvnw ${MAVEN_ARGS} clean install
paper,fabric8io_kubernetes-client_build_build (11)_all.json,extensions/tekton/model-v1beta1/target/surefire-reports/,surefire:3.5.0:test (default-test) @ tekton-model-v1beta1,surefire:test,surefire test reports,correct,same-module,False,surefire:test,,./mvnw ${MAVEN_ARGS} clean install
paper,fabric8io_kubernetes-client_build_build (11)_all.json,kubernetes-model-generator/openshift-model-operatorhub/target/surefire-reports/,surefire:3.5.0:test (default-test) @ openshift-model-operatorhub,surefire:test,surefire test reports,correct,same-module,False,surefire:test,,./mvnw ${MAVEN_ARGS} clean install
paper,fabric8io_kubernetes-client_build_build (11)_all.json,kubernetes-model-generator/openshift-model-operator/target/surefire-reports/,surefire:3.5.0:test (default-test) @ openshift-model-operator,surefire:test,surefire test reports,correct,same-module,False,surefire:test,,./mvnw ${MAVEN_ARGS} clean install
paper,fabric8io_kubernetes-client_build_build (11)_all.json,kubernetes-model-generator/openshift-model-miscellaneous/target/surefire-reports/,surefire:3.5.0:test (default-test) @ openshift-model-miscellaneous,surefire:test,surefire test reports,correct,same-module,False,surefire:test,,./mvnw ${MAVEN_ARGS} clean install
paper,fabric8io_kubernetes-client_build_build (11)_all.json,kubernetes-model-generator/openshift-model-machine/target/surefire-reports/,surefire:3.5.0:test (default-test) @ openshift-model-machine,surefire:test,surefire test reports,correct,same-module,False,surefire:test,,./mvnw ${MAVEN_ARGS} clean install
paper,fabric8io_kubernetes-client_build_build (11)_all.json,kubernetes-model-generator/openshift-model-installer/target/surefire-reports/,surefire:3.5.0:test (default-test) @ openshift-model-installer,surefire:test,surefire test reports,correct,same-module,False,surefire:test,,./mvnw ${MAVEN_ARGS} clean install
paper,fabric8io_kubernetes-client_build_build (11)_all.json,kubernetes-model-generator/openshift-model-hive/target/surefire-reports/,surefire:3.5.0:test (default-test) @ openshift-model-hive,surefire:test,surefire test reports,correct,same-module,False,surefire:test,,./mvnw ${MAVEN_ARGS} clean install
paper,fabric8io_kubernetes-client_build_build (11)_all.json,kubernetes-model-generator/openshift-model-config/target/surefire-reports/,surefire:3.5.0:test (default-test) @ openshift-model-config,surefire:test,surefire test reports,correct,same-module,False,surefire:test,,./mvnw ${MAVEN_ARGS} clean install
paper,fabric8io_kubernetes-client_build_build (11)_all.json,kubernetes-model-generator/openshift-model/target/surefire-reports/,surefire:3.5.0:test (default-test) @ openshift-model,surefire:test,surefire test reports,correct,same-module,False,surefire:test,,./mvnw ${MAVEN_ARGS} clean install
paper,fabric8io_kubernetes-client_build_build (11)_all.json,kubernetes-model-generator/openapi/maven-plugin/target/surefire-reports/,surefire:3.5.0:test (default-test) @ openapi-model-generator-maven-plugin,surefire:test,surefire test reports,correct,same-module,False,surefire:test,,./mvnw ${MAVEN_ARGS} clean install
paper,fabric8io_kubernetes-client_build_build (11)_all.json,extensions/open-virtual-networking/tests/target/surefire-reports/,surefire:3.5.0:test (default-test) @ open-virtual-networking-tests,surefire:test,surefire test reports,correct,same-module,False,surefire:test,,./mvnw ${MAVEN_ARGS} clean install
paper,fabric8io_kubernetes-client_build_build (11)_all.json,extensions/open-virtual-networking/model-v1/target/surefire-reports/,surefire:3.5.0:test (default-test) @ open-virtual-networking-model-v1,surefire:test,surefire test reports,correct,same-module,False,surefire:test,,./mvnw ${MAVEN_ARGS} clean install
paper,fabric8io_kubernetes-client_build_build (11)_all.json,extensions/open-cluster-management/tests/target/surefire-reports/,surefire:3.5.0:test (default-test) @ open-cluster-management-tests,surefire:test,surefire test reports,correct,same-module,False,surefire:test,,./mvnw ${MAVEN_ARGS} clean install
paper,fabric8io_kubernetes-client_build_build (11)_all.json,extensions/open-cluster-management/model-search/target/surefire-reports/,surefire:3.5.0:test (default-test) @ open-cluster-management-search-model,surefire:test,surefire test reports,correct,different-module,False,surefire:test,,./mvnw ${MAVEN_ARGS} clean install
paper,fabric8io_kubernetes-client_build_build (11)_all.json,extensions/open-cluster-management/model-policy/target/surefire-reports/,surefire:3.5.0:test (default-test) @ open-cluster-management-policy-model,surefire:test,surefire test reports,correct,different-module,False,surefire:test,,./mvnw ${MAVEN_ARGS} clean install
paper,fabric8io_kubernetes-client_build_build (11)_all.json,extensions/open-cluster-management/model-placementruleapps/target/surefire-reports/,surefire:3.5.0:test (default-test) @ open-cluster-management-placementruleapps-model,surefire:test,surefire test reports,correct,different-module,False,surefire:test,,./mvnw ${MAVEN_ARGS} clean install
paper,fabric8io_kubernetes-client_build_build (11)_all.json,extensions/open-cluster-management/model-operator/target/surefire-reports/,surefire:3.5.0:test (default-test) @ open-cluster-management-operator-model,surefire:test,surefire test reports,correct,different-module,False,surefire:test,,./mvnw ${MAVEN_ARGS} clean install
paper,fabric8io_kubernetes-client_build_build (11)_all.json,extensions/open-cluster-management/model-observability/target/surefire-reports/,surefire:3.5.0:test (default-test) @ open-cluster-management-observability-model,surefire:test,surefire test reports,correct,different-module,False,surefire:test,,./mvnw ${MAVEN_ARGS} clean install
paper,fabric8io_kubernetes-client_build_build (11)_all.json,extensions/open-cluster-management/model-discovery/target/surefire-reports/,surefire:3.5.0:test (default-test) @ open-cluster-management-discovery-model,surefire:test,surefire test reports,correct,different-module,False,surefire:test,,./mvnw ${MAVEN_ARGS} clean install
paper,fabric8io_kubernetes-client_build_build (11)_all.json,extensions/open-cluster-management/model-cluster/target/surefire-reports/,surefire:3.5.0:test (default-test) @ open-cluster-management-cluster-model,surefire:test,surefire test reports,correct,different-module,False,surefire:test,,./mvnw ${MAVEN_ARGS} clean install
paper,fabric8io_kubernetes-client_build_build (11)_all.json,extensions/open-cluster-management/model-apps/target/surefire-reports/,surefire:3.5.0:test (default-test) @ open-cluster-management-apps-model,surefire:test,surefire test reports,correct,different-module,False,surefire:test,,./mvnw ${MAVEN_ARGS} clean install
paper,fabric8io_kubernetes-client_build_build (11)_all.json,extensions/open-cluster-management/model-agent/target/surefire-reports/,surefire:3.5.0:test (default-test) @ open-cluster-management-agent-model,surefire:test,surefire test reports,correct,different-module,False,surefire:test,,./mvnw ${MAVEN_ARGS} clean install
paper,fabric8io_kubernetes-client_build_build (11)_all.json,kubernetes-model-generator/kubernetes-model-storageclass/target/surefire-reports/,surefire:3.5.0:test (default-test) @ kubernetes-model-storageclass,surefire:test,surefire test reports,correct,same-module,False,surefire:test,,./mvnw ${MAVEN_ARGS} clean install
paper,fabric8io_kubernetes-client_build_build (11)_all.json,kubernetes-model-generator/kubernetes-model-resource/target/surefire-reports/,surefire:3.5.0:test (default-test) @ kubernetes-model-resource,surefire:test,surefire test reports,correct,same-module,False,surefire:test,,./mvnw ${MAVEN_ARGS} clean install
paper,fabric8io_kubernetes-client_build_build (11)_all.json,kubernetes-model-generator/kubernetes-model-rbac/target/surefire-reports/,surefire:3.5.0:test (default-test) @ kubernetes-model-rbac,surefire:test,surefire test reports,correct,same-module,False,surefire:test,,./mvnw ${MAVEN_ARGS} clean install
paper,fabric8io_kubernetes-client_build_build (11)_all.json,kubernetes-model-generator/kubernetes-model-policy/target/surefire-reports/,surefire:3.5.0:test (default-test) @ kubernetes-model-policy,surefire:test,surefire test reports,correct,same-module,False,surefire:test,,./mvnw ${MAVEN_ARGS} clean install
paper,fabric8io_kubernetes-client_build_build (11)_all.json,kubernetes-model-generator/kubernetes-model-networking/target/surefire-reports/,surefire:3.5.0:test (default-test) @ kubernetes-model-networking,surefire:test,surefire test reports,correct,same-module,False,surefire:test,,./mvnw ${MAVEN_ARGS} clean install
paper,fabric8io_kubernetes-client_build_build (11)_all.json,kubernetes-model-generator/kubernetes-model-metrics/target/surefire-reports/,surefire:3.5.0:test (default-test) @ kubernetes-model-metrics,surefire:test,surefire test reports,correct,same-module,False,surefire:test,,./mvnw ${MAVEN_ARGS} clean install
paper,fabric8io_kubernetes-client_build_build (11)_all.json,kubernetes-model-generator/kubernetes-model-kustomize/target/surefire-reports/,surefire:3.5.0:test (default-test) @ kubernetes-model-kustomize,surefire:test,surefire test reports,correct,same-module,False,surefire:test,,./mvnw ${MAVEN_ARGS} clean install
paper,fabric8io_kubernetes-client_build_build (11)_all.json,kubernetes-model-generator/kubernetes-model-jsonschema2pojo/target/surefire-reports/,surefire:3.5.0:test (default-test) @ kubernetes-model-jsonschema2pojo,surefire:test,surefire test reports,correct,same-module,False,surefire:test,,./mvnw ${MAVEN_ARGS} clean install
paper,fabric8io_kubernetes-client_build_build (11)_all.json,kubernetes-model-generator/kubernetes-model-gatewayapi/target/surefire-reports/,surefire:3.5.0:test (default-test) @ kubernetes-model-gatewayapi,surefire:test,surefire test reports,correct,same-module,False,surefire:test,,./mvnw ${MAVEN_ARGS} clean install
paper,fabric8io_kubernetes-client_build_build (11)_all.json,kubernetes-model-generator/kubernetes-model-flowcontrol/target/surefire-reports/,surefire:3.5.0:test (default-test) @ kubernetes-model-flowcontrol,surefire:test,surefire test reports,correct,same-module,False,surefire:test,,./mvnw ${MAVEN_ARGS} clean install
paper,fabric8io_kubernetes-client_build_build (11)_all.json,kubernetes-model-generator/kubernetes-model-discovery/target/surefire-reports/,surefire:3.5.0:test (default-test) @ kubernetes-model-discovery,surefire:test,surefire test reports,correct,same-module,False,surefire:test,,./mvnw ${MAVEN_ARGS} clean install
paper,fabric8io_kubernetes-client_build_build (11)_all.json,kubernetes-model-generator/kubernetes-model-core/target/surefire-reports/,surefire:3.5.0:test (default-test) @ kubernetes-model-core,surefire:test,surefire test reports,correct,same-module,False,surefire:test,,./mvnw ${MAVEN_ARGS} clean install
paper,fabric8io_kubernetes-client_build_build (11)_all.json,kubernetes-model-generator/kubernetes-model-common/target/surefire-reports/,surefire:3.5.0:test (default-test) @ kubernetes-model-common,surefire:test,surefire test reports,correct,same-module,False,surefire:test,,./mvnw ${MAVEN_ARGS} clean install
paper,fabric8io_kubernetes-client_build_build (11)_all.json,kubernetes-model-generator/kubernetes-model-certificates/target/surefire-reports/,surefire:3.5.0:test (default-test) @ kubernetes-model-certificates,surefire:test,surefire test reports,correct,same-module,False,surefire:test,,./mvnw ${MAVEN_ARGS} clean install
paper,fabric8io_kubernetes-client_build_build (11)_all.json,kubernetes-model-generator/kubernetes-model-batch/target/surefire-reports/,surefire:3.5.0:test (default-test) @ kubernetes-model-batch,surefire:test,surefire test reports,correct,same-module,False,surefire:test,,./mvnw ${MAVEN_ARGS} clean install
paper,fabric8io_kubernetes-client_build_build (11)_all.json,kubernetes-model-generator/kubernetes-model-autoscaling/target/surefire-reports/,surefire:3.5.0:test (default-test) @ kubernetes-model-autoscaling,surefire:test,surefire test reports,correct,same-module,False,surefire:test,,./mvnw ${MAVEN_ARGS} clean install
paper,fabric8io_kubernetes-client_build_build (11)_all.json,kubernetes-model-generator/kubernetes-model-apps/target/surefire-reports/,surefire:3.5.0:test (default-test) @ kubernetes-model-apps,surefire:test,surefire test reports,correct,same-module,False,surefire:test,,./mvnw ${MAVEN_ARGS} clean install
paper,fabric8io_kubernetes-client_build_build (11)_all.json,kubernetes-model-generator/kubernetes-model-apiextensions/target/surefire-reports/,surefire:3.5.0:test (default-test) @ kubernetes-model-apiextensions,surefire:test,surefire test reports,correct,same-module,False,surefire:test,,./mvnw ${MAVEN_ARGS} clean install
paper,fabric8io_kubernetes-client_build_build (11)_all.json,kubernetes-model-generator/kubernetes-model-admissionregistration/target/surefire-reports/,surefire:3.5.0:test (default-test) @ kubernetes-model-admissionregistration,surefire:test,surefire test reports,correct,same-module,False,surefire:test,,./mvnw ${MAVEN_ARGS} clean install
paper,fabric8io_kubernetes-client_build_build (11)_all.json,junit/kubernetes-junit-jupiter/target/surefire-reports/,surefire:3.5.0:test (default-test) @ kubernetes-junit-jupiter,surefire:test,surefire test reports,correct,same-module,False,surefire:test,,./mvnw ${MAVEN_ARGS} clean install
paper,fabric8io_kubernetes-client_build_build (11)_all.json,extensions/knative/tests/target/surefire-reports/,surefire:3.5.0:test (default-test) @ knative-tests,surefire:test,surefire test reports,correct,same-module,False,surefire:test,,./mvnw ${MAVEN_ARGS} clean install
paper,fabric8io_kubernetes-client_build_build (11)_all.json,extensions/knative/model/target/surefire-reports/,surefire:3.5.0:test (default-test) @ knative-model,surefire:test,surefire test reports,correct,same-module,False,surefire:test,,./mvnw ${MAVEN_ARGS} clean install
paper,fabric8io_kubernetes-client_build_build (11)_all.json,java-generator/core/target/surefire-reports/,surefire:3.5.0:test (default-test) @ java-generator-core,surefire:test,surefire test reports,correct,same-module,False,surefire:test,,./mvnw ${MAVEN_ARGS} clean install
paper,fabric8io_kubernetes-client_build_build (11)_all.json,extensions/istio/tests/target/surefire-reports/,surefire:3.5.0:test (default-test) @ istio-tests,surefire:test,surefire test reports,correct,same-module,False,surefire:test,,./mvnw ${MAVEN_ARGS} clean install
paper,fabric8io_kubernetes-client_build_build (11)_all.json,extensions/istio/model-v1beta1/target/surefire-reports/,surefire:3.5.0:test (default-test) @ istio-model-v1beta1,surefire:test,surefire test reports,correct,same-module,False,surefire:test,,./mvnw ${MAVEN_ARGS} clean install
paper,fabric8io_kubernetes-client_build_build (11)_all.json,extensions/istio/model-v1alpha3/target/surefire-reports/,surefire:3.5.0:test (default-test) @ istio-model-v1alpha3,surefire:test,surefire test reports,correct,same-module,False,surefire:test,,./mvnw ${MAVEN_ARGS} clean install
paper,fabric8io_kubernetes-client_build_build (11)_all.json,java-generator/gradle-plugin/target/surefire-reports/,surefire:3.5.0:test (default-test) @ io.fabric8.java-generator.gradle.plugin,surefire:test,surefire test reports,correct,different-module,False,surefire:test,,./mvnw ${MAVEN_ARGS} clean install
paper,fabric8io_kubernetes-client_build_build (11)_all.json,crd-generator/test/target/surefire-reports/,surefire:3.5.0:test (default-test) @ crd-generator-test,surefire:test,surefire test reports,correct,same-module,False,surefire:test,,./mvnw ${MAVEN_ARGS} clean install
paper,fabric8io_kubernetes-client_build_build (11)_all.json,crd-generator/maven-plugin/target/surefire-reports/,surefire:3.5.0:test (default-test) @ crd-generator-maven-plugin,surefire:test,surefire test reports,correct,same-module,False,surefire:test,,./mvnw ${MAVEN_ARGS} clean install
paper,fabric8io_kubernetes-client_build_build (11)_all.json,crd-generator/collector/target/surefire-reports/,surefire:3.5.0:test (default-test) @ crd-generator-collector,surefire:test,surefire test reports,correct,same-module,False,surefire:test,,./mvnw ${MAVEN_ARGS} clean install
paper,fabric8io_kubernetes-client_build_build (11)_all.json,crd-generator/api/target/surefire-reports/,surefire:3.5.0:test (default-test) @ crd-generator-api,surefire:test,surefire test reports,correct,same-module,False,surefire:test,,./mvnw ${MAVEN_ARGS} clean install
paper,fabric8io_kubernetes-client_build_build (11)_all.json,extensions/chaosmesh/tests/target/surefire-reports/,surefire:3.5.0:test (default-test) @ chaosmesh-tests,surefire:test,surefire test reports,correct,same-module,False,surefire:test,,./mvnw ${MAVEN_ARGS} clean install
paper,fabric8io_kubernetes-client_build_build (11)_all.json,kubernetes-tests/target/site/jacoco-aggregate/,jacoco:0.8.12:report-aggregate (report-aggregate) @ kubernetes-test,jacoco,jacoco report,correct,same-module,False,jacoco:report-aggregate,,./mvnw ${MAVEN_ARGS} clean install
paper,fabric8io_kubernetes-client_build_build (11)_all.json,java-generator/it/target/it/datetime-fmt/target/surefire-reports/,invoker:3.8.0:run (integration-tests) @ java-generator-integration-tests,surefire:test,surefire test reports,wrong-plugin,different-module,False,invoker:run,H2-nested-build,./mvnw ${MAVEN_ARGS} clean install
paper,fabric8io_kubernetes-client_build_build (11)_all.json,java-generator/it/target/it/crd-names/target/surefire-reports/,invoker:3.8.0:run (integration-tests) @ java-generator-integration-tests,surefire:test,surefire test reports,wrong-plugin,different-module,False,invoker:run,H2-nested-build,./mvnw ${MAVEN_ARGS} clean install
paper,fabric8io_kubernetes-client_build_build (11)_all.json,java-generator/it/target/it/escape-characters/target/surefire-reports/,invoker:3.8.0:run (integration-tests) @ java-generator-integration-tests,surefire:test,surefire test reports,wrong-plugin,different-module,False,invoker:run,H2-nested-build,./mvnw ${MAVEN_ARGS} clean install
paper,fabric8io_kubernetes-client_build_build (11)_all.json,java-generator/it/target/it/preserve-unknown-objects-through-config/target/surefire-reports/,invoker:3.8.0:run (integration-tests) @ java-generator-integration-tests,surefire:test,surefire test reports,wrong-plugin,different-module,False,invoker:run,H2-nested-build,./mvnw ${MAVEN_ARGS} clean install
paper,fabric8io_kubernetes-client_build_build (11)_all.json,java-generator/it/target/it/preserve-unknown-toplevel-objects/target/surefire-reports/,invoker:3.8.0:run (integration-tests) @ java-generator-integration-tests,surefire:test,surefire test reports,wrong-plugin,different-module,False,invoker:run,H2-nested-build,./mvnw ${MAVEN_ARGS} clean install
paper,fabric8io_kubernetes-client_build_build (11)_all.json,java-generator/it/target/it/preserve-unknown-serdeser/target/surefire-reports/,invoker:3.8.0:run (integration-tests) @ java-generator-integration-tests,surefire:test,surefire test reports,wrong-plugin,different-module,False,invoker:run,H2-nested-build,./mvnw ${MAVEN_ARGS} clean install
paper,fabric8io_kubernetes-client_build_build (11)_all.json,java-generator/it/target/it/ignore-unknown-toplevel-objects/target/surefire-reports/,invoker:3.8.0:run (integration-tests) @ java-generator-integration-tests,surefire:test,surefire test reports,wrong-plugin,different-module,False,invoker:run,H2-nested-build,./mvnw ${MAVEN_ARGS} clean install
paper,fabric8io_kubernetes-client_build_build (11)_all.json,java-generator/it/target/it/ser-deser/target/surefire-reports/,invoker:3.8.0:run (integration-tests) @ java-generator-integration-tests,surefire:test,surefire test reports,wrong-plugin,different-module,False,invoker:run,H2-nested-build,./mvnw ${MAVEN_ARGS} clean install
paper,fabric8io_kubernetes-client_build_build (11)_all.json,java-generator/it/target/it/default-values-instantiation/target/surefire-reports/,invoker:3.8.0:run (integration-tests) @ java-generator-integration-tests,surefire:test,surefire test reports,wrong-plugin,different-module,False,invoker:run,H2-nested-build,./mvnw ${MAVEN_ARGS} clean install
paper,fabric8io_kubernetes-client_build_build (17)_all.json,extensions/volumesnapshot/tests/target/surefire-reports/,surefire:3.5.0:test (default-test) @ volumesnapshot-tests,surefire:test,surefire test reports,correct,same-module,False,surefire:test,,./mvnw ${MAVEN_ARGS} clean install
paper,fabric8io_kubernetes-client_build_build (17)_all.json,extensions/volcano/tests/target/surefire-reports/,surefire:3.5.0:test (default-test) @ volcano-tests,surefire:test,surefire test reports,correct,same-module,False,surefire:test,,./mvnw ${MAVEN_ARGS} clean install
paper,fabric8io_kubernetes-client_build_build (17)_all.json,extensions/verticalpodautoscaler/tests/target/surefire-reports/,surefire:3.5.0:test (default-test) @ verticalpodautoscaler-tests,surefire:test,surefire test reports,correct,same-module,False,surefire:test,,./mvnw ${MAVEN_ARGS} clean install
paper,fabric8io_kubernetes-client_build_build (17)_all.json,extensions/tekton/tests/target/surefire-reports/,surefire:3.5.0:test (default-test) @ tekton-tests,surefire:test,surefire test reports,correct,same-module,False,surefire:test,,./mvnw ${MAVEN_ARGS} clean install
paper,fabric8io_kubernetes-client_build_build (17)_all.json,extensions/tekton/model-v1beta1/target/surefire-reports/,surefire:3.5.0:test (default-test) @ tekton-model-v1beta1,surefire:test,surefire test reports,correct,same-module,False,surefire:test,,./mvnw ${MAVEN_ARGS} clean install
paper,fabric8io_kubernetes-client_build_build (17)_all.json,kubernetes-model-generator/openshift-model-operatorhub/target/surefire-reports/,surefire:3.5.0:test (default-test) @ openshift-model-operatorhub,surefire:test,surefire test reports,correct,same-module,False,surefire:test,,./mvnw ${MAVEN_ARGS} clean install
paper,fabric8io_kubernetes-client_build_build (17)_all.json,kubernetes-model-generator/openshift-model-operator/target/surefire-reports/,surefire:3.5.0:test (default-test) @ openshift-model-operator,surefire:test,surefire test reports,correct,same-module,False,surefire:test,,./mvnw ${MAVEN_ARGS} clean install
paper,fabric8io_kubernetes-client_build_build (17)_all.json,kubernetes-model-generator/openshift-model-miscellaneous/target/surefire-reports/,surefire:3.5.0:test (default-test) @ openshift-model-miscellaneous,surefire:test,surefire test reports,correct,same-module,False,surefire:test,,./mvnw ${MAVEN_ARGS} clean install
paper,fabric8io_kubernetes-client_build_build (17)_all.json,kubernetes-model-generator/openshift-model-machine/target/surefire-reports/,surefire:3.5.0:test (default-test) @ openshift-model-machine,surefire:test,surefire test reports,correct,same-module,False,surefire:test,,./mvnw ${MAVEN_ARGS} clean install
paper,fabric8io_kubernetes-client_build_build (17)_all.json,kubernetes-model-generator/openshift-model-installer/target/surefire-reports/,surefire:3.5.0:test (default-test) @ openshift-model-installer,surefire:test,surefire test reports,correct,same-module,False,surefire:test,,./mvnw ${MAVEN_ARGS} clean install
paper,fabric8io_kubernetes-client_build_build (17)_all.json,kubernetes-model-generator/openshift-model-hive/target/surefire-reports/,surefire:3.5.0:test (default-test) @ openshift-model-hive,surefire:test,surefire test reports,correct,same-module,False,surefire:test,,./mvnw ${MAVEN_ARGS} clean install
paper,fabric8io_kubernetes-client_build_build (17)_all.json,kubernetes-model-generator/openshift-model-config/target/surefire-reports/,surefire:3.5.0:test (default-test) @ openshift-model-config,surefire:test,surefire test reports,correct,same-module,False,surefire:test,,./mvnw ${MAVEN_ARGS} clean install
paper,fabric8io_kubernetes-client_build_build (17)_all.json,kubernetes-model-generator/openshift-model/target/surefire-reports/,surefire:3.5.0:test (default-test) @ openshift-model,surefire:test,surefire test reports,correct,same-module,False,surefire:test,,./mvnw ${MAVEN_ARGS} clean install
paper,fabric8io_kubernetes-client_build_build (17)_all.json,kubernetes-model-generator/openapi/maven-plugin/target/surefire-reports/,surefire:3.5.0:test (default-test) @ openapi-model-generator-maven-plugin,surefire:test,surefire test reports,correct,same-module,False,surefire:test,,./mvnw ${MAVEN_ARGS} clean install
paper,fabric8io_kubernetes-client_build_build (17)_all.json,extensions/open-virtual-networking/tests/target/surefire-reports/,surefire:3.5.0:test (default-test) @ open-virtual-networking-tests,surefire:test,surefire test reports,correct,same-module,False,surefire:test,,./mvnw ${MAVEN_ARGS} clean install
paper,fabric8io_kubernetes-client_build_build (17)_all.json,extensions/open-virtual-networking/model-v1/target/surefire-reports/,surefire:3.5.0:test (default-test) @ open-virtual-networking-model-v1,surefire:test,surefire test reports,correct,same-module,False,surefire:test,,./mvnw ${MAVEN_ARGS} clean install
paper,fabric8io_kubernetes-client_build_build (17)_all.json,extensions/open-cluster-management/tests/target/surefire-reports/,surefire:3.5.0:test (default-test) @ open-cluster-management-tests,surefire:test,surefire test reports,correct,same-module,False,surefire:test,,./mvnw ${MAVEN_ARGS} clean install
paper,fabric8io_kubernetes-client_build_build (17)_all.json,extensions/open-cluster-management/model-search/target/surefire-reports/,surefire:3.5.0:test (default-test) @ open-cluster-management-search-model,surefire:test,surefire test reports,correct,different-module,False,surefire:test,,./mvnw ${MAVEN_ARGS} clean install
paper,fabric8io_kubernetes-client_build_build (17)_all.json,extensions/open-cluster-management/model-policy/target/surefire-reports/,surefire:3.5.0:test (default-test) @ open-cluster-management-policy-model,surefire:test,surefire test reports,correct,different-module,False,surefire:test,,./mvnw ${MAVEN_ARGS} clean install
paper,fabric8io_kubernetes-client_build_build (17)_all.json,extensions/open-cluster-management/model-placementruleapps/target/surefire-reports/,surefire:3.5.0:test (default-test) @ open-cluster-management-placementruleapps-model,surefire:test,surefire test reports,correct,different-module,False,surefire:test,,./mvnw ${MAVEN_ARGS} clean install
paper,fabric8io_kubernetes-client_build_build (17)_all.json,extensions/open-cluster-management/model-operator/target/surefire-reports/,surefire:3.5.0:test (default-test) @ open-cluster-management-operator-model,surefire:test,surefire test reports,correct,different-module,False,surefire:test,,./mvnw ${MAVEN_ARGS} clean install
paper,fabric8io_kubernetes-client_build_build (17)_all.json,extensions/open-cluster-management/model-observability/target/surefire-reports/,surefire:3.5.0:test (default-test) @ open-cluster-management-observability-model,surefire:test,surefire test reports,correct,different-module,False,surefire:test,,./mvnw ${MAVEN_ARGS} clean install
paper,fabric8io_kubernetes-client_build_build (17)_all.json,extensions/open-cluster-management/model-discovery/target/surefire-reports/,surefire:3.5.0:test (default-test) @ open-cluster-management-discovery-model,surefire:test,surefire test reports,correct,different-module,False,surefire:test,,./mvnw ${MAVEN_ARGS} clean install
paper,fabric8io_kubernetes-client_build_build (17)_all.json,extensions/open-cluster-management/model-cluster/target/surefire-reports/,surefire:3.5.0:test (default-test) @ open-cluster-management-cluster-model,surefire:test,surefire test reports,correct,different-module,False,surefire:test,,./mvnw ${MAVEN_ARGS} clean install
paper,fabric8io_kubernetes-client_build_build (17)_all.json,extensions/open-cluster-management/model-apps/target/surefire-reports/,surefire:3.5.0:test (default-test) @ open-cluster-management-apps-model,surefire:test,surefire test reports,correct,different-module,False,surefire:test,,./mvnw ${MAVEN_ARGS} clean install
paper,fabric8io_kubernetes-client_build_build (17)_all.json,extensions/open-cluster-management/model-agent/target/surefire-reports/,surefire:3.5.0:test (default-test) @ open-cluster-management-agent-model,surefire:test,surefire test reports,correct,different-module,False,surefire:test,,./mvnw ${MAVEN_ARGS} clean install
paper,fabric8io_kubernetes-client_build_build (17)_all.json,kubernetes-model-generator/kubernetes-model-storageclass/target/surefire-reports/,surefire:3.5.0:test (default-test) @ kubernetes-model-storageclass,surefire:test,surefire test reports,correct,same-module,False,surefire:test,,./mvnw ${MAVEN_ARGS} clean install
paper,fabric8io_kubernetes-client_build_build (17)_all.json,kubernetes-model-generator/kubernetes-model-resource/target/surefire-reports/,surefire:3.5.0:test (default-test) @ kubernetes-model-resource,surefire:test,surefire test reports,correct,same-module,False,surefire:test,,./mvnw ${MAVEN_ARGS} clean install
paper,fabric8io_kubernetes-client_build_build (17)_all.json,kubernetes-model-generator/kubernetes-model-rbac/target/surefire-reports/,surefire:3.5.0:test (default-test) @ kubernetes-model-rbac,surefire:test,surefire test reports,correct,same-module,False,surefire:test,,./mvnw ${MAVEN_ARGS} clean install
paper,fabric8io_kubernetes-client_build_build (17)_all.json,kubernetes-model-generator/kubernetes-model-policy/target/surefire-reports/,surefire:3.5.0:test (default-test) @ kubernetes-model-policy,surefire:test,surefire test reports,correct,same-module,False,surefire:test,,./mvnw ${MAVEN_ARGS} clean install
paper,fabric8io_kubernetes-client_build_build (17)_all.json,kubernetes-model-generator/kubernetes-model-networking/target/surefire-reports/,surefire:3.5.0:test (default-test) @ kubernetes-model-networking,surefire:test,surefire test reports,correct,same-module,False,surefire:test,,./mvnw ${MAVEN_ARGS} clean install
paper,fabric8io_kubernetes-client_build_build (17)_all.json,kubernetes-model-generator/kubernetes-model-metrics/target/surefire-reports/,surefire:3.5.0:test (default-test) @ kubernetes-model-metrics,surefire:test,surefire test reports,correct,same-module,False,surefire:test,,./mvnw ${MAVEN_ARGS} clean install
paper,fabric8io_kubernetes-client_build_build (17)_all.json,kubernetes-model-generator/kubernetes-model-kustomize/target/surefire-reports/,surefire:3.5.0:test (default-test) @ kubernetes-model-kustomize,surefire:test,surefire test reports,correct,same-module,False,surefire:test,,./mvnw ${MAVEN_ARGS} clean install
paper,fabric8io_kubernetes-client_build_build (17)_all.json,kubernetes-model-generator/kubernetes-model-jsonschema2pojo/target/surefire-reports/,surefire:3.5.0:test (default-test) @ kubernetes-model-jsonschema2pojo,surefire:test,surefire test reports,correct,same-module,False,surefire:test,,./mvnw ${MAVEN_ARGS} clean install
paper,fabric8io_kubernetes-client_build_build (17)_all.json,kubernetes-model-generator/kubernetes-model-gatewayapi/target/surefire-reports/,surefire:3.5.0:test (default-test) @ kubernetes-model-gatewayapi,surefire:test,surefire test reports,correct,same-module,False,surefire:test,,./mvnw ${MAVEN_ARGS} clean install
paper,fabric8io_kubernetes-client_build_build (17)_all.json,kubernetes-model-generator/kubernetes-model-flowcontrol/target/surefire-reports/,surefire:3.5.0:test (default-test) @ kubernetes-model-flowcontrol,surefire:test,surefire test reports,correct,same-module,False,surefire:test,,./mvnw ${MAVEN_ARGS} clean install
paper,fabric8io_kubernetes-client_build_build (17)_all.json,kubernetes-model-generator/kubernetes-model-discovery/target/surefire-reports/,surefire:3.5.0:test (default-test) @ kubernetes-model-discovery,surefire:test,surefire test reports,correct,same-module,False,surefire:test,,./mvnw ${MAVEN_ARGS} clean install
paper,fabric8io_kubernetes-client_build_build (17)_all.json,kubernetes-model-generator/kubernetes-model-core/target/surefire-reports/,surefire:3.5.0:test (default-test) @ kubernetes-model-core,surefire:test,surefire test reports,correct,same-module,False,surefire:test,,./mvnw ${MAVEN_ARGS} clean install
paper,fabric8io_kubernetes-client_build_build (17)_all.json,kubernetes-model-generator/kubernetes-model-common/target/surefire-reports/,surefire:3.5.0:test (default-test) @ kubernetes-model-common,surefire:test,surefire test reports,correct,same-module,False,surefire:test,,./mvnw ${MAVEN_ARGS} clean install
paper,fabric8io_kubernetes-client_build_build (17)_all.json,kubernetes-model-generator/kubernetes-model-certificates/target/surefire-reports/,surefire:3.5.0:test (default-test) @ kubernetes-model-certificates,surefire:test,surefire test reports,correct,same-module,False,surefire:test,,./mvnw ${MAVEN_ARGS} clean install
paper,fabric8io_kubernetes-client_build_build (17)_all.json,kubernetes-model-generator/kubernetes-model-batch/target/surefire-reports/,surefire:3.5.0:test (default-test) @ kubernetes-model-batch,surefire:test,surefire test reports,correct,same-module,False,surefire:test,,./mvnw ${MAVEN_ARGS} clean install
paper,fabric8io_kubernetes-client_build_build (17)_all.json,kubernetes-model-generator/kubernetes-model-autoscaling/target/surefire-reports/,surefire:3.5.0:test (default-test) @ kubernetes-model-autoscaling,surefire:test,surefire test reports,correct,same-module,False,surefire:test,,./mvnw ${MAVEN_ARGS} clean install
paper,fabric8io_kubernetes-client_build_build (17)_all.json,kubernetes-model-generator/kubernetes-model-apps/target/surefire-reports/,surefire:3.5.0:test (default-test) @ kubernetes-model-apps,surefire:test,surefire test reports,correct,same-module,False,surefire:test,,./mvnw ${MAVEN_ARGS} clean install
paper,fabric8io_kubernetes-client_build_build (17)_all.json,kubernetes-model-generator/kubernetes-model-apiextensions/target/surefire-reports/,surefire:3.5.0:test (default-test) @ kubernetes-model-apiextensions,surefire:test,surefire test reports,correct,same-module,False,surefire:test,,./mvnw ${MAVEN_ARGS} clean install
paper,fabric8io_kubernetes-client_build_build (17)_all.json,kubernetes-model-generator/kubernetes-model-admissionregistration/target/surefire-reports/,surefire:3.5.0:test (default-test) @ kubernetes-model-admissionregistration,surefire:test,surefire test reports,correct,same-module,False,surefire:test,,./mvnw ${MAVEN_ARGS} clean install
paper,fabric8io_kubernetes-client_build_build (17)_all.json,junit/kubernetes-junit-jupiter/target/surefire-reports/,surefire:3.5.0:test (default-test) @ kubernetes-junit-jupiter,surefire:test,surefire test reports,correct,same-module,False,surefire:test,,./mvnw ${MAVEN_ARGS} clean install
paper,fabric8io_kubernetes-client_build_build (17)_all.json,extensions/knative/tests/target/surefire-reports/,surefire:3.5.0:test (default-test) @ knative-tests,surefire:test,surefire test reports,correct,same-module,False,surefire:test,,./mvnw ${MAVEN_ARGS} clean install
paper,fabric8io_kubernetes-client_build_build (17)_all.json,extensions/knative/model/target/surefire-reports/,surefire:3.5.0:test (default-test) @ knative-model,surefire:test,surefire test reports,correct,same-module,False,surefire:test,,./mvnw ${MAVEN_ARGS} clean install
paper,fabric8io_kubernetes-client_build_build (17)_all.json,java-generator/core/target/surefire-reports/,surefire:3.5.0:test (default-test) @ java-generator-core,surefire:test,surefire test reports,correct,same-module,False,surefire:test,,./mvnw ${MAVEN_ARGS} clean install
paper,fabric8io_kubernetes-client_build_build (17)_all.json,extensions/istio/tests/target/surefire-reports/,surefire:3.5.0:test (default-test) @ istio-tests,surefire:test,surefire test reports,correct,same-module,False,surefire:test,,./mvnw ${MAVEN_ARGS} clean install
paper,fabric8io_kubernetes-client_build_build (17)_all.json,extensions/istio/model-v1beta1/target/surefire-reports/,surefire:3.5.0:test (default-test) @ istio-model-v1beta1,surefire:test,surefire test reports,correct,same-module,False,surefire:test,,./mvnw ${MAVEN_ARGS} clean install
paper,fabric8io_kubernetes-client_build_build (17)_all.json,extensions/istio/model-v1alpha3/target/surefire-reports/,surefire:3.5.0:test (default-test) @ istio-model-v1alpha3,surefire:test,surefire test reports,correct,same-module,False,surefire:test,,./mvnw ${MAVEN_ARGS} clean install
paper,fabric8io_kubernetes-client_build_build (17)_all.json,java-generator/gradle-plugin/target/surefire-reports/,surefire:3.5.0:test (default-test) @ io.fabric8.java-generator.gradle.plugin,surefire:test,surefire test reports,correct,different-module,False,surefire:test,,./mvnw ${MAVEN_ARGS} clean install
paper,fabric8io_kubernetes-client_build_build (17)_all.json,crd-generator/test/target/surefire-reports/,surefire:3.5.0:test (default-test) @ crd-generator-test,surefire:test,surefire test reports,correct,same-module,False,surefire:test,,./mvnw ${MAVEN_ARGS} clean install
paper,fabric8io_kubernetes-client_build_build (17)_all.json,crd-generator/maven-plugin/target/surefire-reports/,surefire:3.5.0:test (default-test) @ crd-generator-maven-plugin,surefire:test,surefire test reports,correct,same-module,False,surefire:test,,./mvnw ${MAVEN_ARGS} clean install
paper,fabric8io_kubernetes-client_build_build (17)_all.json,crd-generator/collector/target/surefire-reports/,surefire:3.5.0:test (default-test) @ crd-generator-collector,surefire:test,surefire test reports,correct,same-module,False,surefire:test,,./mvnw ${MAVEN_ARGS} clean install
paper,fabric8io_kubernetes-client_build_build (17)_all.json,crd-generator/api/target/surefire-reports/,surefire:3.5.0:test (default-test) @ crd-generator-api,surefire:test,surefire test reports,correct,same-module,False,surefire:test,,./mvnw ${MAVEN_ARGS} clean install
paper,fabric8io_kubernetes-client_build_build (17)_all.json,extensions/chaosmesh/tests/target/surefire-reports/,surefire:3.5.0:test (default-test) @ chaosmesh-tests,surefire:test,surefire test reports,correct,same-module,False,surefire:test,,./mvnw ${MAVEN_ARGS} clean install
paper,fabric8io_kubernetes-client_build_build (17)_all.json,kubernetes-tests/target/site/jacoco-aggregate/,jacoco:0.8.12:report-aggregate (report-aggregate) @ kubernetes-test,jacoco,jacoco report,correct,same-module,False,jacoco:report-aggregate,,./mvnw ${MAVEN_ARGS} clean install
paper,fabric8io_kubernetes-client_build_build (17)_all.json,java-generator/it/target/it/escape-characters/target/surefire-reports/,invoker:3.8.0:run (integration-tests) @ java-generator-integration-tests,surefire:test,surefire test reports,wrong-plugin,different-module,False,invoker:run,H2-nested-build,./mvnw ${MAVEN_ARGS} clean install
paper,fabric8io_kubernetes-client_build_build (17)_all.json,java-generator/it/target/it/preserve-unknown-objects-through-config/target/surefire-reports/,invoker:3.8.0:run (integration-tests) @ java-generator-integration-tests,surefire:test,surefire test reports,wrong-plugin,different-module,False,invoker:run,H2-nested-build,./mvnw ${MAVEN_ARGS} clean install
paper,fabric8io_kubernetes-client_build_build (17)_all.json,java-generator/it/target/it/ser-deser/target/surefire-reports/,invoker:3.8.0:run (integration-tests) @ java-generator-integration-tests,surefire:test,surefire test reports,wrong-plugin,different-module,False,invoker:run,H2-nested-build,./mvnw ${MAVEN_ARGS} clean install
paper,fabric8io_kubernetes-client_build_build (17)_all.json,java-generator/it/target/it/datetime-fmt/target/surefire-reports/,invoker:3.8.0:run (integration-tests) @ java-generator-integration-tests,surefire:test,surefire test reports,wrong-plugin,different-module,False,invoker:run,H2-nested-build,./mvnw ${MAVEN_ARGS} clean install
paper,fabric8io_kubernetes-client_build_build (17)_all.json,java-generator/it/target/it/datetime-fmt/target/maven-status/,invoker:3.8.0:run (integration-tests) @ java-generator-integration-tests,compiler,compiler state (parent dir),wrong-plugin,different-module,False,invoker:run,H2-nested-build,./mvnw ${MAVEN_ARGS} clean install
paper,fabric8io_kubernetes-client_build_build (17)_all.json,java-generator/it/target/it/preserve-unknown-serdeser/target/surefire-reports/,invoker:3.8.0:run (integration-tests) @ java-generator-integration-tests,surefire:test,surefire test reports,wrong-plugin,different-module,False,invoker:run,H2-nested-build,./mvnw ${MAVEN_ARGS} clean install
paper,fabric8io_kubernetes-client_build_build (21)_all.json,extensions/volumesnapshot/tests/target/surefire-reports/,surefire:3.5.0:test (default-test) @ volumesnapshot-tests,surefire:test,surefire test reports,correct,same-module,False,surefire:test,,./mvnw ${MAVEN_ARGS} clean install
paper,fabric8io_kubernetes-client_build_build (21)_all.json,extensions/volcano/tests/target/surefire-reports/,surefire:3.5.0:test (default-test) @ volcano-tests,surefire:test,surefire test reports,correct,same-module,False,surefire:test,,./mvnw ${MAVEN_ARGS} clean install
paper,fabric8io_kubernetes-client_build_build (21)_all.json,extensions/verticalpodautoscaler/tests/target/surefire-reports/,surefire:3.5.0:test (default-test) @ verticalpodautoscaler-tests,surefire:test,surefire test reports,correct,same-module,False,surefire:test,,./mvnw ${MAVEN_ARGS} clean install
paper,fabric8io_kubernetes-client_build_build (21)_all.json,extensions/tekton/tests/target/surefire-reports/,surefire:3.5.0:test (default-test) @ tekton-tests,surefire:test,surefire test reports,correct,same-module,False,surefire:test,,./mvnw ${MAVEN_ARGS} clean install
paper,fabric8io_kubernetes-client_build_build (21)_all.json,extensions/tekton/model-v1beta1/target/surefire-reports/,surefire:3.5.0:test (default-test) @ tekton-model-v1beta1,surefire:test,surefire test reports,correct,same-module,False,surefire:test,,./mvnw ${MAVEN_ARGS} clean install
paper,fabric8io_kubernetes-client_build_build (21)_all.json,kubernetes-model-generator/openshift-model-operatorhub/target/surefire-reports/,surefire:3.5.0:test (default-test) @ openshift-model-operatorhub,surefire:test,surefire test reports,correct,same-module,False,surefire:test,,./mvnw ${MAVEN_ARGS} clean install
paper,fabric8io_kubernetes-client_build_build (21)_all.json,kubernetes-model-generator/openshift-model-operator/target/surefire-reports/,surefire:3.5.0:test (default-test) @ openshift-model-operator,surefire:test,surefire test reports,correct,same-module,False,surefire:test,,./mvnw ${MAVEN_ARGS} clean install
paper,fabric8io_kubernetes-client_build_build (21)_all.json,kubernetes-model-generator/openshift-model-miscellaneous/target/surefire-reports/,surefire:3.5.0:test (default-test) @ openshift-model-miscellaneous,surefire:test,surefire test reports,correct,same-module,False,surefire:test,,./mvnw ${MAVEN_ARGS} clean install
paper,fabric8io_kubernetes-client_build_build (21)_all.json,kubernetes-model-generator/openshift-model-machine/target/surefire-reports/,surefire:3.5.0:test (default-test) @ openshift-model-machine,surefire:test,surefire test reports,correct,same-module,False,surefire:test,,./mvnw ${MAVEN_ARGS} clean install
paper,fabric8io_kubernetes-client_build_build (21)_all.json,kubernetes-model-generator/openshift-model-installer/target/surefire-reports/,surefire:3.5.0:test (default-test) @ openshift-model-installer,surefire:test,surefire test reports,correct,same-module,False,surefire:test,,./mvnw ${MAVEN_ARGS} clean install
paper,fabric8io_kubernetes-client_build_build (21)_all.json,kubernetes-model-generator/openshift-model-hive/target/surefire-reports/,surefire:3.5.0:test (default-test) @ openshift-model-hive,surefire:test,surefire test reports,correct,same-module,False,surefire:test,,./mvnw ${MAVEN_ARGS} clean install
paper,fabric8io_kubernetes-client_build_build (21)_all.json,kubernetes-model-generator/openshift-model-config/target/surefire-reports/,surefire:3.5.0:test (default-test) @ openshift-model-config,surefire:test,surefire test reports,correct,same-module,False,surefire:test,,./mvnw ${MAVEN_ARGS} clean install
paper,fabric8io_kubernetes-client_build_build (21)_all.json,kubernetes-model-generator/openshift-model/target/surefire-reports/,surefire:3.5.0:test (default-test) @ openshift-model,surefire:test,surefire test reports,correct,same-module,False,surefire:test,,./mvnw ${MAVEN_ARGS} clean install
paper,fabric8io_kubernetes-client_build_build (21)_all.json,kubernetes-model-generator/openapi/maven-plugin/target/surefire-reports/,surefire:3.5.0:test (default-test) @ openapi-model-generator-maven-plugin,surefire:test,surefire test reports,correct,same-module,False,surefire:test,,./mvnw ${MAVEN_ARGS} clean install
paper,fabric8io_kubernetes-client_build_build (21)_all.json,extensions/open-virtual-networking/tests/target/surefire-reports/,surefire:3.5.0:test (default-test) @ open-virtual-networking-tests,surefire:test,surefire test reports,correct,same-module,False,surefire:test,,./mvnw ${MAVEN_ARGS} clean install
paper,fabric8io_kubernetes-client_build_build (21)_all.json,extensions/open-virtual-networking/model-v1/target/surefire-reports/,surefire:3.5.0:test (default-test) @ open-virtual-networking-model-v1,surefire:test,surefire test reports,correct,same-module,False,surefire:test,,./mvnw ${MAVEN_ARGS} clean install
paper,fabric8io_kubernetes-client_build_build (21)_all.json,extensions/open-cluster-management/tests/target/surefire-reports/,surefire:3.5.0:test (default-test) @ open-cluster-management-tests,surefire:test,surefire test reports,correct,same-module,False,surefire:test,,./mvnw ${MAVEN_ARGS} clean install
paper,fabric8io_kubernetes-client_build_build (21)_all.json,extensions/open-cluster-management/model-search/target/surefire-reports/,surefire:3.5.0:test (default-test) @ open-cluster-management-search-model,surefire:test,surefire test reports,correct,different-module,False,surefire:test,,./mvnw ${MAVEN_ARGS} clean install
paper,fabric8io_kubernetes-client_build_build (21)_all.json,extensions/open-cluster-management/model-policy/target/surefire-reports/,surefire:3.5.0:test (default-test) @ open-cluster-management-policy-model,surefire:test,surefire test reports,correct,different-module,False,surefire:test,,./mvnw ${MAVEN_ARGS} clean install
paper,fabric8io_kubernetes-client_build_build (21)_all.json,extensions/open-cluster-management/model-placementruleapps/target/surefire-reports/,surefire:3.5.0:test (default-test) @ open-cluster-management-placementruleapps-model,surefire:test,surefire test reports,correct,different-module,False,surefire:test,,./mvnw ${MAVEN_ARGS} clean install
paper,fabric8io_kubernetes-client_build_build (21)_all.json,extensions/open-cluster-management/model-operator/target/surefire-reports/,surefire:3.5.0:test (default-test) @ open-cluster-management-operator-model,surefire:test,surefire test reports,correct,different-module,False,surefire:test,,./mvnw ${MAVEN_ARGS} clean install
paper,fabric8io_kubernetes-client_build_build (21)_all.json,extensions/open-cluster-management/model-observability/target/surefire-reports/,surefire:3.5.0:test (default-test) @ open-cluster-management-observability-model,surefire:test,surefire test reports,correct,different-module,False,surefire:test,,./mvnw ${MAVEN_ARGS} clean install
paper,fabric8io_kubernetes-client_build_build (21)_all.json,extensions/open-cluster-management/model-discovery/target/surefire-reports/,surefire:3.5.0:test (default-test) @ open-cluster-management-discovery-model,surefire:test,surefire test reports,correct,different-module,False,surefire:test,,./mvnw ${MAVEN_ARGS} clean install
paper,fabric8io_kubernetes-client_build_build (21)_all.json,extensions/open-cluster-management/model-cluster/target/surefire-reports/,surefire:3.5.0:test (default-test) @ open-cluster-management-cluster-model,surefire:test,surefire test reports,correct,different-module,False,surefire:test,,./mvnw ${MAVEN_ARGS} clean install
paper,fabric8io_kubernetes-client_build_build (21)_all.json,extensions/open-cluster-management/model-apps/target/surefire-reports/,surefire:3.5.0:test (default-test) @ open-cluster-management-apps-model,surefire:test,surefire test reports,correct,different-module,False,surefire:test,,./mvnw ${MAVEN_ARGS} clean install
paper,fabric8io_kubernetes-client_build_build (21)_all.json,extensions/open-cluster-management/model-agent/target/surefire-reports/,surefire:3.5.0:test (default-test) @ open-cluster-management-agent-model,surefire:test,surefire test reports,correct,different-module,False,surefire:test,,./mvnw ${MAVEN_ARGS} clean install
paper,fabric8io_kubernetes-client_build_build (21)_all.json,kubernetes-model-generator/kubernetes-model-storageclass/target/surefire-reports/,surefire:3.5.0:test (default-test) @ kubernetes-model-storageclass,surefire:test,surefire test reports,correct,same-module,False,surefire:test,,./mvnw ${MAVEN_ARGS} clean install
paper,fabric8io_kubernetes-client_build_build (21)_all.json,kubernetes-model-generator/kubernetes-model-resource/target/surefire-reports/,surefire:3.5.0:test (default-test) @ kubernetes-model-resource,surefire:test,surefire test reports,correct,same-module,False,surefire:test,,./mvnw ${MAVEN_ARGS} clean install
paper,fabric8io_kubernetes-client_build_build (21)_all.json,kubernetes-model-generator/kubernetes-model-rbac/target/surefire-reports/,surefire:3.5.0:test (default-test) @ kubernetes-model-rbac,surefire:test,surefire test reports,correct,same-module,False,surefire:test,,./mvnw ${MAVEN_ARGS} clean install
paper,fabric8io_kubernetes-client_build_build (21)_all.json,kubernetes-model-generator/kubernetes-model-policy/target/surefire-reports/,surefire:3.5.0:test (default-test) @ kubernetes-model-policy,surefire:test,surefire test reports,correct,same-module,False,surefire:test,,./mvnw ${MAVEN_ARGS} clean install
paper,fabric8io_kubernetes-client_build_build (21)_all.json,kubernetes-model-generator/kubernetes-model-networking/target/surefire-reports/,surefire:3.5.0:test (default-test) @ kubernetes-model-networking,surefire:test,surefire test reports,correct,same-module,False,surefire:test,,./mvnw ${MAVEN_ARGS} clean install
paper,fabric8io_kubernetes-client_build_build (21)_all.json,kubernetes-model-generator/kubernetes-model-metrics/target/surefire-reports/,surefire:3.5.0:test (default-test) @ kubernetes-model-metrics,surefire:test,surefire test reports,correct,same-module,False,surefire:test,,./mvnw ${MAVEN_ARGS} clean install
paper,fabric8io_kubernetes-client_build_build (21)_all.json,kubernetes-model-generator/kubernetes-model-kustomize/target/surefire-reports/,surefire:3.5.0:test (default-test) @ kubernetes-model-kustomize,surefire:test,surefire test reports,correct,same-module,False,surefire:test,,./mvnw ${MAVEN_ARGS} clean install
paper,fabric8io_kubernetes-client_build_build (21)_all.json,kubernetes-model-generator/kubernetes-model-jsonschema2pojo/target/surefire-reports/,surefire:3.5.0:test (default-test) @ kubernetes-model-jsonschema2pojo,surefire:test,surefire test reports,correct,same-module,False,surefire:test,,./mvnw ${MAVEN_ARGS} clean install
paper,fabric8io_kubernetes-client_build_build (21)_all.json,kubernetes-model-generator/kubernetes-model-gatewayapi/target/surefire-reports/,surefire:3.5.0:test (default-test) @ kubernetes-model-gatewayapi,surefire:test,surefire test reports,correct,same-module,False,surefire:test,,./mvnw ${MAVEN_ARGS} clean install
paper,fabric8io_kubernetes-client_build_build (21)_all.json,kubernetes-model-generator/kubernetes-model-flowcontrol/target/surefire-reports/,surefire:3.5.0:test (default-test) @ kubernetes-model-flowcontrol,surefire:test,surefire test reports,correct,same-module,False,surefire:test,,./mvnw ${MAVEN_ARGS} clean install
paper,fabric8io_kubernetes-client_build_build (21)_all.json,kubernetes-model-generator/kubernetes-model-discovery/target/surefire-reports/,surefire:3.5.0:test (default-test) @ kubernetes-model-discovery,surefire:test,surefire test reports,correct,same-module,False,surefire:test,,./mvnw ${MAVEN_ARGS} clean install
paper,fabric8io_kubernetes-client_build_build (21)_all.json,kubernetes-model-generator/kubernetes-model-core/target/surefire-reports/,surefire:3.5.0:test (default-test) @ kubernetes-model-core,surefire:test,surefire test reports,correct,same-module,False,surefire:test,,./mvnw ${MAVEN_ARGS} clean install
paper,fabric8io_kubernetes-client_build_build (21)_all.json,kubernetes-model-generator/kubernetes-model-common/target/surefire-reports/,surefire:3.5.0:test (default-test) @ kubernetes-model-common,surefire:test,surefire test reports,correct,same-module,False,surefire:test,,./mvnw ${MAVEN_ARGS} clean install
paper,fabric8io_kubernetes-client_build_build (21)_all.json,kubernetes-model-generator/kubernetes-model-certificates/target/surefire-reports/,surefire:3.5.0:test (default-test) @ kubernetes-model-certificates,surefire:test,surefire test reports,correct,same-module,False,surefire:test,,./mvnw ${MAVEN_ARGS} clean install
paper,fabric8io_kubernetes-client_build_build (21)_all.json,kubernetes-model-generator/kubernetes-model-batch/target/surefire-reports/,surefire:3.5.0:test (default-test) @ kubernetes-model-batch,surefire:test,surefire test reports,correct,same-module,False,surefire:test,,./mvnw ${MAVEN_ARGS} clean install
paper,fabric8io_kubernetes-client_build_build (21)_all.json,kubernetes-model-generator/kubernetes-model-autoscaling/target/surefire-reports/,surefire:3.5.0:test (default-test) @ kubernetes-model-autoscaling,surefire:test,surefire test reports,correct,same-module,False,surefire:test,,./mvnw ${MAVEN_ARGS} clean install
paper,fabric8io_kubernetes-client_build_build (21)_all.json,kubernetes-model-generator/kubernetes-model-apps/target/surefire-reports/,surefire:3.5.0:test (default-test) @ kubernetes-model-apps,surefire:test,surefire test reports,correct,same-module,False,surefire:test,,./mvnw ${MAVEN_ARGS} clean install
paper,fabric8io_kubernetes-client_build_build (21)_all.json,kubernetes-model-generator/kubernetes-model-apiextensions/target/surefire-reports/,surefire:3.5.0:test (default-test) @ kubernetes-model-apiextensions,surefire:test,surefire test reports,correct,same-module,False,surefire:test,,./mvnw ${MAVEN_ARGS} clean install
paper,fabric8io_kubernetes-client_build_build (21)_all.json,kubernetes-model-generator/kubernetes-model-admissionregistration/target/surefire-reports/,surefire:3.5.0:test (default-test) @ kubernetes-model-admissionregistration,surefire:test,surefire test reports,correct,same-module,False,surefire:test,,./mvnw ${MAVEN_ARGS} clean install
paper,fabric8io_kubernetes-client_build_build (21)_all.json,junit/kubernetes-junit-jupiter/target/surefire-reports/,surefire:3.5.0:test (default-test) @ kubernetes-junit-jupiter,surefire:test,surefire test reports,correct,same-module,False,surefire:test,,./mvnw ${MAVEN_ARGS} clean install
paper,fabric8io_kubernetes-client_build_build (21)_all.json,extensions/knative/tests/target/surefire-reports/,surefire:3.5.0:test (default-test) @ knative-tests,surefire:test,surefire test reports,correct,same-module,False,surefire:test,,./mvnw ${MAVEN_ARGS} clean install
paper,fabric8io_kubernetes-client_build_build (21)_all.json,extensions/knative/model/target/surefire-reports/,surefire:3.5.0:test (default-test) @ knative-model,surefire:test,surefire test reports,correct,same-module,False,surefire:test,,./mvnw ${MAVEN_ARGS} clean install
paper,fabric8io_kubernetes-client_build_build (21)_all.json,java-generator/core/target/surefire-reports/,surefire:3.5.0:test (default-test) @ java-generator-core,surefire:test,surefire test reports,correct,same-module,False,surefire:test,,./mvnw ${MAVEN_ARGS} clean install
paper,fabric8io_kubernetes-client_build_build (21)_all.json,extensions/istio/tests/target/surefire-reports/,surefire:3.5.0:test (default-test) @ istio-tests,surefire:test,surefire test reports,correct,same-module,False,surefire:test,,./mvnw ${MAVEN_ARGS} clean install
paper,fabric8io_kubernetes-client_build_build (21)_all.json,extensions/istio/model-v1beta1/target/surefire-reports/,surefire:3.5.0:test (default-test) @ istio-model-v1beta1,surefire:test,surefire test reports,correct,same-module,False,surefire:test,,./mvnw ${MAVEN_ARGS} clean install
paper,fabric8io_kubernetes-client_build_build (21)_all.json,extensions/istio/model-v1alpha3/target/surefire-reports/,surefire:3.5.0:test (default-test) @ istio-model-v1alpha3,surefire:test,surefire test reports,correct,same-module,False,surefire:test,,./mvnw ${MAVEN_ARGS} clean install
paper,fabric8io_kubernetes-client_build_build (21)_all.json,java-generator/gradle-plugin/target/surefire-reports/,surefire:3.5.0:test (default-test) @ io.fabric8.java-generator.gradle.plugin,surefire:test,surefire test reports,correct,different-module,False,surefire:test,,./mvnw ${MAVEN_ARGS} clean install
paper,fabric8io_kubernetes-client_build_build (21)_all.json,crd-generator/test/target/surefire-reports/,surefire:3.5.0:test (default-test) @ crd-generator-test,surefire:test,surefire test reports,correct,same-module,False,surefire:test,,./mvnw ${MAVEN_ARGS} clean install
paper,fabric8io_kubernetes-client_build_build (21)_all.json,crd-generator/maven-plugin/target/surefire-reports/,surefire:3.5.0:test (default-test) @ crd-generator-maven-plugin,surefire:test,surefire test reports,correct,same-module,False,surefire:test,,./mvnw ${MAVEN_ARGS} clean install
paper,fabric8io_kubernetes-client_build_build (21)_all.json,crd-generator/collector/target/surefire-reports/,surefire:3.5.0:test (default-test) @ crd-generator-collector,surefire:test,surefire test reports,correct,same-module,False,surefire:test,,./mvnw ${MAVEN_ARGS} clean install
paper,fabric8io_kubernetes-client_build_build (21)_all.json,crd-generator/api/target/surefire-reports/,surefire:3.5.0:test (default-test) @ crd-generator-api,surefire:test,surefire test reports,correct,same-module,False,surefire:test,,./mvnw ${MAVEN_ARGS} clean install
paper,fabric8io_kubernetes-client_build_build (21)_all.json,extensions/chaosmesh/tests/target/surefire-reports/,surefire:3.5.0:test (default-test) @ chaosmesh-tests,surefire:test,surefire test reports,correct,same-module,False,surefire:test,,./mvnw ${MAVEN_ARGS} clean install
paper,fabric8io_kubernetes-client_build_build (21)_all.json,kubernetes-tests/target/site/jacoco-aggregate/,jacoco:0.8.12:report-aggregate (report-aggregate) @ kubernetes-test,jacoco,jacoco report,correct,same-module,False,jacoco:report-aggregate,,./mvnw ${MAVEN_ARGS} clean install
paper,fabric8io_kubernetes-client_build_build (21)_all.json,httpclient-tests/target/site/jacoco-aggregate/,jacoco:0.8.12:report-aggregate (report-aggregate) @ kubernetes-httpclient-tests,jacoco,jacoco report,correct,same-module,False,jacoco:report-aggregate,,./mvnw ${MAVEN_ARGS} clean install
paper,fabric8io_kubernetes-client_build_build (21)_all.json,java-generator/it/target/it/crd-names/target/surefire-reports/,invoker:3.8.0:run (integration-tests) @ java-generator-integration-tests,surefire:test,surefire test reports,wrong-plugin,different-module,False,invoker:run,H2-nested-build,./mvnw ${MAVEN_ARGS} clean install
paper,fabric8io_kubernetes-client_build_build (21)_all.json,java-generator/it/target/it/preserve-unknown-objects-through-config/target/surefire-reports/,invoker:3.8.0:run (integration-tests) @ java-generator-integration-tests,surefire:test,surefire test reports,wrong-plugin,different-module,False,invoker:run,H2-nested-build,./mvnw ${MAVEN_ARGS} clean install
paper,fabric8io_kubernetes-client_build_build (21)_all.json,java-generator/it/target/it/ser-deser/target/surefire-reports/,invoker:3.8.0:run (integration-tests) @ java-generator-integration-tests,surefire:test,surefire test reports,wrong-plugin,different-module,False,invoker:run,H2-nested-build,./mvnw ${MAVEN_ARGS} clean install
paper,fabric8io_kubernetes-client_build_build (21)_all.json,java-generator/it/target/it/implements-editable/target/maven-status/,invoker:3.8.0:run (integration-tests) @ java-generator-integration-tests,compiler,compiler state (parent dir),wrong-plugin,different-module,False,invoker:run,H2-nested-build,./mvnw ${MAVEN_ARGS} clean install
paper,fabric8io_kubernetes-client_build_build (21)_all.json,java-generator/it/target/it/datetime-fmt/target/surefire-reports/,invoker:3.8.0:run (integration-tests) @ java-generator-integration-tests,surefire:test,surefire test reports,wrong-plugin,different-module,False,invoker:run,H2-nested-build,./mvnw ${MAVEN_ARGS} clean install
paper,fabric8io_kubernetes-client_build_build (21)_all.json,java-generator/it/target/it/escape-characters/target/surefire-reports/,invoker:3.8.0:run (integration-tests) @ java-generator-integration-tests,surefire:test,surefire test reports,wrong-plugin,different-module,False,invoker:run,H2-nested-build,./mvnw ${MAVEN_ARGS} clean install
paper,fabric8io_kubernetes-client_build_build (21)_all.json,java-generator/it/target/it/preserve-unknown-objects/target/surefire-reports/,invoker:3.8.0:run (integration-tests) @ java-generator-integration-tests,surefire:test,surefire test reports,wrong-plugin,different-module,False,invoker:run,H2-nested-build,./mvnw ${MAVEN_ARGS} clean install
paper,fabric8io_kubernetes-client_build_build (21)_all.json,java-generator/it/target/it/preserve-unknown-serdeser/target/surefire-reports/,invoker:3.8.0:run (integration-tests) @ java-generator-integration-tests,surefire:test,surefire test reports,wrong-plugin,different-module,False,invoker:run,H2-nested-build,./mvnw ${MAVEN_ARGS} clean install
paper,fabric8io_kubernetes-client_build_build (21)_all.json,java-generator/it/target/it/default-values-instantiation/target/surefire-reports/,invoker:3.8.0:run (integration-tests) @ java-generator-integration-tests,surefire:test,surefire test reports,wrong-plugin,different-module,False,invoker:run,H2-nested-build,./mvnw ${MAVEN_ARGS} clean install
paper,fabric8io_kubernetes-client_build_build (21)_all.json,java-generator/it/target/it/preserve-unknown-toplevel-objects/target/surefire-reports/,invoker:3.8.0:run (integration-tests) @ java-generator-integration-tests,surefire:test,surefire test reports,wrong-plugin,different-module,False,invoker:run,H2-nested-build,./mvnw ${MAVEN_ARGS} clean install
paper,fabric8io_kubernetes-client_build_build (21)_all.json,java-generator/it/target/it/ignore-unknown-toplevel-objects/target/surefire-reports/,invoker:3.8.0:run (integration-tests) @ java-generator-integration-tests,surefire:test,surefire test reports,wrong-plugin,different-module,False,invoker:run,H2-nested-build,./mvnw ${MAVEN_ARGS} clean install
paper,fabric8io_kubernetes-client_build_build (21)_all.json,java-generator/it/target/it/ignore-unknown-toplevel-objects/target/maven-status/,invoker:3.8.0:run (integration-tests) @ java-generator-integration-tests,compiler,compiler state (parent dir),wrong-plugin,different-module,False,invoker:run,H2-nested-build,./mvnw ${MAVEN_ARGS} clean install
paper,fabric8io_kubernetes-client_build_build (21)_all.json,extensions/tekton/model-triggers-v1alpha1/target/maven-status/,compiler:3.13.0:compile (default-compile) @ tekton-model-triggers-v1alpha1,compiler,compiler state (parent dir),correct,same-module,False,compiler:compile,,./mvnw ${MAVEN_ARGS} clean install
paper,fabric8io_kubernetes-client_build_build (21)_all.json,extensions/istio/model-v1beta1/target/maven-status/,compiler:3.13.0:compile (default-compile) @ istio-model-v1beta1,compiler,compiler state (parent dir),correct,same-module,False,compiler:compile,,./mvnw ${MAVEN_ARGS} clean install
paper,fabric8io_kubernetes-client_build_build (8)_all.json,extensions/volumesnapshot/tests/target/surefire-reports/,surefire:3.5.0:test (default-test) @ volumesnapshot-tests,surefire:test,surefire test reports,correct,same-module,False,surefire:test,,./mvnw ${MAVEN_ARGS} clean install
paper,fabric8io_kubernetes-client_build_build (8)_all.json,extensions/volcano/tests/target/surefire-reports/,surefire:3.5.0:test (default-test) @ volcano-tests,surefire:test,surefire test reports,correct,same-module,False,surefire:test,,./mvnw ${MAVEN_ARGS} clean install
paper,fabric8io_kubernetes-client_build_build (8)_all.json,extensions/verticalpodautoscaler/tests/target/surefire-reports/,surefire:3.5.0:test (default-test) @ verticalpodautoscaler-tests,surefire:test,surefire test reports,correct,same-module,False,surefire:test,,./mvnw ${MAVEN_ARGS} clean install
paper,fabric8io_kubernetes-client_build_build (8)_all.json,extensions/tekton/tests/target/surefire-reports/,surefire:3.5.0:test (default-test) @ tekton-tests,surefire:test,surefire test reports,correct,same-module,False,surefire:test,,./mvnw ${MAVEN_ARGS} clean install
paper,fabric8io_kubernetes-client_build_build (8)_all.json,extensions/tekton/model-v1beta1/target/surefire-reports/,surefire:3.5.0:test (default-test) @ tekton-model-v1beta1,surefire:test,surefire test reports,correct,same-module,False,surefire:test,,./mvnw ${MAVEN_ARGS} clean install
paper,fabric8io_kubernetes-client_build_build (8)_all.json,kubernetes-model-generator/openshift-model-operatorhub/target/surefire-reports/,surefire:3.5.0:test (default-test) @ openshift-model-operatorhub,surefire:test,surefire test reports,correct,same-module,False,surefire:test,,./mvnw ${MAVEN_ARGS} clean install
paper,fabric8io_kubernetes-client_build_build (8)_all.json,kubernetes-model-generator/openshift-model-operator/target/surefire-reports/,surefire:3.5.0:test (default-test) @ openshift-model-operator,surefire:test,surefire test reports,correct,same-module,False,surefire:test,,./mvnw ${MAVEN_ARGS} clean install
paper,fabric8io_kubernetes-client_build_build (8)_all.json,kubernetes-model-generator/openshift-model-miscellaneous/target/surefire-reports/,surefire:3.5.0:test (default-test) @ openshift-model-miscellaneous,surefire:test,surefire test reports,correct,same-module,False,surefire:test,,./mvnw ${MAVEN_ARGS} clean install
paper,fabric8io_kubernetes-client_build_build (8)_all.json,kubernetes-model-generator/openshift-model-machine/target/surefire-reports/,surefire:3.5.0:test (default-test) @ openshift-model-machine,surefire:test,surefire test reports,correct,same-module,False,surefire:test,,./mvnw ${MAVEN_ARGS} clean install
paper,fabric8io_kubernetes-client_build_build (8)_all.json,kubernetes-model-generator/openshift-model-installer/target/surefire-reports/,surefire:3.5.0:test (default-test) @ openshift-model-installer,surefire:test,surefire test reports,correct,same-module,False,surefire:test,,./mvnw ${MAVEN_ARGS} clean install
paper,fabric8io_kubernetes-client_build_build (8)_all.json,kubernetes-model-generator/openshift-model-hive/target/surefire-reports/,surefire:3.5.0:test (default-test) @ openshift-model-hive,surefire:test,surefire test reports,correct,same-module,False,surefire:test,,./mvnw ${MAVEN_ARGS} clean install
paper,fabric8io_kubernetes-client_build_build (8)_all.json,kubernetes-model-generator/openshift-model-config/target/surefire-reports/,surefire:3.5.0:test (default-test) @ openshift-model-config,surefire:test,surefire test reports,correct,same-module,False,surefire:test,,./mvnw ${MAVEN_ARGS} clean install
paper,fabric8io_kubernetes-client_build_build (8)_all.json,kubernetes-model-generator/openshift-model/target/surefire-reports/,surefire:3.5.0:test (default-test) @ openshift-model,surefire:test,surefire test reports,correct,same-module,False,surefire:test,,./mvnw ${MAVEN_ARGS} clean install
paper,fabric8io_kubernetes-client_build_build (8)_all.json,kubernetes-model-generator/openapi/maven-plugin/target/surefire-reports/,surefire:3.5.0:test (default-test) @ openapi-model-generator-maven-plugin,surefire:test,surefire test reports,correct,same-module,False,surefire:test,,./mvnw ${MAVEN_ARGS} clean install
paper,fabric8io_kubernetes-client_build_build (8)_all.json,extensions/open-virtual-networking/tests/target/surefire-reports/,surefire:3.5.0:test (default-test) @ open-virtual-networking-tests,surefire:test,surefire test reports,correct,same-module,False,surefire:test,,./mvnw ${MAVEN_ARGS} clean install
paper,fabric8io_kubernetes-client_build_build (8)_all.json,extensions/open-virtual-networking/model-v1/target/surefire-reports/,surefire:3.5.0:test (default-test) @ open-virtual-networking-model-v1,surefire:test,surefire test reports,correct,same-module,False,surefire:test,,./mvnw ${MAVEN_ARGS} clean install
paper,fabric8io_kubernetes-client_build_build (8)_all.json,extensions/open-cluster-management/tests/target/surefire-reports/,surefire:3.5.0:test (default-test) @ open-cluster-management-tests,surefire:test,surefire test reports,correct,same-module,False,surefire:test,,./mvnw ${MAVEN_ARGS} clean install
paper,fabric8io_kubernetes-client_build_build (8)_all.json,extensions/open-cluster-management/model-search/target/surefire-reports/,surefire:3.5.0:test (default-test) @ open-cluster-management-search-model,surefire:test,surefire test reports,correct,different-module,False,surefire:test,,./mvnw ${MAVEN_ARGS} clean install
paper,fabric8io_kubernetes-client_build_build (8)_all.json,extensions/open-cluster-management/model-policy/target/surefire-reports/,surefire:3.5.0:test (default-test) @ open-cluster-management-policy-model,surefire:test,surefire test reports,correct,different-module,False,surefire:test,,./mvnw ${MAVEN_ARGS} clean install
paper,fabric8io_kubernetes-client_build_build (8)_all.json,extensions/open-cluster-management/model-placementruleapps/target/surefire-reports/,surefire:3.5.0:test (default-test) @ open-cluster-management-placementruleapps-model,surefire:test,surefire test reports,correct,different-module,False,surefire:test,,./mvnw ${MAVEN_ARGS} clean install
paper,fabric8io_kubernetes-client_build_build (8)_all.json,extensions/open-cluster-management/model-operator/target/surefire-reports/,surefire:3.5.0:test (default-test) @ open-cluster-management-operator-model,surefire:test,surefire test reports,correct,different-module,False,surefire:test,,./mvnw ${MAVEN_ARGS} clean install
paper,fabric8io_kubernetes-client_build_build (8)_all.json,extensions/open-cluster-management/model-observability/target/surefire-reports/,surefire:3.5.0:test (default-test) @ open-cluster-management-observability-model,surefire:test,surefire test reports,correct,different-module,False,surefire:test,,./mvnw ${MAVEN_ARGS} clean install
paper,fabric8io_kubernetes-client_build_build (8)_all.json,extensions/open-cluster-management/model-discovery/target/surefire-reports/,surefire:3.5.0:test (default-test) @ open-cluster-management-discovery-model,surefire:test,surefire test reports,correct,different-module,False,surefire:test,,./mvnw ${MAVEN_ARGS} clean install
paper,fabric8io_kubernetes-client_build_build (8)_all.json,extensions/open-cluster-management/model-cluster/target/surefire-reports/,surefire:3.5.0:test (default-test) @ open-cluster-management-cluster-model,surefire:test,surefire test reports,correct,different-module,False,surefire:test,,./mvnw ${MAVEN_ARGS} clean install
paper,fabric8io_kubernetes-client_build_build (8)_all.json,extensions/open-cluster-management/model-apps/target/surefire-reports/,surefire:3.5.0:test (default-test) @ open-cluster-management-apps-model,surefire:test,surefire test reports,correct,different-module,False,surefire:test,,./mvnw ${MAVEN_ARGS} clean install
paper,fabric8io_kubernetes-client_build_build (8)_all.json,extensions/open-cluster-management/model-agent/target/surefire-reports/,surefire:3.5.0:test (default-test) @ open-cluster-management-agent-model,surefire:test,surefire test reports,correct,different-module,False,surefire:test,,./mvnw ${MAVEN_ARGS} clean install
paper,fabric8io_kubernetes-client_build_build (8)_all.json,kubernetes-model-generator/kubernetes-model-storageclass/target/surefire-reports/,surefire:3.5.0:test (default-test) @ kubernetes-model-storageclass,surefire:test,surefire test reports,correct,same-module,False,surefire:test,,./mvnw ${MAVEN_ARGS} clean install
paper,fabric8io_kubernetes-client_build_build (8)_all.json,kubernetes-model-generator/kubernetes-model-resource/target/surefire-reports/,surefire:3.5.0:test (default-test) @ kubernetes-model-resource,surefire:test,surefire test reports,correct,same-module,False,surefire:test,,./mvnw ${MAVEN_ARGS} clean install
paper,fabric8io_kubernetes-client_build_build (8)_all.json,kubernetes-model-generator/kubernetes-model-rbac/target/surefire-reports/,surefire:3.5.0:test (default-test) @ kubernetes-model-rbac,surefire:test,surefire test reports,correct,same-module,False,surefire:test,,./mvnw ${MAVEN_ARGS} clean install
paper,fabric8io_kubernetes-client_build_build (8)_all.json,kubernetes-model-generator/kubernetes-model-policy/target/surefire-reports/,surefire:3.5.0:test (default-test) @ kubernetes-model-policy,surefire:test,surefire test reports,correct,same-module,False,surefire:test,,./mvnw ${MAVEN_ARGS} clean install
paper,fabric8io_kubernetes-client_build_build (8)_all.json,kubernetes-model-generator/kubernetes-model-networking/target/surefire-reports/,surefire:3.5.0:test (default-test) @ kubernetes-model-networking,surefire:test,surefire test reports,correct,same-module,False,surefire:test,,./mvnw ${MAVEN_ARGS} clean install
paper,fabric8io_kubernetes-client_build_build (8)_all.json,kubernetes-model-generator/kubernetes-model-metrics/target/surefire-reports/,surefire:3.5.0:test (default-test) @ kubernetes-model-metrics,surefire:test,surefire test reports,correct,same-module,False,surefire:test,,./mvnw ${MAVEN_ARGS} clean install
paper,fabric8io_kubernetes-client_build_build (8)_all.json,kubernetes-model-generator/kubernetes-model-kustomize/target/surefire-reports/,surefire:3.5.0:test (default-test) @ kubernetes-model-kustomize,surefire:test,surefire test reports,correct,same-module,False,surefire:test,,./mvnw ${MAVEN_ARGS} clean install
paper,fabric8io_kubernetes-client_build_build (8)_all.json,kubernetes-model-generator/kubernetes-model-jsonschema2pojo/target/surefire-reports/,surefire:3.5.0:test (default-test) @ kubernetes-model-jsonschema2pojo,surefire:test,surefire test reports,correct,same-module,False,surefire:test,,./mvnw ${MAVEN_ARGS} clean install
paper,fabric8io_kubernetes-client_build_build (8)_all.json,kubernetes-model-generator/kubernetes-model-gatewayapi/target/surefire-reports/,surefire:3.5.0:test (default-test) @ kubernetes-model-gatewayapi,surefire:test,surefire test reports,correct,same-module,False,surefire:test,,./mvnw ${MAVEN_ARGS} clean install
paper,fabric8io_kubernetes-client_build_build (8)_all.json,kubernetes-model-generator/kubernetes-model-flowcontrol/target/surefire-reports/,surefire:3.5.0:test (default-test) @ kubernetes-model-flowcontrol,surefire:test,surefire test reports,correct,same-module,False,surefire:test,,./mvnw ${MAVEN_ARGS} clean install
paper,fabric8io_kubernetes-client_build_build (8)_all.json,kubernetes-model-generator/kubernetes-model-discovery/target/surefire-reports/,surefire:3.5.0:test (default-test) @ kubernetes-model-discovery,surefire:test,surefire test reports,correct,same-module,False,surefire:test,,./mvnw ${MAVEN_ARGS} clean install
paper,fabric8io_kubernetes-client_build_build (8)_all.json,kubernetes-model-generator/kubernetes-model-core/target/surefire-reports/,surefire:3.5.0:test (default-test) @ kubernetes-model-core,surefire:test,surefire test reports,correct,same-module,False,surefire:test,,./mvnw ${MAVEN_ARGS} clean install
paper,fabric8io_kubernetes-client_build_build (8)_all.json,kubernetes-model-generator/kubernetes-model-common/target/surefire-reports/,surefire:3.5.0:test (default-test) @ kubernetes-model-common,surefire:test,surefire test reports,correct,same-module,False,surefire:test,,./mvnw ${MAVEN_ARGS} clean install
paper,fabric8io_kubernetes-client_build_build (8)_all.json,kubernetes-model-generator/kubernetes-model-certificates/target/surefire-reports/,surefire:3.5.0:test (default-test) @ kubernetes-model-certificates,surefire:test,surefire test reports,correct,same-module,False,surefire:test,,./mvnw ${MAVEN_ARGS} clean install
paper,fabric8io_kubernetes-client_build_build (8)_all.json,kubernetes-model-generator/kubernetes-model-batch/target/surefire-reports/,surefire:3.5.0:test (default-test) @ kubernetes-model-batch,surefire:test,surefire test reports,correct,same-module,False,surefire:test,,./mvnw ${MAVEN_ARGS} clean install
paper,fabric8io_kubernetes-client_build_build (8)_all.json,kubernetes-model-generator/kubernetes-model-autoscaling/target/surefire-reports/,surefire:3.5.0:test (default-test) @ kubernetes-model-autoscaling,surefire:test,surefire test reports,correct,same-module,False,surefire:test,,./mvnw ${MAVEN_ARGS} clean install
paper,fabric8io_kubernetes-client_build_build (8)_all.json,kubernetes-model-generator/kubernetes-model-apps/target/surefire-reports/,surefire:3.5.0:test (default-test) @ kubernetes-model-apps,surefire:test,surefire test reports,correct,same-module,False,surefire:test,,./mvnw ${MAVEN_ARGS} clean install
paper,fabric8io_kubernetes-client_build_build (8)_all.json,kubernetes-model-generator/kubernetes-model-apiextensions/target/surefire-reports/,surefire:3.5.0:test (default-test) @ kubernetes-model-apiextensions,surefire:test,surefire test reports,correct,same-module,False,surefire:test,,./mvnw ${MAVEN_ARGS} clean install
paper,fabric8io_kubernetes-client_build_build (8)_all.json,kubernetes-model-generator/kubernetes-model-admissionregistration/target/surefire-reports/,surefire:3.5.0:test (default-test) @ kubernetes-model-admissionregistration,surefire:test,surefire test reports,correct,same-module,False,surefire:test,,./mvnw ${MAVEN_ARGS} clean install
paper,fabric8io_kubernetes-client_build_build (8)_all.json,log4j/target/surefire-reports/,surefire:3.5.0:test (default-test) @ kubernetes-log4j,surefire:test,surefire test reports,correct,same-module,False,surefire:test,,./mvnw ${MAVEN_ARGS} clean install
paper,fabric8io_kubernetes-client_build_build (8)_all.json,junit/kubernetes-junit-jupiter/target/surefire-reports/,surefire:3.5.0:test (default-test) @ kubernetes-junit-jupiter,surefire:test,surefire test reports,correct,same-module,False,surefire:test,,./mvnw ${MAVEN_ARGS} clean install
paper,fabric8io_kubernetes-client_build_build (8)_all.json,extensions/knative/tests/target/surefire-reports/,surefire:3.5.0:test (default-test) @ knative-tests,surefire:test,surefire test reports,correct,same-module,False,surefire:test,,./mvnw ${MAVEN_ARGS} clean install
paper,fabric8io_kubernetes-client_build_build (8)_all.json,extensions/knative/model/target/surefire-reports/,surefire:3.5.0:test (default-test) @ knative-model,surefire:test,surefire test reports,correct,same-module,False,surefire:test,,./mvnw ${MAVEN_ARGS} clean install
paper,fabric8io_kubernetes-client_build_build (8)_all.json,java-generator/core/target/surefire-reports/,surefire:3.5.0:test (default-test) @ java-generator-core,surefire:test,surefire test reports,correct,same-module,False,surefire:test,,./mvnw ${MAVEN_ARGS} clean install
paper,fabric8io_kubernetes-client_build_build (8)_all.json,extensions/istio/tests/target/surefire-reports/,surefire:3.5.0:test (default-test) @ istio-tests,surefire:test,surefire test reports,correct,same-module,False,surefire:test,,./mvnw ${MAVEN_ARGS} clean install
paper,fabric8io_kubernetes-client_build_build (8)_all.json,extensions/istio/model-v1beta1/target/surefire-reports/,surefire:3.5.0:test (default-test) @ istio-model-v1beta1,surefire:test,surefire test reports,correct,same-module,False,surefire:test,,./mvnw ${MAVEN_ARGS} clean install
paper,fabric8io_kubernetes-client_build_build (8)_all.json,extensions/istio/model-v1alpha3/target/surefire-reports/,surefire:3.5.0:test (default-test) @ istio-model-v1alpha3,surefire:test,surefire test reports,correct,same-module,False,surefire:test,,./mvnw ${MAVEN_ARGS} clean install
paper,fabric8io_kubernetes-client_build_build (8)_all.json,java-generator/gradle-plugin/target/surefire-reports/,surefire:3.5.0:test (default-test) @ io.fabric8.java-generator.gradle.plugin,surefire:test,surefire test reports,correct,different-module,False,surefire:test,,./mvnw ${MAVEN_ARGS} clean install
paper,fabric8io_kubernetes-client_build_build (8)_all.json,crd-generator/test/target/surefire-reports/,surefire:3.5.0:test (default-test) @ crd-generator-test,surefire:test,surefire test reports,correct,same-module,False,surefire:test,,./mvnw ${MAVEN_ARGS} clean install
paper,fabric8io_kubernetes-client_build_build (8)_all.json,crd-generator/maven-plugin/target/surefire-reports/,surefire:3.5.0:test (default-test) @ crd-generator-maven-plugin,surefire:test,surefire test reports,correct,same-module,False,surefire:test,,./mvnw ${MAVEN_ARGS} clean install
paper,fabric8io_kubernetes-client_build_build (8)_all.json,crd-generator/collector/target/surefire-reports/,surefire:3.5.0:test (default-test) @ crd-generator-collector,surefire:test,surefire test reports,correct,same-module,False,surefire:test,,./mvnw ${MAVEN_ARGS} clean install
paper,fabric8io_kubernetes-client_build_build (8)_all.json,crd-generator/api/target/surefire-reports/,surefire:3.5.0:test (default-test) @ crd-generator-api,surefire:test,surefire test reports,correct,same-module,False,surefire:test,,./mvnw ${MAVEN_ARGS} clean install
paper,fabric8io_kubernetes-client_build_build (8)_all.json,extensions/chaosmesh/tests/target/surefire-reports/,surefire:3.5.0:test (default-test) @ chaosmesh-tests,surefire:test,surefire test reports,correct,same-module,False,surefire:test,,./mvnw ${MAVEN_ARGS} clean install
paper,fabric8io_kubernetes-client_build_build (8)_all.json,kubernetes-tests/target/site/jacoco-aggregate/,jacoco:0.8.12:report-aggregate (report-aggregate) @ kubernetes-test,jacoco,jacoco report,correct,same-module,False,jacoco:report-aggregate,,./mvnw ${MAVEN_ARGS} clean install
paper,fabric8io_kubernetes-client_build_build (8)_all.json,httpclient-vertx/target/site/jacoco-aggregate/,jacoco:0.8.12:report-aggregate (report-aggregate) @ kubernetes-httpclient-vertx,jacoco,jacoco report,correct,same-module,False,jacoco:report-aggregate,,./mvnw ${MAVEN_ARGS} clean install
paper,fabric8io_kubernetes-client_build_build (8)_all.json,httpclient-okhttp/target/site/jacoco-aggregate/,jacoco:0.8.12:report-aggregate (report-aggregate) @ kubernetes-httpclient-okhttp,jacoco,jacoco report,correct,same-module,False,jacoco:report-aggregate,,./mvnw ${MAVEN_ARGS} clean install
paper,fabric8io_kubernetes-client_build_build (8)_all.json,java-generator/it/target/it/ignore-unknown-toplevel-objects/target/surefire-reports/,invoker:3.8.0:run (integration-tests) @ java-generator-integration-tests,surefire:test,surefire test reports,wrong-plugin,different-module,False,invoker:run,H2-nested-build,./mvnw ${MAVEN_ARGS} clean install
paper,fabric8io_kubernetes-client_build_build (8)_all.json,java-generator/it/target/it/crd-names/target/surefire-reports/,invoker:3.8.0:run (integration-tests) @ java-generator-integration-tests,surefire:test,surefire test reports,wrong-plugin,different-module,False,invoker:run,H2-nested-build,./mvnw ${MAVEN_ARGS} clean install
paper,fabric8io_kubernetes-client_build_build (8)_all.json,java-generator/it/target/it/ser-deser/target/surefire-reports/,invoker:3.8.0:run (integration-tests) @ java-generator-integration-tests,surefire:test,surefire test reports,wrong-plugin,different-module,False,invoker:run,H2-nested-build,./mvnw ${MAVEN_ARGS} clean install
paper,fabric8io_kubernetes-client_build_build (8)_all.json,java-generator/it/target/it/preserve-unknown-toplevel-objects/target/surefire-reports/,invoker:3.8.0:run (integration-tests) @ java-generator-integration-tests,surefire:test,surefire test reports,wrong-plugin,different-module,False,invoker:run,H2-nested-build,./mvnw ${MAVEN_ARGS} clean install
paper,fabric8io_kubernetes-client_build_build (8)_all.json,java-generator/it/target/it/preserve-unknown-serdeser/target/surefire-reports/,invoker:3.8.0:run (integration-tests) @ java-generator-integration-tests,surefire:test,surefire test reports,wrong-plugin,different-module,False,invoker:run,H2-nested-build,./mvnw ${MAVEN_ARGS} clean install
paper,fabric8io_kubernetes-client_build_build (8)_all.json,java-generator/it/target/it/datetime-fmt/target/surefire-reports/,invoker:3.8.0:run (integration-tests) @ java-generator-integration-tests,surefire:test,surefire test reports,wrong-plugin,different-module,False,invoker:run,H2-nested-build,./mvnw ${MAVEN_ARGS} clean install
paper,fabric8io_kubernetes-client_build_build (8)_all.json,java-generator/it/target/it/escape-characters/target/surefire-reports/,invoker:3.8.0:run (integration-tests) @ java-generator-integration-tests,surefire:test,surefire test reports,wrong-plugin,different-module,False,invoker:run,H2-nested-build,./mvnw ${MAVEN_ARGS} clean install
paper,fabric8io_kubernetes-client_build_build (8)_all.json,java-generator/it/target/it/preserve-unknown-objects/target/maven-status/,invoker:3.8.0:run (integration-tests) @ java-generator-integration-tests,compiler,compiler state (parent dir),wrong-plugin,different-module,False,invoker:run,H2-nested-build,./mvnw ${MAVEN_ARGS} clean install
paper,fabric8io_kubernetes-client_build_build (8)_all.json,java-generator/it/target/it/preserve-unknown-objects/target/surefire-reports/,invoker:3.8.0:run (integration-tests) @ java-generator-integration-tests,surefire:test,surefire test reports,wrong-plugin,different-module,False,invoker:run,H2-nested-build,./mvnw ${MAVEN_ARGS} clean install
paper,fabric8io_kubernetes-client_build_build (8)_all.json,java-generator/it/target/it/default-values-instantiation/target/surefire-reports/,invoker:3.8.0:run (integration-tests) @ java-generator-integration-tests,surefire:test,surefire test reports,wrong-plugin,different-module,False,invoker:run,H2-nested-build,./mvnw ${MAVEN_ARGS} clean install
paper,fabric8io_kubernetes-client_build_build (8)_all.json,java-generator/it/target/it/preserve-unknown-objects-through-config/target/surefire-reports/,invoker:3.8.0:run (integration-tests) @ java-generator-integration-tests,surefire:test,surefire test reports,wrong-plugin,different-module,False,invoker:run,H2-nested-build,./mvnw ${MAVEN_ARGS} clean install
paper,flowable_flowable-engine_java-ea_test_jdkea_all.json,modules/flowable-job-service/target/surefire-reports/,maven-surefire-plugin:3.2.3:test (default-test) @ flowable-job-service,surefire:test,surefire test reports,correct,same-module,False,surefire:test,,"./mvnw verify -Pdistro,errorLogging ${MAVEN_ARGS} -Dmaven.test.redirectTestOutputToFile=false"
paper,flowable_flowable-engine_java-ea_test_jdkea_all.json,modules/flowable-event-registry-json-converter/target/surefire-reports/,maven-surefire-plugin:3.2.3:test (default-test) @ flowable-event-registry-json-converter,surefire:test,surefire test reports,correct,same-module,False,surefire:test,,"./mvnw verify -Pdistro,errorLogging ${MAVEN_ARGS} -Dmaven.test.redirectTestOutputToFile=false"
paper,flowable_flowable-engine_java-ea_test_jdkea_all.json,modules/flowable-event-registry/target/surefire-reports/,maven-surefire-plugin:3.2.3:test (default-test) @ flowable-event-registry,surefire:test,surefire test reports,correct,same-module,False,surefire:test,,"./mvnw verify -Pdistro,errorLogging ${MAVEN_ARGS} -Dmaven.test.redirectTestOutputToFile=false"
paper,flowable_flowable-engine_java-ea_test_jdkea_all.json,modules/flowable-engine-common/target/surefire-reports/,maven-surefire-plugin:3.2.3:test (default-test) @ flowable-engine-common,surefire:test,surefire test reports,correct,same-module,False,surefire:test,,"./mvnw verify -Pdistro,errorLogging ${MAVEN_ARGS} -Dmaven.test.redirectTestOutputToFile=false"
paper,flowable_flowable-engine_java-ea_test_jdkea_all.json,modules/flowable-bpmn-converter/target/surefire-reports/,maven-surefire-plugin:3.2.3:test (default-test) @ flowable-bpmn-converter,surefire:test,surefire test reports,correct,same-module,False,surefire:test,,"./mvnw verify -Pdistro,errorLogging ${MAVEN_ARGS} -Dmaven.test.redirectTestOutputToFile=false"
paper,flowable_flowable-engine_java-ea_test_jdkea_all.json,modules/flowable-batch-service/target/test-classes/,maven-resources-plugin:3.3.1:testResources (default-testResources) @ flowable-batch-service,compiler/resources:testCompile|testResources,test classes,correct,same-module,False,resources:testResources,,./mvnw install ${MAVEN_ARGS} -DskipTests=true -Dmaven.javadoc.skip=true -B -V
paper,flowable_flowable-engine_main_test_jdk (17)_all.json,modules/flowable-spring-security/target/surefire-reports/,maven-surefire-plugin:3.2.3:test (default-test) @ flowable-spring-security,surefire:test,surefire test reports,correct,same-module,False,surefire:test,,"./mvnw verify -Pdistro,ui,errorLogging ${MAVEN_ARGS} -Dmaven.test.redirectTestOutputToFile=false"
paper,flowable_flowable-engine_main_test_jdk (17)_all.json,modules/flowable-spring/target/surefire-reports/,maven-surefire-plugin:3.2.3:test (default-test) @ flowable-spring,surefire:test,surefire test reports,correct,same-module,False,surefire:test,,"./mvnw verify -Pdistro,ui,errorLogging ${MAVEN_ARGS} -Dmaven.test.redirectTestOutputToFile=false"
paper,flowable_flowable-engine_main_test_jdk (17)_all.json,modules/flowable-secure-javascript/target/surefire-reports/,maven-surefire-plugin:3.2.3:test (default-test) @ flowable-secure-javascript,surefire:test,surefire test reports,correct,same-module,False,surefire:test,,"./mvnw verify -Pdistro,ui,errorLogging ${MAVEN_ARGS} -Dmaven.test.redirectTestOutputToFile=false"
paper,flowable_flowable-engine_main_test_jdk (17)_all.json,modules/flowable-rest/target/surefire-reports/,maven-surefire-plugin:3.2.3:test (default-test) @ flowable-rest,surefire:test,surefire test reports,correct,same-module,False,surefire:test,,"./mvnw verify -Pdistro,ui,errorLogging ${MAVEN_ARGS} -Dmaven.test.redirectTestOutputToFile=false"
paper,flowable_flowable-engine_main_test_jdk (17)_all.json,modules/flowable-osgi/target/surefire-reports/,maven-surefire-plugin:3.2.3:test (default-test) @ flowable-osgi,surefire:test,surefire test reports,correct,same-module,False,surefire:test,,"./mvnw verify -Pdistro,ui,errorLogging ${MAVEN_ARGS} -Dmaven.test.redirectTestOutputToFile=false"
paper,flowable_flowable-engine_main_test_jdk (17)_all.json,modules/flowable-ldap-configurator/target/surefire-reports/,maven-surefire-plugin:3.2.3:test (default-test) @ flowable-ldap-configurator,surefire:test,surefire test reports,correct,same-module,False,surefire:test,,"./mvnw verify -Pdistro,ui,errorLogging ${MAVEN_ARGS} -Dmaven.test.redirectTestOutputToFile=false"
paper,flowable_flowable-engine_main_test_jdk (17)_all.json,modules/flowable-job-service/target/surefire-reports/,maven-surefire-plugin:3.2.3:test (default-test) @ flowable-job-service,surefire:test,surefire test reports,correct,same-module,False,surefire:test,,"./mvnw verify -Pdistro,ui,errorLogging ${MAVEN_ARGS} -Dmaven.test.redirectTestOutputToFile=false"
paper,flowable_flowable-engine_main_test_jdk (17)_all.json,modules/flowable-jmx/target/surefire-reports/,maven-surefire-plugin:3.2.3:test (default-test) @ flowable-jmx,surefire:test,surefire test reports,correct,same-module,False,surefire:test,,"./mvnw verify -Pdistro,ui,errorLogging ${MAVEN_ARGS} -Dmaven.test.redirectTestOutputToFile=false"
paper,flowable_flowable-engine_main_test_jdk (17)_all.json,modules/flowable-idm-spring/target/surefire-reports/,maven-surefire-plugin:3.2.3:test (default-test) @ flowable-idm-spring,surefire:test,surefire test reports,correct,same-module,False,surefire:test,,"./mvnw verify -Pdistro,ui,errorLogging ${MAVEN_ARGS} -Dmaven.test.redirectTestOutputToFile=false"
paper,flowable_flowable-engine_main_test_jdk (17)_all.json,modules/flowable-idm-engine/target/surefire-reports/,maven-surefire-plugin:3.2.3:test (default-test) @ flowable-idm-engine,surefire:test,surefire test reports,correct,same-module,False,surefire:test,,"./mvnw verify -Pdistro,ui,errorLogging ${MAVEN_ARGS} -Dmaven.test.redirectTestOutputToFile=false"
paper,flowable_flowable-engine_main_test_jdk (17)_all.json,modules/flowable-http-common/target/surefire-reports/,maven-surefire-plugin:3.2.3:test (default-test) @ flowable-http-common,surefire:test,surefire test reports,correct,same-module,False,surefire:test,,"./mvnw verify -Pdistro,ui,errorLogging ${MAVEN_ARGS} -Dmaven.test.redirectTestOutputToFile=false"
paper,flowable_flowable-engine_main_test_jdk (17)_all.json,modules/flowable-http/target/surefire-reports/,maven-surefire-plugin:3.2.3:test (default-test) @ flowable-http,surefire:test,surefire test reports,correct,same-module,False,surefire:test,,"./mvnw verify -Pdistro,ui,errorLogging ${MAVEN_ARGS} -Dmaven.test.redirectTestOutputToFile=false"
paper,flowable_flowable-engine_main_test_jdk (17)_all.json,modules/flowable-groovy-script-static-engine/target/surefire-reports/,maven-surefire-plugin:3.2.3:test (default-test) @ flowable-groovy-script-static-engine,surefire:test,surefire test reports,correct,same-module,False,surefire:test,,"./mvnw verify -Pdistro,ui,errorLogging ${MAVEN_ARGS} -Dmaven.test.redirectTestOutputToFile=false"
paper,flowable_flowable-engine_main_test_jdk (17)_all.json,modules/flowable-external-job-rest/target/surefire-reports/,maven-surefire-plugin:3.2.3:test (default-test) @ flowable-external-job-rest,surefire:test,surefire test reports,correct,same-module,False,surefire:test,,"./mvnw verify -Pdistro,ui,errorLogging ${MAVEN_ARGS} -Dmaven.test.redirectTestOutputToFile=false"
paper,flowable_flowable-engine_main_test_jdk (17)_all.json,modules/flowable-event-registry-spring/target/surefire-reports/,maven-surefire-plugin:3.2.3:test (default-test) @ flowable-event-registry-spring,surefire:test,surefire test reports,correct,same-module,False,surefire:test,,"./mvnw verify -Pdistro,ui,errorLogging ${MAVEN_ARGS} -Dmaven.test.redirectTestOutputToFile=false"
paper,flowable_flowable-engine_main_test_jdk (17)_all.json,modules/flowable-event-registry-rest/target/surefire-reports/,maven-surefire-plugin:3.2.3:test (default-test) @ flowable-event-registry-rest,surefire:test,surefire test reports,correct,same-module,False,surefire:test,,"./mvnw verify -Pdistro,ui,errorLogging ${MAVEN_ARGS} -Dmaven.test.redirectTestOutputToFile=false"
paper,flowable_flowable-engine_main_test_jdk (17)_all.json,modules/flowable-event-registry-json-converter/target/surefire-reports/,maven-surefire-plugin:3.2.3:test (default-test) @ flowable-event-registry-json-converter,surefire:test,surefire test reports,correct,same-module,False,surefire:test,,"./mvnw verify -Pdistro,ui,errorLogging ${MAVEN_ARGS} -Dmaven.test.redirectTestOutputToFile=false"
paper,flowable_flowable-engine_main_test_jdk (17)_all.json,modules/flowable-event-registry-integration-test/target/surefire-reports/,maven-surefire-plugin:3.2.3:test (default-test) @ flowable-event-registry-integration-test,surefire:test,surefire test reports,correct,same-module,False,surefire:test,,"./mvnw verify -Pdistro,ui,errorLogging ${MAVEN_ARGS} -Dmaven.test.redirectTestOutputToFile=false"
paper,flowable_flowable-engine_main_test_jdk (17)_all.json,modules/flowable-event-registry/target/surefire-reports/,maven-surefire-plugin:3.2.3:test (default-test) @ flowable-event-registry,surefire:test,surefire test reports,correct,same-module,False,surefire:test,,"./mvnw verify -Pdistro,ui,errorLogging ${MAVEN_ARGS} -Dmaven.test.redirectTestOutputToFile=false"
paper,flowable_flowable-engine_main_test_jdk (17)_all.json,modules/flowable-engine-configurator/target/surefire-reports/,maven-surefire-plugin:3.2.3:test (default-test) @ flowable-engine-configurator,surefire:test,surefire test reports,correct,same-module,False,surefire:test,,"./mvnw verify -Pdistro,ui,errorLogging ${MAVEN_ARGS} -Dmaven.test.redirectTestOutputToFile=false"
paper,flowable_flowable-engine_main_test_jdk (17)_all.json,modules/flowable-engine-common/target/surefire-reports/,maven-surefire-plugin:3.2.3:test (default-test) @ flowable-engine-common,surefire:test,surefire test reports,correct,same-module,False,surefire:test,,"./mvnw verify -Pdistro,ui,errorLogging ${MAVEN_ARGS} -Dmaven.test.redirectTestOutputToFile=false"
paper,flowable_flowable-engine_main_test_jdk (17)_all.json,modules/flowable-engine/target/surefire-reports/,maven-surefire-plugin:3.2.3:test (default-test) @ flowable-engine,surefire:test,surefire test reports,correct,same-module,False,surefire:test,,"./mvnw verify -Pdistro,ui,errorLogging ${MAVEN_ARGS} -Dmaven.test.redirectTestOutputToFile=false"
paper,flowable_flowable-engine_main_test_jdk (17)_all.json,modules/flowable-dmn-xml-converter/target/surefire-reports/,maven-surefire-plugin:3.2.3:test (default-test) @ flowable-dmn-xml-converter,surefire:test,surefire test reports,correct,same-module,False,surefire:test,,"./mvnw verify -Pdistro,ui,errorLogging ${MAVEN_ARGS} -Dmaven.test.redirectTestOutputToFile=false"
paper,flowable_flowable-engine_main_test_jdk (17)_all.json,modules/flowable-dmn-spring-configurator/target/surefire-reports/,maven-surefire-plugin:3.2.3:test (default-test) @ flowable-dmn-spring-configurator,surefire:test,surefire test reports,correct,same-module,False,surefire:test,,"./mvnw verify -Pdistro,ui,errorLogging ${MAVEN_ARGS} -Dmaven.test.redirectTestOutputToFile=false"
paper,flowable_flowable-engine_main_test_jdk (17)_all.json,modules/flowable-dmn-spring/target/surefire-reports/,maven-surefire-plugin:3.2.3:test (default-test) @ flowable-dmn-spring,surefire:test,surefire test reports,correct,same-module,False,surefire:test,,"./mvnw verify -Pdistro,ui,errorLogging ${MAVEN_ARGS} -Dmaven.test.redirectTestOutputToFile=false"
paper,flowable_flowable-engine_main_test_jdk (17)_all.json,modules/flowable-dmn-rest/target/surefire-reports/,maven-surefire-plugin:3.2.3:test (default-test) @ flowable-dmn-rest,surefire:test,surefire test reports,correct,same-module,False,surefire:test,,"./mvnw verify -Pdistro,ui,errorLogging ${MAVEN_ARGS} -Dmaven.test.redirectTestOutputToFile=false"
paper,flowable_flowable-engine_main_test_jdk (17)_all.json,modules/flowable-dmn-engine-configurator/target/surefire-reports/,maven-surefire-plugin:3.2.3:test (default-test) @ flowable-dmn-engine-configurator,surefire:test,surefire test reports,correct,same-module,False,surefire:test,,"./mvnw verify -Pdistro,ui,errorLogging ${MAVEN_ARGS} -Dmaven.test.redirectTestOutputToFile=false"
paper,flowable_flowable-engine_main_test_jdk (17)_all.json,modules/flowable-dmn-engine/target/surefire-reports/,maven-surefire-plugin:3.2.3:test (default-test) @ flowable-dmn-engine,surefire:test,surefire test reports,correct,same-module,False,surefire:test,,"./mvnw verify -Pdistro,ui,errorLogging ${MAVEN_ARGS} -Dmaven.test.redirectTestOutputToFile=false"
paper,flowable_flowable-engine_main_test_jdk (17)_all.json,modules/flowable-common-rest/target/surefire-reports/,maven-surefire-plugin:3.2.3:test (default-test) @ flowable-common-rest,surefire:test,surefire test reports,correct,same-module,False,surefire:test,,"./mvnw verify -Pdistro,ui,errorLogging ${MAVEN_ARGS} -Dmaven.test.redirectTestOutputToFile=false"
paper,flowable_flowable-engine_main_test_jdk (17)_all.json,modules/flowable-cmmn-spring/target/surefire-reports/,maven-surefire-plugin:3.2.3:test (default-test) @ flowable-cmmn-spring,surefire:test,surefire test reports,correct,same-module,False,surefire:test,,"./mvnw verify -Pdistro,ui,errorLogging ${MAVEN_ARGS} -Dmaven.test.redirectTestOutputToFile=false"
paper,flowable_flowable-engine_main_test_jdk (17)_all.json,modules/flowable-cmmn-rest/target/surefire-reports/,maven-surefire-plugin:3.2.3:test (default-test) @ flowable-cmmn-rest,surefire:test,surefire test reports,correct,same-module,False,surefire:test,,"./mvnw verify -Pdistro,ui,errorLogging ${MAVEN_ARGS} -Dmaven.test.redirectTestOutputToFile=false"
paper,flowable_flowable-engine_main_test_jdk (17)_all.json,modules/flowable-cmmn-engine-configurator/target/surefire-reports/,maven-surefire-plugin:3.2.3:test (default-test) @ flowable-cmmn-engine-configurator,surefire:test,surefire test reports,correct,same-module,False,surefire:test,,"./mvnw verify -Pdistro,ui,errorLogging ${MAVEN_ARGS} -Dmaven.test.redirectTestOutputToFile=false"
paper,flowable_flowable-engine_main_test_jdk (17)_all.json,modules/flowable-cmmn-engine/target/surefire-reports/,maven-surefire-plugin:3.2.3:test (default-test) @ flowable-cmmn-engine,surefire:test,surefire test reports,correct,same-module,False,surefire:test,,"./mvnw verify -Pdistro,ui,errorLogging ${MAVEN_ARGS} -Dmaven.test.redirectTestOutputToFile=false"
paper,flowable_flowable-engine_main_test_jdk (17)_all.json,modules/flowable-cmmn-converter/target/surefire-reports/,maven-surefire-plugin:3.2.3:test (default-test) @ flowable-cmmn-converter,surefire:test,surefire test reports,correct,same-module,False,surefire:test,,"./mvnw verify -Pdistro,ui,errorLogging ${MAVEN_ARGS} -Dmaven.test.redirectTestOutputToFile=false"
paper,flowable_flowable-engine_main_test_jdk (17)_all.json,modules/flowable-cdi/target/surefire-reports/,maven-surefire-plugin:3.2.3:test (default-test) @ flowable-cdi,surefire:test,surefire test reports,correct,same-module,False,surefire:test,,"./mvnw verify -Pdistro,ui,errorLogging ${MAVEN_ARGS} -Dmaven.test.redirectTestOutputToFile=false"
paper,flowable_flowable-engine_main_test_jdk (17)_all.json,modules/flowable-case-validation/target/surefire-reports/,maven-surefire-plugin:3.2.3:test (default-test) @ flowable-case-validation,surefire:test,surefire test reports,correct,same-module,False,surefire:test,,"./mvnw verify -Pdistro,ui,errorLogging ${MAVEN_ARGS} -Dmaven.test.redirectTestOutputToFile=false"
paper,flowable_flowable-engine_main_test_jdk (17)_all.json,modules/flowable-camel/target/surefire-reports/,maven-surefire-plugin:3.2.3:test (default-test) @ flowable-camel,surefire:test,surefire test reports,correct,same-module,False,surefire:test,,"./mvnw verify -Pdistro,ui,errorLogging ${MAVEN_ARGS} -Dmaven.test.redirectTestOutputToFile=false"
paper,flowable_flowable-engine_main_test_jdk (17)_all.json,modules/flowable-bpmn-converter/target/surefire-reports/,maven-surefire-plugin:3.2.3:test (default-test) @ flowable-bpmn-converter,surefire:test,surefire test reports,correct,same-module,False,surefire:test,,"./mvnw verify -Pdistro,ui,errorLogging ${MAVEN_ARGS} -Dmaven.test.redirectTestOutputToFile=false"
paper,flowable_flowable-engine_main_test_jdk (17)_all.json,modules/flowable-app-rest/target/surefire-reports/,maven-surefire-plugin:3.2.3:test (default-test) @ flowable-app-rest,surefire:test,surefire test reports,correct,same-module,False,surefire:test,,"./mvnw verify -Pdistro,ui,errorLogging ${MAVEN_ARGS} -Dmaven.test.redirectTestOutputToFile=false"
paper,flowable_flowable-engine_main_test_jdk (17)_all.json,modules/flowable-app-engine-spring/target/surefire-reports/,maven-surefire-plugin:3.2.3:test (default-test) @ flowable-app-engine-spring,surefire:test,surefire test reports,correct,same-module,False,surefire:test,,"./mvnw verify -Pdistro,ui,errorLogging ${MAVEN_ARGS} -Dmaven.test.redirectTestOutputToFile=false"
paper,flowable_flowable-engine_main_test_jdk (17)_all.json,modules/flowable-app-engine-rest/target/surefire-reports/,maven-surefire-plugin:3.2.3:test (default-test) @ flowable-app-engine-rest,surefire:test,surefire test reports,correct,same-module,False,surefire:test,,"./mvnw verify -Pdistro,ui,errorLogging ${MAVEN_ARGS} -Dmaven.test.redirectTestOutputToFile=false"
paper,flowable_flowable-engine_main_test_jdk (17)_all.json,modules/flowable-app-engine/target/surefire-reports/,maven-surefire-plugin:3.2.3:test (default-test) @ flowable-app-engine,surefire:test,surefire test reports,correct,same-module,False,surefire:test,,"./mvnw verify -Pdistro,ui,errorLogging ${MAVEN_ARGS} -Dmaven.test.redirectTestOutputToFile=false"
paper,flowable_flowable-engine_main_test_jdk (17)_all.json,modules/flowable-event-registry-configurator/target/maven-status/,maven-compiler-plugin:3.12.1:compile (default-compile) @ flowable-event-registry-configurator,compiler,compiler state (parent dir),correct,same-module,False,compiler:compile,,./mvnw install ${MAVEN_ARGS} -DskipTests=true -Dmaven.javadoc.skip=true
paper,flowable_flowable-engine_main_test_jdk (21)_all.json,modules/flowable-spring-security/target/surefire-reports/,maven-surefire-plugin:3.2.3:test (default-test) @ flowable-spring-security,surefire:test,surefire test reports,correct,same-module,False,surefire:test,,"./mvnw verify -Pdistro,ui,errorLogging ${MAVEN_ARGS} -Dmaven.test.redirectTestOutputToFile=false"
paper,flowable_flowable-engine_main_test_jdk (21)_all.json,modules/flowable-spring/target/surefire-reports/,maven-surefire-plugin:3.2.3:test (default-test) @ flowable-spring,surefire:test,surefire test reports,correct,same-module,False,surefire:test,,"./mvnw verify -Pdistro,ui,errorLogging ${MAVEN_ARGS} -Dmaven.test.redirectTestOutputToFile=false"
paper,flowable_flowable-engine_main_test_jdk (21)_all.json,modules/flowable-secure-javascript/target/surefire-reports/,maven-surefire-plugin:3.2.3:test (default-test) @ flowable-secure-javascript,surefire:test,surefire test reports,correct,same-module,False,surefire:test,,"./mvnw verify -Pdistro,ui,errorLogging ${MAVEN_ARGS} -Dmaven.test.redirectTestOutputToFile=false"
paper,flowable_flowable-engine_main_test_jdk (21)_all.json,modules/flowable-rest/target/surefire-reports/,maven-surefire-plugin:3.2.3:test (default-test) @ flowable-rest,surefire:test,surefire test reports,correct,same-module,False,surefire:test,,"./mvnw verify -Pdistro,ui,errorLogging ${MAVEN_ARGS} -Dmaven.test.redirectTestOutputToFile=false"
paper,flowable_flowable-engine_main_test_jdk (21)_all.json,modules/flowable-osgi/target/surefire-reports/,maven-surefire-plugin:3.2.3:test (default-test) @ flowable-osgi,surefire:test,surefire test reports,correct,same-module,False,surefire:test,,"./mvnw verify -Pdistro,ui,errorLogging ${MAVEN_ARGS} -Dmaven.test.redirectTestOutputToFile=false"
paper,flowable_flowable-engine_main_test_jdk (21)_all.json,modules/flowable-ldap-configurator/target/surefire-reports/,maven-surefire-plugin:3.2.3:test (default-test) @ flowable-ldap-configurator,surefire:test,surefire test reports,correct,same-module,False,surefire:test,,"./mvnw verify -Pdistro,ui,errorLogging ${MAVEN_ARGS} -Dmaven.test.redirectTestOutputToFile=false"
paper,flowable_flowable-engine_main_test_jdk (21)_all.json,modules/flowable-job-service/target/surefire-reports/,maven-surefire-plugin:3.2.3:test (default-test) @ flowable-job-service,surefire:test,surefire test reports,correct,same-module,False,surefire:test,,"./mvnw verify -Pdistro,ui,errorLogging ${MAVEN_ARGS} -Dmaven.test.redirectTestOutputToFile=false"
paper,flowable_flowable-engine_main_test_jdk (21)_all.json,modules/flowable-jmx/target/surefire-reports/,maven-surefire-plugin:3.2.3:test (default-test) @ flowable-jmx,surefire:test,surefire test reports,correct,same-module,False,surefire:test,,"./mvnw verify -Pdistro,ui,errorLogging ${MAVEN_ARGS} -Dmaven.test.redirectTestOutputToFile=false"
paper,flowable_flowable-engine_main_test_jdk (21)_all.json,modules/flowable-idm-spring/target/surefire-reports/,maven-surefire-plugin:3.2.3:test (default-test) @ flowable-idm-spring,surefire:test,surefire test reports,correct,same-module,False,surefire:test,,"./mvnw verify -Pdistro,ui,errorLogging ${MAVEN_ARGS} -Dmaven.test.redirectTestOutputToFile=false"
paper,flowable_flowable-engine_main_test_jdk (21)_all.json,modules/flowable-idm-engine/target/surefire-reports/,maven-surefire-plugin:3.2.3:test (default-test) @ flowable-idm-engine,surefire:test,surefire test reports,correct,same-module,False,surefire:test,,"./mvnw verify -Pdistro,ui,errorLogging ${MAVEN_ARGS} -Dmaven.test.redirectTestOutputToFile=false"
paper,flowable_flowable-engine_main_test_jdk (21)_all.json,modules/flowable-http-common/target/surefire-reports/,maven-surefire-plugin:3.2.3:test (default-test) @ flowable-http-common,surefire:test,surefire test reports,correct,same-module,False,surefire:test,,"./mvnw verify -Pdistro,ui,errorLogging ${MAVEN_ARGS} -Dmaven.test.redirectTestOutputToFile=false"
paper,flowable_flowable-engine_main_test_jdk (21)_all.json,modules/flowable-http/target/surefire-reports/,maven-surefire-plugin:3.2.3:test (default-test) @ flowable-http,surefire:test,surefire test reports,correct,same-module,False,surefire:test,,"./mvnw verify -Pdistro,ui,errorLogging ${MAVEN_ARGS} -Dmaven.test.redirectTestOutputToFile=false"
paper,flowable_flowable-engine_main_test_jdk (21)_all.json,modules/flowable-groovy-script-static-engine/target/surefire-reports/,maven-surefire-plugin:3.2.3:test (default-test) @ flowable-groovy-script-static-engine,surefire:test,surefire test reports,correct,same-module,False,surefire:test,,"./mvnw verify -Pdistro,ui,errorLogging ${MAVEN_ARGS} -Dmaven.test.redirectTestOutputToFile=false"
paper,flowable_flowable-engine_main_test_jdk (21)_all.json,modules/flowable-external-job-rest/target/surefire-reports/,maven-surefire-plugin:3.2.3:test (default-test) @ flowable-external-job-rest,surefire:test,surefire test reports,correct,same-module,False,surefire:test,,"./mvnw verify -Pdistro,ui,errorLogging ${MAVEN_ARGS} -Dmaven.test.redirectTestOutputToFile=false"
paper,flowable_flowable-engine_main_test_jdk (21)_all.json,modules/flowable-event-registry-spring/target/surefire-reports/,maven-surefire-plugin:3.2.3:test (default-test) @ flowable-event-registry-spring,surefire:test,surefire test reports,correct,same-module,False,surefire:test,,"./mvnw verify -Pdistro,ui,errorLogging ${MAVEN_ARGS} -Dmaven.test.redirectTestOutputToFile=false"
paper,flowable_flowable-engine_main_test_jdk (21)_all.json,modules/flowable-event-registry-rest/target/surefire-reports/,maven-surefire-plugin:3.2.3:test (default-test) @ flowable-event-registry-rest,surefire:test,surefire test reports,correct,same-module,False,surefire:test,,"./mvnw verify -Pdistro,ui,errorLogging ${MAVEN_ARGS} -Dmaven.test.redirectTestOutputToFile=false"
paper,flowable_flowable-engine_main_test_jdk (21)_all.json,modules/flowable-event-registry-json-converter/target/surefire-reports/,maven-surefire-plugin:3.2.3:test (default-test) @ flowable-event-registry-json-converter,surefire:test,surefire test reports,correct,same-module,False,surefire:test,,"./mvnw verify -Pdistro,ui,errorLogging ${MAVEN_ARGS} -Dmaven.test.redirectTestOutputToFile=false"
paper,flowable_flowable-engine_main_test_jdk (21)_all.json,modules/flowable-event-registry-integration-test/target/surefire-reports/,maven-surefire-plugin:3.2.3:test (default-test) @ flowable-event-registry-integration-test,surefire:test,surefire test reports,correct,same-module,False,surefire:test,,"./mvnw verify -Pdistro,ui,errorLogging ${MAVEN_ARGS} -Dmaven.test.redirectTestOutputToFile=false"
paper,flowable_flowable-engine_main_test_jdk (21)_all.json,modules/flowable-event-registry/target/surefire-reports/,maven-surefire-plugin:3.2.3:test (default-test) @ flowable-event-registry,surefire:test,surefire test reports,correct,same-module,False,surefire:test,,"./mvnw verify -Pdistro,ui,errorLogging ${MAVEN_ARGS} -Dmaven.test.redirectTestOutputToFile=false"
paper,flowable_flowable-engine_main_test_jdk (21)_all.json,modules/flowable-engine-configurator/target/surefire-reports/,maven-surefire-plugin:3.2.3:test (default-test) @ flowable-engine-configurator,surefire:test,surefire test reports,correct,same-module,False,surefire:test,,"./mvnw verify -Pdistro,ui,errorLogging ${MAVEN_ARGS} -Dmaven.test.redirectTestOutputToFile=false"
paper,flowable_flowable-engine_main_test_jdk (21)_all.json,modules/flowable-engine-common/target/surefire-reports/,maven-surefire-plugin:3.2.3:test (default-test) @ flowable-engine-common,surefire:test,surefire test reports,correct,same-module,False,surefire:test,,"./mvnw verify -Pdistro,ui,errorLogging ${MAVEN_ARGS} -Dmaven.test.redirectTestOutputToFile=false"
paper,flowable_flowable-engine_main_test_jdk (21)_all.json,modules/flowable-engine/target/surefire-reports/,maven-surefire-plugin:3.2.3:test (default-test) @ flowable-engine,surefire:test,surefire test reports,correct,same-module,False,surefire:test,,"./mvnw verify -Pdistro,ui,errorLogging ${MAVEN_ARGS} -Dmaven.test.redirectTestOutputToFile=false"
paper,flowable_flowable-engine_main_test_jdk (21)_all.json,modules/flowable-dmn-xml-converter/target/surefire-reports/,maven-surefire-plugin:3.2.3:test (default-test) @ flowable-dmn-xml-converter,surefire:test,surefire test reports,correct,same-module,False,surefire:test,,"./mvnw verify -Pdistro,ui,errorLogging ${MAVEN_ARGS} -Dmaven.test.redirectTestOutputToFile=false"
paper,flowable_flowable-engine_main_test_jdk (21)_all.json,modules/flowable-dmn-spring-configurator/target/surefire-reports/,maven-surefire-plugin:3.2.3:test (default-test) @ flowable-dmn-spring-configurator,surefire:test,surefire test reports,correct,same-module,False,surefire:test,,"./mvnw verify -Pdistro,ui,errorLogging ${MAVEN_ARGS} -Dmaven.test.redirectTestOutputToFile=false"
paper,flowable_flowable-engine_main_test_jdk (21)_all.json,modules/flowable-dmn-spring/target/surefire-reports/,maven-surefire-plugin:3.2.3:test (default-test) @ flowable-dmn-spring,surefire:test,surefire test reports,correct,same-module,False,surefire:test,,"./mvnw verify -Pdistro,ui,errorLogging ${MAVEN_ARGS} -Dmaven.test.redirectTestOutputToFile=false"
paper,flowable_flowable-engine_main_test_jdk (21)_all.json,modules/flowable-dmn-rest/target/surefire-reports/,maven-surefire-plugin:3.2.3:test (default-test) @ flowable-dmn-rest,surefire:test,surefire test reports,correct,same-module,False,surefire:test,,"./mvnw verify -Pdistro,ui,errorLogging ${MAVEN_ARGS} -Dmaven.test.redirectTestOutputToFile=false"
paper,flowable_flowable-engine_main_test_jdk (21)_all.json,modules/flowable-dmn-engine-configurator/target/surefire-reports/,maven-surefire-plugin:3.2.3:test (default-test) @ flowable-dmn-engine-configurator,surefire:test,surefire test reports,correct,same-module,False,surefire:test,,"./mvnw verify -Pdistro,ui,errorLogging ${MAVEN_ARGS} -Dmaven.test.redirectTestOutputToFile=false"
paper,flowable_flowable-engine_main_test_jdk (21)_all.json,modules/flowable-dmn-engine/target/surefire-reports/,maven-surefire-plugin:3.2.3:test (default-test) @ flowable-dmn-engine,surefire:test,surefire test reports,correct,same-module,False,surefire:test,,"./mvnw verify -Pdistro,ui,errorLogging ${MAVEN_ARGS} -Dmaven.test.redirectTestOutputToFile=false"
paper,flowable_flowable-engine_main_test_jdk (21)_all.json,modules/flowable-common-rest/target/surefire-reports/,maven-surefire-plugin:3.2.3:test (default-test) @ flowable-common-rest,surefire:test,surefire test reports,correct,same-module,False,surefire:test,,"./mvnw verify -Pdistro,ui,errorLogging ${MAVEN_ARGS} -Dmaven.test.redirectTestOutputToFile=false"
paper,flowable_flowable-engine_main_test_jdk (21)_all.json,modules/flowable-cmmn-spring/target/surefire-reports/,maven-surefire-plugin:3.2.3:test (default-test) @ flowable-cmmn-spring,surefire:test,surefire test reports,correct,same-module,False,surefire:test,,"./mvnw verify -Pdistro,ui,errorLogging ${MAVEN_ARGS} -Dmaven.test.redirectTestOutputToFile=false"
paper,flowable_flowable-engine_main_test_jdk (21)_all.json,modules/flowable-cmmn-rest/target/surefire-reports/,maven-surefire-plugin:3.2.3:test (default-test) @ flowable-cmmn-rest,surefire:test,surefire test reports,correct,same-module,False,surefire:test,,"./mvnw verify -Pdistro,ui,errorLogging ${MAVEN_ARGS} -Dmaven.test.redirectTestOutputToFile=false"
paper,flowable_flowable-engine_main_test_jdk (21)_all.json,modules/flowable-cmmn-engine-configurator/target/surefire-reports/,maven-surefire-plugin:3.2.3:test (default-test) @ flowable-cmmn-engine-configurator,surefire:test,surefire test reports,correct,same-module,False,surefire:test,,"./mvnw verify -Pdistro,ui,errorLogging ${MAVEN_ARGS} -Dmaven.test.redirectTestOutputToFile=false"
paper,flowable_flowable-engine_main_test_jdk (21)_all.json,modules/flowable-cmmn-engine/target/surefire-reports/,maven-surefire-plugin:3.2.3:test (default-test) @ flowable-cmmn-engine,surefire:test,surefire test reports,correct,same-module,False,surefire:test,,"./mvnw verify -Pdistro,ui,errorLogging ${MAVEN_ARGS} -Dmaven.test.redirectTestOutputToFile=false"
paper,flowable_flowable-engine_main_test_jdk (21)_all.json,modules/flowable-cmmn-converter/target/surefire-reports/,maven-surefire-plugin:3.2.3:test (default-test) @ flowable-cmmn-converter,surefire:test,surefire test reports,correct,same-module,False,surefire:test,,"./mvnw verify -Pdistro,ui,errorLogging ${MAVEN_ARGS} -Dmaven.test.redirectTestOutputToFile=false"
paper,flowable_flowable-engine_main_test_jdk (21)_all.json,modules/flowable-cdi/target/surefire-reports/,maven-surefire-plugin:3.2.3:test (default-test) @ flowable-cdi,surefire:test,surefire test reports,correct,same-module,False,surefire:test,,"./mvnw verify -Pdistro,ui,errorLogging ${MAVEN_ARGS} -Dmaven.test.redirectTestOutputToFile=false"
paper,flowable_flowable-engine_main_test_jdk (21)_all.json,modules/flowable-case-validation/target/surefire-reports/,maven-surefire-plugin:3.2.3:test (default-test) @ flowable-case-validation,surefire:test,surefire test reports,correct,same-module,False,surefire:test,,"./mvnw verify -Pdistro,ui,errorLogging ${MAVEN_ARGS} -Dmaven.test.redirectTestOutputToFile=false"
paper,flowable_flowable-engine_main_test_jdk (21)_all.json,modules/flowable-camel/target/surefire-reports/,maven-surefire-plugin:3.2.3:test (default-test) @ flowable-camel,surefire:test,surefire test reports,correct,same-module,False,surefire:test,,"./mvnw verify -Pdistro,ui,errorLogging ${MAVEN_ARGS} -Dmaven.test.redirectTestOutputToFile=false"
paper,flowable_flowable-engine_main_test_jdk (21)_all.json,modules/flowable-bpmn-converter/target/surefire-reports/,maven-surefire-plugin:3.2.3:test (default-test) @ flowable-bpmn-converter,surefire:test,surefire test reports,correct,same-module,False,surefire:test,,"./mvnw verify -Pdistro,ui,errorLogging ${MAVEN_ARGS} -Dmaven.test.redirectTestOutputToFile=false"
paper,flowable_flowable-engine_main_test_jdk (21)_all.json,modules/flowable-app-rest/target/surefire-reports/,maven-surefire-plugin:3.2.3:test (default-test) @ flowable-app-rest,surefire:test,surefire test reports,correct,same-module,False,surefire:test,,"./mvnw verify -Pdistro,ui,errorLogging ${MAVEN_ARGS} -Dmaven.test.redirectTestOutputToFile=false"
paper,flowable_flowable-engine_main_test_jdk (21)_all.json,modules/flowable-app-engine-spring/target/surefire-reports/,maven-surefire-plugin:3.2.3:test (default-test) @ flowable-app-engine-spring,surefire:test,surefire test reports,correct,same-module,False,surefire:test,,"./mvnw verify -Pdistro,ui,errorLogging ${MAVEN_ARGS} -Dmaven.test.redirectTestOutputToFile=false"
paper,flowable_flowable-engine_main_test_jdk (21)_all.json,modules/flowable-app-engine/target/surefire-reports/,maven-surefire-plugin:3.2.3:test (default-test) @ flowable-app-engine,surefire:test,surefire test reports,correct,same-module,False,surefire:test,,"./mvnw verify -Pdistro,ui,errorLogging ${MAVEN_ARGS} -Dmaven.test.redirectTestOutputToFile=false"
paper,flowable_flowable-engine_mysql_test_mysql (5.7)_all.json,modules/flowable-spring-security/target/surefire-reports/,maven-surefire-plugin:3.2.3:test (default-test) @ flowable-spring-security,surefire:test,surefire test reports,correct,same-module,False,surefire:test,,"./mvnw clean install ${MAVEN_ARGS} -PcleanDb,mysql,distro -P'!include-spring-boot-samples' -Djdbc.url=jdbc:mysql://localhost:${{ job.services.mysql.ports[3306] }}/flowable?characterEncoding=UTF-8 -Djd"
paper,flowable_flowable-engine_mysql_test_mysql (5.7)_all.json,modules/flowable-spring/target/surefire-reports/,maven-surefire-plugin:3.2.3:test (default-test) @ flowable-spring,surefire:test,surefire test reports,correct,same-module,False,surefire:test,,"./mvnw clean install ${MAVEN_ARGS} -PcleanDb,mysql,distro -P'!include-spring-boot-samples' -Djdbc.url=jdbc:mysql://localhost:${{ job.services.mysql.ports[3306] }}/flowable?characterEncoding=UTF-8 -Djd"
paper,flowable_flowable-engine_mysql_test_mysql (5.7)_all.json,modules/flowable-secure-javascript/target/surefire-reports/,maven-surefire-plugin:3.2.3:test (default-test) @ flowable-secure-javascript,surefire:test,surefire test reports,correct,same-module,False,surefire:test,,"./mvnw clean install ${MAVEN_ARGS} -PcleanDb,mysql,distro -P'!include-spring-boot-samples' -Djdbc.url=jdbc:mysql://localhost:${{ job.services.mysql.ports[3306] }}/flowable?characterEncoding=UTF-8 -Djd"
paper,flowable_flowable-engine_mysql_test_mysql (5.7)_all.json,modules/flowable-rest/target/surefire-reports/,maven-surefire-plugin:3.2.3:test (default-test) @ flowable-rest,surefire:test,surefire test reports,correct,same-module,False,surefire:test,,"./mvnw clean install ${MAVEN_ARGS} -PcleanDb,mysql,distro -P'!include-spring-boot-samples' -Djdbc.url=jdbc:mysql://localhost:${{ job.services.mysql.ports[3306] }}/flowable?characterEncoding=UTF-8 -Djd"
paper,flowable_flowable-engine_mysql_test_mysql (5.7)_all.json,modules/flowable-osgi/target/surefire-reports/,maven-surefire-plugin:3.2.3:test (default-test) @ flowable-osgi,surefire:test,surefire test reports,correct,same-module,False,surefire:test,,"./mvnw clean install ${MAVEN_ARGS} -PcleanDb,mysql,distro -P'!include-spring-boot-samples' -Djdbc.url=jdbc:mysql://localhost:${{ job.services.mysql.ports[3306] }}/flowable?characterEncoding=UTF-8 -Djd"
paper,flowable_flowable-engine_mysql_test_mysql (5.7)_all.json,modules/flowable-ldap-configurator/target/surefire-reports/,maven-surefire-plugin:3.2.3:test (default-test) @ flowable-ldap-configurator,surefire:test,surefire test reports,correct,same-module,False,surefire:test,,"./mvnw clean install ${MAVEN_ARGS} -PcleanDb,mysql,distro -P'!include-spring-boot-samples' -Djdbc.url=jdbc:mysql://localhost:${{ job.services.mysql.ports[3306] }}/flowable?characterEncoding=UTF-8 -Djd"
paper,flowable_flowable-engine_mysql_test_mysql (5.7)_all.json,modules/flowable-job-service/target/surefire-reports/,maven-surefire-plugin:3.2.3:test (default-test) @ flowable-job-service,surefire:test,surefire test reports,correct,same-module,False,surefire:test,,"./mvnw clean install ${MAVEN_ARGS} -PcleanDb,mysql,distro -P'!include-spring-boot-samples' -Djdbc.url=jdbc:mysql://localhost:${{ job.services.mysql.ports[3306] }}/flowable?characterEncoding=UTF-8 -Djd"
paper,flowable_flowable-engine_mysql_test_mysql (5.7)_all.json,modules/flowable-jmx/target/surefire-reports/,maven-surefire-plugin:3.2.3:test (default-test) @ flowable-jmx,surefire:test,surefire test reports,correct,same-module,False,surefire:test,,"./mvnw clean install ${MAVEN_ARGS} -PcleanDb,mysql,distro -P'!include-spring-boot-samples' -Djdbc.url=jdbc:mysql://localhost:${{ job.services.mysql.ports[3306] }}/flowable?characterEncoding=UTF-8 -Djd"
paper,flowable_flowable-engine_mysql_test_mysql (5.7)_all.json,modules/flowable-idm-spring/target/surefire-reports/,maven-surefire-plugin:3.2.3:test (default-test) @ flowable-idm-spring,surefire:test,surefire test reports,correct,same-module,False,surefire:test,,"./mvnw clean install ${MAVEN_ARGS} -PcleanDb,mysql,distro -P'!include-spring-boot-samples' -Djdbc.url=jdbc:mysql://localhost:${{ job.services.mysql.ports[3306] }}/flowable?characterEncoding=UTF-8 -Djd"
paper,flowable_flowable-engine_mysql_test_mysql (5.7)_all.json,modules/flowable-idm-engine/target/surefire-reports/,maven-surefire-plugin:3.2.3:test (default-test) @ flowable-idm-engine,surefire:test,surefire test reports,correct,same-module,False,surefire:test,,"./mvnw clean install ${MAVEN_ARGS} -PcleanDb,mysql,distro -P'!include-spring-boot-samples' -Djdbc.url=jdbc:mysql://localhost:${{ job.services.mysql.ports[3306] }}/flowable?characterEncoding=UTF-8 -Djd"
paper,flowable_flowable-engine_mysql_test_mysql (5.7)_all.json,modules/flowable-http-common/target/surefire-reports/,maven-surefire-plugin:3.2.3:test (default-test) @ flowable-http-common,surefire:test,surefire test reports,correct,same-module,False,surefire:test,,"./mvnw clean install ${MAVEN_ARGS} -PcleanDb,mysql,distro -P'!include-spring-boot-samples' -Djdbc.url=jdbc:mysql://localhost:${{ job.services.mysql.ports[3306] }}/flowable?characterEncoding=UTF-8 -Djd"
paper,flowable_flowable-engine_mysql_test_mysql (5.7)_all.json,modules/flowable-http/target/surefire-reports/,maven-surefire-plugin:3.2.3:test (default-test) @ flowable-http,surefire:test,surefire test reports,correct,same-module,False,surefire:test,,"./mvnw clean install ${MAVEN_ARGS} -PcleanDb,mysql,distro -P'!include-spring-boot-samples' -Djdbc.url=jdbc:mysql://localhost:${{ job.services.mysql.ports[3306] }}/flowable?characterEncoding=UTF-8 -Djd"
paper,flowable_flowable-engine_mysql_test_mysql (5.7)_all.json,modules/flowable-groovy-script-static-engine/target/surefire-reports/,maven-surefire-plugin:3.2.3:test (default-test) @ flowable-groovy-script-static-engine,surefire:test,surefire test reports,correct,same-module,False,surefire:test,,"./mvnw clean install ${MAVEN_ARGS} -PcleanDb,mysql,distro -P'!include-spring-boot-samples' -Djdbc.url=jdbc:mysql://localhost:${{ job.services.mysql.ports[3306] }}/flowable?characterEncoding=UTF-8 -Djd"
paper,flowable_flowable-engine_mysql_test_mysql (5.7)_all.json,modules/flowable-external-job-rest/target/surefire-reports/,maven-surefire-plugin:3.2.3:test (default-test) @ flowable-external-job-rest,surefire:test,surefire test reports,correct,same-module,False,surefire:test,,"./mvnw clean install ${MAVEN_ARGS} -PcleanDb,mysql,distro -P'!include-spring-boot-samples' -Djdbc.url=jdbc:mysql://localhost:${{ job.services.mysql.ports[3306] }}/flowable?characterEncoding=UTF-8 -Djd"
paper,flowable_flowable-engine_mysql_test_mysql (5.7)_all.json,modules/flowable-event-registry-spring/target/surefire-reports/,maven-surefire-plugin:3.2.3:test (default-test) @ flowable-event-registry-spring,surefire:test,surefire test reports,correct,same-module,False,surefire:test,,"./mvnw clean install ${MAVEN_ARGS} -PcleanDb,mysql,distro -P'!include-spring-boot-samples' -Djdbc.url=jdbc:mysql://localhost:${{ job.services.mysql.ports[3306] }}/flowable?characterEncoding=UTF-8 -Djd"
paper,flowable_flowable-engine_mysql_test_mysql (5.7)_all.json,modules/flowable-event-registry-rest/target/surefire-reports/,maven-surefire-plugin:3.2.3:test (default-test) @ flowable-event-registry-rest,surefire:test,surefire test reports,correct,same-module,False,surefire:test,,"./mvnw clean install ${MAVEN_ARGS} -PcleanDb,mysql,distro -P'!include-spring-boot-samples' -Djdbc.url=jdbc:mysql://localhost:${{ job.services.mysql.ports[3306] }}/flowable?characterEncoding=UTF-8 -Djd"
paper,flowable_flowable-engine_mysql_test_mysql (5.7)_all.json,modules/flowable-event-registry-json-converter/target/surefire-reports/,maven-surefire-plugin:3.2.3:test (default-test) @ flowable-event-registry-json-converter,surefire:test,surefire test reports,correct,same-module,False,surefire:test,,"./mvnw clean install ${MAVEN_ARGS} -PcleanDb,mysql,distro -P'!include-spring-boot-samples' -Djdbc.url=jdbc:mysql://localhost:${{ job.services.mysql.ports[3306] }}/flowable?characterEncoding=UTF-8 -Djd"
paper,flowable_flowable-engine_mysql_test_mysql (5.7)_all.json,modules/flowable-event-registry-integration-test/target/surefire-reports/,maven-surefire-plugin:3.2.3:test (default-test) @ flowable-event-registry-integration-test,surefire:test,surefire test reports,correct,same-module,False,surefire:test,,"./mvnw clean install ${MAVEN_ARGS} -PcleanDb,mysql,distro -P'!include-spring-boot-samples' -Djdbc.url=jdbc:mysql://localhost:${{ job.services.mysql.ports[3306] }}/flowable?characterEncoding=UTF-8 -Djd"
paper,flowable_flowable-engine_mysql_test_mysql (5.7)_all.json,modules/flowable-event-registry/target/surefire-reports/,maven-surefire-plugin:3.2.3:test (default-test) @ flowable-event-registry,surefire:test,surefire test reports,correct,same-module,False,surefire:test,,"./mvnw clean install ${MAVEN_ARGS} -PcleanDb,mysql,distro -P'!include-spring-boot-samples' -Djdbc.url=jdbc:mysql://localhost:${{ job.services.mysql.ports[3306] }}/flowable?characterEncoding=UTF-8 -Djd"
paper,flowable_flowable-engine_mysql_test_mysql (5.7)_all.json,modules/flowable-engine-configurator/target/surefire-reports/,maven-surefire-plugin:3.2.3:test (default-test) @ flowable-engine-configurator,surefire:test,surefire test reports,correct,same-module,False,surefire:test,,"./mvnw clean install ${MAVEN_ARGS} -PcleanDb,mysql,distro -P'!include-spring-boot-samples' -Djdbc.url=jdbc:mysql://localhost:${{ job.services.mysql.ports[3306] }}/flowable?characterEncoding=UTF-8 -Djd"
paper,flowable_flowable-engine_mysql_test_mysql (5.7)_all.json,modules/flowable-engine-common/target/surefire-reports/,maven-surefire-plugin:3.2.3:test (default-test) @ flowable-engine-common,surefire:test,surefire test reports,correct,same-module,False,surefire:test,,"./mvnw clean install ${MAVEN_ARGS} -PcleanDb,mysql,distro -P'!include-spring-boot-samples' -Djdbc.url=jdbc:mysql://localhost:${{ job.services.mysql.ports[3306] }}/flowable?characterEncoding=UTF-8 -Djd"
paper,flowable_flowable-engine_mysql_test_mysql (5.7)_all.json,modules/flowable-engine/target/surefire-reports/,maven-surefire-plugin:3.2.3:test (default-test) @ flowable-engine,surefire:test,surefire test reports,correct,same-module,False,surefire:test,,"./mvnw clean install ${MAVEN_ARGS} -PcleanDb,mysql,distro -P'!include-spring-boot-samples' -Djdbc.url=jdbc:mysql://localhost:${{ job.services.mysql.ports[3306] }}/flowable?characterEncoding=UTF-8 -Djd"
paper,flowable_flowable-engine_mysql_test_mysql (5.7)_all.json,modules/flowable-dmn-xml-converter/target/surefire-reports/,maven-surefire-plugin:3.2.3:test (default-test) @ flowable-dmn-xml-converter,surefire:test,surefire test reports,correct,same-module,False,surefire:test,,"./mvnw clean install ${MAVEN_ARGS} -PcleanDb,mysql,distro -P'!include-spring-boot-samples' -Djdbc.url=jdbc:mysql://localhost:${{ job.services.mysql.ports[3306] }}/flowable?characterEncoding=UTF-8 -Djd"
paper,flowable_flowable-engine_mysql_test_mysql (5.7)_all.json,modules/flowable-dmn-spring-configurator/target/surefire-reports/,maven-surefire-plugin:3.2.3:test (default-test) @ flowable-dmn-spring-configurator,surefire:test,surefire test reports,correct,same-module,False,surefire:test,,"./mvnw clean install ${MAVEN_ARGS} -PcleanDb,mysql,distro -P'!include-spring-boot-samples' -Djdbc.url=jdbc:mysql://localhost:${{ job.services.mysql.ports[3306] }}/flowable?characterEncoding=UTF-8 -Djd"
paper,flowable_flowable-engine_mysql_test_mysql (5.7)_all.json,modules/flowable-dmn-spring/target/surefire-reports/,maven-surefire-plugin:3.2.3:test (default-test) @ flowable-dmn-spring,surefire:test,surefire test reports,correct,same-module,False,surefire:test,,"./mvnw clean install ${MAVEN_ARGS} -PcleanDb,mysql,distro -P'!include-spring-boot-samples' -Djdbc.url=jdbc:mysql://localhost:${{ job.services.mysql.ports[3306] }}/flowable?characterEncoding=UTF-8 -Djd"
paper,flowable_flowable-engine_mysql_test_mysql (5.7)_all.json,modules/flowable-dmn-rest/target/surefire-reports/,maven-surefire-plugin:3.2.3:test (default-test) @ flowable-dmn-rest,surefire:test,surefire test reports,correct,same-module,False,surefire:test,,"./mvnw clean install ${MAVEN_ARGS} -PcleanDb,mysql,distro -P'!include-spring-boot-samples' -Djdbc.url=jdbc:mysql://localhost:${{ job.services.mysql.ports[3306] }}/flowable?characterEncoding=UTF-8 -Djd"
paper,flowable_flowable-engine_mysql_test_mysql (5.7)_all.json,modules/flowable-dmn-engine-configurator/target/surefire-reports/,maven-surefire-plugin:3.2.3:test (default-test) @ flowable-dmn-engine-configurator,surefire:test,surefire test reports,correct,same-module,False,surefire:test,,"./mvnw clean install ${MAVEN_ARGS} -PcleanDb,mysql,distro -P'!include-spring-boot-samples' -Djdbc.url=jdbc:mysql://localhost:${{ job.services.mysql.ports[3306] }}/flowable?characterEncoding=UTF-8 -Djd"
paper,flowable_flowable-engine_mysql_test_mysql (5.7)_all.json,modules/flowable-dmn-engine/target/surefire-reports/,maven-surefire-plugin:3.2.3:test (default-test) @ flowable-dmn-engine,surefire:test,surefire test reports,correct,same-module,False,surefire:test,,"./mvnw clean install ${MAVEN_ARGS} -PcleanDb,mysql,distro -P'!include-spring-boot-samples' -Djdbc.url=jdbc:mysql://localhost:${{ job.services.mysql.ports[3306] }}/flowable?characterEncoding=UTF-8 -Djd"
paper,flowable_flowable-engine_mysql_test_mysql (5.7)_all.json,modules/flowable-common-rest/target/surefire-reports/,maven-surefire-plugin:3.2.3:test (default-test) @ flowable-common-rest,surefire:test,surefire test reports,correct,same-module,False,surefire:test,,"./mvnw clean install ${MAVEN_ARGS} -PcleanDb,mysql,distro -P'!include-spring-boot-samples' -Djdbc.url=jdbc:mysql://localhost:${{ job.services.mysql.ports[3306] }}/flowable?characterEncoding=UTF-8 -Djd"
paper,flowable_flowable-engine_mysql_test_mysql (5.7)_all.json,modules/flowable-cmmn-spring/target/surefire-reports/,maven-surefire-plugin:3.2.3:test (default-test) @ flowable-cmmn-spring,surefire:test,surefire test reports,correct,same-module,False,surefire:test,,"./mvnw clean install ${MAVEN_ARGS} -PcleanDb,mysql,distro -P'!include-spring-boot-samples' -Djdbc.url=jdbc:mysql://localhost:${{ job.services.mysql.ports[3306] }}/flowable?characterEncoding=UTF-8 -Djd"
paper,flowable_flowable-engine_mysql_test_mysql (5.7)_all.json,modules/flowable-cmmn-rest/target/surefire-reports/,maven-surefire-plugin:3.2.3:test (default-test) @ flowable-cmmn-rest,surefire:test,surefire test reports,correct,same-module,False,surefire:test,,"./mvnw clean install ${MAVEN_ARGS} -PcleanDb,mysql,distro -P'!include-spring-boot-samples' -Djdbc.url=jdbc:mysql://localhost:${{ job.services.mysql.ports[3306] }}/flowable?characterEncoding=UTF-8 -Djd"
paper,flowable_flowable-engine_mysql_test_mysql (5.7)_all.json,modules/flowable-cmmn-engine-configurator/target/surefire-reports/,maven-surefire-plugin:3.2.3:test (default-test) @ flowable-cmmn-engine-configurator,surefire:test,surefire test reports,correct,same-module,False,surefire:test,,"./mvnw clean install ${MAVEN_ARGS} -PcleanDb,mysql,distro -P'!include-spring-boot-samples' -Djdbc.url=jdbc:mysql://localhost:${{ job.services.mysql.ports[3306] }}/flowable?characterEncoding=UTF-8 -Djd"
paper,flowable_flowable-engine_mysql_test_mysql (5.7)_all.json,modules/flowable-cmmn-engine/target/surefire-reports/,maven-surefire-plugin:3.2.3:test (default-test) @ flowable-cmmn-engine,surefire:test,surefire test reports,correct,same-module,False,surefire:test,,"./mvnw clean install ${MAVEN_ARGS} -PcleanDb,mysql,distro -P'!include-spring-boot-samples' -Djdbc.url=jdbc:mysql://localhost:${{ job.services.mysql.ports[3306] }}/flowable?characterEncoding=UTF-8 -Djd"
paper,flowable_flowable-engine_mysql_test_mysql (5.7)_all.json,modules/flowable-cmmn-converter/target/surefire-reports/,maven-surefire-plugin:3.2.3:test (default-test) @ flowable-cmmn-converter,surefire:test,surefire test reports,correct,same-module,False,surefire:test,,"./mvnw clean install ${MAVEN_ARGS} -PcleanDb,mysql,distro -P'!include-spring-boot-samples' -Djdbc.url=jdbc:mysql://localhost:${{ job.services.mysql.ports[3306] }}/flowable?characterEncoding=UTF-8 -Djd"
paper,flowable_flowable-engine_mysql_test_mysql (5.7)_all.json,modules/flowable-cdi/target/surefire-reports/,maven-surefire-plugin:3.2.3:test (default-test) @ flowable-cdi,surefire:test,surefire test reports,correct,same-module,False,surefire:test,,"./mvnw clean install ${MAVEN_ARGS} -PcleanDb,mysql,distro -P'!include-spring-boot-samples' -Djdbc.url=jdbc:mysql://localhost:${{ job.services.mysql.ports[3306] }}/flowable?characterEncoding=UTF-8 -Djd"
paper,flowable_flowable-engine_mysql_test_mysql (5.7)_all.json,modules/flowable-case-validation/target/surefire-reports/,maven-surefire-plugin:3.2.3:test (default-test) @ flowable-case-validation,surefire:test,surefire test reports,correct,same-module,False,surefire:test,,"./mvnw clean install ${MAVEN_ARGS} -PcleanDb,mysql,distro -P'!include-spring-boot-samples' -Djdbc.url=jdbc:mysql://localhost:${{ job.services.mysql.ports[3306] }}/flowable?characterEncoding=UTF-8 -Djd"
paper,flowable_flowable-engine_mysql_test_mysql (5.7)_all.json,modules/flowable-camel/target/surefire-reports/,maven-surefire-plugin:3.2.3:test (default-test) @ flowable-camel,surefire:test,surefire test reports,correct,same-module,False,surefire:test,,"./mvnw clean install ${MAVEN_ARGS} -PcleanDb,mysql,distro -P'!include-spring-boot-samples' -Djdbc.url=jdbc:mysql://localhost:${{ job.services.mysql.ports[3306] }}/flowable?characterEncoding=UTF-8 -Djd"
paper,flowable_flowable-engine_mysql_test_mysql (5.7)_all.json,modules/flowable-bpmn-converter/target/surefire-reports/,maven-surefire-plugin:3.2.3:test (default-test) @ flowable-bpmn-converter,surefire:test,surefire test reports,correct,same-module,False,surefire:test,,"./mvnw clean install ${MAVEN_ARGS} -PcleanDb,mysql,distro -P'!include-spring-boot-samples' -Djdbc.url=jdbc:mysql://localhost:${{ job.services.mysql.ports[3306] }}/flowable?characterEncoding=UTF-8 -Djd"
paper,flowable_flowable-engine_mysql_test_mysql (5.7)_all.json,modules/flowable-app-rest/target/surefire-reports/,maven-surefire-plugin:3.2.3:test (default-test) @ flowable-app-rest,surefire:test,surefire test reports,correct,same-module,False,surefire:test,,"./mvnw clean install ${MAVEN_ARGS} -PcleanDb,mysql,distro -P'!include-spring-boot-samples' -Djdbc.url=jdbc:mysql://localhost:${{ job.services.mysql.ports[3306] }}/flowable?characterEncoding=UTF-8 -Djd"
paper,flowable_flowable-engine_mysql_test_mysql (5.7)_all.json,modules/flowable-app-engine-spring/target/surefire-reports/,maven-surefire-plugin:3.2.3:test (default-test) @ flowable-app-engine-spring,surefire:test,surefire test reports,correct,same-module,False,surefire:test,,"./mvnw clean install ${MAVEN_ARGS} -PcleanDb,mysql,distro -P'!include-spring-boot-samples' -Djdbc.url=jdbc:mysql://localhost:${{ job.services.mysql.ports[3306] }}/flowable?characterEncoding=UTF-8 -Djd"
paper,flowable_flowable-engine_mysql_test_mysql (5.7)_all.json,modules/flowable-app-engine/target/surefire-reports/,maven-surefire-plugin:3.2.3:test (default-test) @ flowable-app-engine,surefire:test,surefire test reports,correct,same-module,False,surefire:test,,"./mvnw clean install ${MAVEN_ARGS} -PcleanDb,mysql,distro -P'!include-spring-boot-samples' -Djdbc.url=jdbc:mysql://localhost:${{ job.services.mysql.ports[3306] }}/flowable?characterEncoding=UTF-8 -Djd"
paper,flowable_flowable-engine_mysql_test_mysql (8)_all.json,modules/flowable-spring-security/target/surefire-reports/,maven-surefire-plugin:3.2.3:test (default-test) @ flowable-spring-security,surefire:test,surefire test reports,correct,same-module,False,surefire:test,,"./mvnw clean install ${MAVEN_ARGS} -PcleanDb,mysql,distro -P'!include-spring-boot-samples' -Djdbc.url=jdbc:mysql://localhost:${{ job.services.mysql.ports[3306] }}/flowable?characterEncoding=UTF-8 -Djd"
paper,flowable_flowable-engine_mysql_test_mysql (8)_all.json,modules/flowable-spring/target/surefire-reports/,maven-surefire-plugin:3.2.3:test (default-test) @ flowable-spring,surefire:test,surefire test reports,correct,same-module,False,surefire:test,,"./mvnw clean install ${MAVEN_ARGS} -PcleanDb,mysql,distro -P'!include-spring-boot-samples' -Djdbc.url=jdbc:mysql://localhost:${{ job.services.mysql.ports[3306] }}/flowable?characterEncoding=UTF-8 -Djd"
paper,flowable_flowable-engine_mysql_test_mysql (8)_all.json,modules/flowable-secure-javascript/target/surefire-reports/,maven-surefire-plugin:3.2.3:test (default-test) @ flowable-secure-javascript,surefire:test,surefire test reports,correct,same-module,False,surefire:test,,"./mvnw clean install ${MAVEN_ARGS} -PcleanDb,mysql,distro -P'!include-spring-boot-samples' -Djdbc.url=jdbc:mysql://localhost:${{ job.services.mysql.ports[3306] }}/flowable?characterEncoding=UTF-8 -Djd"
paper,flowable_flowable-engine_mysql_test_mysql (8)_all.json,modules/flowable-rest/target/surefire-reports/,maven-surefire-plugin:3.2.3:test (default-test) @ flowable-rest,surefire:test,surefire test reports,correct,same-module,False,surefire:test,,"./mvnw clean install ${MAVEN_ARGS} -PcleanDb,mysql,distro -P'!include-spring-boot-samples' -Djdbc.url=jdbc:mysql://localhost:${{ job.services.mysql.ports[3306] }}/flowable?characterEncoding=UTF-8 -Djd"
paper,flowable_flowable-engine_mysql_test_mysql (8)_all.json,modules/flowable-osgi/target/surefire-reports/,maven-surefire-plugin:3.2.3:test (default-test) @ flowable-osgi,surefire:test,surefire test reports,correct,same-module,False,surefire:test,,"./mvnw clean install ${MAVEN_ARGS} -PcleanDb,mysql,distro -P'!include-spring-boot-samples' -Djdbc.url=jdbc:mysql://localhost:${{ job.services.mysql.ports[3306] }}/flowable?characterEncoding=UTF-8 -Djd"
paper,flowable_flowable-engine_mysql_test_mysql (8)_all.json,modules/flowable-ldap-configurator/target/surefire-reports/,maven-surefire-plugin:3.2.3:test (default-test) @ flowable-ldap-configurator,surefire:test,surefire test reports,correct,same-module,False,surefire:test,,"./mvnw clean install ${MAVEN_ARGS} -PcleanDb,mysql,distro -P'!include-spring-boot-samples' -Djdbc.url=jdbc:mysql://localhost:${{ job.services.mysql.ports[3306] }}/flowable?characterEncoding=UTF-8 -Djd"
paper,flowable_flowable-engine_mysql_test_mysql (8)_all.json,modules/flowable-job-service/target/surefire-reports/,maven-surefire-plugin:3.2.3:test (default-test) @ flowable-job-service,surefire:test,surefire test reports,correct,same-module,False,surefire:test,,"./mvnw clean install ${MAVEN_ARGS} -PcleanDb,mysql,distro -P'!include-spring-boot-samples' -Djdbc.url=jdbc:mysql://localhost:${{ job.services.mysql.ports[3306] }}/flowable?characterEncoding=UTF-8 -Djd"
paper,flowable_flowable-engine_mysql_test_mysql (8)_all.json,modules/flowable-jmx/target/surefire-reports/,maven-surefire-plugin:3.2.3:test (default-test) @ flowable-jmx,surefire:test,surefire test reports,correct,same-module,False,surefire:test,,"./mvnw clean install ${MAVEN_ARGS} -PcleanDb,mysql,distro -P'!include-spring-boot-samples' -Djdbc.url=jdbc:mysql://localhost:${{ job.services.mysql.ports[3306] }}/flowable?characterEncoding=UTF-8 -Djd"
paper,flowable_flowable-engine_mysql_test_mysql (8)_all.json,modules/flowable-idm-spring/target/surefire-reports/,maven-surefire-plugin:3.2.3:test (default-test) @ flowable-idm-spring,surefire:test,surefire test reports,correct,same-module,False,surefire:test,,"./mvnw clean install ${MAVEN_ARGS} -PcleanDb,mysql,distro -P'!include-spring-boot-samples' -Djdbc.url=jdbc:mysql://localhost:${{ job.services.mysql.ports[3306] }}/flowable?characterEncoding=UTF-8 -Djd"
paper,flowable_flowable-engine_mysql_test_mysql (8)_all.json,modules/flowable-idm-engine/target/surefire-reports/,maven-surefire-plugin:3.2.3:test (default-test) @ flowable-idm-engine,surefire:test,surefire test reports,correct,same-module,False,surefire:test,,"./mvnw clean install ${MAVEN_ARGS} -PcleanDb,mysql,distro -P'!include-spring-boot-samples' -Djdbc.url=jdbc:mysql://localhost:${{ job.services.mysql.ports[3306] }}/flowable?characterEncoding=UTF-8 -Djd"
paper,flowable_flowable-engine_mysql_test_mysql (8)_all.json,modules/flowable-http-common/target/surefire-reports/,maven-surefire-plugin:3.2.3:test (default-test) @ flowable-http-common,surefire:test,surefire test reports,correct,same-module,False,surefire:test,,"./mvnw clean install ${MAVEN_ARGS} -PcleanDb,mysql,distro -P'!include-spring-boot-samples' -Djdbc.url=jdbc:mysql://localhost:${{ job.services.mysql.ports[3306] }}/flowable?characterEncoding=UTF-8 -Djd"
paper,flowable_flowable-engine_mysql_test_mysql (8)_all.json,modules/flowable-http/target/surefire-reports/,maven-surefire-plugin:3.2.3:test (default-test) @ flowable-http,surefire:test,surefire test reports,correct,same-module,False,surefire:test,,"./mvnw clean install ${MAVEN_ARGS} -PcleanDb,mysql,distro -P'!include-spring-boot-samples' -Djdbc.url=jdbc:mysql://localhost:${{ job.services.mysql.ports[3306] }}/flowable?characterEncoding=UTF-8 -Djd"
paper,flowable_flowable-engine_mysql_test_mysql (8)_all.json,modules/flowable-groovy-script-static-engine/target/surefire-reports/,maven-surefire-plugin:3.2.3:test (default-test) @ flowable-groovy-script-static-engine,surefire:test,surefire test reports,correct,same-module,False,surefire:test,,"./mvnw clean install ${MAVEN_ARGS} -PcleanDb,mysql,distro -P'!include-spring-boot-samples' -Djdbc.url=jdbc:mysql://localhost:${{ job.services.mysql.ports[3306] }}/flowable?characterEncoding=UTF-8 -Djd"
paper,flowable_flowable-engine_mysql_test_mysql (8)_all.json,modules/flowable-external-job-rest/target/surefire-reports/,maven-surefire-plugin:3.2.3:test (default-test) @ flowable-external-job-rest,surefire:test,surefire test reports,correct,same-module,False,surefire:test,,"./mvnw clean install ${MAVEN_ARGS} -PcleanDb,mysql,distro -P'!include-spring-boot-samples' -Djdbc.url=jdbc:mysql://localhost:${{ job.services.mysql.ports[3306] }}/flowable?characterEncoding=UTF-8 -Djd"
paper,flowable_flowable-engine_mysql_test_mysql (8)_all.json,modules/flowable-event-registry-spring/target/surefire-reports/,maven-surefire-plugin:3.2.3:test (default-test) @ flowable-event-registry-spring,surefire:test,surefire test reports,correct,same-module,False,surefire:test,,"./mvnw clean install ${MAVEN_ARGS} -PcleanDb,mysql,distro -P'!include-spring-boot-samples' -Djdbc.url=jdbc:mysql://localhost:${{ job.services.mysql.ports[3306] }}/flowable?characterEncoding=UTF-8 -Djd"
paper,flowable_flowable-engine_mysql_test_mysql (8)_all.json,modules/flowable-event-registry-rest/target/surefire-reports/,maven-surefire-plugin:3.2.3:test (default-test) @ flowable-event-registry-rest,surefire:test,surefire test reports,correct,same-module,False,surefire:test,,"./mvnw clean install ${MAVEN_ARGS} -PcleanDb,mysql,distro -P'!include-spring-boot-samples' -Djdbc.url=jdbc:mysql://localhost:${{ job.services.mysql.ports[3306] }}/flowable?characterEncoding=UTF-8 -Djd"
paper,flowable_flowable-engine_mysql_test_mysql (8)_all.json,modules/flowable-event-registry-json-converter/target/surefire-reports/,maven-surefire-plugin:3.2.3:test (default-test) @ flowable-event-registry-json-converter,surefire:test,surefire test reports,correct,same-module,False,surefire:test,,"./mvnw clean install ${MAVEN_ARGS} -PcleanDb,mysql,distro -P'!include-spring-boot-samples' -Djdbc.url=jdbc:mysql://localhost:${{ job.services.mysql.ports[3306] }}/flowable?characterEncoding=UTF-8 -Djd"
paper,flowable_flowable-engine_mysql_test_mysql (8)_all.json,modules/flowable-event-registry-integration-test/target/surefire-reports/,maven-surefire-plugin:3.2.3:test (default-test) @ flowable-event-registry-integration-test,surefire:test,surefire test reports,correct,same-module,False,surefire:test,,"./mvnw clean install ${MAVEN_ARGS} -PcleanDb,mysql,distro -P'!include-spring-boot-samples' -Djdbc.url=jdbc:mysql://localhost:${{ job.services.mysql.ports[3306] }}/flowable?characterEncoding=UTF-8 -Djd"
paper,flowable_flowable-engine_mysql_test_mysql (8)_all.json,modules/flowable-event-registry/target/surefire-reports/,maven-surefire-plugin:3.2.3:test (default-test) @ flowable-event-registry,surefire:test,surefire test reports,correct,same-module,False,surefire:test,,"./mvnw clean install ${MAVEN_ARGS} -PcleanDb,mysql,distro -P'!include-spring-boot-samples' -Djdbc.url=jdbc:mysql://localhost:${{ job.services.mysql.ports[3306] }}/flowable?characterEncoding=UTF-8 -Djd"
paper,flowable_flowable-engine_mysql_test_mysql (8)_all.json,modules/flowable-engine-configurator/target/surefire-reports/,maven-surefire-plugin:3.2.3:test (default-test) @ flowable-engine-configurator,surefire:test,surefire test reports,correct,same-module,False,surefire:test,,"./mvnw clean install ${MAVEN_ARGS} -PcleanDb,mysql,distro -P'!include-spring-boot-samples' -Djdbc.url=jdbc:mysql://localhost:${{ job.services.mysql.ports[3306] }}/flowable?characterEncoding=UTF-8 -Djd"
paper,flowable_flowable-engine_mysql_test_mysql (8)_all.json,modules/flowable-engine-common/target/surefire-reports/,maven-surefire-plugin:3.2.3:test (default-test) @ flowable-engine-common,surefire:test,surefire test reports,correct,same-module,False,surefire:test,,"./mvnw clean install ${MAVEN_ARGS} -PcleanDb,mysql,distro -P'!include-spring-boot-samples' -Djdbc.url=jdbc:mysql://localhost:${{ job.services.mysql.ports[3306] }}/flowable?characterEncoding=UTF-8 -Djd"
paper,flowable_flowable-engine_mysql_test_mysql (8)_all.json,modules/flowable-engine/target/surefire-reports/,maven-surefire-plugin:3.2.3:test (default-test) @ flowable-engine,surefire:test,surefire test reports,correct,same-module,False,surefire:test,,"./mvnw clean install ${MAVEN_ARGS} -PcleanDb,mysql,distro -P'!include-spring-boot-samples' -Djdbc.url=jdbc:mysql://localhost:${{ job.services.mysql.ports[3306] }}/flowable?characterEncoding=UTF-8 -Djd"
paper,flowable_flowable-engine_mysql_test_mysql (8)_all.json,modules/flowable-dmn-xml-converter/target/surefire-reports/,maven-surefire-plugin:3.2.3:test (default-test) @ flowable-dmn-xml-converter,surefire:test,surefire test reports,correct,same-module,False,surefire:test,,"./mvnw clean install ${MAVEN_ARGS} -PcleanDb,mysql,distro -P'!include-spring-boot-samples' -Djdbc.url=jdbc:mysql://localhost:${{ job.services.mysql.ports[3306] }}/flowable?characterEncoding=UTF-8 -Djd"
paper,flowable_flowable-engine_mysql_test_mysql (8)_all.json,modules/flowable-dmn-spring-configurator/target/surefire-reports/,maven-surefire-plugin:3.2.3:test (default-test) @ flowable-dmn-spring-configurator,surefire:test,surefire test reports,correct,same-module,False,surefire:test,,"./mvnw clean install ${MAVEN_ARGS} -PcleanDb,mysql,distro -P'!include-spring-boot-samples' -Djdbc.url=jdbc:mysql://localhost:${{ job.services.mysql.ports[3306] }}/flowable?characterEncoding=UTF-8 -Djd"
paper,flowable_flowable-engine_mysql_test_mysql (8)_all.json,modules/flowable-dmn-spring/target/surefire-reports/,maven-surefire-plugin:3.2.3:test (default-test) @ flowable-dmn-spring,surefire:test,surefire test reports,correct,same-module,False,surefire:test,,"./mvnw clean install ${MAVEN_ARGS} -PcleanDb,mysql,distro -P'!include-spring-boot-samples' -Djdbc.url=jdbc:mysql://localhost:${{ job.services.mysql.ports[3306] }}/flowable?characterEncoding=UTF-8 -Djd"
paper,flowable_flowable-engine_mysql_test_mysql (8)_all.json,modules/flowable-dmn-rest/target/surefire-reports/,maven-surefire-plugin:3.2.3:test (default-test) @ flowable-dmn-rest,surefire:test,surefire test reports,correct,same-module,False,surefire:test,,"./mvnw clean install ${MAVEN_ARGS} -PcleanDb,mysql,distro -P'!include-spring-boot-samples' -Djdbc.url=jdbc:mysql://localhost:${{ job.services.mysql.ports[3306] }}/flowable?characterEncoding=UTF-8 -Djd"
paper,flowable_flowable-engine_mysql_test_mysql (8)_all.json,modules/flowable-dmn-engine-configurator/target/surefire-reports/,maven-surefire-plugin:3.2.3:test (default-test) @ flowable-dmn-engine-configurator,surefire:test,surefire test reports,correct,same-module,False,surefire:test,,"./mvnw clean install ${MAVEN_ARGS} -PcleanDb,mysql,distro -P'!include-spring-boot-samples' -Djdbc.url=jdbc:mysql://localhost:${{ job.services.mysql.ports[3306] }}/flowable?characterEncoding=UTF-8 -Djd"
paper,flowable_flowable-engine_mysql_test_mysql (8)_all.json,modules/flowable-dmn-engine/target/surefire-reports/,maven-surefire-plugin:3.2.3:test (default-test) @ flowable-dmn-engine,surefire:test,surefire test reports,correct,same-module,False,surefire:test,,"./mvnw clean install ${MAVEN_ARGS} -PcleanDb,mysql,distro -P'!include-spring-boot-samples' -Djdbc.url=jdbc:mysql://localhost:${{ job.services.mysql.ports[3306] }}/flowable?characterEncoding=UTF-8 -Djd"
paper,flowable_flowable-engine_mysql_test_mysql (8)_all.json,modules/flowable-common-rest/target/surefire-reports/,maven-surefire-plugin:3.2.3:test (default-test) @ flowable-common-rest,surefire:test,surefire test reports,correct,same-module,False,surefire:test,,"./mvnw clean install ${MAVEN_ARGS} -PcleanDb,mysql,distro -P'!include-spring-boot-samples' -Djdbc.url=jdbc:mysql://localhost:${{ job.services.mysql.ports[3306] }}/flowable?characterEncoding=UTF-8 -Djd"
paper,flowable_flowable-engine_mysql_test_mysql (8)_all.json,modules/flowable-cmmn-spring/target/surefire-reports/,maven-surefire-plugin:3.2.3:test (default-test) @ flowable-cmmn-spring,surefire:test,surefire test reports,correct,same-module,False,surefire:test,,"./mvnw clean install ${MAVEN_ARGS} -PcleanDb,mysql,distro -P'!include-spring-boot-samples' -Djdbc.url=jdbc:mysql://localhost:${{ job.services.mysql.ports[3306] }}/flowable?characterEncoding=UTF-8 -Djd"
paper,flowable_flowable-engine_mysql_test_mysql (8)_all.json,modules/flowable-cmmn-rest/target/surefire-reports/,maven-surefire-plugin:3.2.3:test (default-test) @ flowable-cmmn-rest,surefire:test,surefire test reports,correct,same-module,False,surefire:test,,"./mvnw clean install ${MAVEN_ARGS} -PcleanDb,mysql,distro -P'!include-spring-boot-samples' -Djdbc.url=jdbc:mysql://localhost:${{ job.services.mysql.ports[3306] }}/flowable?characterEncoding=UTF-8 -Djd"
paper,flowable_flowable-engine_mysql_test_mysql (8)_all.json,modules/flowable-cmmn-engine-configurator/target/surefire-reports/,maven-surefire-plugin:3.2.3:test (default-test) @ flowable-cmmn-engine-configurator,surefire:test,surefire test reports,correct,same-module,False,surefire:test,,"./mvnw clean install ${MAVEN_ARGS} -PcleanDb,mysql,distro -P'!include-spring-boot-samples' -Djdbc.url=jdbc:mysql://localhost:${{ job.services.mysql.ports[3306] }}/flowable?characterEncoding=UTF-8 -Djd"
paper,flowable_flowable-engine_mysql_test_mysql (8)_all.json,modules/flowable-cmmn-engine/target/surefire-reports/,maven-surefire-plugin:3.2.3:test (default-test) @ flowable-cmmn-engine,surefire:test,surefire test reports,correct,same-module,False,surefire:test,,"./mvnw clean install ${MAVEN_ARGS} -PcleanDb,mysql,distro -P'!include-spring-boot-samples' -Djdbc.url=jdbc:mysql://localhost:${{ job.services.mysql.ports[3306] }}/flowable?characterEncoding=UTF-8 -Djd"
paper,flowable_flowable-engine_mysql_test_mysql (8)_all.json,modules/flowable-cmmn-converter/target/surefire-reports/,maven-surefire-plugin:3.2.3:test (default-test) @ flowable-cmmn-converter,surefire:test,surefire test reports,correct,same-module,False,surefire:test,,"./mvnw clean install ${MAVEN_ARGS} -PcleanDb,mysql,distro -P'!include-spring-boot-samples' -Djdbc.url=jdbc:mysql://localhost:${{ job.services.mysql.ports[3306] }}/flowable?characterEncoding=UTF-8 -Djd"
paper,flowable_flowable-engine_mysql_test_mysql (8)_all.json,modules/flowable-cdi/target/surefire-reports/,maven-surefire-plugin:3.2.3:test (default-test) @ flowable-cdi,surefire:test,surefire test reports,correct,same-module,False,surefire:test,,"./mvnw clean install ${MAVEN_ARGS} -PcleanDb,mysql,distro -P'!include-spring-boot-samples' -Djdbc.url=jdbc:mysql://localhost:${{ job.services.mysql.ports[3306] }}/flowable?characterEncoding=UTF-8 -Djd"
paper,flowable_flowable-engine_mysql_test_mysql (8)_all.json,modules/flowable-case-validation/target/surefire-reports/,maven-surefire-plugin:3.2.3:test (default-test) @ flowable-case-validation,surefire:test,surefire test reports,correct,same-module,False,surefire:test,,"./mvnw clean install ${MAVEN_ARGS} -PcleanDb,mysql,distro -P'!include-spring-boot-samples' -Djdbc.url=jdbc:mysql://localhost:${{ job.services.mysql.ports[3306] }}/flowable?characterEncoding=UTF-8 -Djd"
paper,flowable_flowable-engine_mysql_test_mysql (8)_all.json,modules/flowable-camel/target/surefire-reports/,maven-surefire-plugin:3.2.3:test (default-test) @ flowable-camel,surefire:test,surefire test reports,correct,same-module,False,surefire:test,,"./mvnw clean install ${MAVEN_ARGS} -PcleanDb,mysql,distro -P'!include-spring-boot-samples' -Djdbc.url=jdbc:mysql://localhost:${{ job.services.mysql.ports[3306] }}/flowable?characterEncoding=UTF-8 -Djd"
paper,flowable_flowable-engine_mysql_test_mysql (8)_all.json,modules/flowable-bpmn-converter/target/surefire-reports/,maven-surefire-plugin:3.2.3:test (default-test) @ flowable-bpmn-converter,surefire:test,surefire test reports,correct,same-module,False,surefire:test,,"./mvnw clean install ${MAVEN_ARGS} -PcleanDb,mysql,distro -P'!include-spring-boot-samples' -Djdbc.url=jdbc:mysql://localhost:${{ job.services.mysql.ports[3306] }}/flowable?characterEncoding=UTF-8 -Djd"
paper,flowable_flowable-engine_mysql_test_mysql (8)_all.json,modules/flowable-app-rest/target/surefire-reports/,maven-surefire-plugin:3.2.3:test (default-test) @ flowable-app-rest,surefire:test,surefire test reports,correct,same-module,False,surefire:test,,"./mvnw clean install ${MAVEN_ARGS} -PcleanDb,mysql,distro -P'!include-spring-boot-samples' -Djdbc.url=jdbc:mysql://localhost:${{ job.services.mysql.ports[3306] }}/flowable?characterEncoding=UTF-8 -Djd"
paper,flowable_flowable-engine_mysql_test_mysql (8)_all.json,modules/flowable-app-engine-spring/target/surefire-reports/,maven-surefire-plugin:3.2.3:test (default-test) @ flowable-app-engine-spring,surefire:test,surefire test reports,correct,same-module,False,surefire:test,,"./mvnw clean install ${MAVEN_ARGS} -PcleanDb,mysql,distro -P'!include-spring-boot-samples' -Djdbc.url=jdbc:mysql://localhost:${{ job.services.mysql.ports[3306] }}/flowable?characterEncoding=UTF-8 -Djd"
paper,flowable_flowable-engine_mysql_test_mysql (8)_all.json,modules/flowable-app-engine-rest/target/surefire-reports/,maven-surefire-plugin:3.2.3:test (default-test) @ flowable-app-engine-rest,surefire:test,surefire test reports,correct,same-module,False,surefire:test,,"./mvnw clean install ${MAVEN_ARGS} -PcleanDb,mysql,distro -P'!include-spring-boot-samples' -Djdbc.url=jdbc:mysql://localhost:${{ job.services.mysql.ports[3306] }}/flowable?characterEncoding=UTF-8 -Djd"
paper,flowable_flowable-engine_mysql_test_mysql (8)_all.json,modules/flowable-app-engine/target/surefire-reports/,maven-surefire-plugin:3.2.3:test (default-test) @ flowable-app-engine,surefire:test,surefire test reports,correct,same-module,False,surefire:test,,"./mvnw clean install ${MAVEN_ARGS} -PcleanDb,mysql,distro -P'!include-spring-boot-samples' -Djdbc.url=jdbc:mysql://localhost:${{ job.services.mysql.ports[3306] }}/flowable?characterEncoding=UTF-8 -Djd"
paper,flowable_flowable-engine_mysql_test_mysql (8)_all.json,modules/flowable-identitylink-service-api/target/maven-status/,maven-compiler-plugin:3.12.1:compile (default-compile) @ flowable-identitylink-service-api,compiler,compiler state (parent dir),correct,same-module,False,compiler:compile,,"./mvnw clean install ${MAVEN_ARGS} -PcleanDb,mysql,distro -P'!include-spring-boot-samples' -Djdbc.url=jdbc:mysql://localhost:${{ job.services.mysql.ports[3306] }}/flowable?characterEncoding=UTF-8 -Djd"
paper,flowable_flowable-engine_postgres_test_postgres (11)_all.json,modules/flowable-bpmn-model/target/maven-status/,maven-compiler-plugin:3.12.1:compile (default-compile) @ flowable-bpmn-model,compiler,compiler state (parent dir),correct,same-module,False,compiler:compile,,"./mvnw clean install ${MAVEN_ARGS} -PcleanDb,postgresql,distro -P'!include-spring-boot-samples' -Djdbc.url=jdbc:postgresql://localhost:${{ job.services.postgres.ports[5432] }}/flowable -Djdbc.username"
paper,flowable_flowable-engine_postgres_test_postgres (12)_all.json,modules/flowable-spring-security/target/surefire-reports/,maven-surefire-plugin:3.2.3:test (default-test) @ flowable-spring-security,surefire:test,surefire test reports,correct,same-module,False,surefire:test,,"./mvnw clean install ${MAVEN_ARGS} -PcleanDb,postgresql,distro -P'!include-spring-boot-samples' -Djdbc.url=jdbc:postgresql://localhost:${{ job.services.postgres.ports[5432] }}/flowable -Djdbc.username"
paper,flowable_flowable-engine_postgres_test_postgres (12)_all.json,modules/flowable-spring/target/surefire-reports/,maven-surefire-plugin:3.2.3:test (default-test) @ flowable-spring,surefire:test,surefire test reports,correct,same-module,False,surefire:test,,"./mvnw clean install ${MAVEN_ARGS} -PcleanDb,postgresql,distro -P'!include-spring-boot-samples' -Djdbc.url=jdbc:postgresql://localhost:${{ job.services.postgres.ports[5432] }}/flowable -Djdbc.username"
paper,flowable_flowable-engine_postgres_test_postgres (12)_all.json,modules/flowable-secure-javascript/target/surefire-reports/,maven-surefire-plugin:3.2.3:test (default-test) @ flowable-secure-javascript,surefire:test,surefire test reports,correct,same-module,False,surefire:test,,"./mvnw clean install ${MAVEN_ARGS} -PcleanDb,postgresql,distro -P'!include-spring-boot-samples' -Djdbc.url=jdbc:postgresql://localhost:${{ job.services.postgres.ports[5432] }}/flowable -Djdbc.username"
paper,flowable_flowable-engine_postgres_test_postgres (12)_all.json,modules/flowable-rest/target/surefire-reports/,maven-surefire-plugin:3.2.3:test (default-test) @ flowable-rest,surefire:test,surefire test reports,correct,same-module,False,surefire:test,,"./mvnw clean install ${MAVEN_ARGS} -PcleanDb,postgresql,distro -P'!include-spring-boot-samples' -Djdbc.url=jdbc:postgresql://localhost:${{ job.services.postgres.ports[5432] }}/flowable -Djdbc.username"
paper,flowable_flowable-engine_postgres_test_postgres (12)_all.json,modules/flowable-osgi/target/surefire-reports/,maven-surefire-plugin:3.2.3:test (default-test) @ flowable-osgi,surefire:test,surefire test reports,correct,same-module,False,surefire:test,,"./mvnw clean install ${MAVEN_ARGS} -PcleanDb,postgresql,distro -P'!include-spring-boot-samples' -Djdbc.url=jdbc:postgresql://localhost:${{ job.services.postgres.ports[5432] }}/flowable -Djdbc.username"
paper,flowable_flowable-engine_postgres_test_postgres (12)_all.json,modules/flowable-ldap-configurator/target/surefire-reports/,maven-surefire-plugin:3.2.3:test (default-test) @ flowable-ldap-configurator,surefire:test,surefire test reports,correct,same-module,False,surefire:test,,"./mvnw clean install ${MAVEN_ARGS} -PcleanDb,postgresql,distro -P'!include-spring-boot-samples' -Djdbc.url=jdbc:postgresql://localhost:${{ job.services.postgres.ports[5432] }}/flowable -Djdbc.username"
paper,flowable_flowable-engine_postgres_test_postgres (12)_all.json,modules/flowable-job-service/target/surefire-reports/,maven-surefire-plugin:3.2.3:test (default-test) @ flowable-job-service,surefire:test,surefire test reports,correct,same-module,False,surefire:test,,"./mvnw clean install ${MAVEN_ARGS} -PcleanDb,postgresql,distro -P'!include-spring-boot-samples' -Djdbc.url=jdbc:postgresql://localhost:${{ job.services.postgres.ports[5432] }}/flowable -Djdbc.username"
paper,flowable_flowable-engine_postgres_test_postgres (12)_all.json,modules/flowable-jmx/target/surefire-reports/,maven-surefire-plugin:3.2.3:test (default-test) @ flowable-jmx,surefire:test,surefire test reports,correct,same-module,False,surefire:test,,"./mvnw clean install ${MAVEN_ARGS} -PcleanDb,postgresql,distro -P'!include-spring-boot-samples' -Djdbc.url=jdbc:postgresql://localhost:${{ job.services.postgres.ports[5432] }}/flowable -Djdbc.username"
paper,flowable_flowable-engine_postgres_test_postgres (12)_all.json,modules/flowable-idm-spring/target/surefire-reports/,maven-surefire-plugin:3.2.3:test (default-test) @ flowable-idm-spring,surefire:test,surefire test reports,correct,same-module,False,surefire:test,,"./mvnw clean install ${MAVEN_ARGS} -PcleanDb,postgresql,distro -P'!include-spring-boot-samples' -Djdbc.url=jdbc:postgresql://localhost:${{ job.services.postgres.ports[5432] }}/flowable -Djdbc.username"
paper,flowable_flowable-engine_postgres_test_postgres (12)_all.json,modules/flowable-idm-engine/target/surefire-reports/,maven-surefire-plugin:3.2.3:test (default-test) @ flowable-idm-engine,surefire:test,surefire test reports,correct,same-module,False,surefire:test,,"./mvnw clean install ${MAVEN_ARGS} -PcleanDb,postgresql,distro -P'!include-spring-boot-samples' -Djdbc.url=jdbc:postgresql://localhost:${{ job.services.postgres.ports[5432] }}/flowable -Djdbc.username"
paper,flowable_flowable-engine_postgres_test_postgres (12)_all.json,modules/flowable-http-common/target/surefire-reports/,maven-surefire-plugin:3.2.3:test (default-test) @ flowable-http-common,surefire:test,surefire test reports,correct,same-module,False,surefire:test,,"./mvnw clean install ${MAVEN_ARGS} -PcleanDb,postgresql,distro -P'!include-spring-boot-samples' -Djdbc.url=jdbc:postgresql://localhost:${{ job.services.postgres.ports[5432] }}/flowable -Djdbc.username"
paper,flowable_flowable-engine_postgres_test_postgres (12)_all.json,modules/flowable-http/target/surefire-reports/,maven-surefire-plugin:3.2.3:test (default-test) @ flowable-http,surefire:test,surefire test reports,correct,same-module,False,surefire:test,,"./mvnw clean install ${MAVEN_ARGS} -PcleanDb,postgresql,distro -P'!include-spring-boot-samples' -Djdbc.url=jdbc:postgresql://localhost:${{ job.services.postgres.ports[5432] }}/flowable -Djdbc.username"
paper,flowable_flowable-engine_postgres_test_postgres (12)_all.json,modules/flowable-groovy-script-static-engine/target/surefire-reports/,maven-surefire-plugin:3.2.3:test (default-test) @ flowable-groovy-script-static-engine,surefire:test,surefire test reports,correct,same-module,False,surefire:test,,"./mvnw clean install ${MAVEN_ARGS} -PcleanDb,postgresql,distro -P'!include-spring-boot-samples' -Djdbc.url=jdbc:postgresql://localhost:${{ job.services.postgres.ports[5432] }}/flowable -Djdbc.username"
paper,flowable_flowable-engine_postgres_test_postgres (12)_all.json,modules/flowable-external-job-rest/target/surefire-reports/,maven-surefire-plugin:3.2.3:test (default-test) @ flowable-external-job-rest,surefire:test,surefire test reports,correct,same-module,False,surefire:test,,"./mvnw clean install ${MAVEN_ARGS} -PcleanDb,postgresql,distro -P'!include-spring-boot-samples' -Djdbc.url=jdbc:postgresql://localhost:${{ job.services.postgres.ports[5432] }}/flowable -Djdbc.username"
paper,flowable_flowable-engine_postgres_test_postgres (12)_all.json,modules/flowable-event-registry-spring/target/surefire-reports/,maven-surefire-plugin:3.2.3:test (default-test) @ flowable-event-registry-spring,surefire:test,surefire test reports,correct,same-module,False,surefire:test,,"./mvnw clean install ${MAVEN_ARGS} -PcleanDb,postgresql,distro -P'!include-spring-boot-samples' -Djdbc.url=jdbc:postgresql://localhost:${{ job.services.postgres.ports[5432] }}/flowable -Djdbc.username"
paper,flowable_flowable-engine_postgres_test_postgres (12)_all.json,modules/flowable-event-registry-rest/target/surefire-reports/,maven-surefire-plugin:3.2.3:test (default-test) @ flowable-event-registry-rest,surefire:test,surefire test reports,correct,same-module,False,surefire:test,,"./mvnw clean install ${MAVEN_ARGS} -PcleanDb,postgresql,distro -P'!include-spring-boot-samples' -Djdbc.url=jdbc:postgresql://localhost:${{ job.services.postgres.ports[5432] }}/flowable -Djdbc.username"
paper,flowable_flowable-engine_postgres_test_postgres (12)_all.json,modules/flowable-event-registry-json-converter/target/surefire-reports/,maven-surefire-plugin:3.2.3:test (default-test) @ flowable-event-registry-json-converter,surefire:test,surefire test reports,correct,same-module,False,surefire:test,,"./mvnw clean install ${MAVEN_ARGS} -PcleanDb,postgresql,distro -P'!include-spring-boot-samples' -Djdbc.url=jdbc:postgresql://localhost:${{ job.services.postgres.ports[5432] }}/flowable -Djdbc.username"
paper,flowable_flowable-engine_postgres_test_postgres (12)_all.json,modules/flowable-event-registry-integration-test/target/surefire-reports/,maven-surefire-plugin:3.2.3:test (default-test) @ flowable-event-registry-integration-test,surefire:test,surefire test reports,correct,same-module,False,surefire:test,,"./mvnw clean install ${MAVEN_ARGS} -PcleanDb,postgresql,distro -P'!include-spring-boot-samples' -Djdbc.url=jdbc:postgresql://localhost:${{ job.services.postgres.ports[5432] }}/flowable -Djdbc.username"
paper,flowable_flowable-engine_postgres_test_postgres (12)_all.json,modules/flowable-event-registry/target/surefire-reports/,maven-surefire-plugin:3.2.3:test (default-test) @ flowable-event-registry,surefire:test,surefire test reports,correct,same-module,False,surefire:test,,"./mvnw clean install ${MAVEN_ARGS} -PcleanDb,postgresql,distro -P'!include-spring-boot-samples' -Djdbc.url=jdbc:postgresql://localhost:${{ job.services.postgres.ports[5432] }}/flowable -Djdbc.username"
paper,flowable_flowable-engine_postgres_test_postgres (12)_all.json,modules/flowable-engine-configurator/target/surefire-reports/,maven-surefire-plugin:3.2.3:test (default-test) @ flowable-engine-configurator,surefire:test,surefire test reports,correct,same-module,False,surefire:test,,"./mvnw clean install ${MAVEN_ARGS} -PcleanDb,postgresql,distro -P'!include-spring-boot-samples' -Djdbc.url=jdbc:postgresql://localhost:${{ job.services.postgres.ports[5432] }}/flowable -Djdbc.username"
paper,flowable_flowable-engine_postgres_test_postgres (12)_all.json,modules/flowable-engine-common/target/surefire-reports/,maven-surefire-plugin:3.2.3:test (default-test) @ flowable-engine-common,surefire:test,surefire test reports,correct,same-module,False,surefire:test,,"./mvnw clean install ${MAVEN_ARGS} -PcleanDb,postgresql,distro -P'!include-spring-boot-samples' -Djdbc.url=jdbc:postgresql://localhost:${{ job.services.postgres.ports[5432] }}/flowable -Djdbc.username"
paper,flowable_flowable-engine_postgres_test_postgres (12)_all.json,modules/flowable-engine/target/surefire-reports/,maven-surefire-plugin:3.2.3:test (default-test) @ flowable-engine,surefire:test,surefire test reports,correct,same-module,False,surefire:test,,"./mvnw clean install ${MAVEN_ARGS} -PcleanDb,postgresql,distro -P'!include-spring-boot-samples' -Djdbc.url=jdbc:postgresql://localhost:${{ job.services.postgres.ports[5432] }}/flowable -Djdbc.username"
paper,flowable_flowable-engine_postgres_test_postgres (12)_all.json,modules/flowable-dmn-xml-converter/target/surefire-reports/,maven-surefire-plugin:3.2.3:test (default-test) @ flowable-dmn-xml-converter,surefire:test,surefire test reports,correct,same-module,False,surefire:test,,"./mvnw clean install ${MAVEN_ARGS} -PcleanDb,postgresql,distro -P'!include-spring-boot-samples' -Djdbc.url=jdbc:postgresql://localhost:${{ job.services.postgres.ports[5432] }}/flowable -Djdbc.username"
paper,flowable_flowable-engine_postgres_test_postgres (12)_all.json,modules/flowable-dmn-spring-configurator/target/surefire-reports/,maven-surefire-plugin:3.2.3:test (default-test) @ flowable-dmn-spring-configurator,surefire:test,surefire test reports,correct,same-module,False,surefire:test,,"./mvnw clean install ${MAVEN_ARGS} -PcleanDb,postgresql,distro -P'!include-spring-boot-samples' -Djdbc.url=jdbc:postgresql://localhost:${{ job.services.postgres.ports[5432] }}/flowable -Djdbc.username"
paper,flowable_flowable-engine_postgres_test_postgres (12)_all.json,modules/flowable-dmn-spring/target/surefire-reports/,maven-surefire-plugin:3.2.3:test (default-test) @ flowable-dmn-spring,surefire:test,surefire test reports,correct,same-module,False,surefire:test,,"./mvnw clean install ${MAVEN_ARGS} -PcleanDb,postgresql,distro -P'!include-spring-boot-samples' -Djdbc.url=jdbc:postgresql://localhost:${{ job.services.postgres.ports[5432] }}/flowable -Djdbc.username"
paper,flowable_flowable-engine_postgres_test_postgres (12)_all.json,modules/flowable-dmn-rest/target/surefire-reports/,maven-surefire-plugin:3.2.3:test (default-test) @ flowable-dmn-rest,surefire:test,surefire test reports,correct,same-module,False,surefire:test,,"./mvnw clean install ${MAVEN_ARGS} -PcleanDb,postgresql,distro -P'!include-spring-boot-samples' -Djdbc.url=jdbc:postgresql://localhost:${{ job.services.postgres.ports[5432] }}/flowable -Djdbc.username"
paper,flowable_flowable-engine_postgres_test_postgres (12)_all.json,modules/flowable-dmn-engine-configurator/target/surefire-reports/,maven-surefire-plugin:3.2.3:test (default-test) @ flowable-dmn-engine-configurator,surefire:test,surefire test reports,correct,same-module,False,surefire:test,,"./mvnw clean install ${MAVEN_ARGS} -PcleanDb,postgresql,distro -P'!include-spring-boot-samples' -Djdbc.url=jdbc:postgresql://localhost:${{ job.services.postgres.ports[5432] }}/flowable -Djdbc.username"
paper,flowable_flowable-engine_postgres_test_postgres (12)_all.json,modules/flowable-dmn-engine/target/surefire-reports/,maven-surefire-plugin:3.2.3:test (default-test) @ flowable-dmn-engine,surefire:test,surefire test reports,correct,same-module,False,surefire:test,,"./mvnw clean install ${MAVEN_ARGS} -PcleanDb,postgresql,distro -P'!include-spring-boot-samples' -Djdbc.url=jdbc:postgresql://localhost:${{ job.services.postgres.ports[5432] }}/flowable -Djdbc.username"
paper,flowable_flowable-engine_postgres_test_postgres (12)_all.json,modules/flowable-common-rest/target/surefire-reports/,maven-surefire-plugin:3.2.3:test (default-test) @ flowable-common-rest,surefire:test,surefire test reports,correct,same-module,False,surefire:test,,"./mvnw clean install ${MAVEN_ARGS} -PcleanDb,postgresql,distro -P'!include-spring-boot-samples' -Djdbc.url=jdbc:postgresql://localhost:${{ job.services.postgres.ports[5432] }}/flowable -Djdbc.username"
paper,flowable_flowable-engine_postgres_test_postgres (12)_all.json,modules/flowable-cmmn-spring/target/surefire-reports/,maven-surefire-plugin:3.2.3:test (default-test) @ flowable-cmmn-spring,surefire:test,surefire test reports,correct,same-module,False,surefire:test,,"./mvnw clean install ${MAVEN_ARGS} -PcleanDb,postgresql,distro -P'!include-spring-boot-samples' -Djdbc.url=jdbc:postgresql://localhost:${{ job.services.postgres.ports[5432] }}/flowable -Djdbc.username"
paper,flowable_flowable-engine_postgres_test_postgres (12)_all.json,modules/flowable-cmmn-rest/target/surefire-reports/,maven-surefire-plugin:3.2.3:test (default-test) @ flowable-cmmn-rest,surefire:test,surefire test reports,correct,same-module,False,surefire:test,,"./mvnw clean install ${MAVEN_ARGS} -PcleanDb,postgresql,distro -P'!include-spring-boot-samples' -Djdbc.url=jdbc:postgresql://localhost:${{ job.services.postgres.ports[5432] }}/flowable -Djdbc.username"
paper,flowable_flowable-engine_postgres_test_postgres (12)_all.json,modules/flowable-cmmn-engine-configurator/target/surefire-reports/,maven-surefire-plugin:3.2.3:test (default-test) @ flowable-cmmn-engine-configurator,surefire:test,surefire test reports,correct,same-module,False,surefire:test,,"./mvnw clean install ${MAVEN_ARGS} -PcleanDb,postgresql,distro -P'!include-spring-boot-samples' -Djdbc.url=jdbc:postgresql://localhost:${{ job.services.postgres.ports[5432] }}/flowable -Djdbc.username"
paper,flowable_flowable-engine_postgres_test_postgres (12)_all.json,modules/flowable-cmmn-engine/target/surefire-reports/,maven-surefire-plugin:3.2.3:test (default-test) @ flowable-cmmn-engine,surefire:test,surefire test reports,correct,same-module,False,surefire:test,,"./mvnw clean install ${MAVEN_ARGS} -PcleanDb,postgresql,distro -P'!include-spring-boot-samples' -Djdbc.url=jdbc:postgresql://localhost:${{ job.services.postgres.ports[5432] }}/flowable -Djdbc.username"
paper,flowable_flowable-engine_postgres_test_postgres (12)_all.json,modules/flowable-cmmn-converter/target/surefire-reports/,maven-surefire-plugin:3.2.3:test (default-test) @ flowable-cmmn-converter,surefire:test,surefire test reports,correct,same-module,False,surefire:test,,"./mvnw clean install ${MAVEN_ARGS} -PcleanDb,postgresql,distro -P'!include-spring-boot-samples' -Djdbc.url=jdbc:postgresql://localhost:${{ job.services.postgres.ports[5432] }}/flowable -Djdbc.username"
paper,flowable_flowable-engine_postgres_test_postgres (12)_all.json,modules/flowable-cdi/target/surefire-reports/,maven-surefire-plugin:3.2.3:test (default-test) @ flowable-cdi,surefire:test,surefire test reports,correct,same-module,False,surefire:test,,"./mvnw clean install ${MAVEN_ARGS} -PcleanDb,postgresql,distro -P'!include-spring-boot-samples' -Djdbc.url=jdbc:postgresql://localhost:${{ job.services.postgres.ports[5432] }}/flowable -Djdbc.username"
paper,flowable_flowable-engine_postgres_test_postgres (12)_all.json,modules/flowable-case-validation/target/surefire-reports/,maven-surefire-plugin:3.2.3:test (default-test) @ flowable-case-validation,surefire:test,surefire test reports,correct,same-module,False,surefire:test,,"./mvnw clean install ${MAVEN_ARGS} -PcleanDb,postgresql,distro -P'!include-spring-boot-samples' -Djdbc.url=jdbc:postgresql://localhost:${{ job.services.postgres.ports[5432] }}/flowable -Djdbc.username"
paper,flowable_flowable-engine_postgres_test_postgres (12)_all.json,modules/flowable-camel/target/surefire-reports/,maven-surefire-plugin:3.2.3:test (default-test) @ flowable-camel,surefire:test,surefire test reports,correct,same-module,False,surefire:test,,"./mvnw clean install ${MAVEN_ARGS} -PcleanDb,postgresql,distro -P'!include-spring-boot-samples' -Djdbc.url=jdbc:postgresql://localhost:${{ job.services.postgres.ports[5432] }}/flowable -Djdbc.username"
paper,flowable_flowable-engine_postgres_test_postgres (12)_all.json,modules/flowable-bpmn-converter/target/surefire-reports/,maven-surefire-plugin:3.2.3:test (default-test) @ flowable-bpmn-converter,surefire:test,surefire test reports,correct,same-module,False,surefire:test,,"./mvnw clean install ${MAVEN_ARGS} -PcleanDb,postgresql,distro -P'!include-spring-boot-samples' -Djdbc.url=jdbc:postgresql://localhost:${{ job.services.postgres.ports[5432] }}/flowable -Djdbc.username"
paper,flowable_flowable-engine_postgres_test_postgres (12)_all.json,modules/flowable-app-rest/target/surefire-reports/,maven-surefire-plugin:3.2.3:test (default-test) @ flowable-app-rest,surefire:test,surefire test reports,correct,same-module,False,surefire:test,,"./mvnw clean install ${MAVEN_ARGS} -PcleanDb,postgresql,distro -P'!include-spring-boot-samples' -Djdbc.url=jdbc:postgresql://localhost:${{ job.services.postgres.ports[5432] }}/flowable -Djdbc.username"
paper,flowable_flowable-engine_postgres_test_postgres (12)_all.json,modules/flowable-app-engine-spring/target/surefire-reports/,maven-surefire-plugin:3.2.3:test (default-test) @ flowable-app-engine-spring,surefire:test,surefire test reports,correct,same-module,False,surefire:test,,"./mvnw clean install ${MAVEN_ARGS} -PcleanDb,postgresql,distro -P'!include-spring-boot-samples' -Djdbc.url=jdbc:postgresql://localhost:${{ job.services.postgres.ports[5432] }}/flowable -Djdbc.username"
paper,flowable_flowable-engine_postgres_test_postgres (12)_all.json,modules/flowable-app-engine-rest/target/surefire-reports/,maven-surefire-plugin:3.2.3:test (default-test) @ flowable-app-engine-rest,surefire:test,surefire test reports,correct,same-module,False,surefire:test,,"./mvnw clean install ${MAVEN_ARGS} -PcleanDb,postgresql,distro -P'!include-spring-boot-samples' -Djdbc.url=jdbc:postgresql://localhost:${{ job.services.postgres.ports[5432] }}/flowable -Djdbc.username"
paper,flowable_flowable-engine_postgres_test_postgres (12)_all.json,modules/flowable-app-engine/target/surefire-reports/,maven-surefire-plugin:3.2.3:test (default-test) @ flowable-app-engine,surefire:test,surefire test reports,correct,same-module,False,surefire:test,,"./mvnw clean install ${MAVEN_ARGS} -PcleanDb,postgresql,distro -P'!include-spring-boot-samples' -Djdbc.url=jdbc:postgresql://localhost:${{ job.services.postgres.ports[5432] }}/flowable -Djdbc.username"
paper,flowable_flowable-engine_postgres_test_postgres (12)_all.json,modules/flowable-job-spring-service/target/maven-status/,maven-compiler-plugin:3.12.1:compile (default-compile) @ flowable-job-spring-service,compiler,compiler state (parent dir),correct,same-module,False,compiler:compile,,"./mvnw clean install ${MAVEN_ARGS} -PcleanDb,postgresql,distro -P'!include-spring-boot-samples' -Djdbc.url=jdbc:postgresql://localhost:${{ job.services.postgres.ports[5432] }}/flowable -Djdbc.username"
paper,flowable_flowable-engine_postgres_test_postgres (12)_all.json,modules/flowable-dmn-xml-converter/target/maven-status/,maven-compiler-plugin:3.12.1:compile (default-compile) @ flowable-dmn-xml-converter,compiler,compiler state (parent dir),correct,same-module,False,compiler:compile,,"./mvnw clean install ${MAVEN_ARGS} -PcleanDb,postgresql,distro -P'!include-spring-boot-samples' -Djdbc.url=jdbc:postgresql://localhost:${{ job.services.postgres.ports[5432] }}/flowable -Djdbc.username"
paper,flowable_flowable-engine_postgres_test_postgres (13)_all.json,modules/flowable-spring-security/target/surefire-reports/,maven-surefire-plugin:3.2.3:test (default-test) @ flowable-spring-security,surefire:test,surefire test reports,correct,same-module,False,surefire:test,,"./mvnw clean install ${MAVEN_ARGS} -PcleanDb,postgresql,distro -P'!include-spring-boot-samples' -Djdbc.url=jdbc:postgresql://localhost:${{ job.services.postgres.ports[5432] }}/flowable -Djdbc.username"
paper,flowable_flowable-engine_postgres_test_postgres (13)_all.json,modules/flowable-spring/target/surefire-reports/,maven-surefire-plugin:3.2.3:test (default-test) @ flowable-spring,surefire:test,surefire test reports,correct,same-module,False,surefire:test,,"./mvnw clean install ${MAVEN_ARGS} -PcleanDb,postgresql,distro -P'!include-spring-boot-samples' -Djdbc.url=jdbc:postgresql://localhost:${{ job.services.postgres.ports[5432] }}/flowable -Djdbc.username"
paper,flowable_flowable-engine_postgres_test_postgres (13)_all.json,modules/flowable-secure-javascript/target/surefire-reports/,maven-surefire-plugin:3.2.3:test (default-test) @ flowable-secure-javascript,surefire:test,surefire test reports,correct,same-module,False,surefire:test,,"./mvnw clean install ${MAVEN_ARGS} -PcleanDb,postgresql,distro -P'!include-spring-boot-samples' -Djdbc.url=jdbc:postgresql://localhost:${{ job.services.postgres.ports[5432] }}/flowable -Djdbc.username"
paper,flowable_flowable-engine_postgres_test_postgres (13)_all.json,modules/flowable-rest/target/surefire-reports/,maven-surefire-plugin:3.2.3:test (default-test) @ flowable-rest,surefire:test,surefire test reports,correct,same-module,False,surefire:test,,"./mvnw clean install ${MAVEN_ARGS} -PcleanDb,postgresql,distro -P'!include-spring-boot-samples' -Djdbc.url=jdbc:postgresql://localhost:${{ job.services.postgres.ports[5432] }}/flowable -Djdbc.username"
paper,flowable_flowable-engine_postgres_test_postgres (13)_all.json,modules/flowable-osgi/target/surefire-reports/,maven-surefire-plugin:3.2.3:test (default-test) @ flowable-osgi,surefire:test,surefire test reports,correct,same-module,False,surefire:test,,"./mvnw clean install ${MAVEN_ARGS} -PcleanDb,postgresql,distro -P'!include-spring-boot-samples' -Djdbc.url=jdbc:postgresql://localhost:${{ job.services.postgres.ports[5432] }}/flowable -Djdbc.username"
paper,flowable_flowable-engine_postgres_test_postgres (13)_all.json,modules/flowable-ldap-configurator/target/surefire-reports/,maven-surefire-plugin:3.2.3:test (default-test) @ flowable-ldap-configurator,surefire:test,surefire test reports,correct,same-module,False,surefire:test,,"./mvnw clean install ${MAVEN_ARGS} -PcleanDb,postgresql,distro -P'!include-spring-boot-samples' -Djdbc.url=jdbc:postgresql://localhost:${{ job.services.postgres.ports[5432] }}/flowable -Djdbc.username"
paper,flowable_flowable-engine_postgres_test_postgres (13)_all.json,modules/flowable-job-service/target/surefire-reports/,maven-surefire-plugin:3.2.3:test (default-test) @ flowable-job-service,surefire:test,surefire test reports,correct,same-module,False,surefire:test,,"./mvnw clean install ${MAVEN_ARGS} -PcleanDb,postgresql,distro -P'!include-spring-boot-samples' -Djdbc.url=jdbc:postgresql://localhost:${{ job.services.postgres.ports[5432] }}/flowable -Djdbc.username"
paper,flowable_flowable-engine_postgres_test_postgres (13)_all.json,modules/flowable-jmx/target/surefire-reports/,maven-surefire-plugin:3.2.3:test (default-test) @ flowable-jmx,surefire:test,surefire test reports,correct,same-module,False,surefire:test,,"./mvnw clean install ${MAVEN_ARGS} -PcleanDb,postgresql,distro -P'!include-spring-boot-samples' -Djdbc.url=jdbc:postgresql://localhost:${{ job.services.postgres.ports[5432] }}/flowable -Djdbc.username"
paper,flowable_flowable-engine_postgres_test_postgres (13)_all.json,modules/flowable-idm-spring/target/surefire-reports/,maven-surefire-plugin:3.2.3:test (default-test) @ flowable-idm-spring,surefire:test,surefire test reports,correct,same-module,False,surefire:test,,"./mvnw clean install ${MAVEN_ARGS} -PcleanDb,postgresql,distro -P'!include-spring-boot-samples' -Djdbc.url=jdbc:postgresql://localhost:${{ job.services.postgres.ports[5432] }}/flowable -Djdbc.username"
paper,flowable_flowable-engine_postgres_test_postgres (13)_all.json,modules/flowable-idm-engine/target/surefire-reports/,maven-surefire-plugin:3.2.3:test (default-test) @ flowable-idm-engine,surefire:test,surefire test reports,correct,same-module,False,surefire:test,,"./mvnw clean install ${MAVEN_ARGS} -PcleanDb,postgresql,distro -P'!include-spring-boot-samples' -Djdbc.url=jdbc:postgresql://localhost:${{ job.services.postgres.ports[5432] }}/flowable -Djdbc.username"
paper,flowable_flowable-engine_postgres_test_postgres (13)_all.json,modules/flowable-http-common/target/surefire-reports/,maven-surefire-plugin:3.2.3:test (default-test) @ flowable-http-common,surefire:test,surefire test reports,correct,same-module,False,surefire:test,,"./mvnw clean install ${MAVEN_ARGS} -PcleanDb,postgresql,distro -P'!include-spring-boot-samples' -Djdbc.url=jdbc:postgresql://localhost:${{ job.services.postgres.ports[5432] }}/flowable -Djdbc.username"
paper,flowable_flowable-engine_postgres_test_postgres (13)_all.json,modules/flowable-http/target/surefire-reports/,maven-surefire-plugin:3.2.3:test (default-test) @ flowable-http,surefire:test,surefire test reports,correct,same-module,False,surefire:test,,"./mvnw clean install ${MAVEN_ARGS} -PcleanDb,postgresql,distro -P'!include-spring-boot-samples' -Djdbc.url=jdbc:postgresql://localhost:${{ job.services.postgres.ports[5432] }}/flowable -Djdbc.username"
paper,flowable_flowable-engine_postgres_test_postgres (13)_all.json,modules/flowable-groovy-script-static-engine/target/surefire-reports/,maven-surefire-plugin:3.2.3:test (default-test) @ flowable-groovy-script-static-engine,surefire:test,surefire test reports,correct,same-module,False,surefire:test,,"./mvnw clean install ${MAVEN_ARGS} -PcleanDb,postgresql,distro -P'!include-spring-boot-samples' -Djdbc.url=jdbc:postgresql://localhost:${{ job.services.postgres.ports[5432] }}/flowable -Djdbc.username"
paper,flowable_flowable-engine_postgres_test_postgres (13)_all.json,modules/flowable-external-job-rest/target/surefire-reports/,maven-surefire-plugin:3.2.3:test (default-test) @ flowable-external-job-rest,surefire:test,surefire test reports,correct,same-module,False,surefire:test,,"./mvnw clean install ${MAVEN_ARGS} -PcleanDb,postgresql,distro -P'!include-spring-boot-samples' -Djdbc.url=jdbc:postgresql://localhost:${{ job.services.postgres.ports[5432] }}/flowable -Djdbc.username"
paper,flowable_flowable-engine_postgres_test_postgres (13)_all.json,modules/flowable-event-registry-spring/target/surefire-reports/,maven-surefire-plugin:3.2.3:test (default-test) @ flowable-event-registry-spring,surefire:test,surefire test reports,correct,same-module,False,surefire:test,,"./mvnw clean install ${MAVEN_ARGS} -PcleanDb,postgresql,distro -P'!include-spring-boot-samples' -Djdbc.url=jdbc:postgresql://localhost:${{ job.services.postgres.ports[5432] }}/flowable -Djdbc.username"
paper,flowable_flowable-engine_postgres_test_postgres (13)_all.json,modules/flowable-event-registry-rest/target/surefire-reports/,maven-surefire-plugin:3.2.3:test (default-test) @ flowable-event-registry-rest,surefire:test,surefire test reports,correct,same-module,False,surefire:test,,"./mvnw clean install ${MAVEN_ARGS} -PcleanDb,postgresql,distro -P'!include-spring-boot-samples' -Djdbc.url=jdbc:postgresql://localhost:${{ job.services.postgres.ports[5432] }}/flowable -Djdbc.username"
paper,flowable_flowable-engine_postgres_test_postgres (13)_all.json,modules/flowable-event-registry-json-converter/target/surefire-reports/,maven-surefire-plugin:3.2.3:test (default-test) @ flowable-event-registry-json-converter,surefire:test,surefire test reports,correct,same-module,False,surefire:test,,"./mvnw clean install ${MAVEN_ARGS} -PcleanDb,postgresql,distro -P'!include-spring-boot-samples' -Djdbc.url=jdbc:postgresql://localhost:${{ job.services.postgres.ports[5432] }}/flowable -Djdbc.username"
paper,flowable_flowable-engine_postgres_test_postgres (13)_all.json,modules/flowable-event-registry-integration-test/target/surefire-reports/,maven-surefire-plugin:3.2.3:test (default-test) @ flowable-event-registry-integration-test,surefire:test,surefire test reports,correct,same-module,False,surefire:test,,"./mvnw clean install ${MAVEN_ARGS} -PcleanDb,postgresql,distro -P'!include-spring-boot-samples' -Djdbc.url=jdbc:postgresql://localhost:${{ job.services.postgres.ports[5432] }}/flowable -Djdbc.username"
paper,flowable_flowable-engine_postgres_test_postgres (13)_all.json,modules/flowable-event-registry/target/surefire-reports/,maven-surefire-plugin:3.2.3:test (default-test) @ flowable-event-registry,surefire:test,surefire test reports,correct,same-module,False,surefire:test,,"./mvnw clean install ${MAVEN_ARGS} -PcleanDb,postgresql,distro -P'!include-spring-boot-samples' -Djdbc.url=jdbc:postgresql://localhost:${{ job.services.postgres.ports[5432] }}/flowable -Djdbc.username"
paper,flowable_flowable-engine_postgres_test_postgres (13)_all.json,modules/flowable-engine-configurator/target/surefire-reports/,maven-surefire-plugin:3.2.3:test (default-test) @ flowable-engine-configurator,surefire:test,surefire test reports,correct,same-module,False,surefire:test,,"./mvnw clean install ${MAVEN_ARGS} -PcleanDb,postgresql,distro -P'!include-spring-boot-samples' -Djdbc.url=jdbc:postgresql://localhost:${{ job.services.postgres.ports[5432] }}/flowable -Djdbc.username"
paper,flowable_flowable-engine_postgres_test_postgres (13)_all.json,modules/flowable-engine-common/target/surefire-reports/,maven-surefire-plugin:3.2.3:test (default-test) @ flowable-engine-common,surefire:test,surefire test reports,correct,same-module,False,surefire:test,,"./mvnw clean install ${MAVEN_ARGS} -PcleanDb,postgresql,distro -P'!include-spring-boot-samples' -Djdbc.url=jdbc:postgresql://localhost:${{ job.services.postgres.ports[5432] }}/flowable -Djdbc.username"
paper,flowable_flowable-engine_postgres_test_postgres (13)_all.json,modules/flowable-engine/target/surefire-reports/,maven-surefire-plugin:3.2.3:test (default-test) @ flowable-engine,surefire:test,surefire test reports,correct,same-module,False,surefire:test,,"./mvnw clean install ${MAVEN_ARGS} -PcleanDb,postgresql,distro -P'!include-spring-boot-samples' -Djdbc.url=jdbc:postgresql://localhost:${{ job.services.postgres.ports[5432] }}/flowable -Djdbc.username"
paper,flowable_flowable-engine_postgres_test_postgres (13)_all.json,modules/flowable-dmn-xml-converter/target/surefire-reports/,maven-surefire-plugin:3.2.3:test (default-test) @ flowable-dmn-xml-converter,surefire:test,surefire test reports,correct,same-module,False,surefire:test,,"./mvnw clean install ${MAVEN_ARGS} -PcleanDb,postgresql,distro -P'!include-spring-boot-samples' -Djdbc.url=jdbc:postgresql://localhost:${{ job.services.postgres.ports[5432] }}/flowable -Djdbc.username"
paper,flowable_flowable-engine_postgres_test_postgres (13)_all.json,modules/flowable-dmn-spring-configurator/target/surefire-reports/,maven-surefire-plugin:3.2.3:test (default-test) @ flowable-dmn-spring-configurator,surefire:test,surefire test reports,correct,same-module,False,surefire:test,,"./mvnw clean install ${MAVEN_ARGS} -PcleanDb,postgresql,distro -P'!include-spring-boot-samples' -Djdbc.url=jdbc:postgresql://localhost:${{ job.services.postgres.ports[5432] }}/flowable -Djdbc.username"
paper,flowable_flowable-engine_postgres_test_postgres (13)_all.json,modules/flowable-dmn-spring/target/surefire-reports/,maven-surefire-plugin:3.2.3:test (default-test) @ flowable-dmn-spring,surefire:test,surefire test reports,correct,same-module,False,surefire:test,,"./mvnw clean install ${MAVEN_ARGS} -PcleanDb,postgresql,distro -P'!include-spring-boot-samples' -Djdbc.url=jdbc:postgresql://localhost:${{ job.services.postgres.ports[5432] }}/flowable -Djdbc.username"
paper,flowable_flowable-engine_postgres_test_postgres (13)_all.json,modules/flowable-dmn-rest/target/surefire-reports/,maven-surefire-plugin:3.2.3:test (default-test) @ flowable-dmn-rest,surefire:test,surefire test reports,correct,same-module,False,surefire:test,,"./mvnw clean install ${MAVEN_ARGS} -PcleanDb,postgresql,distro -P'!include-spring-boot-samples' -Djdbc.url=jdbc:postgresql://localhost:${{ job.services.postgres.ports[5432] }}/flowable -Djdbc.username"
paper,flowable_flowable-engine_postgres_test_postgres (13)_all.json,modules/flowable-dmn-engine-configurator/target/surefire-reports/,maven-surefire-plugin:3.2.3:test (default-test) @ flowable-dmn-engine-configurator,surefire:test,surefire test reports,correct,same-module,False,surefire:test,,"./mvnw clean install ${MAVEN_ARGS} -PcleanDb,postgresql,distro -P'!include-spring-boot-samples' -Djdbc.url=jdbc:postgresql://localhost:${{ job.services.postgres.ports[5432] }}/flowable -Djdbc.username"
paper,flowable_flowable-engine_postgres_test_postgres (13)_all.json,modules/flowable-dmn-engine/target/surefire-reports/,maven-surefire-plugin:3.2.3:test (default-test) @ flowable-dmn-engine,surefire:test,surefire test reports,correct,same-module,False,surefire:test,,"./mvnw clean install ${MAVEN_ARGS} -PcleanDb,postgresql,distro -P'!include-spring-boot-samples' -Djdbc.url=jdbc:postgresql://localhost:${{ job.services.postgres.ports[5432] }}/flowable -Djdbc.username"
paper,flowable_flowable-engine_postgres_test_postgres (13)_all.json,modules/flowable-common-rest/target/surefire-reports/,maven-surefire-plugin:3.2.3:test (default-test) @ flowable-common-rest,surefire:test,surefire test reports,correct,same-module,False,surefire:test,,"./mvnw clean install ${MAVEN_ARGS} -PcleanDb,postgresql,distro -P'!include-spring-boot-samples' -Djdbc.url=jdbc:postgresql://localhost:${{ job.services.postgres.ports[5432] }}/flowable -Djdbc.username"
paper,flowable_flowable-engine_postgres_test_postgres (13)_all.json,modules/flowable-cmmn-spring/target/surefire-reports/,maven-surefire-plugin:3.2.3:test (default-test) @ flowable-cmmn-spring,surefire:test,surefire test reports,correct,same-module,False,surefire:test,,"./mvnw clean install ${MAVEN_ARGS} -PcleanDb,postgresql,distro -P'!include-spring-boot-samples' -Djdbc.url=jdbc:postgresql://localhost:${{ job.services.postgres.ports[5432] }}/flowable -Djdbc.username"
paper,flowable_flowable-engine_postgres_test_postgres (13)_all.json,modules/flowable-cmmn-rest/target/surefire-reports/,maven-surefire-plugin:3.2.3:test (default-test) @ flowable-cmmn-rest,surefire:test,surefire test reports,correct,same-module,False,surefire:test,,"./mvnw clean install ${MAVEN_ARGS} -PcleanDb,postgresql,distro -P'!include-spring-boot-samples' -Djdbc.url=jdbc:postgresql://localhost:${{ job.services.postgres.ports[5432] }}/flowable -Djdbc.username"
paper,flowable_flowable-engine_postgres_test_postgres (13)_all.json,modules/flowable-cmmn-engine-configurator/target/surefire-reports/,maven-surefire-plugin:3.2.3:test (default-test) @ flowable-cmmn-engine-configurator,surefire:test,surefire test reports,correct,same-module,False,surefire:test,,"./mvnw clean install ${MAVEN_ARGS} -PcleanDb,postgresql,distro -P'!include-spring-boot-samples' -Djdbc.url=jdbc:postgresql://localhost:${{ job.services.postgres.ports[5432] }}/flowable -Djdbc.username"
paper,flowable_flowable-engine_postgres_test_postgres (13)_all.json,modules/flowable-cmmn-engine/target/surefire-reports/,maven-surefire-plugin:3.2.3:test (default-test) @ flowable-cmmn-engine,surefire:test,surefire test reports,correct,same-module,False,surefire:test,,"./mvnw clean install ${MAVEN_ARGS} -PcleanDb,postgresql,distro -P'!include-spring-boot-samples' -Djdbc.url=jdbc:postgresql://localhost:${{ job.services.postgres.ports[5432] }}/flowable -Djdbc.username"
paper,flowable_flowable-engine_postgres_test_postgres (13)_all.json,modules/flowable-cmmn-converter/target/surefire-reports/,maven-surefire-plugin:3.2.3:test (default-test) @ flowable-cmmn-converter,surefire:test,surefire test reports,correct,same-module,False,surefire:test,,"./mvnw clean install ${MAVEN_ARGS} -PcleanDb,postgresql,distro -P'!include-spring-boot-samples' -Djdbc.url=jdbc:postgresql://localhost:${{ job.services.postgres.ports[5432] }}/flowable -Djdbc.username"
paper,flowable_flowable-engine_postgres_test_postgres (13)_all.json,modules/flowable-cdi/target/surefire-reports/,maven-surefire-plugin:3.2.3:test (default-test) @ flowable-cdi,surefire:test,surefire test reports,correct,same-module,False,surefire:test,,"./mvnw clean install ${MAVEN_ARGS} -PcleanDb,postgresql,distro -P'!include-spring-boot-samples' -Djdbc.url=jdbc:postgresql://localhost:${{ job.services.postgres.ports[5432] }}/flowable -Djdbc.username"
paper,flowable_flowable-engine_postgres_test_postgres (13)_all.json,modules/flowable-case-validation/target/surefire-reports/,maven-surefire-plugin:3.2.3:test (default-test) @ flowable-case-validation,surefire:test,surefire test reports,correct,same-module,False,surefire:test,,"./mvnw clean install ${MAVEN_ARGS} -PcleanDb,postgresql,distro -P'!include-spring-boot-samples' -Djdbc.url=jdbc:postgresql://localhost:${{ job.services.postgres.ports[5432] }}/flowable -Djdbc.username"
paper,flowable_flowable-engine_postgres_test_postgres (13)_all.json,modules/flowable-camel/target/surefire-reports/,maven-surefire-plugin:3.2.3:test (default-test) @ flowable-camel,surefire:test,surefire test reports,correct,same-module,False,surefire:test,,"./mvnw clean install ${MAVEN_ARGS} -PcleanDb,postgresql,distro -P'!include-spring-boot-samples' -Djdbc.url=jdbc:postgresql://localhost:${{ job.services.postgres.ports[5432] }}/flowable -Djdbc.username"
paper,flowable_flowable-engine_postgres_test_postgres (13)_all.json,modules/flowable-bpmn-converter/target/surefire-reports/,maven-surefire-plugin:3.2.3:test (default-test) @ flowable-bpmn-converter,surefire:test,surefire test reports,correct,same-module,False,surefire:test,,"./mvnw clean install ${MAVEN_ARGS} -PcleanDb,postgresql,distro -P'!include-spring-boot-samples' -Djdbc.url=jdbc:postgresql://localhost:${{ job.services.postgres.ports[5432] }}/flowable -Djdbc.username"
paper,flowable_flowable-engine_postgres_test_postgres (13)_all.json,modules/flowable-app-rest/target/surefire-reports/,maven-surefire-plugin:3.2.3:test (default-test) @ flowable-app-rest,surefire:test,surefire test reports,correct,same-module,False,surefire:test,,"./mvnw clean install ${MAVEN_ARGS} -PcleanDb,postgresql,distro -P'!include-spring-boot-samples' -Djdbc.url=jdbc:postgresql://localhost:${{ job.services.postgres.ports[5432] }}/flowable -Djdbc.username"
paper,flowable_flowable-engine_postgres_test_postgres (13)_all.json,modules/flowable-app-engine-spring/target/surefire-reports/,maven-surefire-plugin:3.2.3:test (default-test) @ flowable-app-engine-spring,surefire:test,surefire test reports,correct,same-module,False,surefire:test,,"./mvnw clean install ${MAVEN_ARGS} -PcleanDb,postgresql,distro -P'!include-spring-boot-samples' -Djdbc.url=jdbc:postgresql://localhost:${{ job.services.postgres.ports[5432] }}/flowable -Djdbc.username"
paper,flowable_flowable-engine_postgres_test_postgres (13)_all.json,modules/flowable-app-engine/target/surefire-reports/,maven-surefire-plugin:3.2.3:test (default-test) @ flowable-app-engine,surefire:test,surefire test reports,correct,same-module,False,surefire:test,,"./mvnw clean install ${MAVEN_ARGS} -PcleanDb,postgresql,distro -P'!include-spring-boot-samples' -Djdbc.url=jdbc:postgresql://localhost:${{ job.services.postgres.ports[5432] }}/flowable -Djdbc.username"
paper,flowable_flowable-engine_postgres_test_postgres (14)_all.json,modules/flowable-spring-security/target/surefire-reports/,maven-surefire-plugin:3.2.3:test (default-test) @ flowable-spring-security,surefire:test,surefire test reports,correct,same-module,False,surefire:test,,"./mvnw clean install ${MAVEN_ARGS} -PcleanDb,postgresql,distro -P'!include-spring-boot-samples' -Djdbc.url=jdbc:postgresql://localhost:${{ job.services.postgres.ports[5432] }}/flowable -Djdbc.username"
paper,flowable_flowable-engine_postgres_test_postgres (14)_all.json,modules/flowable-spring/target/surefire-reports/,maven-surefire-plugin:3.2.3:test (default-test) @ flowable-spring,surefire:test,surefire test reports,correct,same-module,False,surefire:test,,"./mvnw clean install ${MAVEN_ARGS} -PcleanDb,postgresql,distro -P'!include-spring-boot-samples' -Djdbc.url=jdbc:postgresql://localhost:${{ job.services.postgres.ports[5432] }}/flowable -Djdbc.username"
paper,flowable_flowable-engine_postgres_test_postgres (14)_all.json,modules/flowable-secure-javascript/target/surefire-reports/,maven-surefire-plugin:3.2.3:test (default-test) @ flowable-secure-javascript,surefire:test,surefire test reports,correct,same-module,False,surefire:test,,"./mvnw clean install ${MAVEN_ARGS} -PcleanDb,postgresql,distro -P'!include-spring-boot-samples' -Djdbc.url=jdbc:postgresql://localhost:${{ job.services.postgres.ports[5432] }}/flowable -Djdbc.username"
paper,flowable_flowable-engine_postgres_test_postgres (14)_all.json,modules/flowable-rest/target/surefire-reports/,maven-surefire-plugin:3.2.3:test (default-test) @ flowable-rest,surefire:test,surefire test reports,correct,same-module,False,surefire:test,,"./mvnw clean install ${MAVEN_ARGS} -PcleanDb,postgresql,distro -P'!include-spring-boot-samples' -Djdbc.url=jdbc:postgresql://localhost:${{ job.services.postgres.ports[5432] }}/flowable -Djdbc.username"
paper,flowable_flowable-engine_postgres_test_postgres (14)_all.json,modules/flowable-osgi/target/surefire-reports/,maven-surefire-plugin:3.2.3:test (default-test) @ flowable-osgi,surefire:test,surefire test reports,correct,same-module,False,surefire:test,,"./mvnw clean install ${MAVEN_ARGS} -PcleanDb,postgresql,distro -P'!include-spring-boot-samples' -Djdbc.url=jdbc:postgresql://localhost:${{ job.services.postgres.ports[5432] }}/flowable -Djdbc.username"
paper,flowable_flowable-engine_postgres_test_postgres (14)_all.json,modules/flowable-ldap-configurator/target/surefire-reports/,maven-surefire-plugin:3.2.3:test (default-test) @ flowable-ldap-configurator,surefire:test,surefire test reports,correct,same-module,False,surefire:test,,"./mvnw clean install ${MAVEN_ARGS} -PcleanDb,postgresql,distro -P'!include-spring-boot-samples' -Djdbc.url=jdbc:postgresql://localhost:${{ job.services.postgres.ports[5432] }}/flowable -Djdbc.username"
paper,flowable_flowable-engine_postgres_test_postgres (14)_all.json,modules/flowable-job-service/target/surefire-reports/,maven-surefire-plugin:3.2.3:test (default-test) @ flowable-job-service,surefire:test,surefire test reports,correct,same-module,False,surefire:test,,"./mvnw clean install ${MAVEN_ARGS} -PcleanDb,postgresql,distro -P'!include-spring-boot-samples' -Djdbc.url=jdbc:postgresql://localhost:${{ job.services.postgres.ports[5432] }}/flowable -Djdbc.username"
paper,flowable_flowable-engine_postgres_test_postgres (14)_all.json,modules/flowable-jmx/target/surefire-reports/,maven-surefire-plugin:3.2.3:test (default-test) @ flowable-jmx,surefire:test,surefire test reports,correct,same-module,False,surefire:test,,"./mvnw clean install ${MAVEN_ARGS} -PcleanDb,postgresql,distro -P'!include-spring-boot-samples' -Djdbc.url=jdbc:postgresql://localhost:${{ job.services.postgres.ports[5432] }}/flowable -Djdbc.username"
paper,flowable_flowable-engine_postgres_test_postgres (14)_all.json,modules/flowable-idm-spring/target/surefire-reports/,maven-surefire-plugin:3.2.3:test (default-test) @ flowable-idm-spring,surefire:test,surefire test reports,correct,same-module,False,surefire:test,,"./mvnw clean install ${MAVEN_ARGS} -PcleanDb,postgresql,distro -P'!include-spring-boot-samples' -Djdbc.url=jdbc:postgresql://localhost:${{ job.services.postgres.ports[5432] }}/flowable -Djdbc.username"
paper,flowable_flowable-engine_postgres_test_postgres (14)_all.json,modules/flowable-idm-engine/target/surefire-reports/,maven-surefire-plugin:3.2.3:test (default-test) @ flowable-idm-engine,surefire:test,surefire test reports,correct,same-module,False,surefire:test,,"./mvnw clean install ${MAVEN_ARGS} -PcleanDb,postgresql,distro -P'!include-spring-boot-samples' -Djdbc.url=jdbc:postgresql://localhost:${{ job.services.postgres.ports[5432] }}/flowable -Djdbc.username"
paper,flowable_flowable-engine_postgres_test_postgres (14)_all.json,modules/flowable-http-common/target/surefire-reports/,maven-surefire-plugin:3.2.3:test (default-test) @ flowable-http-common,surefire:test,surefire test reports,correct,same-module,False,surefire:test,,"./mvnw clean install ${MAVEN_ARGS} -PcleanDb,postgresql,distro -P'!include-spring-boot-samples' -Djdbc.url=jdbc:postgresql://localhost:${{ job.services.postgres.ports[5432] }}/flowable -Djdbc.username"
paper,flowable_flowable-engine_postgres_test_postgres (14)_all.json,modules/flowable-http/target/surefire-reports/,maven-surefire-plugin:3.2.3:test (default-test) @ flowable-http,surefire:test,surefire test reports,correct,same-module,False,surefire:test,,"./mvnw clean install ${MAVEN_ARGS} -PcleanDb,postgresql,distro -P'!include-spring-boot-samples' -Djdbc.url=jdbc:postgresql://localhost:${{ job.services.postgres.ports[5432] }}/flowable -Djdbc.username"
paper,flowable_flowable-engine_postgres_test_postgres (14)_all.json,modules/flowable-groovy-script-static-engine/target/surefire-reports/,maven-surefire-plugin:3.2.3:test (default-test) @ flowable-groovy-script-static-engine,surefire:test,surefire test reports,correct,same-module,False,surefire:test,,"./mvnw clean install ${MAVEN_ARGS} -PcleanDb,postgresql,distro -P'!include-spring-boot-samples' -Djdbc.url=jdbc:postgresql://localhost:${{ job.services.postgres.ports[5432] }}/flowable -Djdbc.username"
paper,flowable_flowable-engine_postgres_test_postgres (14)_all.json,modules/flowable-external-job-rest/target/surefire-reports/,maven-surefire-plugin:3.2.3:test (default-test) @ flowable-external-job-rest,surefire:test,surefire test reports,correct,same-module,False,surefire:test,,"./mvnw clean install ${MAVEN_ARGS} -PcleanDb,postgresql,distro -P'!include-spring-boot-samples' -Djdbc.url=jdbc:postgresql://localhost:${{ job.services.postgres.ports[5432] }}/flowable -Djdbc.username"
paper,flowable_flowable-engine_postgres_test_postgres (14)_all.json,modules/flowable-event-registry-spring/target/surefire-reports/,maven-surefire-plugin:3.2.3:test (default-test) @ flowable-event-registry-spring,surefire:test,surefire test reports,correct,same-module,False,surefire:test,,"./mvnw clean install ${MAVEN_ARGS} -PcleanDb,postgresql,distro -P'!include-spring-boot-samples' -Djdbc.url=jdbc:postgresql://localhost:${{ job.services.postgres.ports[5432] }}/flowable -Djdbc.username"
paper,flowable_flowable-engine_postgres_test_postgres (14)_all.json,modules/flowable-event-registry-rest/target/surefire-reports/,maven-surefire-plugin:3.2.3:test (default-test) @ flowable-event-registry-rest,surefire:test,surefire test reports,correct,same-module,False,surefire:test,,"./mvnw clean install ${MAVEN_ARGS} -PcleanDb,postgresql,distro -P'!include-spring-boot-samples' -Djdbc.url=jdbc:postgresql://localhost:${{ job.services.postgres.ports[5432] }}/flowable -Djdbc.username"
paper,flowable_flowable-engine_postgres_test_postgres (14)_all.json,modules/flowable-event-registry-json-converter/target/surefire-reports/,maven-surefire-plugin:3.2.3:test (default-test) @ flowable-event-registry-json-converter,surefire:test,surefire test reports,correct,same-module,False,surefire:test,,"./mvnw clean install ${MAVEN_ARGS} -PcleanDb,postgresql,distro -P'!include-spring-boot-samples' -Djdbc.url=jdbc:postgresql://localhost:${{ job.services.postgres.ports[5432] }}/flowable -Djdbc.username"
paper,flowable_flowable-engine_postgres_test_postgres (14)_all.json,modules/flowable-event-registry-integration-test/target/surefire-reports/,maven-surefire-plugin:3.2.3:test (default-test) @ flowable-event-registry-integration-test,surefire:test,surefire test reports,correct,same-module,False,surefire:test,,"./mvnw clean install ${MAVEN_ARGS} -PcleanDb,postgresql,distro -P'!include-spring-boot-samples' -Djdbc.url=jdbc:postgresql://localhost:${{ job.services.postgres.ports[5432] }}/flowable -Djdbc.username"
paper,flowable_flowable-engine_postgres_test_postgres (14)_all.json,modules/flowable-event-registry/target/surefire-reports/,maven-surefire-plugin:3.2.3:test (default-test) @ flowable-event-registry,surefire:test,surefire test reports,correct,same-module,False,surefire:test,,"./mvnw clean install ${MAVEN_ARGS} -PcleanDb,postgresql,distro -P'!include-spring-boot-samples' -Djdbc.url=jdbc:postgresql://localhost:${{ job.services.postgres.ports[5432] }}/flowable -Djdbc.username"
paper,flowable_flowable-engine_postgres_test_postgres (14)_all.json,modules/flowable-engine-configurator/target/surefire-reports/,maven-surefire-plugin:3.2.3:test (default-test) @ flowable-engine-configurator,surefire:test,surefire test reports,correct,same-module,False,surefire:test,,"./mvnw clean install ${MAVEN_ARGS} -PcleanDb,postgresql,distro -P'!include-spring-boot-samples' -Djdbc.url=jdbc:postgresql://localhost:${{ job.services.postgres.ports[5432] }}/flowable -Djdbc.username"
paper,flowable_flowable-engine_postgres_test_postgres (14)_all.json,modules/flowable-engine-common/target/surefire-reports/,maven-surefire-plugin:3.2.3:test (default-test) @ flowable-engine-common,surefire:test,surefire test reports,correct,same-module,False,surefire:test,,"./mvnw clean install ${MAVEN_ARGS} -PcleanDb,postgresql,distro -P'!include-spring-boot-samples' -Djdbc.url=jdbc:postgresql://localhost:${{ job.services.postgres.ports[5432] }}/flowable -Djdbc.username"
paper,flowable_flowable-engine_postgres_test_postgres (14)_all.json,modules/flowable-engine/target/surefire-reports/,maven-surefire-plugin:3.2.3:test (default-test) @ flowable-engine,surefire:test,surefire test reports,correct,same-module,False,surefire:test,,"./mvnw clean install ${MAVEN_ARGS} -PcleanDb,postgresql,distro -P'!include-spring-boot-samples' -Djdbc.url=jdbc:postgresql://localhost:${{ job.services.postgres.ports[5432] }}/flowable -Djdbc.username"
paper,flowable_flowable-engine_postgres_test_postgres (14)_all.json,modules/flowable-dmn-xml-converter/target/surefire-reports/,maven-surefire-plugin:3.2.3:test (default-test) @ flowable-dmn-xml-converter,surefire:test,surefire test reports,correct,same-module,False,surefire:test,,"./mvnw clean install ${MAVEN_ARGS} -PcleanDb,postgresql,distro -P'!include-spring-boot-samples' -Djdbc.url=jdbc:postgresql://localhost:${{ job.services.postgres.ports[5432] }}/flowable -Djdbc.username"
paper,flowable_flowable-engine_postgres_test_postgres (14)_all.json,modules/flowable-dmn-spring-configurator/target/surefire-reports/,maven-surefire-plugin:3.2.3:test (default-test) @ flowable-dmn-spring-configurator,surefire:test,surefire test reports,correct,same-module,False,surefire:test,,"./mvnw clean install ${MAVEN_ARGS} -PcleanDb,postgresql,distro -P'!include-spring-boot-samples' -Djdbc.url=jdbc:postgresql://localhost:${{ job.services.postgres.ports[5432] }}/flowable -Djdbc.username"
paper,flowable_flowable-engine_postgres_test_postgres (14)_all.json,modules/flowable-dmn-spring/target/surefire-reports/,maven-surefire-plugin:3.2.3:test (default-test) @ flowable-dmn-spring,surefire:test,surefire test reports,correct,same-module,False,surefire:test,,"./mvnw clean install ${MAVEN_ARGS} -PcleanDb,postgresql,distro -P'!include-spring-boot-samples' -Djdbc.url=jdbc:postgresql://localhost:${{ job.services.postgres.ports[5432] }}/flowable -Djdbc.username"
paper,flowable_flowable-engine_postgres_test_postgres (14)_all.json,modules/flowable-dmn-rest/target/surefire-reports/,maven-surefire-plugin:3.2.3:test (default-test) @ flowable-dmn-rest,surefire:test,surefire test reports,correct,same-module,False,surefire:test,,"./mvnw clean install ${MAVEN_ARGS} -PcleanDb,postgresql,distro -P'!include-spring-boot-samples' -Djdbc.url=jdbc:postgresql://localhost:${{ job.services.postgres.ports[5432] }}/flowable -Djdbc.username"
paper,flowable_flowable-engine_postgres_test_postgres (14)_all.json,modules/flowable-dmn-engine-configurator/target/surefire-reports/,maven-surefire-plugin:3.2.3:test (default-test) @ flowable-dmn-engine-configurator,surefire:test,surefire test reports,correct,same-module,False,surefire:test,,"./mvnw clean install ${MAVEN_ARGS} -PcleanDb,postgresql,distro -P'!include-spring-boot-samples' -Djdbc.url=jdbc:postgresql://localhost:${{ job.services.postgres.ports[5432] }}/flowable -Djdbc.username"
paper,flowable_flowable-engine_postgres_test_postgres (14)_all.json,modules/flowable-dmn-engine/target/surefire-reports/,maven-surefire-plugin:3.2.3:test (default-test) @ flowable-dmn-engine,surefire:test,surefire test reports,correct,same-module,False,surefire:test,,"./mvnw clean install ${MAVEN_ARGS} -PcleanDb,postgresql,distro -P'!include-spring-boot-samples' -Djdbc.url=jdbc:postgresql://localhost:${{ job.services.postgres.ports[5432] }}/flowable -Djdbc.username"
paper,flowable_flowable-engine_postgres_test_postgres (14)_all.json,modules/flowable-common-rest/target/surefire-reports/,maven-surefire-plugin:3.2.3:test (default-test) @ flowable-common-rest,surefire:test,surefire test reports,correct,same-module,False,surefire:test,,"./mvnw clean install ${MAVEN_ARGS} -PcleanDb,postgresql,distro -P'!include-spring-boot-samples' -Djdbc.url=jdbc:postgresql://localhost:${{ job.services.postgres.ports[5432] }}/flowable -Djdbc.username"
paper,flowable_flowable-engine_postgres_test_postgres (14)_all.json,modules/flowable-cmmn-spring/target/surefire-reports/,maven-surefire-plugin:3.2.3:test (default-test) @ flowable-cmmn-spring,surefire:test,surefire test reports,correct,same-module,False,surefire:test,,"./mvnw clean install ${MAVEN_ARGS} -PcleanDb,postgresql,distro -P'!include-spring-boot-samples' -Djdbc.url=jdbc:postgresql://localhost:${{ job.services.postgres.ports[5432] }}/flowable -Djdbc.username"
paper,flowable_flowable-engine_postgres_test_postgres (14)_all.json,modules/flowable-cmmn-rest/target/surefire-reports/,maven-surefire-plugin:3.2.3:test (default-test) @ flowable-cmmn-rest,surefire:test,surefire test reports,correct,same-module,False,surefire:test,,"./mvnw clean install ${MAVEN_ARGS} -PcleanDb,postgresql,distro -P'!include-spring-boot-samples' -Djdbc.url=jdbc:postgresql://localhost:${{ job.services.postgres.ports[5432] }}/flowable -Djdbc.username"
paper,flowable_flowable-engine_postgres_test_postgres (14)_all.json,modules/flowable-cmmn-engine-configurator/target/surefire-reports/,maven-surefire-plugin:3.2.3:test (default-test) @ flowable-cmmn-engine-configurator,surefire:test,surefire test reports,correct,same-module,False,surefire:test,,"./mvnw clean install ${MAVEN_ARGS} -PcleanDb,postgresql,distro -P'!include-spring-boot-samples' -Djdbc.url=jdbc:postgresql://localhost:${{ job.services.postgres.ports[5432] }}/flowable -Djdbc.username"
paper,flowable_flowable-engine_postgres_test_postgres (14)_all.json,modules/flowable-cmmn-engine/target/surefire-reports/,maven-surefire-plugin:3.2.3:test (default-test) @ flowable-cmmn-engine,surefire:test,surefire test reports,correct,same-module,False,surefire:test,,"./mvnw clean install ${MAVEN_ARGS} -PcleanDb,postgresql,distro -P'!include-spring-boot-samples' -Djdbc.url=jdbc:postgresql://localhost:${{ job.services.postgres.ports[5432] }}/flowable -Djdbc.username"
paper,flowable_flowable-engine_postgres_test_postgres (14)_all.json,modules/flowable-cmmn-converter/target/surefire-reports/,maven-surefire-plugin:3.2.3:test (default-test) @ flowable-cmmn-converter,surefire:test,surefire test reports,correct,same-module,False,surefire:test,,"./mvnw clean install ${MAVEN_ARGS} -PcleanDb,postgresql,distro -P'!include-spring-boot-samples' -Djdbc.url=jdbc:postgresql://localhost:${{ job.services.postgres.ports[5432] }}/flowable -Djdbc.username"
paper,flowable_flowable-engine_postgres_test_postgres (14)_all.json,modules/flowable-cdi/target/surefire-reports/,maven-surefire-plugin:3.2.3:test (default-test) @ flowable-cdi,surefire:test,surefire test reports,correct,same-module,False,surefire:test,,"./mvnw clean install ${MAVEN_ARGS} -PcleanDb,postgresql,distro -P'!include-spring-boot-samples' -Djdbc.url=jdbc:postgresql://localhost:${{ job.services.postgres.ports[5432] }}/flowable -Djdbc.username"
paper,flowable_flowable-engine_postgres_test_postgres (14)_all.json,modules/flowable-case-validation/target/surefire-reports/,maven-surefire-plugin:3.2.3:test (default-test) @ flowable-case-validation,surefire:test,surefire test reports,correct,same-module,False,surefire:test,,"./mvnw clean install ${MAVEN_ARGS} -PcleanDb,postgresql,distro -P'!include-spring-boot-samples' -Djdbc.url=jdbc:postgresql://localhost:${{ job.services.postgres.ports[5432] }}/flowable -Djdbc.username"
paper,flowable_flowable-engine_postgres_test_postgres (14)_all.json,modules/flowable-camel/target/surefire-reports/,maven-surefire-plugin:3.2.3:test (default-test) @ flowable-camel,surefire:test,surefire test reports,correct,same-module,False,surefire:test,,"./mvnw clean install ${MAVEN_ARGS} -PcleanDb,postgresql,distro -P'!include-spring-boot-samples' -Djdbc.url=jdbc:postgresql://localhost:${{ job.services.postgres.ports[5432] }}/flowable -Djdbc.username"
paper,flowable_flowable-engine_postgres_test_postgres (14)_all.json,modules/flowable-bpmn-converter/target/surefire-reports/,maven-surefire-plugin:3.2.3:test (default-test) @ flowable-bpmn-converter,surefire:test,surefire test reports,correct,same-module,False,surefire:test,,"./mvnw clean install ${MAVEN_ARGS} -PcleanDb,postgresql,distro -P'!include-spring-boot-samples' -Djdbc.url=jdbc:postgresql://localhost:${{ job.services.postgres.ports[5432] }}/flowable -Djdbc.username"
paper,flowable_flowable-engine_postgres_test_postgres (14)_all.json,modules/flowable-app-rest/target/surefire-reports/,maven-surefire-plugin:3.2.3:test (default-test) @ flowable-app-rest,surefire:test,surefire test reports,correct,same-module,False,surefire:test,,"./mvnw clean install ${MAVEN_ARGS} -PcleanDb,postgresql,distro -P'!include-spring-boot-samples' -Djdbc.url=jdbc:postgresql://localhost:${{ job.services.postgres.ports[5432] }}/flowable -Djdbc.username"
paper,flowable_flowable-engine_postgres_test_postgres (14)_all.json,modules/flowable-app-engine-spring/target/surefire-reports/,maven-surefire-plugin:3.2.3:test (default-test) @ flowable-app-engine-spring,surefire:test,surefire test reports,correct,same-module,False,surefire:test,,"./mvnw clean install ${MAVEN_ARGS} -PcleanDb,postgresql,distro -P'!include-spring-boot-samples' -Djdbc.url=jdbc:postgresql://localhost:${{ job.services.postgres.ports[5432] }}/flowable -Djdbc.username"
paper,flowable_flowable-engine_postgres_test_postgres (14)_all.json,modules/flowable-app-engine/target/surefire-reports/,maven-surefire-plugin:3.2.3:test (default-test) @ flowable-app-engine,surefire:test,surefire test reports,correct,same-module,False,surefire:test,,"./mvnw clean install ${MAVEN_ARGS} -PcleanDb,postgresql,distro -P'!include-spring-boot-samples' -Djdbc.url=jdbc:postgresql://localhost:${{ job.services.postgres.ports[5432] }}/flowable -Djdbc.username"
paper,flowable_flowable-engine_postgres_test_postgres (14)_all.json,modules/flowable-engine-common-api/target/maven-status/,maven-compiler-plugin:3.12.1:compile (default-compile) @ flowable-engine-common-api,compiler,compiler state (parent dir),correct,same-module,False,compiler:compile,,"./mvnw clean install ${MAVEN_ARGS} -PcleanDb,postgresql,distro -P'!include-spring-boot-samples' -Djdbc.url=jdbc:postgresql://localhost:${{ job.services.postgres.ports[5432] }}/flowable -Djdbc.username"
paper,flowable_flowable-engine_postgres_test_postgres (15)_all.json,modules/flowable-spring-security/target/surefire-reports/,maven-surefire-plugin:3.2.3:test (default-test) @ flowable-spring-security,surefire:test,surefire test reports,correct,same-module,False,surefire:test,,"./mvnw clean install ${MAVEN_ARGS} -PcleanDb,postgresql,distro -P'!include-spring-boot-samples' -Djdbc.url=jdbc:postgresql://localhost:${{ job.services.postgres.ports[5432] }}/flowable -Djdbc.username"
paper,flowable_flowable-engine_postgres_test_postgres (15)_all.json,modules/flowable-spring/target/surefire-reports/,maven-surefire-plugin:3.2.3:test (default-test) @ flowable-spring,surefire:test,surefire test reports,correct,same-module,False,surefire:test,,"./mvnw clean install ${MAVEN_ARGS} -PcleanDb,postgresql,distro -P'!include-spring-boot-samples' -Djdbc.url=jdbc:postgresql://localhost:${{ job.services.postgres.ports[5432] }}/flowable -Djdbc.username"
paper,flowable_flowable-engine_postgres_test_postgres (15)_all.json,modules/flowable-secure-javascript/target/surefire-reports/,maven-surefire-plugin:3.2.3:test (default-test) @ flowable-secure-javascript,surefire:test,surefire test reports,correct,same-module,False,surefire:test,,"./mvnw clean install ${MAVEN_ARGS} -PcleanDb,postgresql,distro -P'!include-spring-boot-samples' -Djdbc.url=jdbc:postgresql://localhost:${{ job.services.postgres.ports[5432] }}/flowable -Djdbc.username"
paper,flowable_flowable-engine_postgres_test_postgres (15)_all.json,modules/flowable-rest/target/surefire-reports/,maven-surefire-plugin:3.2.3:test (default-test) @ flowable-rest,surefire:test,surefire test reports,correct,same-module,False,surefire:test,,"./mvnw clean install ${MAVEN_ARGS} -PcleanDb,postgresql,distro -P'!include-spring-boot-samples' -Djdbc.url=jdbc:postgresql://localhost:${{ job.services.postgres.ports[5432] }}/flowable -Djdbc.username"
paper,flowable_flowable-engine_postgres_test_postgres (15)_all.json,modules/flowable-osgi/target/surefire-reports/,maven-surefire-plugin:3.2.3:test (default-test) @ flowable-osgi,surefire:test,surefire test reports,correct,same-module,False,surefire:test,,"./mvnw clean install ${MAVEN_ARGS} -PcleanDb,postgresql,distro -P'!include-spring-boot-samples' -Djdbc.url=jdbc:postgresql://localhost:${{ job.services.postgres.ports[5432] }}/flowable -Djdbc.username"
paper,flowable_flowable-engine_postgres_test_postgres (15)_all.json,modules/flowable-ldap-configurator/target/surefire-reports/,maven-surefire-plugin:3.2.3:test (default-test) @ flowable-ldap-configurator,surefire:test,surefire test reports,correct,same-module,False,surefire:test,,"./mvnw clean install ${MAVEN_ARGS} -PcleanDb,postgresql,distro -P'!include-spring-boot-samples' -Djdbc.url=jdbc:postgresql://localhost:${{ job.services.postgres.ports[5432] }}/flowable -Djdbc.username"
paper,flowable_flowable-engine_postgres_test_postgres (15)_all.json,modules/flowable-job-service/target/surefire-reports/,maven-surefire-plugin:3.2.3:test (default-test) @ flowable-job-service,surefire:test,surefire test reports,correct,same-module,False,surefire:test,,"./mvnw clean install ${MAVEN_ARGS} -PcleanDb,postgresql,distro -P'!include-spring-boot-samples' -Djdbc.url=jdbc:postgresql://localhost:${{ job.services.postgres.ports[5432] }}/flowable -Djdbc.username"
paper,flowable_flowable-engine_postgres_test_postgres (15)_all.json,modules/flowable-jmx/target/surefire-reports/,maven-surefire-plugin:3.2.3:test (default-test) @ flowable-jmx,surefire:test,surefire test reports,correct,same-module,False,surefire:test,,"./mvnw clean install ${MAVEN_ARGS} -PcleanDb,postgresql,distro -P'!include-spring-boot-samples' -Djdbc.url=jdbc:postgresql://localhost:${{ job.services.postgres.ports[5432] }}/flowable -Djdbc.username"
paper,flowable_flowable-engine_postgres_test_postgres (15)_all.json,modules/flowable-idm-spring/target/surefire-reports/,maven-surefire-plugin:3.2.3:test (default-test) @ flowable-idm-spring,surefire:test,surefire test reports,correct,same-module,False,surefire:test,,"./mvnw clean install ${MAVEN_ARGS} -PcleanDb,postgresql,distro -P'!include-spring-boot-samples' -Djdbc.url=jdbc:postgresql://localhost:${{ job.services.postgres.ports[5432] }}/flowable -Djdbc.username"
paper,flowable_flowable-engine_postgres_test_postgres (15)_all.json,modules/flowable-idm-engine/target/surefire-reports/,maven-surefire-plugin:3.2.3:test (default-test) @ flowable-idm-engine,surefire:test,surefire test reports,correct,same-module,False,surefire:test,,"./mvnw clean install ${MAVEN_ARGS} -PcleanDb,postgresql,distro -P'!include-spring-boot-samples' -Djdbc.url=jdbc:postgresql://localhost:${{ job.services.postgres.ports[5432] }}/flowable -Djdbc.username"
paper,flowable_flowable-engine_postgres_test_postgres (15)_all.json,modules/flowable-http-common/target/surefire-reports/,maven-surefire-plugin:3.2.3:test (default-test) @ flowable-http-common,surefire:test,surefire test reports,correct,same-module,False,surefire:test,,"./mvnw clean install ${MAVEN_ARGS} -PcleanDb,postgresql,distro -P'!include-spring-boot-samples' -Djdbc.url=jdbc:postgresql://localhost:${{ job.services.postgres.ports[5432] }}/flowable -Djdbc.username"
paper,flowable_flowable-engine_postgres_test_postgres (15)_all.json,modules/flowable-http/target/surefire-reports/,maven-surefire-plugin:3.2.3:test (default-test) @ flowable-http,surefire:test,surefire test reports,correct,same-module,False,surefire:test,,"./mvnw clean install ${MAVEN_ARGS} -PcleanDb,postgresql,distro -P'!include-spring-boot-samples' -Djdbc.url=jdbc:postgresql://localhost:${{ job.services.postgres.ports[5432] }}/flowable -Djdbc.username"
paper,flowable_flowable-engine_postgres_test_postgres (15)_all.json,modules/flowable-groovy-script-static-engine/target/surefire-reports/,maven-surefire-plugin:3.2.3:test (default-test) @ flowable-groovy-script-static-engine,surefire:test,surefire test reports,correct,same-module,False,surefire:test,,"./mvnw clean install ${MAVEN_ARGS} -PcleanDb,postgresql,distro -P'!include-spring-boot-samples' -Djdbc.url=jdbc:postgresql://localhost:${{ job.services.postgres.ports[5432] }}/flowable -Djdbc.username"
paper,flowable_flowable-engine_postgres_test_postgres (15)_all.json,modules/flowable-external-job-rest/target/surefire-reports/,maven-surefire-plugin:3.2.3:test (default-test) @ flowable-external-job-rest,surefire:test,surefire test reports,correct,same-module,False,surefire:test,,"./mvnw clean install ${MAVEN_ARGS} -PcleanDb,postgresql,distro -P'!include-spring-boot-samples' -Djdbc.url=jdbc:postgresql://localhost:${{ job.services.postgres.ports[5432] }}/flowable -Djdbc.username"
paper,flowable_flowable-engine_postgres_test_postgres (15)_all.json,modules/flowable-event-registry-spring/target/surefire-reports/,maven-surefire-plugin:3.2.3:test (default-test) @ flowable-event-registry-spring,surefire:test,surefire test reports,correct,same-module,False,surefire:test,,"./mvnw clean install ${MAVEN_ARGS} -PcleanDb,postgresql,distro -P'!include-spring-boot-samples' -Djdbc.url=jdbc:postgresql://localhost:${{ job.services.postgres.ports[5432] }}/flowable -Djdbc.username"
paper,flowable_flowable-engine_postgres_test_postgres (15)_all.json,modules/flowable-event-registry-rest/target/surefire-reports/,maven-surefire-plugin:3.2.3:test (default-test) @ flowable-event-registry-rest,surefire:test,surefire test reports,correct,same-module,False,surefire:test,,"./mvnw clean install ${MAVEN_ARGS} -PcleanDb,postgresql,distro -P'!include-spring-boot-samples' -Djdbc.url=jdbc:postgresql://localhost:${{ job.services.postgres.ports[5432] }}/flowable -Djdbc.username"
paper,flowable_flowable-engine_postgres_test_postgres (15)_all.json,modules/flowable-event-registry-json-converter/target/surefire-reports/,maven-surefire-plugin:3.2.3:test (default-test) @ flowable-event-registry-json-converter,surefire:test,surefire test reports,correct,same-module,False,surefire:test,,"./mvnw clean install ${MAVEN_ARGS} -PcleanDb,postgresql,distro -P'!include-spring-boot-samples' -Djdbc.url=jdbc:postgresql://localhost:${{ job.services.postgres.ports[5432] }}/flowable -Djdbc.username"
paper,flowable_flowable-engine_postgres_test_postgres (15)_all.json,modules/flowable-event-registry-integration-test/target/surefire-reports/,maven-surefire-plugin:3.2.3:test (default-test) @ flowable-event-registry-integration-test,surefire:test,surefire test reports,correct,same-module,False,surefire:test,,"./mvnw clean install ${MAVEN_ARGS} -PcleanDb,postgresql,distro -P'!include-spring-boot-samples' -Djdbc.url=jdbc:postgresql://localhost:${{ job.services.postgres.ports[5432] }}/flowable -Djdbc.username"
paper,flowable_flowable-engine_postgres_test_postgres (15)_all.json,modules/flowable-event-registry/target/surefire-reports/,maven-surefire-plugin:3.2.3:test (default-test) @ flowable-event-registry,surefire:test,surefire test reports,correct,same-module,False,surefire:test,,"./mvnw clean install ${MAVEN_ARGS} -PcleanDb,postgresql,distro -P'!include-spring-boot-samples' -Djdbc.url=jdbc:postgresql://localhost:${{ job.services.postgres.ports[5432] }}/flowable -Djdbc.username"
paper,flowable_flowable-engine_postgres_test_postgres (15)_all.json,modules/flowable-engine-configurator/target/surefire-reports/,maven-surefire-plugin:3.2.3:test (default-test) @ flowable-engine-configurator,surefire:test,surefire test reports,correct,same-module,False,surefire:test,,"./mvnw clean install ${MAVEN_ARGS} -PcleanDb,postgresql,distro -P'!include-spring-boot-samples' -Djdbc.url=jdbc:postgresql://localhost:${{ job.services.postgres.ports[5432] }}/flowable -Djdbc.username"
paper,flowable_flowable-engine_postgres_test_postgres (15)_all.json,modules/flowable-engine-common/target/surefire-reports/,maven-surefire-plugin:3.2.3:test (default-test) @ flowable-engine-common,surefire:test,surefire test reports,correct,same-module,False,surefire:test,,"./mvnw clean install ${MAVEN_ARGS} -PcleanDb,postgresql,distro -P'!include-spring-boot-samples' -Djdbc.url=jdbc:postgresql://localhost:${{ job.services.postgres.ports[5432] }}/flowable -Djdbc.username"
paper,flowable_flowable-engine_postgres_test_postgres (15)_all.json,modules/flowable-engine/target/surefire-reports/,maven-surefire-plugin:3.2.3:test (default-test) @ flowable-engine,surefire:test,surefire test reports,correct,same-module,False,surefire:test,,"./mvnw clean install ${MAVEN_ARGS} -PcleanDb,postgresql,distro -P'!include-spring-boot-samples' -Djdbc.url=jdbc:postgresql://localhost:${{ job.services.postgres.ports[5432] }}/flowable -Djdbc.username"
paper,flowable_flowable-engine_postgres_test_postgres (15)_all.json,modules/flowable-dmn-xml-converter/target/surefire-reports/,maven-surefire-plugin:3.2.3:test (default-test) @ flowable-dmn-xml-converter,surefire:test,surefire test reports,correct,same-module,False,surefire:test,,"./mvnw clean install ${MAVEN_ARGS} -PcleanDb,postgresql,distro -P'!include-spring-boot-samples' -Djdbc.url=jdbc:postgresql://localhost:${{ job.services.postgres.ports[5432] }}/flowable -Djdbc.username"
paper,flowable_flowable-engine_postgres_test_postgres (15)_all.json,modules/flowable-dmn-spring-configurator/target/surefire-reports/,maven-surefire-plugin:3.2.3:test (default-test) @ flowable-dmn-spring-configurator,surefire:test,surefire test reports,correct,same-module,False,surefire:test,,"./mvnw clean install ${MAVEN_ARGS} -PcleanDb,postgresql,distro -P'!include-spring-boot-samples' -Djdbc.url=jdbc:postgresql://localhost:${{ job.services.postgres.ports[5432] }}/flowable -Djdbc.username"
paper,flowable_flowable-engine_postgres_test_postgres (15)_all.json,modules/flowable-dmn-spring/target/surefire-reports/,maven-surefire-plugin:3.2.3:test (default-test) @ flowable-dmn-spring,surefire:test,surefire test reports,correct,same-module,False,surefire:test,,"./mvnw clean install ${MAVEN_ARGS} -PcleanDb,postgresql,distro -P'!include-spring-boot-samples' -Djdbc.url=jdbc:postgresql://localhost:${{ job.services.postgres.ports[5432] }}/flowable -Djdbc.username"
paper,flowable_flowable-engine_postgres_test_postgres (15)_all.json,modules/flowable-dmn-rest/target/surefire-reports/,maven-surefire-plugin:3.2.3:test (default-test) @ flowable-dmn-rest,surefire:test,surefire test reports,correct,same-module,False,surefire:test,,"./mvnw clean install ${MAVEN_ARGS} -PcleanDb,postgresql,distro -P'!include-spring-boot-samples' -Djdbc.url=jdbc:postgresql://localhost:${{ job.services.postgres.ports[5432] }}/flowable -Djdbc.username"
paper,flowable_flowable-engine_postgres_test_postgres (15)_all.json,modules/flowable-dmn-engine-configurator/target/surefire-reports/,maven-surefire-plugin:3.2.3:test (default-test) @ flowable-dmn-engine-configurator,surefire:test,surefire test reports,correct,same-module,False,surefire:test,,"./mvnw clean install ${MAVEN_ARGS} -PcleanDb,postgresql,distro -P'!include-spring-boot-samples' -Djdbc.url=jdbc:postgresql://localhost:${{ job.services.postgres.ports[5432] }}/flowable -Djdbc.username"
paper,flowable_flowable-engine_postgres_test_postgres (15)_all.json,modules/flowable-dmn-engine/target/surefire-reports/,maven-surefire-plugin:3.2.3:test (default-test) @ flowable-dmn-engine,surefire:test,surefire test reports,correct,same-module,False,surefire:test,,"./mvnw clean install ${MAVEN_ARGS} -PcleanDb,postgresql,distro -P'!include-spring-boot-samples' -Djdbc.url=jdbc:postgresql://localhost:${{ job.services.postgres.ports[5432] }}/flowable -Djdbc.username"
paper,flowable_flowable-engine_postgres_test_postgres (15)_all.json,modules/flowable-common-rest/target/surefire-reports/,maven-surefire-plugin:3.2.3:test (default-test) @ flowable-common-rest,surefire:test,surefire test reports,correct,same-module,False,surefire:test,,"./mvnw clean install ${MAVEN_ARGS} -PcleanDb,postgresql,distro -P'!include-spring-boot-samples' -Djdbc.url=jdbc:postgresql://localhost:${{ job.services.postgres.ports[5432] }}/flowable -Djdbc.username"
paper,flowable_flowable-engine_postgres_test_postgres (15)_all.json,modules/flowable-cmmn-spring/target/surefire-reports/,maven-surefire-plugin:3.2.3:test (default-test) @ flowable-cmmn-spring,surefire:test,surefire test reports,correct,same-module,False,surefire:test,,"./mvnw clean install ${MAVEN_ARGS} -PcleanDb,postgresql,distro -P'!include-spring-boot-samples' -Djdbc.url=jdbc:postgresql://localhost:${{ job.services.postgres.ports[5432] }}/flowable -Djdbc.username"
paper,flowable_flowable-engine_postgres_test_postgres (15)_all.json,modules/flowable-cmmn-rest/target/surefire-reports/,maven-surefire-plugin:3.2.3:test (default-test) @ flowable-cmmn-rest,surefire:test,surefire test reports,correct,same-module,False,surefire:test,,"./mvnw clean install ${MAVEN_ARGS} -PcleanDb,postgresql,distro -P'!include-spring-boot-samples' -Djdbc.url=jdbc:postgresql://localhost:${{ job.services.postgres.ports[5432] }}/flowable -Djdbc.username"
paper,flowable_flowable-engine_postgres_test_postgres (15)_all.json,modules/flowable-cmmn-engine-configurator/target/surefire-reports/,maven-surefire-plugin:3.2.3:test (default-test) @ flowable-cmmn-engine-configurator,surefire:test,surefire test reports,correct,same-module,False,surefire:test,,"./mvnw clean install ${MAVEN_ARGS} -PcleanDb,postgresql,distro -P'!include-spring-boot-samples' -Djdbc.url=jdbc:postgresql://localhost:${{ job.services.postgres.ports[5432] }}/flowable -Djdbc.username"
paper,flowable_flowable-engine_postgres_test_postgres (15)_all.json,modules/flowable-cmmn-engine/target/surefire-reports/,maven-surefire-plugin:3.2.3:test (default-test) @ flowable-cmmn-engine,surefire:test,surefire test reports,correct,same-module,False,surefire:test,,"./mvnw clean install ${MAVEN_ARGS} -PcleanDb,postgresql,distro -P'!include-spring-boot-samples' -Djdbc.url=jdbc:postgresql://localhost:${{ job.services.postgres.ports[5432] }}/flowable -Djdbc.username"
paper,flowable_flowable-engine_postgres_test_postgres (15)_all.json,modules/flowable-cmmn-converter/target/surefire-reports/,maven-surefire-plugin:3.2.3:test (default-test) @ flowable-cmmn-converter,surefire:test,surefire test reports,correct,same-module,False,surefire:test,,"./mvnw clean install ${MAVEN_ARGS} -PcleanDb,postgresql,distro -P'!include-spring-boot-samples' -Djdbc.url=jdbc:postgresql://localhost:${{ job.services.postgres.ports[5432] }}/flowable -Djdbc.username"
paper,flowable_flowable-engine_postgres_test_postgres (15)_all.json,modules/flowable-cdi/target/surefire-reports/,maven-surefire-plugin:3.2.3:test (default-test) @ flowable-cdi,surefire:test,surefire test reports,correct,same-module,False,surefire:test,,"./mvnw clean install ${MAVEN_ARGS} -PcleanDb,postgresql,distro -P'!include-spring-boot-samples' -Djdbc.url=jdbc:postgresql://localhost:${{ job.services.postgres.ports[5432] }}/flowable -Djdbc.username"
paper,flowable_flowable-engine_postgres_test_postgres (15)_all.json,modules/flowable-case-validation/target/surefire-reports/,maven-surefire-plugin:3.2.3:test (default-test) @ flowable-case-validation,surefire:test,surefire test reports,correct,same-module,False,surefire:test,,"./mvnw clean install ${MAVEN_ARGS} -PcleanDb,postgresql,distro -P'!include-spring-boot-samples' -Djdbc.url=jdbc:postgresql://localhost:${{ job.services.postgres.ports[5432] }}/flowable -Djdbc.username"
paper,flowable_flowable-engine_postgres_test_postgres (15)_all.json,modules/flowable-camel/target/surefire-reports/,maven-surefire-plugin:3.2.3:test (default-test) @ flowable-camel,surefire:test,surefire test reports,correct,same-module,False,surefire:test,,"./mvnw clean install ${MAVEN_ARGS} -PcleanDb,postgresql,distro -P'!include-spring-boot-samples' -Djdbc.url=jdbc:postgresql://localhost:${{ job.services.postgres.ports[5432] }}/flowable -Djdbc.username"
paper,flowable_flowable-engine_postgres_test_postgres (15)_all.json,modules/flowable-bpmn-converter/target/surefire-reports/,maven-surefire-plugin:3.2.3:test (default-test) @ flowable-bpmn-converter,surefire:test,surefire test reports,correct,same-module,False,surefire:test,,"./mvnw clean install ${MAVEN_ARGS} -PcleanDb,postgresql,distro -P'!include-spring-boot-samples' -Djdbc.url=jdbc:postgresql://localhost:${{ job.services.postgres.ports[5432] }}/flowable -Djdbc.username"
paper,flowable_flowable-engine_postgres_test_postgres (15)_all.json,modules/flowable-app-rest/target/surefire-reports/,maven-surefire-plugin:3.2.3:test (default-test) @ flowable-app-rest,surefire:test,surefire test reports,correct,same-module,False,surefire:test,,"./mvnw clean install ${MAVEN_ARGS} -PcleanDb,postgresql,distro -P'!include-spring-boot-samples' -Djdbc.url=jdbc:postgresql://localhost:${{ job.services.postgres.ports[5432] }}/flowable -Djdbc.username"
paper,flowable_flowable-engine_postgres_test_postgres (15)_all.json,modules/flowable-app-engine-spring/target/surefire-reports/,maven-surefire-plugin:3.2.3:test (default-test) @ flowable-app-engine-spring,surefire:test,surefire test reports,correct,same-module,False,surefire:test,,"./mvnw clean install ${MAVEN_ARGS} -PcleanDb,postgresql,distro -P'!include-spring-boot-samples' -Djdbc.url=jdbc:postgresql://localhost:${{ job.services.postgres.ports[5432] }}/flowable -Djdbc.username"
paper,flowable_flowable-engine_postgres_test_postgres (15)_all.json,modules/flowable-app-engine-rest/target/surefire-reports/,maven-surefire-plugin:3.2.3:test (default-test) @ flowable-app-engine-rest,surefire:test,surefire test reports,correct,same-module,False,surefire:test,,"./mvnw clean install ${MAVEN_ARGS} -PcleanDb,postgresql,distro -P'!include-spring-boot-samples' -Djdbc.url=jdbc:postgresql://localhost:${{ job.services.postgres.ports[5432] }}/flowable -Djdbc.username"
paper,flowable_flowable-engine_postgres_test_postgres (15)_all.json,modules/flowable-app-engine/target/surefire-reports/,maven-surefire-plugin:3.2.3:test (default-test) @ flowable-app-engine,surefire:test,surefire test reports,correct,same-module,False,surefire:test,,"./mvnw clean install ${MAVEN_ARGS} -PcleanDb,postgresql,distro -P'!include-spring-boot-samples' -Djdbc.url=jdbc:postgresql://localhost:${{ job.services.postgres.ports[5432] }}/flowable -Djdbc.username"
paper,flowable_flowable-engine_postgres_test_postgres (16)_all.json,modules/flowable-spring-security/target/surefire-reports/,maven-surefire-plugin:3.2.3:test (default-test) @ flowable-spring-security,surefire:test,surefire test reports,correct,same-module,False,surefire:test,,"./mvnw clean install ${MAVEN_ARGS} -PcleanDb,postgresql,distro -P'!include-spring-boot-samples' -Djdbc.url=jdbc:postgresql://localhost:${{ job.services.postgres.ports[5432] }}/flowable -Djdbc.username"
paper,flowable_flowable-engine_postgres_test_postgres (16)_all.json,modules/flowable-spring/target/surefire-reports/,maven-surefire-plugin:3.2.3:test (default-test) @ flowable-spring,surefire:test,surefire test reports,correct,same-module,False,surefire:test,,"./mvnw clean install ${MAVEN_ARGS} -PcleanDb,postgresql,distro -P'!include-spring-boot-samples' -Djdbc.url=jdbc:postgresql://localhost:${{ job.services.postgres.ports[5432] }}/flowable -Djdbc.username"
paper,flowable_flowable-engine_postgres_test_postgres (16)_all.json,modules/flowable-secure-javascript/target/surefire-reports/,maven-surefire-plugin:3.2.3:test (default-test) @ flowable-secure-javascript,surefire:test,surefire test reports,correct,same-module,False,surefire:test,,"./mvnw clean install ${MAVEN_ARGS} -PcleanDb,postgresql,distro -P'!include-spring-boot-samples' -Djdbc.url=jdbc:postgresql://localhost:${{ job.services.postgres.ports[5432] }}/flowable -Djdbc.username"
paper,flowable_flowable-engine_postgres_test_postgres (16)_all.json,modules/flowable-rest/target/surefire-reports/,maven-surefire-plugin:3.2.3:test (default-test) @ flowable-rest,surefire:test,surefire test reports,correct,same-module,False,surefire:test,,"./mvnw clean install ${MAVEN_ARGS} -PcleanDb,postgresql,distro -P'!include-spring-boot-samples' -Djdbc.url=jdbc:postgresql://localhost:${{ job.services.postgres.ports[5432] }}/flowable -Djdbc.username"
paper,flowable_flowable-engine_postgres_test_postgres (16)_all.json,modules/flowable-osgi/target/surefire-reports/,maven-surefire-plugin:3.2.3:test (default-test) @ flowable-osgi,surefire:test,surefire test reports,correct,same-module,False,surefire:test,,"./mvnw clean install ${MAVEN_ARGS} -PcleanDb,postgresql,distro -P'!include-spring-boot-samples' -Djdbc.url=jdbc:postgresql://localhost:${{ job.services.postgres.ports[5432] }}/flowable -Djdbc.username"
paper,flowable_flowable-engine_postgres_test_postgres (16)_all.json,modules/flowable-ldap-configurator/target/surefire-reports/,maven-surefire-plugin:3.2.3:test (default-test) @ flowable-ldap-configurator,surefire:test,surefire test reports,correct,same-module,False,surefire:test,,"./mvnw clean install ${MAVEN_ARGS} -PcleanDb,postgresql,distro -P'!include-spring-boot-samples' -Djdbc.url=jdbc:postgresql://localhost:${{ job.services.postgres.ports[5432] }}/flowable -Djdbc.username"
paper,flowable_flowable-engine_postgres_test_postgres (16)_all.json,modules/flowable-job-service/target/surefire-reports/,maven-surefire-plugin:3.2.3:test (default-test) @ flowable-job-service,surefire:test,surefire test reports,correct,same-module,False,surefire:test,,"./mvnw clean install ${MAVEN_ARGS} -PcleanDb,postgresql,distro -P'!include-spring-boot-samples' -Djdbc.url=jdbc:postgresql://localhost:${{ job.services.postgres.ports[5432] }}/flowable -Djdbc.username"
paper,flowable_flowable-engine_postgres_test_postgres (16)_all.json,modules/flowable-jmx/target/surefire-reports/,maven-surefire-plugin:3.2.3:test (default-test) @ flowable-jmx,surefire:test,surefire test reports,correct,same-module,False,surefire:test,,"./mvnw clean install ${MAVEN_ARGS} -PcleanDb,postgresql,distro -P'!include-spring-boot-samples' -Djdbc.url=jdbc:postgresql://localhost:${{ job.services.postgres.ports[5432] }}/flowable -Djdbc.username"
paper,flowable_flowable-engine_postgres_test_postgres (16)_all.json,modules/flowable-idm-spring/target/surefire-reports/,maven-surefire-plugin:3.2.3:test (default-test) @ flowable-idm-spring,surefire:test,surefire test reports,correct,same-module,False,surefire:test,,"./mvnw clean install ${MAVEN_ARGS} -PcleanDb,postgresql,distro -P'!include-spring-boot-samples' -Djdbc.url=jdbc:postgresql://localhost:${{ job.services.postgres.ports[5432] }}/flowable -Djdbc.username"
paper,flowable_flowable-engine_postgres_test_postgres (16)_all.json,modules/flowable-idm-engine/target/surefire-reports/,maven-surefire-plugin:3.2.3:test (default-test) @ flowable-idm-engine,surefire:test,surefire test reports,correct,same-module,False,surefire:test,,"./mvnw clean install ${MAVEN_ARGS} -PcleanDb,postgresql,distro -P'!include-spring-boot-samples' -Djdbc.url=jdbc:postgresql://localhost:${{ job.services.postgres.ports[5432] }}/flowable -Djdbc.username"
paper,flowable_flowable-engine_postgres_test_postgres (16)_all.json,modules/flowable-http-common/target/surefire-reports/,maven-surefire-plugin:3.2.3:test (default-test) @ flowable-http-common,surefire:test,surefire test reports,correct,same-module,False,surefire:test,,"./mvnw clean install ${MAVEN_ARGS} -PcleanDb,postgresql,distro -P'!include-spring-boot-samples' -Djdbc.url=jdbc:postgresql://localhost:${{ job.services.postgres.ports[5432] }}/flowable -Djdbc.username"
paper,flowable_flowable-engine_postgres_test_postgres (16)_all.json,modules/flowable-http/target/surefire-reports/,maven-surefire-plugin:3.2.3:test (default-test) @ flowable-http,surefire:test,surefire test reports,correct,same-module,False,surefire:test,,"./mvnw clean install ${MAVEN_ARGS} -PcleanDb,postgresql,distro -P'!include-spring-boot-samples' -Djdbc.url=jdbc:postgresql://localhost:${{ job.services.postgres.ports[5432] }}/flowable -Djdbc.username"
paper,flowable_flowable-engine_postgres_test_postgres (16)_all.json,modules/flowable-groovy-script-static-engine/target/surefire-reports/,maven-surefire-plugin:3.2.3:test (default-test) @ flowable-groovy-script-static-engine,surefire:test,surefire test reports,correct,same-module,False,surefire:test,,"./mvnw clean install ${MAVEN_ARGS} -PcleanDb,postgresql,distro -P'!include-spring-boot-samples' -Djdbc.url=jdbc:postgresql://localhost:${{ job.services.postgres.ports[5432] }}/flowable -Djdbc.username"
paper,flowable_flowable-engine_postgres_test_postgres (16)_all.json,modules/flowable-external-job-rest/target/surefire-reports/,maven-surefire-plugin:3.2.3:test (default-test) @ flowable-external-job-rest,surefire:test,surefire test reports,correct,same-module,False,surefire:test,,"./mvnw clean install ${MAVEN_ARGS} -PcleanDb,postgresql,distro -P'!include-spring-boot-samples' -Djdbc.url=jdbc:postgresql://localhost:${{ job.services.postgres.ports[5432] }}/flowable -Djdbc.username"
paper,flowable_flowable-engine_postgres_test_postgres (16)_all.json,modules/flowable-event-registry-spring/target/surefire-reports/,maven-surefire-plugin:3.2.3:test (default-test) @ flowable-event-registry-spring,surefire:test,surefire test reports,correct,same-module,False,surefire:test,,"./mvnw clean install ${MAVEN_ARGS} -PcleanDb,postgresql,distro -P'!include-spring-boot-samples' -Djdbc.url=jdbc:postgresql://localhost:${{ job.services.postgres.ports[5432] }}/flowable -Djdbc.username"
paper,flowable_flowable-engine_postgres_test_postgres (16)_all.json,modules/flowable-event-registry-rest/target/surefire-reports/,maven-surefire-plugin:3.2.3:test (default-test) @ flowable-event-registry-rest,surefire:test,surefire test reports,correct,same-module,False,surefire:test,,"./mvnw clean install ${MAVEN_ARGS} -PcleanDb,postgresql,distro -P'!include-spring-boot-samples' -Djdbc.url=jdbc:postgresql://localhost:${{ job.services.postgres.ports[5432] }}/flowable -Djdbc.username"
paper,flowable_flowable-engine_postgres_test_postgres (16)_all.json,modules/flowable-event-registry-json-converter/target/surefire-reports/,maven-surefire-plugin:3.2.3:test (default-test) @ flowable-event-registry-json-converter,surefire:test,surefire test reports,correct,same-module,False,surefire:test,,"./mvnw clean install ${MAVEN_ARGS} -PcleanDb,postgresql,distro -P'!include-spring-boot-samples' -Djdbc.url=jdbc:postgresql://localhost:${{ job.services.postgres.ports[5432] }}/flowable -Djdbc.username"
paper,flowable_flowable-engine_postgres_test_postgres (16)_all.json,modules/flowable-event-registry-integration-test/target/surefire-reports/,maven-surefire-plugin:3.2.3:test (default-test) @ flowable-event-registry-integration-test,surefire:test,surefire test reports,correct,same-module,False,surefire:test,,"./mvnw clean install ${MAVEN_ARGS} -PcleanDb,postgresql,distro -P'!include-spring-boot-samples' -Djdbc.url=jdbc:postgresql://localhost:${{ job.services.postgres.ports[5432] }}/flowable -Djdbc.username"
paper,flowable_flowable-engine_postgres_test_postgres (16)_all.json,modules/flowable-event-registry/target/surefire-reports/,maven-surefire-plugin:3.2.3:test (default-test) @ flowable-event-registry,surefire:test,surefire test reports,correct,same-module,False,surefire:test,,"./mvnw clean install ${MAVEN_ARGS} -PcleanDb,postgresql,distro -P'!include-spring-boot-samples' -Djdbc.url=jdbc:postgresql://localhost:${{ job.services.postgres.ports[5432] }}/flowable -Djdbc.username"
paper,flowable_flowable-engine_postgres_test_postgres (16)_all.json,modules/flowable-engine-configurator/target/surefire-reports/,maven-surefire-plugin:3.2.3:test (default-test) @ flowable-engine-configurator,surefire:test,surefire test reports,correct,same-module,False,surefire:test,,"./mvnw clean install ${MAVEN_ARGS} -PcleanDb,postgresql,distro -P'!include-spring-boot-samples' -Djdbc.url=jdbc:postgresql://localhost:${{ job.services.postgres.ports[5432] }}/flowable -Djdbc.username"
paper,flowable_flowable-engine_postgres_test_postgres (16)_all.json,modules/flowable-engine-common/target/surefire-reports/,maven-surefire-plugin:3.2.3:test (default-test) @ flowable-engine-common,surefire:test,surefire test reports,correct,same-module,False,surefire:test,,"./mvnw clean install ${MAVEN_ARGS} -PcleanDb,postgresql,distro -P'!include-spring-boot-samples' -Djdbc.url=jdbc:postgresql://localhost:${{ job.services.postgres.ports[5432] }}/flowable -Djdbc.username"
paper,flowable_flowable-engine_postgres_test_postgres (16)_all.json,modules/flowable-engine/target/surefire-reports/,maven-surefire-plugin:3.2.3:test (default-test) @ flowable-engine,surefire:test,surefire test reports,correct,same-module,False,surefire:test,,"./mvnw clean install ${MAVEN_ARGS} -PcleanDb,postgresql,distro -P'!include-spring-boot-samples' -Djdbc.url=jdbc:postgresql://localhost:${{ job.services.postgres.ports[5432] }}/flowable -Djdbc.username"
paper,flowable_flowable-engine_postgres_test_postgres (16)_all.json,modules/flowable-dmn-xml-converter/target/surefire-reports/,maven-surefire-plugin:3.2.3:test (default-test) @ flowable-dmn-xml-converter,surefire:test,surefire test reports,correct,same-module,False,surefire:test,,"./mvnw clean install ${MAVEN_ARGS} -PcleanDb,postgresql,distro -P'!include-spring-boot-samples' -Djdbc.url=jdbc:postgresql://localhost:${{ job.services.postgres.ports[5432] }}/flowable -Djdbc.username"
paper,flowable_flowable-engine_postgres_test_postgres (16)_all.json,modules/flowable-dmn-spring-configurator/target/surefire-reports/,maven-surefire-plugin:3.2.3:test (default-test) @ flowable-dmn-spring-configurator,surefire:test,surefire test reports,correct,same-module,False,surefire:test,,"./mvnw clean install ${MAVEN_ARGS} -PcleanDb,postgresql,distro -P'!include-spring-boot-samples' -Djdbc.url=jdbc:postgresql://localhost:${{ job.services.postgres.ports[5432] }}/flowable -Djdbc.username"
paper,flowable_flowable-engine_postgres_test_postgres (16)_all.json,modules/flowable-dmn-spring/target/surefire-reports/,maven-surefire-plugin:3.2.3:test (default-test) @ flowable-dmn-spring,surefire:test,surefire test reports,correct,same-module,False,surefire:test,,"./mvnw clean install ${MAVEN_ARGS} -PcleanDb,postgresql,distro -P'!include-spring-boot-samples' -Djdbc.url=jdbc:postgresql://localhost:${{ job.services.postgres.ports[5432] }}/flowable -Djdbc.username"
paper,flowable_flowable-engine_postgres_test_postgres (16)_all.json,modules/flowable-dmn-rest/target/surefire-reports/,maven-surefire-plugin:3.2.3:test (default-test) @ flowable-dmn-rest,surefire:test,surefire test reports,correct,same-module,False,surefire:test,,"./mvnw clean install ${MAVEN_ARGS} -PcleanDb,postgresql,distro -P'!include-spring-boot-samples' -Djdbc.url=jdbc:postgresql://localhost:${{ job.services.postgres.ports[5432] }}/flowable -Djdbc.username"
paper,flowable_flowable-engine_postgres_test_postgres (16)_all.json,modules/flowable-dmn-engine-configurator/target/surefire-reports/,maven-surefire-plugin:3.2.3:test (default-test) @ flowable-dmn-engine-configurator,surefire:test,surefire test reports,correct,same-module,False,surefire:test,,"./mvnw clean install ${MAVEN_ARGS} -PcleanDb,postgresql,distro -P'!include-spring-boot-samples' -Djdbc.url=jdbc:postgresql://localhost:${{ job.services.postgres.ports[5432] }}/flowable -Djdbc.username"
paper,flowable_flowable-engine_postgres_test_postgres (16)_all.json,modules/flowable-dmn-engine/target/surefire-reports/,maven-surefire-plugin:3.2.3:test (default-test) @ flowable-dmn-engine,surefire:test,surefire test reports,correct,same-module,False,surefire:test,,"./mvnw clean install ${MAVEN_ARGS} -PcleanDb,postgresql,distro -P'!include-spring-boot-samples' -Djdbc.url=jdbc:postgresql://localhost:${{ job.services.postgres.ports[5432] }}/flowable -Djdbc.username"
paper,flowable_flowable-engine_postgres_test_postgres (16)_all.json,modules/flowable-common-rest/target/surefire-reports/,maven-surefire-plugin:3.2.3:test (default-test) @ flowable-common-rest,surefire:test,surefire test reports,correct,same-module,False,surefire:test,,"./mvnw clean install ${MAVEN_ARGS} -PcleanDb,postgresql,distro -P'!include-spring-boot-samples' -Djdbc.url=jdbc:postgresql://localhost:${{ job.services.postgres.ports[5432] }}/flowable -Djdbc.username"
paper,flowable_flowable-engine_postgres_test_postgres (16)_all.json,modules/flowable-cmmn-spring/target/surefire-reports/,maven-surefire-plugin:3.2.3:test (default-test) @ flowable-cmmn-spring,surefire:test,surefire test reports,correct,same-module,False,surefire:test,,"./mvnw clean install ${MAVEN_ARGS} -PcleanDb,postgresql,distro -P'!include-spring-boot-samples' -Djdbc.url=jdbc:postgresql://localhost:${{ job.services.postgres.ports[5432] }}/flowable -Djdbc.username"
paper,flowable_flowable-engine_postgres_test_postgres (16)_all.json,modules/flowable-cmmn-rest/target/surefire-reports/,maven-surefire-plugin:3.2.3:test (default-test) @ flowable-cmmn-rest,surefire:test,surefire test reports,correct,same-module,False,surefire:test,,"./mvnw clean install ${MAVEN_ARGS} -PcleanDb,postgresql,distro -P'!include-spring-boot-samples' -Djdbc.url=jdbc:postgresql://localhost:${{ job.services.postgres.ports[5432] }}/flowable -Djdbc.username"
paper,flowable_flowable-engine_postgres_test_postgres (16)_all.json,modules/flowable-cmmn-engine-configurator/target/surefire-reports/,maven-surefire-plugin:3.2.3:test (default-test) @ flowable-cmmn-engine-configurator,surefire:test,surefire test reports,correct,same-module,False,surefire:test,,"./mvnw clean install ${MAVEN_ARGS} -PcleanDb,postgresql,distro -P'!include-spring-boot-samples' -Djdbc.url=jdbc:postgresql://localhost:${{ job.services.postgres.ports[5432] }}/flowable -Djdbc.username"
paper,flowable_flowable-engine_postgres_test_postgres (16)_all.json,modules/flowable-cmmn-engine/target/surefire-reports/,maven-surefire-plugin:3.2.3:test (default-test) @ flowable-cmmn-engine,surefire:test,surefire test reports,correct,same-module,False,surefire:test,,"./mvnw clean install ${MAVEN_ARGS} -PcleanDb,postgresql,distro -P'!include-spring-boot-samples' -Djdbc.url=jdbc:postgresql://localhost:${{ job.services.postgres.ports[5432] }}/flowable -Djdbc.username"
paper,flowable_flowable-engine_postgres_test_postgres (16)_all.json,modules/flowable-cmmn-converter/target/surefire-reports/,maven-surefire-plugin:3.2.3:test (default-test) @ flowable-cmmn-converter,surefire:test,surefire test reports,correct,same-module,False,surefire:test,,"./mvnw clean install ${MAVEN_ARGS} -PcleanDb,postgresql,distro -P'!include-spring-boot-samples' -Djdbc.url=jdbc:postgresql://localhost:${{ job.services.postgres.ports[5432] }}/flowable -Djdbc.username"
paper,flowable_flowable-engine_postgres_test_postgres (16)_all.json,modules/flowable-cdi/target/surefire-reports/,maven-surefire-plugin:3.2.3:test (default-test) @ flowable-cdi,surefire:test,surefire test reports,correct,same-module,False,surefire:test,,"./mvnw clean install ${MAVEN_ARGS} -PcleanDb,postgresql,distro -P'!include-spring-boot-samples' -Djdbc.url=jdbc:postgresql://localhost:${{ job.services.postgres.ports[5432] }}/flowable -Djdbc.username"
paper,flowable_flowable-engine_postgres_test_postgres (16)_all.json,modules/flowable-case-validation/target/surefire-reports/,maven-surefire-plugin:3.2.3:test (default-test) @ flowable-case-validation,surefire:test,surefire test reports,correct,same-module,False,surefire:test,,"./mvnw clean install ${MAVEN_ARGS} -PcleanDb,postgresql,distro -P'!include-spring-boot-samples' -Djdbc.url=jdbc:postgresql://localhost:${{ job.services.postgres.ports[5432] }}/flowable -Djdbc.username"
paper,flowable_flowable-engine_postgres_test_postgres (16)_all.json,modules/flowable-camel/target/surefire-reports/,maven-surefire-plugin:3.2.3:test (default-test) @ flowable-camel,surefire:test,surefire test reports,correct,same-module,False,surefire:test,,"./mvnw clean install ${MAVEN_ARGS} -PcleanDb,postgresql,distro -P'!include-spring-boot-samples' -Djdbc.url=jdbc:postgresql://localhost:${{ job.services.postgres.ports[5432] }}/flowable -Djdbc.username"
paper,flowable_flowable-engine_postgres_test_postgres (16)_all.json,modules/flowable-bpmn-converter/target/surefire-reports/,maven-surefire-plugin:3.2.3:test (default-test) @ flowable-bpmn-converter,surefire:test,surefire test reports,correct,same-module,False,surefire:test,,"./mvnw clean install ${MAVEN_ARGS} -PcleanDb,postgresql,distro -P'!include-spring-boot-samples' -Djdbc.url=jdbc:postgresql://localhost:${{ job.services.postgres.ports[5432] }}/flowable -Djdbc.username"
paper,flowable_flowable-engine_postgres_test_postgres (16)_all.json,modules/flowable-app-rest/target/surefire-reports/,maven-surefire-plugin:3.2.3:test (default-test) @ flowable-app-rest,surefire:test,surefire test reports,correct,same-module,False,surefire:test,,"./mvnw clean install ${MAVEN_ARGS} -PcleanDb,postgresql,distro -P'!include-spring-boot-samples' -Djdbc.url=jdbc:postgresql://localhost:${{ job.services.postgres.ports[5432] }}/flowable -Djdbc.username"
paper,flowable_flowable-engine_postgres_test_postgres (16)_all.json,modules/flowable-app-engine-spring/target/surefire-reports/,maven-surefire-plugin:3.2.3:test (default-test) @ flowable-app-engine-spring,surefire:test,surefire test reports,correct,same-module,False,surefire:test,,"./mvnw clean install ${MAVEN_ARGS} -PcleanDb,postgresql,distro -P'!include-spring-boot-samples' -Djdbc.url=jdbc:postgresql://localhost:${{ job.services.postgres.ports[5432] }}/flowable -Djdbc.username"
paper,flowable_flowable-engine_postgres_test_postgres (16)_all.json,modules/flowable-app-engine-rest/target/surefire-reports/,maven-surefire-plugin:3.2.3:test (default-test) @ flowable-app-engine-rest,surefire:test,surefire test reports,correct,same-module,False,surefire:test,,"./mvnw clean install ${MAVEN_ARGS} -PcleanDb,postgresql,distro -P'!include-spring-boot-samples' -Djdbc.url=jdbc:postgresql://localhost:${{ job.services.postgres.ports[5432] }}/flowable -Djdbc.username"
paper,flowable_flowable-engine_postgres_test_postgres (16)_all.json,modules/flowable-app-engine/target/surefire-reports/,maven-surefire-plugin:3.2.3:test (default-test) @ flowable-app-engine,surefire:test,surefire test reports,correct,same-module,False,surefire:test,,"./mvnw clean install ${MAVEN_ARGS} -PcleanDb,postgresql,distro -P'!include-spring-boot-samples' -Djdbc.url=jdbc:postgresql://localhost:${{ job.services.postgres.ports[5432] }}/flowable -Djdbc.username"
paper,graphhopper_graphhopper_build_build (21)_all.json,web-api/target/surefire-reports/,maven-surefire-plugin:2.22.2:test (default-test) @ graphhopper-web-api,surefire:test,surefire test reports,correct,same-module,False,surefire:test,,mvn -B clean test
paper,graphhopper_graphhopper_build_build (21)_all.json,core/target/surefire-reports/,maven-surefire-plugin:2.22.2:test (default-test) @ graphhopper-core,surefire:test,surefire test reports,correct,same-module,False,surefire:test,,mvn -B clean test
paper,graphhopper_graphhopper_build_build (22-ea)_all.json,web-api/target/surefire-reports/,maven-surefire-plugin:2.22.2:test (default-test) @ graphhopper-web-api,surefire:test,surefire test reports,correct,same-module,False,surefire:test,,mvn -B clean test
paper,graphhopper_graphhopper_build_build (22-ea)_all.json,core/target/surefire-reports/,maven-surefire-plugin:2.22.2:test (default-test) @ graphhopper-core,surefire:test,surefire test reports,correct,same-module,False,surefire:test,,mvn -B clean test
paper,"immutables_immutables_ci_build (11, ecj, errorprone)_all.json",value-processor/target/surefire-reports/,maven-surefire-plugin:2.22.2:test (default-test) @ value-processor,surefire:test,surefire test reports,correct,same-module,False,surefire:test,,mvn --batch-mode --no-transfer-progress clean test -P${{ matrix.compiler }} -Dextra=${{ matrix.extra }}
paper,"immutables_immutables_ci_build (11, ecj, errorprone)_all.json",value-fixture/target/surefire-reports/,maven-surefire-plugin:2.22.2:test (default-test) @ value-fixture,surefire:test,surefire test reports,correct,same-module,False,surefire:test,,mvn --batch-mode --no-transfer-progress clean test -P${{ matrix.compiler }} -Dextra=${{ matrix.extra }}
paper,"immutables_immutables_ci_build (11, ecj, errorprone)_all.json",serial/target/surefire-reports/,maven-surefire-plugin:2.22.2:test (default-test) @ serial,surefire:test,surefire test reports,correct,same-module,False,surefire:test,,mvn --batch-mode --no-transfer-progress clean test -P${{ matrix.compiler }} -Dextra=${{ matrix.extra }}
paper,"immutables_immutables_ci_build (11, ecj, errorprone)_all.json",ordinal/target/surefire-reports/,maven-surefire-plugin:2.22.2:test (default-test) @ ordinal,surefire:test,surefire test reports,correct,same-module,False,surefire:test,,mvn --batch-mode --no-transfer-progress clean test -P${{ matrix.compiler }} -Dextra=${{ matrix.extra }}
paper,"immutables_immutables_ci_build (11, ecj, errorprone)_all.json",mongo/target/surefire-reports/,maven-surefire-plugin:2.22.2:test (default-test) @ mongo,surefire:test,surefire test reports,correct,same-module,False,surefire:test,,mvn --batch-mode --no-transfer-progress clean test -P${{ matrix.compiler }} -Dextra=${{ matrix.extra }}
paper,"immutables_immutables_ci_build (11, ecj, errorprone)_all.json",gson/target/surefire-reports/,maven-surefire-plugin:2.22.2:test (default-test) @ gson,surefire:test,surefire test reports,correct,same-module,False,surefire:test,,mvn --batch-mode --no-transfer-progress clean test -P${{ matrix.compiler }} -Dextra=${{ matrix.extra }}
paper,"immutables_immutables_ci_build (11, ecj, errorprone)_all.json",criteria/rxjava2/target/surefire-reports/,maven-surefire-plugin:2.22.2:test (default-test) @ criteria-rxjava2,surefire:test,surefire test reports,correct,same-module,False,surefire:test,,mvn --batch-mode --no-transfer-progress clean test -P${{ matrix.compiler }} -Dextra=${{ matrix.extra }}
paper,"immutables_immutables_ci_build (11, ecj, errorprone)_all.json",criteria/mongo/target/surefire-reports/,maven-surefire-plugin:2.22.2:test (default-test) @ criteria-mongo,surefire:test,surefire test reports,correct,same-module,False,surefire:test,,mvn --batch-mode --no-transfer-progress clean test -P${{ matrix.compiler }} -Dextra=${{ matrix.extra }}
paper,"immutables_immutables_ci_build (11, ecj, errorprone)_all.json",criteria/inmemory/target/surefire-reports/,maven-surefire-plugin:2.22.2:test (default-test) @ criteria-inmemory,surefire:test,surefire test reports,correct,same-module,False,surefire:test,,mvn --batch-mode --no-transfer-progress clean test -P${{ matrix.compiler }} -Dextra=${{ matrix.extra }}
paper,"immutables_immutables_ci_build (11, ecj, errorprone)_all.json",criteria/geode/target/surefire-reports/,maven-surefire-plugin:2.22.2:test (default-test) @ criteria-geode,surefire:test,surefire test reports,correct,same-module,False,surefire:test,,mvn --batch-mode --no-transfer-progress clean test -P${{ matrix.compiler }} -Dextra=${{ matrix.extra }}
paper,"immutables_immutables_ci_build (11, ecj, errorprone)_all.json",criteria/elasticsearch/target/surefire-reports/,maven-surefire-plugin:2.22.2:test (default-test) @ criteria-elasticsearch,surefire:test,surefire test reports,correct,same-module,False,surefire:test,,mvn --batch-mode --no-transfer-progress clean test -P${{ matrix.compiler }} -Dextra=${{ matrix.extra }}
paper,"immutables_immutables_ci_build (11, ecj, errorprone)_all.json",criteria/common/target/surefire-reports/,maven-surefire-plugin:2.22.2:test (default-test) @ criteria-common,surefire:test,surefire test reports,correct,same-module,False,surefire:test,,mvn --batch-mode --no-transfer-progress clean test -P${{ matrix.compiler }} -Dextra=${{ matrix.extra }}
paper,"immutables_immutables_ci_build (11, ecj, errorprone)_all.json",builder/target/surefire-reports/,maven-surefire-plugin:2.22.2:test (default-test) @ builder,surefire:test,surefire test reports,correct,same-module,False,surefire:test,,mvn --batch-mode --no-transfer-progress clean test -P${{ matrix.compiler }} -Dextra=${{ matrix.extra }}
paper,"immutables_immutables_ci_build (11, ecj, errorprone)_all.json",annotate/target/surefire-reports/,maven-surefire-plugin:2.22.2:test (default-test) @ annotate,surefire:test,surefire test reports,correct,same-module,False,surefire:test,,mvn --batch-mode --no-transfer-progress clean test -P${{ matrix.compiler }} -Dextra=${{ matrix.extra }}
paper,"immutables_immutables_ci_build (11, ecj, none)_all.json",value-processor/target/surefire-reports/,maven-surefire-plugin:2.22.2:test (default-test) @ value-processor,surefire:test,surefire test reports,correct,same-module,False,surefire:test,,mvn --batch-mode --no-transfer-progress clean test -P${{ matrix.compiler }} -Dextra=${{ matrix.extra }}
paper,"immutables_immutables_ci_build (11, ecj, none)_all.json",value-fixture/target/surefire-reports/,maven-surefire-plugin:2.22.2:test (default-test) @ value-fixture,surefire:test,surefire test reports,correct,same-module,False,surefire:test,,mvn --batch-mode --no-transfer-progress clean test -P${{ matrix.compiler }} -Dextra=${{ matrix.extra }}
paper,"immutables_immutables_ci_build (11, ecj, none)_all.json",serial/target/surefire-reports/,maven-surefire-plugin:2.22.2:test (default-test) @ serial,surefire:test,surefire test reports,correct,same-module,False,surefire:test,,mvn --batch-mode --no-transfer-progress clean test -P${{ matrix.compiler }} -Dextra=${{ matrix.extra }}
paper,"immutables_immutables_ci_build (11, ecj, none)_all.json",processor-testlib/target/surefire-reports/,maven-surefire-plugin:2.22.2:test (default-test) @ processor-testlib,surefire:test,surefire test reports,correct,same-module,False,surefire:test,,mvn --batch-mode --no-transfer-progress clean test -P${{ matrix.compiler }} -Dextra=${{ matrix.extra }}
paper,"immutables_immutables_ci_build (11, ecj, none)_all.json",ordinal/target/surefire-reports/,maven-surefire-plugin:2.22.2:test (default-test) @ ordinal,surefire:test,surefire test reports,correct,same-module,False,surefire:test,,mvn --batch-mode --no-transfer-progress clean test -P${{ matrix.compiler }} -Dextra=${{ matrix.extra }}
paper,"immutables_immutables_ci_build (11, ecj, none)_all.json",mongo/target/surefire-reports/,maven-surefire-plugin:2.22.2:test (default-test) @ mongo,surefire:test,surefire test reports,correct,same-module,False,surefire:test,,mvn --batch-mode --no-transfer-progress clean test -P${{ matrix.compiler }} -Dextra=${{ matrix.extra }}
paper,"immutables_immutables_ci_build (11, ecj, none)_all.json",gson/target/surefire-reports/,maven-surefire-plugin:2.22.2:test (default-test) @ gson,surefire:test,surefire test reports,correct,same-module,False,surefire:test,,mvn --batch-mode --no-transfer-progress clean test -P${{ matrix.compiler }} -Dextra=${{ matrix.extra }}
paper,"immutables_immutables_ci_build (11, ecj, none)_all.json",generator-fixture/target/surefire-reports/,maven-surefire-plugin:2.22.2:test (default-test) @ generator-fixture,surefire:test,surefire test reports,correct,same-module,False,surefire:test,,mvn --batch-mode --no-transfer-progress clean test -P${{ matrix.compiler }} -Dextra=${{ matrix.extra }}
paper,"immutables_immutables_ci_build (11, ecj, none)_all.json",criteria/rxjava2/target/surefire-reports/,maven-surefire-plugin:2.22.2:test (default-test) @ criteria-rxjava2,surefire:test,surefire test reports,correct,same-module,False,surefire:test,,mvn --batch-mode --no-transfer-progress clean test -P${{ matrix.compiler }} -Dextra=${{ matrix.extra }}
paper,"immutables_immutables_ci_build (11, ecj, none)_all.json",criteria/reactor/target/surefire-reports/,maven-surefire-plugin:2.22.2:test (default-test) @ criteria-reactor,surefire:test,surefire test reports,correct,same-module,False,surefire:test,,mvn --batch-mode --no-transfer-progress clean test -P${{ matrix.compiler }} -Dextra=${{ matrix.extra }}
paper,"immutables_immutables_ci_build (11, ecj, none)_all.json",criteria/mongo/target/surefire-reports/,maven-surefire-plugin:2.22.2:test (default-test) @ criteria-mongo,surefire:test,surefire test reports,correct,same-module,False,surefire:test,,mvn --batch-mode --no-transfer-progress clean test -P${{ matrix.compiler }} -Dextra=${{ matrix.extra }}
paper,"immutables_immutables_ci_build (11, ecj, none)_all.json",criteria/inmemory/target/surefire-reports/,maven-surefire-plugin:2.22.2:test (default-test) @ criteria-inmemory,surefire:test,surefire test reports,correct,same-module,False,surefire:test,,mvn --batch-mode --no-transfer-progress clean test -P${{ matrix.compiler }} -Dextra=${{ matrix.extra }}
paper,"immutables_immutables_ci_build (11, ecj, none)_all.json",criteria/geode/target/surefire-reports/,maven-surefire-plugin:2.22.2:test (default-test) @ criteria-geode,surefire:test,surefire test reports,correct,same-module,False,surefire:test,,mvn --batch-mode --no-transfer-progress clean test -P${{ matrix.compiler }} -Dextra=${{ matrix.extra }}
paper,"immutables_immutables_ci_build (11, ecj, none)_all.json",criteria/elasticsearch/target/surefire-reports/,maven-surefire-plugin:2.22.2:test (default-test) @ criteria-elasticsearch,surefire:test,surefire test reports,correct,same-module,False,surefire:test,,mvn --batch-mode --no-transfer-progress clean test -P${{ matrix.compiler }} -Dextra=${{ matrix.extra }}
paper,"immutables_immutables_ci_build (11, ecj, none)_all.json",builder/target/surefire-reports/,maven-surefire-plugin:2.22.2:test (default-test) @ builder,surefire:test,surefire test reports,correct,same-module,False,surefire:test,,mvn --batch-mode --no-transfer-progress clean test -P${{ matrix.compiler }} -Dextra=${{ matrix.extra }}
paper,"immutables_immutables_ci_build (11, javac, errorprone)_all.json",value-processor/target/surefire-reports/,maven-surefire-plugin:2.22.2:test (default-test) @ value-processor,surefire:test,surefire test reports,correct,same-module,False,surefire:test,,mvn --batch-mode --no-transfer-progress clean test -P${{ matrix.compiler }} -Dextra=${{ matrix.extra }}
paper,"immutables_immutables_ci_build (11, javac, errorprone)_all.json",value-fixture/target/surefire-reports/,maven-surefire-plugin:2.22.2:test (default-test) @ value-fixture,surefire:test,surefire test reports,correct,same-module,False,surefire:test,,mvn --batch-mode --no-transfer-progress clean test -P${{ matrix.compiler }} -Dextra=${{ matrix.extra }}
paper,"immutables_immutables_ci_build (11, javac, errorprone)_all.json",serial/target/surefire-reports/,maven-surefire-plugin:2.22.2:test (default-test) @ serial,surefire:test,surefire test reports,correct,same-module,False,surefire:test,,mvn --batch-mode --no-transfer-progress clean test -P${{ matrix.compiler }} -Dextra=${{ matrix.extra }}
paper,"immutables_immutables_ci_build (11, javac, errorprone)_all.json",ordinal/target/surefire-reports/,maven-surefire-plugin:2.22.2:test (default-test) @ ordinal,surefire:test,surefire test reports,correct,same-module,False,surefire:test,,mvn --batch-mode --no-transfer-progress clean test -P${{ matrix.compiler }} -Dextra=${{ matrix.extra }}
paper,"immutables_immutables_ci_build (11, javac, errorprone)_all.json",mongo/target/surefire-reports/,maven-surefire-plugin:2.22.2:test (default-test) @ mongo,surefire:test,surefire test reports,correct,same-module,False,surefire:test,,mvn --batch-mode --no-transfer-progress clean test -P${{ matrix.compiler }} -Dextra=${{ matrix.extra }}
paper,"immutables_immutables_ci_build (11, javac, errorprone)_all.json",gson/target/surefire-reports/,maven-surefire-plugin:2.22.2:test (default-test) @ gson,surefire:test,surefire test reports,correct,same-module,False,surefire:test,,mvn --batch-mode --no-transfer-progress clean test -P${{ matrix.compiler }} -Dextra=${{ matrix.extra }}
paper,"immutables_immutables_ci_build (11, javac, errorprone)_all.json",criteria/reactor/target/surefire-reports/,maven-surefire-plugin:2.22.2:test (default-test) @ criteria-reactor,surefire:test,surefire test reports,correct,same-module,False,surefire:test,,mvn --batch-mode --no-transfer-progress clean test -P${{ matrix.compiler }} -Dextra=${{ matrix.extra }}
paper,"immutables_immutables_ci_build (11, javac, errorprone)_all.json",criteria/mongo/target/surefire-reports/,maven-surefire-plugin:2.22.2:test (default-test) @ criteria-mongo,surefire:test,surefire test reports,correct,same-module,False,surefire:test,,mvn --batch-mode --no-transfer-progress clean test -P${{ matrix.compiler }} -Dextra=${{ matrix.extra }}
paper,"immutables_immutables_ci_build (11, javac, errorprone)_all.json",criteria/inmemory/target/surefire-reports/,maven-surefire-plugin:2.22.2:test (default-test) @ criteria-inmemory,surefire:test,surefire test reports,correct,same-module,False,surefire:test,,mvn --batch-mode --no-transfer-progress clean test -P${{ matrix.compiler }} -Dextra=${{ matrix.extra }}
paper,"immutables_immutables_ci_build (11, javac, errorprone)_all.json",criteria/geode/target/surefire-reports/,maven-surefire-plugin:2.22.2:test (default-test) @ criteria-geode,surefire:test,surefire test reports,correct,same-module,False,surefire:test,,mvn --batch-mode --no-transfer-progress clean test -P${{ matrix.compiler }} -Dextra=${{ matrix.extra }}
paper,"immutables_immutables_ci_build (11, javac, errorprone)_all.json",criteria/elasticsearch/target/surefire-reports/,maven-surefire-plugin:2.22.2:test (default-test) @ criteria-elasticsearch,surefire:test,surefire test reports,correct,same-module,False,surefire:test,,mvn --batch-mode --no-transfer-progress clean test -P${{ matrix.compiler }} -Dextra=${{ matrix.extra }}
paper,"immutables_immutables_ci_build (11, javac, errorprone)_all.json",builder/target/surefire-reports/,maven-surefire-plugin:2.22.2:test (default-test) @ builder,surefire:test,surefire test reports,correct,same-module,False,surefire:test,,mvn --batch-mode --no-transfer-progress clean test -P${{ matrix.compiler }} -Dextra=${{ matrix.extra }}
paper,"immutables_immutables_ci_build (11, javac, errorprone)_all.json",annotate/target/surefire-reports/,maven-surefire-plugin:2.22.2:test (default-test) @ annotate,surefire:test,surefire test reports,correct,same-module,False,surefire:test,,mvn --batch-mode --no-transfer-progress clean test -P${{ matrix.compiler }} -Dextra=${{ matrix.extra }}
paper,"immutables_immutables_ci_build (11, javac, none)_all.json",value-processor/target/surefire-reports/,maven-surefire-plugin:2.22.2:test (default-test) @ value-processor,surefire:test,surefire test reports,correct,same-module,False,surefire:test,,mvn --batch-mode --no-transfer-progress clean test -P${{ matrix.compiler }} -Dextra=${{ matrix.extra }}
paper,"immutables_immutables_ci_build (11, javac, none)_all.json",value-fixture/target/surefire-reports/,maven-surefire-plugin:2.22.2:test (default-test) @ value-fixture,surefire:test,surefire test reports,correct,same-module,False,surefire:test,,mvn --batch-mode --no-transfer-progress clean test -P${{ matrix.compiler }} -Dextra=${{ matrix.extra }}
paper,"immutables_immutables_ci_build (11, javac, none)_all.json",serial/target/surefire-reports/,maven-surefire-plugin:2.22.2:test (default-test) @ serial,surefire:test,surefire test reports,correct,same-module,False,surefire:test,,mvn --batch-mode --no-transfer-progress clean test -P${{ matrix.compiler }} -Dextra=${{ matrix.extra }}
paper,"immutables_immutables_ci_build (11, javac, none)_all.json",processor-testlib/target/surefire-reports/,maven-surefire-plugin:2.22.2:test (default-test) @ processor-testlib,surefire:test,surefire test reports,correct,same-module,False,surefire:test,,mvn --batch-mode --no-transfer-progress clean test -P${{ matrix.compiler }} -Dextra=${{ matrix.extra }}
paper,"immutables_immutables_ci_build (11, javac, none)_all.json",ordinal/target/surefire-reports/,maven-surefire-plugin:2.22.2:test (default-test) @ ordinal,surefire:test,surefire test reports,correct,same-module,False,surefire:test,,mvn --batch-mode --no-transfer-progress clean test -P${{ matrix.compiler }} -Dextra=${{ matrix.extra }}
paper,"immutables_immutables_ci_build (11, javac, none)_all.json",mongo/target/surefire-reports/,maven-surefire-plugin:2.22.2:test (default-test) @ mongo,surefire:test,surefire test reports,correct,same-module,False,surefire:test,,mvn --batch-mode --no-transfer-progress clean test -P${{ matrix.compiler }} -Dextra=${{ matrix.extra }}
paper,"immutables_immutables_ci_build (11, javac, none)_all.json",gson/target/surefire-reports/,maven-surefire-plugin:2.22.2:test (default-test) @ gson,surefire:test,surefire test reports,correct,same-module,False,surefire:test,,mvn --batch-mode --no-transfer-progress clean test -P${{ matrix.compiler }} -Dextra=${{ matrix.extra }}
paper,"immutables_immutables_ci_build (11, javac, none)_all.json",criteria/mongo/target/surefire-reports/,maven-surefire-plugin:2.22.2:test (default-test) @ criteria-mongo,surefire:test,surefire test reports,correct,same-module,False,surefire:test,,mvn --batch-mode --no-transfer-progress clean test -P${{ matrix.compiler }} -Dextra=${{ matrix.extra }}
paper,"immutables_immutables_ci_build (11, javac, none)_all.json",criteria/inmemory/target/surefire-reports/,maven-surefire-plugin:2.22.2:test (default-test) @ criteria-inmemory,surefire:test,surefire test reports,correct,same-module,False,surefire:test,,mvn --batch-mode --no-transfer-progress clean test -P${{ matrix.compiler }} -Dextra=${{ matrix.extra }}
paper,"immutables_immutables_ci_build (11, javac, none)_all.json",criteria/geode/target/surefire-reports/,maven-surefire-plugin:2.22.2:test (default-test) @ criteria-geode,surefire:test,surefire test reports,correct,same-module,False,surefire:test,,mvn --batch-mode --no-transfer-progress clean test -P${{ matrix.compiler }} -Dextra=${{ matrix.extra }}
paper,"immutables_immutables_ci_build (11, javac, none)_all.json",criteria/elasticsearch/target/surefire-reports/,maven-surefire-plugin:2.22.2:test (default-test) @ criteria-elasticsearch,surefire:test,surefire test reports,correct,same-module,False,surefire:test,,mvn --batch-mode --no-transfer-progress clean test -P${{ matrix.compiler }} -Dextra=${{ matrix.extra }}
paper,"immutables_immutables_ci_build (11, javac, none)_all.json",builder/target/surefire-reports/,maven-surefire-plugin:2.22.2:test (default-test) @ builder,surefire:test,surefire test reports,correct,same-module,False,surefire:test,,mvn --batch-mode --no-transfer-progress clean test -P${{ matrix.compiler }} -Dextra=${{ matrix.extra }}
paper,"immutables_immutables_ci_build (17, ecj, errorprone)_all.json",value-processor/target/surefire-reports/,maven-surefire-plugin:2.22.2:test (default-test) @ value-processor,surefire:test,surefire test reports,correct,same-module,False,surefire:test,,mvn --batch-mode --no-transfer-progress clean test -P${{ matrix.compiler }} -Dextra=${{ matrix.extra }}
paper,"immutables_immutables_ci_build (17, ecj, errorprone)_all.json",value-fixture/target/surefire-reports/,maven-surefire-plugin:2.22.2:test (default-test) @ value-fixture,surefire:test,surefire test reports,correct,same-module,False,surefire:test,,mvn --batch-mode --no-transfer-progress clean test -P${{ matrix.compiler }} -Dextra=${{ matrix.extra }}
paper,"immutables_immutables_ci_build (17, ecj, errorprone)_all.json",serial/target/surefire-reports/,maven-surefire-plugin:2.22.2:test (default-test) @ serial,surefire:test,surefire test reports,correct,same-module,False,surefire:test,,mvn --batch-mode --no-transfer-progress clean test -P${{ matrix.compiler }} -Dextra=${{ matrix.extra }}
paper,"immutables_immutables_ci_build (17, ecj, errorprone)_all.json",processor-testlib/target/surefire-reports/,maven-surefire-plugin:2.22.2:test (default-test) @ processor-testlib,surefire:test,surefire test reports,correct,same-module,False,surefire:test,,mvn --batch-mode --no-transfer-progress clean test -P${{ matrix.compiler }} -Dextra=${{ matrix.extra }}
paper,"immutables_immutables_ci_build (17, ecj, errorprone)_all.json",ordinal/target/surefire-reports/,maven-surefire-plugin:2.22.2:test (default-test) @ ordinal,surefire:test,surefire test reports,correct,same-module,False,surefire:test,,mvn --batch-mode --no-transfer-progress clean test -P${{ matrix.compiler }} -Dextra=${{ matrix.extra }}
paper,"immutables_immutables_ci_build (17, ecj, errorprone)_all.json",mongo/target/surefire-reports/,maven-surefire-plugin:2.22.2:test (default-test) @ mongo,surefire:test,surefire test reports,correct,same-module,False,surefire:test,,mvn --batch-mode --no-transfer-progress clean test -P${{ matrix.compiler }} -Dextra=${{ matrix.extra }}
paper,"immutables_immutables_ci_build (17, ecj, errorprone)_all.json",gson/target/surefire-reports/,maven-surefire-plugin:2.22.2:test (default-test) @ gson,surefire:test,surefire test reports,correct,same-module,False,surefire:test,,mvn --batch-mode --no-transfer-progress clean test -P${{ matrix.compiler }} -Dextra=${{ matrix.extra }}
paper,"immutables_immutables_ci_build (17, ecj, errorprone)_all.json",generator/target/surefire-reports/,maven-surefire-plugin:2.22.2:test (default-test) @ generator,surefire:test,surefire test reports,correct,same-module,False,surefire:test,,mvn --batch-mode --no-transfer-progress clean test -P${{ matrix.compiler }} -Dextra=${{ matrix.extra }}
paper,"immutables_immutables_ci_build (17, ecj, errorprone)_all.json",data/target/surefire-reports/,maven-surefire-plugin:2.22.2:test (default-test) @ data,surefire:test,surefire test reports,correct,same-module,False,surefire:test,,mvn --batch-mode --no-transfer-progress clean test -P${{ matrix.compiler }} -Dextra=${{ matrix.extra }}
paper,"immutables_immutables_ci_build (17, ecj, errorprone)_all.json",criteria/rxjava2/target/surefire-reports/,maven-surefire-plugin:2.22.2:test (default-test) @ criteria-rxjava2,surefire:test,surefire test reports,correct,same-module,False,surefire:test,,mvn --batch-mode --no-transfer-progress clean test -P${{ matrix.compiler }} -Dextra=${{ matrix.extra }}
paper,"immutables_immutables_ci_build (17, ecj, errorprone)_all.json",criteria/reactor/target/surefire-reports/,maven-surefire-plugin:2.22.2:test (default-test) @ criteria-reactor,surefire:test,surefire test reports,correct,same-module,False,surefire:test,,mvn --batch-mode --no-transfer-progress clean test -P${{ matrix.compiler }} -Dextra=${{ matrix.extra }}
paper,"immutables_immutables_ci_build (17, ecj, errorprone)_all.json",criteria/mongo/target/surefire-reports/,maven-surefire-plugin:2.22.2:test (default-test) @ criteria-mongo,surefire:test,surefire test reports,correct,same-module,False,surefire:test,,mvn --batch-mode --no-transfer-progress clean test -P${{ matrix.compiler }} -Dextra=${{ matrix.extra }}
paper,"immutables_immutables_ci_build (17, ecj, errorprone)_all.json",criteria/inmemory/target/surefire-reports/,maven-surefire-plugin:2.22.2:test (default-test) @ criteria-inmemory,surefire:test,surefire test reports,correct,same-module,False,surefire:test,,mvn --batch-mode --no-transfer-progress clean test -P${{ matrix.compiler }} -Dextra=${{ matrix.extra }}
paper,"immutables_immutables_ci_build (17, ecj, errorprone)_all.json",criteria/geode/target/surefire-reports/,maven-surefire-plugin:2.22.2:test (default-test) @ criteria-geode,surefire:test,surefire test reports,correct,same-module,False,surefire:test,,mvn --batch-mode --no-transfer-progress clean test -P${{ matrix.compiler }} -Dextra=${{ matrix.extra }}
paper,"immutables_immutables_ci_build (17, ecj, errorprone)_all.json",criteria/elasticsearch/target/surefire-reports/,maven-surefire-plugin:2.22.2:test (default-test) @ criteria-elasticsearch,surefire:test,surefire test reports,correct,same-module,False,surefire:test,,mvn --batch-mode --no-transfer-progress clean test -P${{ matrix.compiler }} -Dextra=${{ matrix.extra }}
paper,"immutables_immutables_ci_build (17, ecj, errorprone)_all.json",builder/target/surefire-reports/,maven-surefire-plugin:2.22.2:test (default-test) @ builder,surefire:test,surefire test reports,correct,same-module,False,surefire:test,,mvn --batch-mode --no-transfer-progress clean test -P${{ matrix.compiler }} -Dextra=${{ matrix.extra }}
paper,"immutables_immutables_ci_build (17, ecj, none)_all.json",value-processor/target/surefire-reports/,maven-surefire-plugin:2.22.2:test (default-test) @ value-processor,surefire:test,surefire test reports,correct,same-module,False,surefire:test,,mvn --batch-mode --no-transfer-progress clean test -P${{ matrix.compiler }} -Dextra=${{ matrix.extra }}
paper,"immutables_immutables_ci_build (17, ecj, none)_all.json",value-fixture/target/surefire-reports/,maven-surefire-plugin:2.22.2:test (default-test) @ value-fixture,surefire:test,surefire test reports,correct,same-module,False,surefire:test,,mvn --batch-mode --no-transfer-progress clean test -P${{ matrix.compiler }} -Dextra=${{ matrix.extra }}
paper,"immutables_immutables_ci_build (17, ecj, none)_all.json",serial/target/surefire-reports/,maven-surefire-plugin:2.22.2:test (default-test) @ serial,surefire:test,surefire test reports,correct,same-module,False,surefire:test,,mvn --batch-mode --no-transfer-progress clean test -P${{ matrix.compiler }} -Dextra=${{ matrix.extra }}
paper,"immutables_immutables_ci_build (17, ecj, none)_all.json",ordinal/target/surefire-reports/,maven-surefire-plugin:2.22.2:test (default-test) @ ordinal,surefire:test,surefire test reports,correct,same-module,False,surefire:test,,mvn --batch-mode --no-transfer-progress clean test -P${{ matrix.compiler }} -Dextra=${{ matrix.extra }}
paper,"immutables_immutables_ci_build (17, ecj, none)_all.json",mongo/target/surefire-reports/,maven-surefire-plugin:2.22.2:test (default-test) @ mongo,surefire:test,surefire test reports,correct,same-module,False,surefire:test,,mvn --batch-mode --no-transfer-progress clean test -P${{ matrix.compiler }} -Dextra=${{ matrix.extra }}
paper,"immutables_immutables_ci_build (17, ecj, none)_all.json",gson/target/surefire-reports/,maven-surefire-plugin:2.22.2:test (default-test) @ gson,surefire:test,surefire test reports,correct,same-module,False,surefire:test,,mvn --batch-mode --no-transfer-progress clean test -P${{ matrix.compiler }} -Dextra=${{ matrix.extra }}
paper,"immutables_immutables_ci_build (17, ecj, none)_all.json",generator-fixture/target/surefire-reports/,maven-surefire-plugin:2.22.2:test (default-test) @ generator-fixture,surefire:test,surefire test reports,correct,same-module,False,surefire:test,,mvn --batch-mode --no-transfer-progress clean test -P${{ matrix.compiler }} -Dextra=${{ matrix.extra }}
paper,"immutables_immutables_ci_build (17, ecj, none)_all.json",data/target/surefire-reports/,maven-surefire-plugin:2.22.2:test (default-test) @ data,surefire:test,surefire test reports,correct,same-module,False,surefire:test,,mvn --batch-mode --no-transfer-progress clean test -P${{ matrix.compiler }} -Dextra=${{ matrix.extra }}
paper,"immutables_immutables_ci_build (17, ecj, none)_all.json",criteria/rxjava2/target/surefire-reports/,maven-surefire-plugin:2.22.2:test (default-test) @ criteria-rxjava2,surefire:test,surefire test reports,correct,same-module,False,surefire:test,,mvn --batch-mode --no-transfer-progress clean test -P${{ matrix.compiler }} -Dextra=${{ matrix.extra }}
paper,"immutables_immutables_ci_build (17, ecj, none)_all.json",criteria/mongo/target/surefire-reports/,maven-surefire-plugin:2.22.2:test (default-test) @ criteria-mongo,surefire:test,surefire test reports,correct,same-module,False,surefire:test,,mvn --batch-mode --no-transfer-progress clean test -P${{ matrix.compiler }} -Dextra=${{ matrix.extra }}
paper,"immutables_immutables_ci_build (17, ecj, none)_all.json",criteria/inmemory/target/surefire-reports/,maven-surefire-plugin:2.22.2:test (default-test) @ criteria-inmemory,surefire:test,surefire test reports,correct,same-module,False,surefire:test,,mvn --batch-mode --no-transfer-progress clean test -P${{ matrix.compiler }} -Dextra=${{ matrix.extra }}
paper,"immutables_immutables_ci_build (17, ecj, none)_all.json",criteria/geode/target/surefire-reports/,maven-surefire-plugin:2.22.2:test (default-test) @ criteria-geode,surefire:test,surefire test reports,correct,same-module,False,surefire:test,,mvn --batch-mode --no-transfer-progress clean test -P${{ matrix.compiler }} -Dextra=${{ matrix.extra }}
paper,"immutables_immutables_ci_build (17, ecj, none)_all.json",criteria/elasticsearch/target/surefire-reports/,maven-surefire-plugin:2.22.2:test (default-test) @ criteria-elasticsearch,surefire:test,surefire test reports,correct,same-module,False,surefire:test,,mvn --batch-mode --no-transfer-progress clean test -P${{ matrix.compiler }} -Dextra=${{ matrix.extra }}
paper,"immutables_immutables_ci_build (17, ecj, none)_all.json",builder/target/surefire-reports/,maven-surefire-plugin:2.22.2:test (default-test) @ builder,surefire:test,surefire test reports,correct,same-module,False,surefire:test,,mvn --batch-mode --no-transfer-progress clean test -P${{ matrix.compiler }} -Dextra=${{ matrix.extra }}
paper,"immutables_immutables_ci_build (17, javac, errorprone)_all.json",value-processor/target/surefire-reports/,maven-surefire-plugin:2.22.2:test (default-test) @ value-processor,surefire:test,surefire test reports,correct,same-module,False,surefire:test,,mvn --batch-mode --no-transfer-progress clean test -P${{ matrix.compiler }} -Dextra=${{ matrix.extra }}
paper,"immutables_immutables_ci_build (17, javac, errorprone)_all.json",value-fixture/target/surefire-reports/,maven-surefire-plugin:2.22.2:test (default-test) @ value-fixture,surefire:test,surefire test reports,correct,same-module,False,surefire:test,,mvn --batch-mode --no-transfer-progress clean test -P${{ matrix.compiler }} -Dextra=${{ matrix.extra }}
paper,"immutables_immutables_ci_build (17, javac, errorprone)_all.json",serial/target/surefire-reports/,maven-surefire-plugin:2.22.2:test (default-test) @ serial,surefire:test,surefire test reports,correct,same-module,False,surefire:test,,mvn --batch-mode --no-transfer-progress clean test -P${{ matrix.compiler }} -Dextra=${{ matrix.extra }}
paper,"immutables_immutables_ci_build (17, javac, errorprone)_all.json",processor-testlib/target/surefire-reports/,maven-surefire-plugin:2.22.2:test (default-test) @ processor-testlib,surefire:test,surefire test reports,correct,same-module,False,surefire:test,,mvn --batch-mode --no-transfer-progress clean test -P${{ matrix.compiler }} -Dextra=${{ matrix.extra }}
paper,"immutables_immutables_ci_build (17, javac, errorprone)_all.json",ordinal/target/surefire-reports/,maven-surefire-plugin:2.22.2:test (default-test) @ ordinal,surefire:test,surefire test reports,correct,same-module,False,surefire:test,,mvn --batch-mode --no-transfer-progress clean test -P${{ matrix.compiler }} -Dextra=${{ matrix.extra }}
paper,"immutables_immutables_ci_build (17, javac, errorprone)_all.json",mongo/target/surefire-reports/,maven-surefire-plugin:2.22.2:test (default-test) @ mongo,surefire:test,surefire test reports,correct,same-module,False,surefire:test,,mvn --batch-mode --no-transfer-progress clean test -P${{ matrix.compiler }} -Dextra=${{ matrix.extra }}
paper,"immutables_immutables_ci_build (17, javac, errorprone)_all.json",gson/target/surefire-reports/,maven-surefire-plugin:2.22.2:test (default-test) @ gson,surefire:test,surefire test reports,correct,same-module,False,surefire:test,,mvn --batch-mode --no-transfer-progress clean test -P${{ matrix.compiler }} -Dextra=${{ matrix.extra }}
paper,"immutables_immutables_ci_build (17, javac, errorprone)_all.json",data/target/surefire-reports/,maven-surefire-plugin:2.22.2:test (default-test) @ data,surefire:test,surefire test reports,correct,same-module,False,surefire:test,,mvn --batch-mode --no-transfer-progress clean test -P${{ matrix.compiler }} -Dextra=${{ matrix.extra }}
paper,"immutables_immutables_ci_build (17, javac, errorprone)_all.json",criteria/reactor/target/surefire-reports/,maven-surefire-plugin:2.22.2:test (default-test) @ criteria-reactor,surefire:test,surefire test reports,correct,same-module,False,surefire:test,,mvn --batch-mode --no-transfer-progress clean test -P${{ matrix.compiler }} -Dextra=${{ matrix.extra }}
paper,"immutables_immutables_ci_build (17, javac, errorprone)_all.json",criteria/mongo/target/surefire-reports/,maven-surefire-plugin:2.22.2:test (default-test) @ criteria-mongo,surefire:test,surefire test reports,correct,same-module,False,surefire:test,,mvn --batch-mode --no-transfer-progress clean test -P${{ matrix.compiler }} -Dextra=${{ matrix.extra }}
paper,"immutables_immutables_ci_build (17, javac, errorprone)_all.json",criteria/inmemory/target/surefire-reports/,maven-surefire-plugin:2.22.2:test (default-test) @ criteria-inmemory,surefire:test,surefire test reports,correct,same-module,False,surefire:test,,mvn --batch-mode --no-transfer-progress clean test -P${{ matrix.compiler }} -Dextra=${{ matrix.extra }}
paper,"immutables_immutables_ci_build (17, javac, errorprone)_all.json",criteria/geode/target/surefire-reports/,maven-surefire-plugin:2.22.2:test (default-test) @ criteria-geode,surefire:test,surefire test reports,correct,same-module,False,surefire:test,,mvn --batch-mode --no-transfer-progress clean test -P${{ matrix.compiler }} -Dextra=${{ matrix.extra }}
paper,"immutables_immutables_ci_build (17, javac, errorprone)_all.json",criteria/elasticsearch/target/surefire-reports/,maven-surefire-plugin:2.22.2:test (default-test) @ criteria-elasticsearch,surefire:test,surefire test reports,correct,same-module,False,surefire:test,,mvn --batch-mode --no-transfer-progress clean test -P${{ matrix.compiler }} -Dextra=${{ matrix.extra }}
paper,"immutables_immutables_ci_build (17, javac, errorprone)_all.json",builder/target/surefire-reports/,maven-surefire-plugin:2.22.2:test (default-test) @ builder,surefire:test,surefire test reports,correct,same-module,False,surefire:test,,mvn --batch-mode --no-transfer-progress clean test -P${{ matrix.compiler }} -Dextra=${{ matrix.extra }}
paper,"immutables_immutables_ci_build (17, javac, errorprone)_all.json",annotate/target/surefire-reports/,maven-surefire-plugin:2.22.2:test (default-test) @ annotate,surefire:test,surefire test reports,correct,same-module,False,surefire:test,,mvn --batch-mode --no-transfer-progress clean test -P${{ matrix.compiler }} -Dextra=${{ matrix.extra }}
paper,"immutables_immutables_ci_build (17, javac, none)_all.json",value-processor/target/surefire-reports/,maven-surefire-plugin:2.22.2:test (default-test) @ value-processor,surefire:test,surefire test reports,correct,same-module,False,surefire:test,,mvn --batch-mode --no-transfer-progress clean test -P${{ matrix.compiler }} -Dextra=${{ matrix.extra }}
paper,"immutables_immutables_ci_build (17, javac, none)_all.json",value-fixture/target/surefire-reports/,maven-surefire-plugin:2.22.2:test (default-test) @ value-fixture,surefire:test,surefire test reports,correct,same-module,False,surefire:test,,mvn --batch-mode --no-transfer-progress clean test -P${{ matrix.compiler }} -Dextra=${{ matrix.extra }}
paper,"immutables_immutables_ci_build (17, javac, none)_all.json",testing/target/surefire-reports/,maven-surefire-plugin:2.22.2:test (default-test) @ testing,surefire:test,surefire test reports,correct,same-module,False,surefire:test,,mvn --batch-mode --no-transfer-progress clean test -P${{ matrix.compiler }} -Dextra=${{ matrix.extra }}
paper,"immutables_immutables_ci_build (17, javac, none)_all.json",serial/target/surefire-reports/,maven-surefire-plugin:2.22.2:test (default-test) @ serial,surefire:test,surefire test reports,correct,same-module,False,surefire:test,,mvn --batch-mode --no-transfer-progress clean test -P${{ matrix.compiler }} -Dextra=${{ matrix.extra }}
paper,"immutables_immutables_ci_build (17, javac, none)_all.json",processor-testlib/target/surefire-reports/,maven-surefire-plugin:2.22.2:test (default-test) @ processor-testlib,surefire:test,surefire test reports,correct,same-module,False,surefire:test,,mvn --batch-mode --no-transfer-progress clean test -P${{ matrix.compiler }} -Dextra=${{ matrix.extra }}
paper,"immutables_immutables_ci_build (17, javac, none)_all.json",ordinal/target/surefire-reports/,maven-surefire-plugin:2.22.2:test (default-test) @ ordinal,surefire:test,surefire test reports,correct,same-module,False,surefire:test,,mvn --batch-mode --no-transfer-progress clean test -P${{ matrix.compiler }} -Dextra=${{ matrix.extra }}
paper,"immutables_immutables_ci_build (17, javac, none)_all.json",mongo/target/surefire-reports/,maven-surefire-plugin:2.22.2:test (default-test) @ mongo,surefire:test,surefire test reports,correct,same-module,False,surefire:test,,mvn --batch-mode --no-transfer-progress clean test -P${{ matrix.compiler }} -Dextra=${{ matrix.extra }}
paper,"immutables_immutables_ci_build (17, javac, none)_all.json",gson/target/surefire-reports/,maven-surefire-plugin:2.22.2:test (default-test) @ gson,surefire:test,surefire test reports,correct,same-module,False,surefire:test,,mvn --batch-mode --no-transfer-progress clean test -P${{ matrix.compiler }} -Dextra=${{ matrix.extra }}
paper,"immutables_immutables_ci_build (17, javac, none)_all.json",generator/target/surefire-reports/,maven-surefire-plugin:2.22.2:test (default-test) @ generator,surefire:test,surefire test reports,correct,same-module,False,surefire:test,,mvn --batch-mode --no-transfer-progress clean test -P${{ matrix.compiler }} -Dextra=${{ matrix.extra }}
paper,"immutables_immutables_ci_build (17, javac, none)_all.json",data/target/surefire-reports/,maven-surefire-plugin:2.22.2:test (default-test) @ data,surefire:test,surefire test reports,correct,same-module,False,surefire:test,,mvn --batch-mode --no-transfer-progress clean test -P${{ matrix.compiler }} -Dextra=${{ matrix.extra }}
paper,"immutables_immutables_ci_build (17, javac, none)_all.json",criteria/mongo/target/surefire-reports/,maven-surefire-plugin:2.22.2:test (default-test) @ criteria-mongo,surefire:test,surefire test reports,correct,same-module,False,surefire:test,,mvn --batch-mode --no-transfer-progress clean test -P${{ matrix.compiler }} -Dextra=${{ matrix.extra }}
paper,"immutables_immutables_ci_build (17, javac, none)_all.json",criteria/inmemory/target/surefire-reports/,maven-surefire-plugin:2.22.2:test (default-test) @ criteria-inmemory,surefire:test,surefire test reports,correct,same-module,False,surefire:test,,mvn --batch-mode --no-transfer-progress clean test -P${{ matrix.compiler }} -Dextra=${{ matrix.extra }}
paper,"immutables_immutables_ci_build (17, javac, none)_all.json",criteria/geode/target/surefire-reports/,maven-surefire-plugin:2.22.2:test (default-test) @ criteria-geode,surefire:test,surefire test reports,correct,same-module,False,surefire:test,,mvn --batch-mode --no-transfer-progress clean test -P${{ matrix.compiler }} -Dextra=${{ matrix.extra }}
paper,"immutables_immutables_ci_build (17, javac, none)_all.json",criteria/elasticsearch/target/surefire-reports/,maven-surefire-plugin:2.22.2:test (default-test) @ criteria-elasticsearch,surefire:test,surefire test reports,correct,same-module,False,surefire:test,,mvn --batch-mode --no-transfer-progress clean test -P${{ matrix.compiler }} -Dextra=${{ matrix.extra }}
paper,"immutables_immutables_ci_build (17, javac, none)_all.json",builder/target/surefire-reports/,maven-surefire-plugin:2.22.2:test (default-test) @ builder,surefire:test,surefire test reports,correct,same-module,False,surefire:test,,mvn --batch-mode --no-transfer-progress clean test -P${{ matrix.compiler }} -Dextra=${{ matrix.extra }}
paper,"immutables_immutables_ci_build (17, javac, none)_all.json",annotate/target/surefire-reports/,maven-surefire-plugin:2.22.2:test (default-test) @ annotate,surefire:test,surefire test reports,correct,same-module,False,surefire:test,,mvn --batch-mode --no-transfer-progress clean test -P${{ matrix.compiler }} -Dextra=${{ matrix.extra }}
paper,"immutables_immutables_ci_build (21, ecj, errorprone)_all.json",value-processor/target/surefire-reports/,maven-surefire-plugin:2.22.2:test (default-test) @ value-processor,surefire:test,surefire test reports,correct,same-module,False,surefire:test,,mvn --batch-mode --no-transfer-progress clean test -P${{ matrix.compiler }} -Dextra=${{ matrix.extra }}
paper,"immutables_immutables_ci_build (21, ecj, errorprone)_all.json",value-fixture/target/surefire-reports/,maven-surefire-plugin:2.22.2:test (default-test) @ value-fixture,surefire:test,surefire test reports,correct,same-module,False,surefire:test,,mvn --batch-mode --no-transfer-progress clean test -P${{ matrix.compiler }} -Dextra=${{ matrix.extra }}
paper,"immutables_immutables_ci_build (21, ecj, errorprone)_all.json",testing/target/surefire-reports/,maven-surefire-plugin:2.22.2:test (default-test) @ testing,surefire:test,surefire test reports,correct,same-module,False,surefire:test,,mvn --batch-mode --no-transfer-progress clean test -P${{ matrix.compiler }} -Dextra=${{ matrix.extra }}
paper,"immutables_immutables_ci_build (21, ecj, errorprone)_all.json",serial/target/surefire-reports/,maven-surefire-plugin:2.22.2:test (default-test) @ serial,surefire:test,surefire test reports,correct,same-module,False,surefire:test,,mvn --batch-mode --no-transfer-progress clean test -P${{ matrix.compiler }} -Dextra=${{ matrix.extra }}
paper,"immutables_immutables_ci_build (21, ecj, errorprone)_all.json",processor-testlib/target/surefire-reports/,maven-surefire-plugin:2.22.2:test (default-test) @ processor-testlib,surefire:test,surefire test reports,correct,same-module,False,surefire:test,,mvn --batch-mode --no-transfer-progress clean test -P${{ matrix.compiler }} -Dextra=${{ matrix.extra }}
paper,"immutables_immutables_ci_build (21, ecj, errorprone)_all.json",ordinal/target/surefire-reports/,maven-surefire-plugin:2.22.2:test (default-test) @ ordinal,surefire:test,surefire test reports,correct,same-module,False,surefire:test,,mvn --batch-mode --no-transfer-progress clean test -P${{ matrix.compiler }} -Dextra=${{ matrix.extra }}
paper,"immutables_immutables_ci_build (21, ecj, errorprone)_all.json",mongo/target/surefire-reports/,maven-surefire-plugin:2.22.2:test (default-test) @ mongo,surefire:test,surefire test reports,correct,same-module,False,surefire:test,,mvn --batch-mode --no-transfer-progress clean test -P${{ matrix.compiler }} -Dextra=${{ matrix.extra }}
paper,"immutables_immutables_ci_build (21, ecj, errorprone)_all.json",gson/target/surefire-reports/,maven-surefire-plugin:2.22.2:test (default-test) @ gson,surefire:test,surefire test reports,correct,same-module,False,surefire:test,,mvn --batch-mode --no-transfer-progress clean test -P${{ matrix.compiler }} -Dextra=${{ matrix.extra }}
paper,"immutables_immutables_ci_build (21, ecj, errorprone)_all.json",generator-fixture/target/surefire-reports/,maven-surefire-plugin:2.22.2:test (default-test) @ generator-fixture,surefire:test,surefire test reports,correct,same-module,False,surefire:test,,mvn --batch-mode --no-transfer-progress clean test -P${{ matrix.compiler }} -Dextra=${{ matrix.extra }}
paper,"immutables_immutables_ci_build (21, ecj, errorprone)_all.json",generator/target/surefire-reports/,maven-surefire-plugin:2.22.2:test (default-test) @ generator,surefire:test,surefire test reports,correct,same-module,False,surefire:test,,mvn --batch-mode --no-transfer-progress clean test -P${{ matrix.compiler }} -Dextra=${{ matrix.extra }}
paper,"immutables_immutables_ci_build (21, ecj, errorprone)_all.json",data/target/surefire-reports/,maven-surefire-plugin:2.22.2:test (default-test) @ data,surefire:test,surefire test reports,correct,same-module,False,surefire:test,,mvn --batch-mode --no-transfer-progress clean test -P${{ matrix.compiler }} -Dextra=${{ matrix.extra }}
paper,"immutables_immutables_ci_build (21, ecj, errorprone)_all.json",criteria/reactor/target/surefire-reports/,maven-surefire-plugin:2.22.2:test (default-test) @ criteria-reactor,surefire:test,surefire test reports,correct,same-module,False,surefire:test,,mvn --batch-mode --no-transfer-progress clean test -P${{ matrix.compiler }} -Dextra=${{ matrix.extra }}
paper,"immutables_immutables_ci_build (21, ecj, errorprone)_all.json",criteria/mongo/target/surefire-reports/,maven-surefire-plugin:2.22.2:test (default-test) @ criteria-mongo,surefire:test,surefire test reports,correct,same-module,False,surefire:test,,mvn --batch-mode --no-transfer-progress clean test -P${{ matrix.compiler }} -Dextra=${{ matrix.extra }}
paper,"immutables_immutables_ci_build (21, ecj, errorprone)_all.json",criteria/inmemory/target/surefire-reports/,maven-surefire-plugin:2.22.2:test (default-test) @ criteria-inmemory,surefire:test,surefire test reports,correct,same-module,False,surefire:test,,mvn --batch-mode --no-transfer-progress clean test -P${{ matrix.compiler }} -Dextra=${{ matrix.extra }}
paper,"immutables_immutables_ci_build (21, ecj, errorprone)_all.json",criteria/geode/target/surefire-reports/,maven-surefire-plugin:2.22.2:test (default-test) @ criteria-geode,surefire:test,surefire test reports,correct,same-module,False,surefire:test,,mvn --batch-mode --no-transfer-progress clean test -P${{ matrix.compiler }} -Dextra=${{ matrix.extra }}
paper,"immutables_immutables_ci_build (21, ecj, errorprone)_all.json",criteria/elasticsearch/target/surefire-reports/,maven-surefire-plugin:2.22.2:test (default-test) @ criteria-elasticsearch,surefire:test,surefire test reports,correct,same-module,False,surefire:test,,mvn --batch-mode --no-transfer-progress clean test -P${{ matrix.compiler }} -Dextra=${{ matrix.extra }}
paper,"immutables_immutables_ci_build (21, ecj, errorprone)_all.json",builder/target/surefire-reports/,maven-surefire-plugin:2.22.2:test (default-test) @ builder,surefire:test,surefire test reports,correct,same-module,False,surefire:test,,mvn --batch-mode --no-transfer-progress clean test -P${{ matrix.compiler }} -Dextra=${{ matrix.extra }}
paper,"immutables_immutables_ci_build (21, ecj, none)_all.json",value-processor/target/surefire-reports/,maven-surefire-plugin:2.22.2:test (default-test) @ value-processor,surefire:test,surefire test reports,correct,same-module,False,surefire:test,,mvn --batch-mode --no-transfer-progress clean test -P${{ matrix.compiler }} -Dextra=${{ matrix.extra }}
paper,"immutables_immutables_ci_build (21, ecj, none)_all.json",value-fixture/target/surefire-reports/,maven-surefire-plugin:2.22.2:test (default-test) @ value-fixture,surefire:test,surefire test reports,correct,same-module,False,surefire:test,,mvn --batch-mode --no-transfer-progress clean test -P${{ matrix.compiler }} -Dextra=${{ matrix.extra }}
paper,"immutables_immutables_ci_build (21, ecj, none)_all.json",serial/target/surefire-reports/,maven-surefire-plugin:2.22.2:test (default-test) @ serial,surefire:test,surefire test reports,correct,same-module,False,surefire:test,,mvn --batch-mode --no-transfer-progress clean test -P${{ matrix.compiler }} -Dextra=${{ matrix.extra }}
paper,"immutables_immutables_ci_build (21, ecj, none)_all.json",ordinal/target/surefire-reports/,maven-surefire-plugin:2.22.2:test (default-test) @ ordinal,surefire:test,surefire test reports,correct,same-module,False,surefire:test,,mvn --batch-mode --no-transfer-progress clean test -P${{ matrix.compiler }} -Dextra=${{ matrix.extra }}
paper,"immutables_immutables_ci_build (21, ecj, none)_all.json",mongo/target/surefire-reports/,maven-surefire-plugin:2.22.2:test (default-test) @ mongo,surefire:test,surefire test reports,correct,same-module,False,surefire:test,,mvn --batch-mode --no-transfer-progress clean test -P${{ matrix.compiler }} -Dextra=${{ matrix.extra }}
paper,"immutables_immutables_ci_build (21, ecj, none)_all.json",gson/target/surefire-reports/,maven-surefire-plugin:2.22.2:test (default-test) @ gson,surefire:test,surefire test reports,correct,same-module,False,surefire:test,,mvn --batch-mode --no-transfer-progress clean test -P${{ matrix.compiler }} -Dextra=${{ matrix.extra }}
paper,"immutables_immutables_ci_build (21, ecj, none)_all.json",generator-fixture/target/surefire-reports/,maven-surefire-plugin:2.22.2:test (default-test) @ generator-fixture,surefire:test,surefire test reports,correct,same-module,False,surefire:test,,mvn --batch-mode --no-transfer-progress clean test -P${{ matrix.compiler }} -Dextra=${{ matrix.extra }}
paper,"immutables_immutables_ci_build (21, ecj, none)_all.json",data/target/surefire-reports/,maven-surefire-plugin:2.22.2:test (default-test) @ data,surefire:test,surefire test reports,correct,same-module,False,surefire:test,,mvn --batch-mode --no-transfer-progress clean test -P${{ matrix.compiler }} -Dextra=${{ matrix.extra }}
paper,"immutables_immutables_ci_build (21, ecj, none)_all.json",criteria/rxjava2/target/surefire-reports/,maven-surefire-plugin:2.22.2:test (default-test) @ criteria-rxjava2,surefire:test,surefire test reports,correct,same-module,False,surefire:test,,mvn --batch-mode --no-transfer-progress clean test -P${{ matrix.compiler }} -Dextra=${{ matrix.extra }}
paper,"immutables_immutables_ci_build (21, ecj, none)_all.json",criteria/reactor/target/surefire-reports/,maven-surefire-plugin:2.22.2:test (default-test) @ criteria-reactor,surefire:test,surefire test reports,correct,same-module,False,surefire:test,,mvn --batch-mode --no-transfer-progress clean test -P${{ matrix.compiler }} -Dextra=${{ matrix.extra }}
paper,"immutables_immutables_ci_build (21, ecj, none)_all.json",criteria/mongo/target/surefire-reports/,maven-surefire-plugin:2.22.2:test (default-test) @ criteria-mongo,surefire:test,surefire test reports,correct,same-module,False,surefire:test,,mvn --batch-mode --no-transfer-progress clean test -P${{ matrix.compiler }} -Dextra=${{ matrix.extra }}
paper,"immutables_immutables_ci_build (21, ecj, none)_all.json",criteria/inmemory/target/surefire-reports/,maven-surefire-plugin:2.22.2:test (default-test) @ criteria-inmemory,surefire:test,surefire test reports,correct,same-module,False,surefire:test,,mvn --batch-mode --no-transfer-progress clean test -P${{ matrix.compiler }} -Dextra=${{ matrix.extra }}
paper,"immutables_immutables_ci_build (21, ecj, none)_all.json",criteria/geode/target/surefire-reports/,maven-surefire-plugin:2.22.2:test (default-test) @ criteria-geode,surefire:test,surefire test reports,correct,same-module,False,surefire:test,,mvn --batch-mode --no-transfer-progress clean test -P${{ matrix.compiler }} -Dextra=${{ matrix.extra }}
paper,"immutables_immutables_ci_build (21, ecj, none)_all.json",criteria/elasticsearch/target/surefire-reports/,maven-surefire-plugin:2.22.2:test (default-test) @ criteria-elasticsearch,surefire:test,surefire test reports,correct,same-module,False,surefire:test,,mvn --batch-mode --no-transfer-progress clean test -P${{ matrix.compiler }} -Dextra=${{ matrix.extra }}
paper,"immutables_immutables_ci_build (21, ecj, none)_all.json",builder/target/surefire-reports/,maven-surefire-plugin:2.22.2:test (default-test) @ builder,surefire:test,surefire test reports,correct,same-module,False,surefire:test,,mvn --batch-mode --no-transfer-progress clean test -P${{ matrix.compiler }} -Dextra=${{ matrix.extra }}
paper,"immutables_immutables_ci_build (21, ecj, none)_all.json",annotate/target/surefire-reports/,maven-surefire-plugin:2.22.2:test (default-test) @ annotate,surefire:test,surefire test reports,correct,same-module,False,surefire:test,,mvn --batch-mode --no-transfer-progress clean test -P${{ matrix.compiler }} -Dextra=${{ matrix.extra }}
paper,"immutables_immutables_ci_build (21, javac, errorprone)_all.json",value-processor/target/surefire-reports/,maven-surefire-plugin:2.22.2:test (default-test) @ value-processor,surefire:test,surefire test reports,correct,same-module,False,surefire:test,,mvn --batch-mode --no-transfer-progress clean test -P${{ matrix.compiler }} -Dextra=${{ matrix.extra }}
paper,"immutables_immutables_ci_build (21, javac, errorprone)_all.json",value-fixture/target/surefire-reports/,maven-surefire-plugin:2.22.2:test (default-test) @ value-fixture,surefire:test,surefire test reports,correct,same-module,False,surefire:test,,mvn --batch-mode --no-transfer-progress clean test -P${{ matrix.compiler }} -Dextra=${{ matrix.extra }}
paper,"immutables_immutables_ci_build (21, javac, errorprone)_all.json",serial/target/surefire-reports/,maven-surefire-plugin:2.22.2:test (default-test) @ serial,surefire:test,surefire test reports,correct,same-module,False,surefire:test,,mvn --batch-mode --no-transfer-progress clean test -P${{ matrix.compiler }} -Dextra=${{ matrix.extra }}
paper,"immutables_immutables_ci_build (21, javac, errorprone)_all.json",ordinal/target/surefire-reports/,maven-surefire-plugin:2.22.2:test (default-test) @ ordinal,surefire:test,surefire test reports,correct,same-module,False,surefire:test,,mvn --batch-mode --no-transfer-progress clean test -P${{ matrix.compiler }} -Dextra=${{ matrix.extra }}
paper,"immutables_immutables_ci_build (21, javac, errorprone)_all.json",mongo/target/surefire-reports/,maven-surefire-plugin:2.22.2:test (default-test) @ mongo,surefire:test,surefire test reports,correct,same-module,False,surefire:test,,mvn --batch-mode --no-transfer-progress clean test -P${{ matrix.compiler }} -Dextra=${{ matrix.extra }}
paper,"immutables_immutables_ci_build (21, javac, errorprone)_all.json",gson/target/surefire-reports/,maven-surefire-plugin:2.22.2:test (default-test) @ gson,surefire:test,surefire test reports,correct,same-module,False,surefire:test,,mvn --batch-mode --no-transfer-progress clean test -P${{ matrix.compiler }} -Dextra=${{ matrix.extra }}
paper,"immutables_immutables_ci_build (21, javac, errorprone)_all.json",generator-fixture/target/surefire-reports/,maven-surefire-plugin:2.22.2:test (default-test) @ generator-fixture,surefire:test,surefire test reports,correct,same-module,False,surefire:test,,mvn --batch-mode --no-transfer-progress clean test -P${{ matrix.compiler }} -Dextra=${{ matrix.extra }}
paper,"immutables_immutables_ci_build (21, javac, errorprone)_all.json",generator/target/surefire-reports/,maven-surefire-plugin:2.22.2:test (default-test) @ generator,surefire:test,surefire test reports,correct,same-module,False,surefire:test,,mvn --batch-mode --no-transfer-progress clean test -P${{ matrix.compiler }} -Dextra=${{ matrix.extra }}
paper,"immutables_immutables_ci_build (21, javac, errorprone)_all.json",data/target/surefire-reports/,maven-surefire-plugin:2.22.2:test (default-test) @ data,surefire:test,surefire test reports,correct,same-module,False,surefire:test,,mvn --batch-mode --no-transfer-progress clean test -P${{ matrix.compiler }} -Dextra=${{ matrix.extra }}
paper,"immutables_immutables_ci_build (21, javac, errorprone)_all.json",builder/target/surefire-reports/,maven-surefire-plugin:2.22.2:test (default-test) @ builder,surefire:test,surefire test reports,correct,same-module,False,surefire:test,,mvn --batch-mode --no-transfer-progress clean test -P${{ matrix.compiler }} -Dextra=${{ matrix.extra }}
paper,"immutables_immutables_ci_build (21, javac, errorprone)_all.json",annotate/target/surefire-reports/,maven-surefire-plugin:2.22.2:test (default-test) @ annotate,surefire:test,surefire test reports,correct,same-module,False,surefire:test,,mvn --batch-mode --no-transfer-progress clean test -P${{ matrix.compiler }} -Dextra=${{ matrix.extra }}
paper,"immutables_immutables_ci_build (21, javac, none)_all.json",value-processor/target/surefire-reports/,maven-surefire-plugin:2.22.2:test (default-test) @ value-processor,surefire:test,surefire test reports,correct,same-module,False,surefire:test,,mvn --batch-mode --no-transfer-progress clean test -P${{ matrix.compiler }} -Dextra=${{ matrix.extra }}
paper,"immutables_immutables_ci_build (21, javac, none)_all.json",value-fixture/target/surefire-reports/,maven-surefire-plugin:2.22.2:test (default-test) @ value-fixture,surefire:test,surefire test reports,correct,same-module,False,surefire:test,,mvn --batch-mode --no-transfer-progress clean test -P${{ matrix.compiler }} -Dextra=${{ matrix.extra }}
paper,"immutables_immutables_ci_build (21, javac, none)_all.json",serial/target/surefire-reports/,maven-surefire-plugin:2.22.2:test (default-test) @ serial,surefire:test,surefire test reports,correct,same-module,False,surefire:test,,mvn --batch-mode --no-transfer-progress clean test -P${{ matrix.compiler }} -Dextra=${{ matrix.extra }}
paper,"immutables_immutables_ci_build (21, javac, none)_all.json",ordinal/target/surefire-reports/,maven-surefire-plugin:2.22.2:test (default-test) @ ordinal,surefire:test,surefire test reports,correct,same-module,False,surefire:test,,mvn --batch-mode --no-transfer-progress clean test -P${{ matrix.compiler }} -Dextra=${{ matrix.extra }}
paper,"immutables_immutables_ci_build (21, javac, none)_all.json",mongo/target/surefire-reports/,maven-surefire-plugin:2.22.2:test (default-test) @ mongo,surefire:test,surefire test reports,correct,same-module,False,surefire:test,,mvn --batch-mode --no-transfer-progress clean test -P${{ matrix.compiler }} -Dextra=${{ matrix.extra }}
paper,"immutables_immutables_ci_build (21, javac, none)_all.json",gson/target/surefire-reports/,maven-surefire-plugin:2.22.2:test (default-test) @ gson,surefire:test,surefire test reports,correct,same-module,False,surefire:test,,mvn --batch-mode --no-transfer-progress clean test -P${{ matrix.compiler }} -Dextra=${{ matrix.extra }}
paper,"immutables_immutables_ci_build (21, javac, none)_all.json",generator-fixture/target/surefire-reports/,maven-surefire-plugin:2.22.2:test (default-test) @ generator-fixture,surefire:test,surefire test reports,correct,same-module,False,surefire:test,,mvn --batch-mode --no-transfer-progress clean test -P${{ matrix.compiler }} -Dextra=${{ matrix.extra }}
paper,"immutables_immutables_ci_build (21, javac, none)_all.json",data/target/surefire-reports/,maven-surefire-plugin:2.22.2:test (default-test) @ data,surefire:test,surefire test reports,correct,same-module,False,surefire:test,,mvn --batch-mode --no-transfer-progress clean test -P${{ matrix.compiler }} -Dextra=${{ matrix.extra }}
paper,"immutables_immutables_ci_build (21, javac, none)_all.json",criteria/rxjava2/target/surefire-reports/,maven-surefire-plugin:2.22.2:test (default-test) @ criteria-rxjava2,surefire:test,surefire test reports,correct,same-module,False,surefire:test,,mvn --batch-mode --no-transfer-progress clean test -P${{ matrix.compiler }} -Dextra=${{ matrix.extra }}
paper,"immutables_immutables_ci_build (21, javac, none)_all.json",criteria/mongo/target/surefire-reports/,maven-surefire-plugin:2.22.2:test (default-test) @ criteria-mongo,surefire:test,surefire test reports,correct,same-module,False,surefire:test,,mvn --batch-mode --no-transfer-progress clean test -P${{ matrix.compiler }} -Dextra=${{ matrix.extra }}
paper,"immutables_immutables_ci_build (21, javac, none)_all.json",criteria/inmemory/target/surefire-reports/,maven-surefire-plugin:2.22.2:test (default-test) @ criteria-inmemory,surefire:test,surefire test reports,correct,same-module,False,surefire:test,,mvn --batch-mode --no-transfer-progress clean test -P${{ matrix.compiler }} -Dextra=${{ matrix.extra }}
paper,"immutables_immutables_ci_build (21, javac, none)_all.json",criteria/geode/target/surefire-reports/,maven-surefire-plugin:2.22.2:test (default-test) @ criteria-geode,surefire:test,surefire test reports,correct,same-module,False,surefire:test,,mvn --batch-mode --no-transfer-progress clean test -P${{ matrix.compiler }} -Dextra=${{ matrix.extra }}
paper,"immutables_immutables_ci_build (21, javac, none)_all.json",criteria/elasticsearch/target/surefire-reports/,maven-surefire-plugin:2.22.2:test (default-test) @ criteria-elasticsearch,surefire:test,surefire test reports,correct,same-module,False,surefire:test,,mvn --batch-mode --no-transfer-progress clean test -P${{ matrix.compiler }} -Dextra=${{ matrix.extra }}
paper,"immutables_immutables_ci_build (21, javac, none)_all.json",builder/target/surefire-reports/,maven-surefire-plugin:2.22.2:test (default-test) @ builder,surefire:test,surefire test reports,correct,same-module,False,surefire:test,,mvn --batch-mode --no-transfer-progress clean test -P${{ matrix.compiler }} -Dextra=${{ matrix.extra }}
paper,"immutables_immutables_ci_build (21, javac, none)_all.json",annotate/target/surefire-reports/,maven-surefire-plugin:2.22.2:test (default-test) @ annotate,surefire:test,surefire test reports,correct,same-module,False,surefire:test,,mvn --batch-mode --no-transfer-progress clean test -P${{ matrix.compiler }} -Dextra=${{ matrix.extra }}
paper,"immutables_immutables_ci_build (21, javac, none)_all.json",value-fixture/target/classes/nonimmutables/imprt/,maven-compiler-plugin:3.11.0:compile (default-compile) @ value-fixture,compiler/resources:compile|resources,main classes,correct,same-module,False,compiler:compile,,mvn --batch-mode --no-transfer-progress clean test -P${{ matrix.compiler }} -Dextra=${{ matrix.extra }}
paper,"immutables_immutables_ci_build (21, javac, none)_all.json",value-fixture/target/classes/nonimmutables/_underscore/,maven-compiler-plugin:3.11.0:compile (default-compile) @ value-fixture,compiler/resources:compile|resources,main classes,correct,same-module,False,compiler:compile,,mvn --batch-mode --no-transfer-progress clean test -P${{ matrix.compiler }} -Dextra=${{ matrix.extra }}
paper,"immutables_immutables_ci_build (21, javac, none)_all.json",value-fixture/target/classes/nonimmutables/bravo/,maven-compiler-plugin:3.11.0:compile (default-compile) @ value-fixture,compiler/resources:compile|resources,main classes,correct,same-module,False,compiler:compile,,mvn --batch-mode --no-transfer-progress clean test -P${{ matrix.compiler }} -Dextra=${{ matrix.extra }}
paper,"immutables_immutables_ci_build (21, javac, none)_all.json",value-fixture/target/classes/nonimmutables/alpha/,maven-compiler-plugin:3.11.0:compile (default-compile) @ value-fixture,compiler/resources:compile|resources,main classes,correct,same-module,False,compiler:compile,,mvn --batch-mode --no-transfer-progress clean test -P${{ matrix.compiler }} -Dextra=${{ matrix.extra }}
paper,"immutables_immutables_ci_build (21, javac, none)_all.json",value-fixture/target/classes/nonimmutables/shallow/,maven-compiler-plugin:3.11.0:compile (default-compile) @ value-fixture,compiler/resources:compile|resources,main classes,correct,same-module,False,compiler:compile,,mvn --batch-mode --no-transfer-progress clean test -P${{ matrix.compiler }} -Dextra=${{ matrix.extra }}
paper,"immutables_immutables_ci_build (21, javac, none)_all.json",value-fixture/target/classes/nonimmutables/Uppercase/,maven-compiler-plugin:3.11.0:compile (default-compile) @ value-fixture,compiler/resources:compile|resources,main classes,correct,same-module,False,compiler:compile,,mvn --batch-mode --no-transfer-progress clean test -P${{ matrix.compiler }} -Dextra=${{ matrix.extra }}
paper,"immutables_immutables_ci_build (8, ecj, errorprone)_all.json",value-processor/target/surefire-reports/,maven-surefire-plugin:2.22.2:test (default-test) @ value-processor,surefire:test,surefire test reports,correct,same-module,False,surefire:test,,mvn --batch-mode --no-transfer-progress clean test -P${{ matrix.compiler }} -Dextra=${{ matrix.extra }}
paper,"immutables_immutables_ci_build (8, ecj, errorprone)_all.json",value-fixture/target/surefire-reports/,maven-surefire-plugin:2.22.2:test (default-test) @ value-fixture,surefire:test,surefire test reports,correct,same-module,False,surefire:test,,mvn --batch-mode --no-transfer-progress clean test -P${{ matrix.compiler }} -Dextra=${{ matrix.extra }}
paper,"immutables_immutables_ci_build (8, ecj, errorprone)_all.json",serial/target/surefire-reports/,maven-surefire-plugin:2.22.2:test (default-test) @ serial,surefire:test,surefire test reports,correct,same-module,False,surefire:test,,mvn --batch-mode --no-transfer-progress clean test -P${{ matrix.compiler }} -Dextra=${{ matrix.extra }}
paper,"immutables_immutables_ci_build (8, ecj, errorprone)_all.json",processor-testlib/target/surefire-reports/,maven-surefire-plugin:2.22.2:test (default-test) @ processor-testlib,surefire:test,surefire test reports,correct,same-module,False,surefire:test,,mvn --batch-mode --no-transfer-progress clean test -P${{ matrix.compiler }} -Dextra=${{ matrix.extra }}
paper,"immutables_immutables_ci_build (8, ecj, errorprone)_all.json",ordinal/target/surefire-reports/,maven-surefire-plugin:2.22.2:test (default-test) @ ordinal,surefire:test,surefire test reports,correct,same-module,False,surefire:test,,mvn --batch-mode --no-transfer-progress clean test -P${{ matrix.compiler }} -Dextra=${{ matrix.extra }}
paper,"immutables_immutables_ci_build (8, ecj, errorprone)_all.json",mongo/target/surefire-reports/,maven-surefire-plugin:2.22.2:test (default-test) @ mongo,surefire:test,surefire test reports,correct,same-module,False,surefire:test,,mvn --batch-mode --no-transfer-progress clean test -P${{ matrix.compiler }} -Dextra=${{ matrix.extra }}
paper,"immutables_immutables_ci_build (8, ecj, errorprone)_all.json",gson/target/surefire-reports/,maven-surefire-plugin:2.22.2:test (default-test) @ gson,surefire:test,surefire test reports,correct,same-module,False,surefire:test,,mvn --batch-mode --no-transfer-progress clean test -P${{ matrix.compiler }} -Dextra=${{ matrix.extra }}
paper,"immutables_immutables_ci_build (8, ecj, errorprone)_all.json",data/target/surefire-reports/,maven-surefire-plugin:2.22.2:test (default-test) @ data,surefire:test,surefire test reports,correct,same-module,False,surefire:test,,mvn --batch-mode --no-transfer-progress clean test -P${{ matrix.compiler }} -Dextra=${{ matrix.extra }}
paper,"immutables_immutables_ci_build (8, ecj, errorprone)_all.json",criteria/rxjava2/target/surefire-reports/,maven-surefire-plugin:2.22.2:test (default-test) @ criteria-rxjava2,surefire:test,surefire test reports,correct,same-module,False,surefire:test,,mvn --batch-mode --no-transfer-progress clean test -P${{ matrix.compiler }} -Dextra=${{ matrix.extra }}
paper,"immutables_immutables_ci_build (8, ecj, errorprone)_all.json",criteria/reactor/target/surefire-reports/,maven-surefire-plugin:2.22.2:test (default-test) @ criteria-reactor,surefire:test,surefire test reports,correct,same-module,False,surefire:test,,mvn --batch-mode --no-transfer-progress clean test -P${{ matrix.compiler }} -Dextra=${{ matrix.extra }}
paper,"immutables_immutables_ci_build (8, ecj, errorprone)_all.json",criteria/mongo/target/surefire-reports/,maven-surefire-plugin:2.22.2:test (default-test) @ criteria-mongo,surefire:test,surefire test reports,correct,same-module,False,surefire:test,,mvn --batch-mode --no-transfer-progress clean test -P${{ matrix.compiler }} -Dextra=${{ matrix.extra }}
paper,"immutables_immutables_ci_build (8, ecj, errorprone)_all.json",criteria/inmemory/target/surefire-reports/,maven-surefire-plugin:2.22.2:test (default-test) @ criteria-inmemory,surefire:test,surefire test reports,correct,same-module,False,surefire:test,,mvn --batch-mode --no-transfer-progress clean test -P${{ matrix.compiler }} -Dextra=${{ matrix.extra }}
paper,"immutables_immutables_ci_build (8, ecj, errorprone)_all.json",criteria/geode/target/surefire-reports/,maven-surefire-plugin:2.22.2:test (default-test) @ criteria-geode,surefire:test,surefire test reports,correct,same-module,False,surefire:test,,mvn --batch-mode --no-transfer-progress clean test -P${{ matrix.compiler }} -Dextra=${{ matrix.extra }}
paper,"immutables_immutables_ci_build (8, ecj, errorprone)_all.json",builder/target/surefire-reports/,maven-surefire-plugin:2.22.2:test (default-test) @ builder,surefire:test,surefire test reports,correct,same-module,False,surefire:test,,mvn --batch-mode --no-transfer-progress clean test -P${{ matrix.compiler }} -Dextra=${{ matrix.extra }}
paper,"immutables_immutables_ci_build (8, ecj, errorprone)_all.json",annotate/target/surefire-reports/,maven-surefire-plugin:2.22.2:test (default-test) @ annotate,surefire:test,surefire test reports,correct,same-module,False,surefire:test,,mvn --batch-mode --no-transfer-progress clean test -P${{ matrix.compiler }} -Dextra=${{ matrix.extra }}
paper,"immutables_immutables_ci_build (8, ecj, errorprone)_all.json",value-fixture/target/classes/nonimmutables/imprt/,maven-compiler-plugin:3.11.0:compile (default-compile) @ value-fixture,compiler/resources:compile|resources,main classes,correct,same-module,False,compiler:compile,,mvn --batch-mode --no-transfer-progress clean test -P${{ matrix.compiler }} -Dextra=${{ matrix.extra }}
paper,"immutables_immutables_ci_build (8, ecj, errorprone)_all.json",value-fixture/target/classes/nonimmutables/Uppercase/,maven-compiler-plugin:3.11.0:compile (default-compile) @ value-fixture,compiler/resources:compile|resources,main classes,correct,same-module,False,compiler:compile,,mvn --batch-mode --no-transfer-progress clean test -P${{ matrix.compiler }} -Dextra=${{ matrix.extra }}
paper,"immutables_immutables_ci_build (8, ecj, errorprone)_all.json",value-fixture/target/classes/nonimmutables/bravo/,maven-compiler-plugin:3.11.0:compile (default-compile) @ value-fixture,compiler/resources:compile|resources,main classes,correct,same-module,False,compiler:compile,,mvn --batch-mode --no-transfer-progress clean test -P${{ matrix.compiler }} -Dextra=${{ matrix.extra }}
paper,"immutables_immutables_ci_build (8, ecj, errorprone)_all.json",value-fixture/target/classes/nonimmutables/recurs/,maven-compiler-plugin:3.11.0:compile (default-compile) @ value-fixture,compiler/resources:compile|resources,main classes,correct,same-module,False,compiler:compile,,mvn --batch-mode --no-transfer-progress clean test -P${{ matrix.compiler }} -Dextra=${{ matrix.extra }}
paper,"immutables_immutables_ci_build (8, ecj, none)_all.json",value-processor/target/surefire-reports/,maven-surefire-plugin:2.22.2:test (default-test) @ value-processor,surefire:test,surefire test reports,correct,same-module,False,surefire:test,,mvn --batch-mode --no-transfer-progress clean test -P${{ matrix.compiler }} -Dextra=${{ matrix.extra }}
paper,"immutables_immutables_ci_build (8, ecj, none)_all.json",value-fixture/target/surefire-reports/,maven-surefire-plugin:2.22.2:test (default-test) @ value-fixture,surefire:test,surefire test reports,correct,same-module,False,surefire:test,,mvn --batch-mode --no-transfer-progress clean test -P${{ matrix.compiler }} -Dextra=${{ matrix.extra }}
paper,"immutables_immutables_ci_build (8, ecj, none)_all.json",serial/target/surefire-reports/,maven-surefire-plugin:2.22.2:test (default-test) @ serial,surefire:test,surefire test reports,correct,same-module,False,surefire:test,,mvn --batch-mode --no-transfer-progress clean test -P${{ matrix.compiler }} -Dextra=${{ matrix.extra }}
paper,"immutables_immutables_ci_build (8, ecj, none)_all.json",processor-testlib/target/surefire-reports/,maven-surefire-plugin:2.22.2:test (default-test) @ processor-testlib,surefire:test,surefire test reports,correct,same-module,False,surefire:test,,mvn --batch-mode --no-transfer-progress clean test -P${{ matrix.compiler }} -Dextra=${{ matrix.extra }}
paper,"immutables_immutables_ci_build (8, ecj, none)_all.json",ordinal/target/surefire-reports/,maven-surefire-plugin:2.22.2:test (default-test) @ ordinal,surefire:test,surefire test reports,correct,same-module,False,surefire:test,,mvn --batch-mode --no-transfer-progress clean test -P${{ matrix.compiler }} -Dextra=${{ matrix.extra }}
paper,"immutables_immutables_ci_build (8, ecj, none)_all.json",mongo/target/surefire-reports/,maven-surefire-plugin:2.22.2:test (default-test) @ mongo,surefire:test,surefire test reports,correct,same-module,False,surefire:test,,mvn --batch-mode --no-transfer-progress clean test -P${{ matrix.compiler }} -Dextra=${{ matrix.extra }}
paper,"immutables_immutables_ci_build (8, ecj, none)_all.json",gson/target/surefire-reports/,maven-surefire-plugin:2.22.2:test (default-test) @ gson,surefire:test,surefire test reports,correct,same-module,False,surefire:test,,mvn --batch-mode --no-transfer-progress clean test -P${{ matrix.compiler }} -Dextra=${{ matrix.extra }}
paper,"immutables_immutables_ci_build (8, ecj, none)_all.json",data/target/surefire-reports/,maven-surefire-plugin:2.22.2:test (default-test) @ data,surefire:test,surefire test reports,correct,same-module,False,surefire:test,,mvn --batch-mode --no-transfer-progress clean test -P${{ matrix.compiler }} -Dextra=${{ matrix.extra }}
paper,"immutables_immutables_ci_build (8, ecj, none)_all.json",criteria/rxjava2/target/surefire-reports/,maven-surefire-plugin:2.22.2:test (default-test) @ criteria-rxjava2,surefire:test,surefire test reports,correct,same-module,False,surefire:test,,mvn --batch-mode --no-transfer-progress clean test -P${{ matrix.compiler }} -Dextra=${{ matrix.extra }}
paper,"immutables_immutables_ci_build (8, ecj, none)_all.json",criteria/reactor/target/surefire-reports/,maven-surefire-plugin:2.22.2:test (default-test) @ criteria-reactor,surefire:test,surefire test reports,correct,same-module,False,surefire:test,,mvn --batch-mode --no-transfer-progress clean test -P${{ matrix.compiler }} -Dextra=${{ matrix.extra }}
paper,"immutables_immutables_ci_build (8, ecj, none)_all.json",criteria/mongo/target/surefire-reports/,maven-surefire-plugin:2.22.2:test (default-test) @ criteria-mongo,surefire:test,surefire test reports,correct,same-module,False,surefire:test,,mvn --batch-mode --no-transfer-progress clean test -P${{ matrix.compiler }} -Dextra=${{ matrix.extra }}
paper,"immutables_immutables_ci_build (8, ecj, none)_all.json",criteria/inmemory/target/surefire-reports/,maven-surefire-plugin:2.22.2:test (default-test) @ criteria-inmemory,surefire:test,surefire test reports,correct,same-module,False,surefire:test,,mvn --batch-mode --no-transfer-progress clean test -P${{ matrix.compiler }} -Dextra=${{ matrix.extra }}
paper,"immutables_immutables_ci_build (8, ecj, none)_all.json",criteria/geode/target/surefire-reports/,maven-surefire-plugin:2.22.2:test (default-test) @ criteria-geode,surefire:test,surefire test reports,correct,same-module,False,surefire:test,,mvn --batch-mode --no-transfer-progress clean test -P${{ matrix.compiler }} -Dextra=${{ matrix.extra }}
paper,"immutables_immutables_ci_build (8, ecj, none)_all.json",criteria/elasticsearch/target/surefire-reports/,maven-surefire-plugin:2.22.2:test (default-test) @ criteria-elasticsearch,surefire:test,surefire test reports,correct,same-module,False,surefire:test,,mvn --batch-mode --no-transfer-progress clean test -P${{ matrix.compiler }} -Dextra=${{ matrix.extra }}
paper,"immutables_immutables_ci_build (8, ecj, none)_all.json",builder/target/surefire-reports/,maven-surefire-plugin:2.22.2:test (default-test) @ builder,surefire:test,surefire test reports,correct,same-module,False,surefire:test,,mvn --batch-mode --no-transfer-progress clean test -P${{ matrix.compiler }} -Dextra=${{ matrix.extra }}
paper,"immutables_immutables_ci_build (8, ecj, none)_all.json",annotate/target/surefire-reports/,maven-surefire-plugin:2.22.2:test (default-test) @ annotate,surefire:test,surefire test reports,correct,same-module,False,surefire:test,,mvn --batch-mode --no-transfer-progress clean test -P${{ matrix.compiler }} -Dextra=${{ matrix.extra }}
paper,"immutables_immutables_ci_build (8, javac, errorprone)_all.json",value-processor/target/surefire-reports/,maven-surefire-plugin:2.22.2:test (default-test) @ value-processor,surefire:test,surefire test reports,correct,same-module,False,surefire:test,,mvn --batch-mode --no-transfer-progress clean test -P${{ matrix.compiler }} -Dextra=${{ matrix.extra }}
paper,"immutables_immutables_ci_build (8, javac, errorprone)_all.json",value-fixture/target/surefire-reports/,maven-surefire-plugin:2.22.2:test (default-test) @ value-fixture,surefire:test,surefire test reports,correct,same-module,False,surefire:test,,mvn --batch-mode --no-transfer-progress clean test -P${{ matrix.compiler }} -Dextra=${{ matrix.extra }}
paper,"immutables_immutables_ci_build (8, javac, errorprone)_all.json",serial/target/surefire-reports/,maven-surefire-plugin:2.22.2:test (default-test) @ serial,surefire:test,surefire test reports,correct,same-module,False,surefire:test,,mvn --batch-mode --no-transfer-progress clean test -P${{ matrix.compiler }} -Dextra=${{ matrix.extra }}
paper,"immutables_immutables_ci_build (8, javac, errorprone)_all.json",ordinal/target/surefire-reports/,maven-surefire-plugin:2.22.2:test (default-test) @ ordinal,surefire:test,surefire test reports,correct,same-module,False,surefire:test,,mvn --batch-mode --no-transfer-progress clean test -P${{ matrix.compiler }} -Dextra=${{ matrix.extra }}
paper,"immutables_immutables_ci_build (8, javac, errorprone)_all.json",mongo/target/surefire-reports/,maven-surefire-plugin:2.22.2:test (default-test) @ mongo,surefire:test,surefire test reports,correct,same-module,False,surefire:test,,mvn --batch-mode --no-transfer-progress clean test -P${{ matrix.compiler }} -Dextra=${{ matrix.extra }}
paper,"immutables_immutables_ci_build (8, javac, errorprone)_all.json",gson/target/surefire-reports/,maven-surefire-plugin:2.22.2:test (default-test) @ gson,surefire:test,surefire test reports,correct,same-module,False,surefire:test,,mvn --batch-mode --no-transfer-progress clean test -P${{ matrix.compiler }} -Dextra=${{ matrix.extra }}
paper,"immutables_immutables_ci_build (8, javac, errorprone)_all.json",data/target/surefire-reports/,maven-surefire-plugin:2.22.2:test (default-test) @ data,surefire:test,surefire test reports,correct,same-module,False,surefire:test,,mvn --batch-mode --no-transfer-progress clean test -P${{ matrix.compiler }} -Dextra=${{ matrix.extra }}
paper,"immutables_immutables_ci_build (8, javac, errorprone)_all.json",criteria/reactor/target/surefire-reports/,maven-surefire-plugin:2.22.2:test (default-test) @ criteria-reactor,surefire:test,surefire test reports,correct,same-module,False,surefire:test,,mvn --batch-mode --no-transfer-progress clean test -P${{ matrix.compiler }} -Dextra=${{ matrix.extra }}
paper,"immutables_immutables_ci_build (8, javac, errorprone)_all.json",criteria/mongo/target/surefire-reports/,maven-surefire-plugin:2.22.2:test (default-test) @ criteria-mongo,surefire:test,surefire test reports,correct,same-module,False,surefire:test,,mvn --batch-mode --no-transfer-progress clean test -P${{ matrix.compiler }} -Dextra=${{ matrix.extra }}
paper,"immutables_immutables_ci_build (8, javac, errorprone)_all.json",criteria/inmemory/target/surefire-reports/,maven-surefire-plugin:2.22.2:test (default-test) @ criteria-inmemory,surefire:test,surefire test reports,correct,same-module,False,surefire:test,,mvn --batch-mode --no-transfer-progress clean test -P${{ matrix.compiler }} -Dextra=${{ matrix.extra }}
paper,"immutables_immutables_ci_build (8, javac, errorprone)_all.json",criteria/geode/target/surefire-reports/,maven-surefire-plugin:2.22.2:test (default-test) @ criteria-geode,surefire:test,surefire test reports,correct,same-module,False,surefire:test,,mvn --batch-mode --no-transfer-progress clean test -P${{ matrix.compiler }} -Dextra=${{ matrix.extra }}
paper,"immutables_immutables_ci_build (8, javac, errorprone)_all.json",builder/target/surefire-reports/,maven-surefire-plugin:2.22.2:test (default-test) @ builder,surefire:test,surefire test reports,correct,same-module,False,surefire:test,,mvn --batch-mode --no-transfer-progress clean test -P${{ matrix.compiler }} -Dextra=${{ matrix.extra }}
paper,"immutables_immutables_ci_build (8, javac, errorprone)_all.json",annotate/target/surefire-reports/,maven-surefire-plugin:2.22.2:test (default-test) @ annotate,surefire:test,surefire test reports,correct,same-module,False,surefire:test,,mvn --batch-mode --no-transfer-progress clean test -P${{ matrix.compiler }} -Dextra=${{ matrix.extra }}
paper,"immutables_immutables_ci_build (8, javac, none)_all.json",value-processor/target/surefire-reports/,maven-surefire-plugin:2.22.2:test (default-test) @ value-processor,surefire:test,surefire test reports,correct,same-module,False,surefire:test,,mvn --batch-mode --no-transfer-progress clean test -P${{ matrix.compiler }} -Dextra=${{ matrix.extra }}
paper,"immutables_immutables_ci_build (8, javac, none)_all.json",value-fixture/target/surefire-reports/,maven-surefire-plugin:2.22.2:test (default-test) @ value-fixture,surefire:test,surefire test reports,correct,same-module,False,surefire:test,,mvn --batch-mode --no-transfer-progress clean test -P${{ matrix.compiler }} -Dextra=${{ matrix.extra }}
paper,"immutables_immutables_ci_build (8, javac, none)_all.json",serial/target/surefire-reports/,maven-surefire-plugin:2.22.2:test (default-test) @ serial,surefire:test,surefire test reports,correct,same-module,False,surefire:test,,mvn --batch-mode --no-transfer-progress clean test -P${{ matrix.compiler }} -Dextra=${{ matrix.extra }}
paper,"immutables_immutables_ci_build (8, javac, none)_all.json",ordinal/target/surefire-reports/,maven-surefire-plugin:2.22.2:test (default-test) @ ordinal,surefire:test,surefire test reports,correct,same-module,False,surefire:test,,mvn --batch-mode --no-transfer-progress clean test -P${{ matrix.compiler }} -Dextra=${{ matrix.extra }}
paper,"immutables_immutables_ci_build (8, javac, none)_all.json",mongo/target/surefire-reports/,maven-surefire-plugin:2.22.2:test (default-test) @ mongo,surefire:test,surefire test reports,correct,same-module,False,surefire:test,,mvn --batch-mode --no-transfer-progress clean test -P${{ matrix.compiler }} -Dextra=${{ matrix.extra }}
paper,"immutables_immutables_ci_build (8, javac, none)_all.json",gson/target/surefire-reports/,maven-surefire-plugin:2.22.2:test (default-test) @ gson,surefire:test,surefire test reports,correct,same-module,False,surefire:test,,mvn --batch-mode --no-transfer-progress clean test -P${{ matrix.compiler }} -Dextra=${{ matrix.extra }}
paper,"immutables_immutables_ci_build (8, javac, none)_all.json",data/target/surefire-reports/,maven-surefire-plugin:2.22.2:test (default-test) @ data,surefire:test,surefire test reports,correct,same-module,False,surefire:test,,mvn --batch-mode --no-transfer-progress clean test -P${{ matrix.compiler }} -Dextra=${{ matrix.extra }}
paper,"immutables_immutables_ci_build (8, javac, none)_all.json",criteria/rxjava2/target/surefire-reports/,maven-surefire-plugin:2.22.2:test (default-test) @ criteria-rxjava2,surefire:test,surefire test reports,correct,same-module,False,surefire:test,,mvn --batch-mode --no-transfer-progress clean test -P${{ matrix.compiler }} -Dextra=${{ matrix.extra }}
paper,"immutables_immutables_ci_build (8, javac, none)_all.json",criteria/reactor/target/surefire-reports/,maven-surefire-plugin:2.22.2:test (default-test) @ criteria-reactor,surefire:test,surefire test reports,correct,same-module,False,surefire:test,,mvn --batch-mode --no-transfer-progress clean test -P${{ matrix.compiler }} -Dextra=${{ matrix.extra }}
paper,"immutables_immutables_ci_build (8, javac, none)_all.json",criteria/mongo/target/surefire-reports/,maven-surefire-plugin:2.22.2:test (default-test) @ criteria-mongo,surefire:test,surefire test reports,correct,same-module,False,surefire:test,,mvn --batch-mode --no-transfer-progress clean test -P${{ matrix.compiler }} -Dextra=${{ matrix.extra }}
paper,"immutables_immutables_ci_build (8, javac, none)_all.json",criteria/inmemory/target/surefire-reports/,maven-surefire-plugin:2.22.2:test (default-test) @ criteria-inmemory,surefire:test,surefire test reports,correct,same-module,False,surefire:test,,mvn --batch-mode --no-transfer-progress clean test -P${{ matrix.compiler }} -Dextra=${{ matrix.extra }}
paper,"immutables_immutables_ci_build (8, javac, none)_all.json",criteria/geode/target/surefire-reports/,maven-surefire-plugin:2.22.2:test (default-test) @ criteria-geode,surefire:test,surefire test reports,correct,same-module,False,surefire:test,,mvn --batch-mode --no-transfer-progress clean test -P${{ matrix.compiler }} -Dextra=${{ matrix.extra }}
paper,"immutables_immutables_ci_build (8, javac, none)_all.json",criteria/elasticsearch/target/surefire-reports/,maven-surefire-plugin:2.22.2:test (default-test) @ criteria-elasticsearch,surefire:test,surefire test reports,correct,same-module,False,surefire:test,,mvn --batch-mode --no-transfer-progress clean test -P${{ matrix.compiler }} -Dextra=${{ matrix.extra }}
paper,"immutables_immutables_ci_build (8, javac, none)_all.json",builder/target/surefire-reports/,maven-surefire-plugin:2.22.2:test (default-test) @ builder,surefire:test,surefire test reports,correct,same-module,False,surefire:test,,mvn --batch-mode --no-transfer-progress clean test -P${{ matrix.compiler }} -Dextra=${{ matrix.extra }}
paper,"immutables_immutables_ci_build (8, javac, none)_all.json",annotate/target/surefire-reports/,maven-surefire-plugin:2.22.2:test (default-test) @ annotate,surefire:test,surefire test reports,correct,same-module,False,surefire:test,,mvn --batch-mode --no-transfer-progress clean test -P${{ matrix.compiler }} -Dextra=${{ matrix.extra }}
paper,JanusGraph_janusgraph_ci-backend-scylla-dummy_build-all_all.json,janusgraph-all/target/surefire-reports/,maven-surefire-plugin:3.3.1:test (default-test) @ janusgraph-all,surefire:test,surefire test reports,correct,same-module,False,surefire:test,,mvn verify --projects janusgraph-all -Pjanusgraph-cache ${{ env.VERIFY_MAVEN_OPTS }}
paper,JanusGraph_janusgraph_ci-backend-scylla-dummy_build-all_all.json,janusgraph-all/target/jacoco-report/,maven-antrun-plugin:3.1.0:run (default-cli) @ janusgraph-all,jacoco,jacoco report,wrong-plugin,same-module,False,antrun:run,H3-predecessor,mvn verify --projects janusgraph-all -Pjanusgraph-cache ${{ env.VERIFY_MAVEN_OPTS }}
paper,"javaparser_javaparser_maven_tests_maven_test (ubuntu-latest, 10)_all.json",javaparser-symbol-solver-testing/target/surefire-reports/,surefire:3.5.0:test (default-test) @ javaparser-symbol-solver-testing,surefire:test,surefire test reports,correct,same-module,False,surefire:test,,./mvnw -Dorg.slf4j.simpleLogger.log.org.apache.maven.cli.transfer.Slf4jMavenTransferListener=warn -B --errors clean test --activate-profiles AlsoSlowTests
paper,"javaparser_javaparser_maven_tests_maven_test (ubuntu-latest, 10)_all.json",javaparser-core-testing-bdd/target/surefire-reports/,surefire:3.5.0:test (default-test) @ javaparser-core-testing-bdd,surefire:test,surefire test reports,correct,same-module,False,surefire:test,,./mvnw -Dorg.slf4j.simpleLogger.log.org.apache.maven.cli.transfer.Slf4jMavenTransferListener=warn -B --errors clean test --activate-profiles AlsoSlowTests
paper,"javaparser_javaparser_maven_tests_maven_test (ubuntu-latest, 10)_all.json",javaparser-core-serialization/target/surefire-reports/,surefire:3.5.0:test (default-test) @ javaparser-core-serialization,surefire:test,surefire test reports,correct,same-module,False,surefire:test,,./mvnw -Dorg.slf4j.simpleLogger.log.org.apache.maven.cli.transfer.Slf4jMavenTransferListener=warn -B --errors clean test --activate-profiles AlsoSlowTests
paper,"javaparser_javaparser_maven_tests_maven_test (ubuntu-latest, 10)_all.json",javaparser-core-generators/target/surefire-reports/,surefire:3.5.0:test (default-test) @ javaparser-core-generators,surefire:test,surefire test reports,correct,same-module,False,surefire:test,,./mvnw -Dorg.slf4j.simpleLogger.log.org.apache.maven.cli.transfer.Slf4jMavenTransferListener=warn -B --errors clean test --activate-profiles AlsoSlowTests
paper,"javaparser_javaparser_maven_tests_maven_test (ubuntu-latest, 11)_all.json",javaparser-symbol-solver-testing/target/surefire-reports/,surefire:3.5.0:test (default-test) @ javaparser-symbol-solver-testing,surefire:test,surefire test reports,correct,same-module,False,surefire:test,,./mvnw -Dorg.slf4j.simpleLogger.log.org.apache.maven.cli.transfer.Slf4jMavenTransferListener=warn -B --errors clean test --activate-profiles AlsoSlowTests
paper,"javaparser_javaparser_maven_tests_maven_test (ubuntu-latest, 11)_all.json",javaparser-core-testing-bdd/target/surefire-reports/,surefire:3.5.0:test (default-test) @ javaparser-core-testing-bdd,surefire:test,surefire test reports,correct,same-module,False,surefire:test,,./mvnw -Dorg.slf4j.simpleLogger.log.org.apache.maven.cli.transfer.Slf4jMavenTransferListener=warn -B --errors clean test --activate-profiles AlsoSlowTests
paper,"javaparser_javaparser_maven_tests_maven_test (ubuntu-latest, 11)_all.json",javaparser-core-serialization/target/surefire-reports/,surefire:3.5.0:test (default-test) @ javaparser-core-serialization,surefire:test,surefire test reports,correct,same-module,False,surefire:test,,./mvnw -Dorg.slf4j.simpleLogger.log.org.apache.maven.cli.transfer.Slf4jMavenTransferListener=warn -B --errors clean test --activate-profiles AlsoSlowTests
paper,"javaparser_javaparser_maven_tests_maven_test (ubuntu-latest, 11)_all.json",javaparser-core-generators/target/surefire-reports/,surefire:3.5.0:test (default-test) @ javaparser-core-generators,surefire:test,surefire test reports,correct,same-module,False,surefire:test,,./mvnw -Dorg.slf4j.simpleLogger.log.org.apache.maven.cli.transfer.Slf4jMavenTransferListener=warn -B --errors clean test --activate-profiles AlsoSlowTests
paper,"javaparser_javaparser_maven_tests_maven_test (ubuntu-latest, 12)_all.json",javaparser-symbol-solver-testing/target/surefire-reports/,surefire:3.5.0:test (default-test) @ javaparser-symbol-solver-testing,surefire:test,surefire test reports,correct,same-module,False,surefire:test,,./mvnw -Dorg.slf4j.simpleLogger.log.org.apache.maven.cli.transfer.Slf4jMavenTransferListener=warn -B --errors clean test --activate-profiles AlsoSlowTests
paper,"javaparser_javaparser_maven_tests_maven_test (ubuntu-latest, 12)_all.json",javaparser-core-testing-bdd/target/surefire-reports/,surefire:3.5.0:test (default-test) @ javaparser-core-testing-bdd,surefire:test,surefire test reports,correct,same-module,False,surefire:test,,./mvnw -Dorg.slf4j.simpleLogger.log.org.apache.maven.cli.transfer.Slf4jMavenTransferListener=warn -B --errors clean test --activate-profiles AlsoSlowTests
paper,"javaparser_javaparser_maven_tests_maven_test (ubuntu-latest, 12)_all.json",javaparser-core-serialization/target/surefire-reports/,surefire:3.5.0:test (default-test) @ javaparser-core-serialization,surefire:test,surefire test reports,correct,same-module,False,surefire:test,,./mvnw -Dorg.slf4j.simpleLogger.log.org.apache.maven.cli.transfer.Slf4jMavenTransferListener=warn -B --errors clean test --activate-profiles AlsoSlowTests
paper,"javaparser_javaparser_maven_tests_maven_test (ubuntu-latest, 12)_all.json",javaparser-core-generators/target/surefire-reports/,surefire:3.5.0:test (default-test) @ javaparser-core-generators,surefire:test,surefire test reports,correct,same-module,False,surefire:test,,./mvnw -Dorg.slf4j.simpleLogger.log.org.apache.maven.cli.transfer.Slf4jMavenTransferListener=warn -B --errors clean test --activate-profiles AlsoSlowTests
paper,"javaparser_javaparser_maven_tests_maven_test (ubuntu-latest, 12)_all.json",javaparser-symbol-solver-testing/target/classes/,compiler:3.13.0:testCompile (default-testCompile) @ javaparser-symbol-solver-testing,compiler/resources:compile|resources,main classes,wrong-goal,same-module,False,compiler:testCompile,successor,./mvnw -Dorg.slf4j.simpleLogger.log.org.apache.maven.cli.transfer.Slf4jMavenTransferListener=warn -B --errors clean test --activate-profiles AlsoSlowTests
paper,"javaparser_javaparser_maven_tests_maven_test (ubuntu-latest, 13)_all.json",javaparser-symbol-solver-testing/target/surefire-reports/,surefire:3.5.0:test (default-test) @ javaparser-symbol-solver-testing,surefire:test,surefire test reports,correct,same-module,False,surefire:test,,./mvnw -Dorg.slf4j.simpleLogger.log.org.apache.maven.cli.transfer.Slf4jMavenTransferListener=warn -B --errors clean test --activate-profiles AlsoSlowTests
paper,"javaparser_javaparser_maven_tests_maven_test (ubuntu-latest, 13)_all.json",javaparser-core-testing-bdd/target/surefire-reports/,surefire:3.5.0:test (default-test) @ javaparser-core-testing-bdd,surefire:test,surefire test reports,correct,same-module,False,surefire:test,,./mvnw -Dorg.slf4j.simpleLogger.log.org.apache.maven.cli.transfer.Slf4jMavenTransferListener=warn -B --errors clean test --activate-profiles AlsoSlowTests
paper,"javaparser_javaparser_maven_tests_maven_test (ubuntu-latest, 13)_all.json",javaparser-core-serialization/target/surefire-reports/,surefire:3.5.0:test (default-test) @ javaparser-core-serialization,surefire:test,surefire test reports,correct,same-module,False,surefire:test,,./mvnw -Dorg.slf4j.simpleLogger.log.org.apache.maven.cli.transfer.Slf4jMavenTransferListener=warn -B --errors clean test --activate-profiles AlsoSlowTests
paper,"javaparser_javaparser_maven_tests_maven_test (ubuntu-latest, 13)_all.json",javaparser-core-generators/target/surefire-reports/,surefire:3.5.0:test (default-test) @ javaparser-core-generators,surefire:test,surefire test reports,correct,same-module,False,surefire:test,,./mvnw -Dorg.slf4j.simpleLogger.log.org.apache.maven.cli.transfer.Slf4jMavenTransferListener=warn -B --errors clean test --activate-profiles AlsoSlowTests
paper,"javaparser_javaparser_maven_tests_maven_test (ubuntu-latest, 13)_all.json",javaparser-symbol-solver-testing/target/classes/,compiler:3.13.0:testCompile (default-testCompile) @ javaparser-symbol-solver-testing,compiler/resources:compile|resources,main classes,wrong-goal,same-module,False,compiler:testCompile,successor,./mvnw -Dorg.slf4j.simpleLogger.log.org.apache.maven.cli.transfer.Slf4jMavenTransferListener=warn -B --errors clean test --activate-profiles AlsoSlowTests
paper,"javaparser_javaparser_maven_tests_maven_test (ubuntu-latest, 14)_all.json",javaparser-symbol-solver-testing/target/surefire-reports/,surefire:3.5.0:test (default-test) @ javaparser-symbol-solver-testing,surefire:test,surefire test reports,correct,same-module,False,surefire:test,,./mvnw -Dorg.slf4j.simpleLogger.log.org.apache.maven.cli.transfer.Slf4jMavenTransferListener=warn -B --errors clean test --activate-profiles AlsoSlowTests
paper,"javaparser_javaparser_maven_tests_maven_test (ubuntu-latest, 14)_all.json",javaparser-core-testing-bdd/target/surefire-reports/,surefire:3.5.0:test (default-test) @ javaparser-core-testing-bdd,surefire:test,surefire test reports,correct,same-module,False,surefire:test,,./mvnw -Dorg.slf4j.simpleLogger.log.org.apache.maven.cli.transfer.Slf4jMavenTransferListener=warn -B --errors clean test --activate-profiles AlsoSlowTests
paper,"javaparser_javaparser_maven_tests_maven_test (ubuntu-latest, 14)_all.json",javaparser-core-serialization/target/surefire-reports/,surefire:3.5.0:test (default-test) @ javaparser-core-serialization,surefire:test,surefire test reports,correct,same-module,False,surefire:test,,./mvnw -Dorg.slf4j.simpleLogger.log.org.apache.maven.cli.transfer.Slf4jMavenTransferListener=warn -B --errors clean test --activate-profiles AlsoSlowTests
paper,"javaparser_javaparser_maven_tests_maven_test (ubuntu-latest, 14)_all.json",javaparser-core-generators/target/surefire-reports/,surefire:3.5.0:test (default-test) @ javaparser-core-generators,surefire:test,surefire test reports,correct,same-module,False,surefire:test,,./mvnw -Dorg.slf4j.simpleLogger.log.org.apache.maven.cli.transfer.Slf4jMavenTransferListener=warn -B --errors clean test --activate-profiles AlsoSlowTests
paper,"javaparser_javaparser_maven_tests_maven_test (ubuntu-latest, 14)_all.json",javaparser-symbol-solver-testing/target/classes/,resources:3.3.1:copy-resources (copy-javaparser-core-classes) @ javaparser-symbol-solver-testing,compiler/resources:compile|resources,main classes,wrong-goal,same-module,False,resources:copy-resources,H3-predecessor,./mvnw -Dorg.slf4j.simpleLogger.log.org.apache.maven.cli.transfer.Slf4jMavenTransferListener=warn -B --errors clean test --activate-profiles AlsoSlowTests
paper,"javaparser_javaparser_maven_tests_maven_test (ubuntu-latest, 15)_all.json",javaparser-symbol-solver-testing/target/surefire-reports/,surefire:3.5.0:test (default-test) @ javaparser-symbol-solver-testing,surefire:test,surefire test reports,correct,same-module,False,surefire:test,,./mvnw -Dorg.slf4j.simpleLogger.log.org.apache.maven.cli.transfer.Slf4jMavenTransferListener=warn -B --errors clean test --activate-profiles AlsoSlowTests
paper,"javaparser_javaparser_maven_tests_maven_test (ubuntu-latest, 15)_all.json",javaparser-core-testing-bdd/target/surefire-reports/,surefire:3.5.0:test (default-test) @ javaparser-core-testing-bdd,surefire:test,surefire test reports,correct,same-module,False,surefire:test,,./mvnw -Dorg.slf4j.simpleLogger.log.org.apache.maven.cli.transfer.Slf4jMavenTransferListener=warn -B --errors clean test --activate-profiles AlsoSlowTests
paper,"javaparser_javaparser_maven_tests_maven_test (ubuntu-latest, 15)_all.json",javaparser-core-serialization/target/surefire-reports/,surefire:3.5.0:test (default-test) @ javaparser-core-serialization,surefire:test,surefire test reports,correct,same-module,False,surefire:test,,./mvnw -Dorg.slf4j.simpleLogger.log.org.apache.maven.cli.transfer.Slf4jMavenTransferListener=warn -B --errors clean test --activate-profiles AlsoSlowTests
paper,"javaparser_javaparser_maven_tests_maven_test (ubuntu-latest, 15)_all.json",javaparser-core-generators/target/surefire-reports/,surefire:3.5.0:test (default-test) @ javaparser-core-generators,surefire:test,surefire test reports,correct,same-module,False,surefire:test,,./mvnw -Dorg.slf4j.simpleLogger.log.org.apache.maven.cli.transfer.Slf4jMavenTransferListener=warn -B --errors clean test --activate-profiles AlsoSlowTests
paper,"javaparser_javaparser_maven_tests_maven_test (ubuntu-latest, 16)_all.json",javaparser-symbol-solver-testing/target/surefire-reports/,surefire:3.5.0:test (default-test) @ javaparser-symbol-solver-testing,surefire:test,surefire test reports,correct,same-module,False,surefire:test,,./mvnw -Dorg.slf4j.simpleLogger.log.org.apache.maven.cli.transfer.Slf4jMavenTransferListener=warn -B --errors clean test --activate-profiles AlsoSlowTests
paper,"javaparser_javaparser_maven_tests_maven_test (ubuntu-latest, 16)_all.json",javaparser-core-testing-bdd/target/surefire-reports/,surefire:3.5.0:test (default-test) @ javaparser-core-testing-bdd,surefire:test,surefire test reports,correct,same-module,False,surefire:test,,./mvnw -Dorg.slf4j.simpleLogger.log.org.apache.maven.cli.transfer.Slf4jMavenTransferListener=warn -B --errors clean test --activate-profiles AlsoSlowTests
paper,"javaparser_javaparser_maven_tests_maven_test (ubuntu-latest, 16)_all.json",javaparser-core-serialization/target/surefire-reports/,surefire:3.5.0:test (default-test) @ javaparser-core-serialization,surefire:test,surefire test reports,correct,same-module,False,surefire:test,,./mvnw -Dorg.slf4j.simpleLogger.log.org.apache.maven.cli.transfer.Slf4jMavenTransferListener=warn -B --errors clean test --activate-profiles AlsoSlowTests
paper,"javaparser_javaparser_maven_tests_maven_test (ubuntu-latest, 16)_all.json",javaparser-core-generators/target/surefire-reports/,surefire:3.5.0:test (default-test) @ javaparser-core-generators,surefire:test,surefire test reports,correct,same-module,False,surefire:test,,./mvnw -Dorg.slf4j.simpleLogger.log.org.apache.maven.cli.transfer.Slf4jMavenTransferListener=warn -B --errors clean test --activate-profiles AlsoSlowTests
paper,"javaparser_javaparser_maven_tests_maven_test (ubuntu-latest, 16)_all.json",javaparser-symbol-solver-testing/target/classes/,compiler:3.13.0:testCompile (default-testCompile) @ javaparser-symbol-solver-testing,compiler/resources:compile|resources,main classes,wrong-goal,same-module,False,compiler:testCompile,successor,./mvnw -Dorg.slf4j.simpleLogger.log.org.apache.maven.cli.transfer.Slf4jMavenTransferListener=warn -B --errors clean test --activate-profiles AlsoSlowTests
paper,"javaparser_javaparser_maven_tests_maven_test (ubuntu-latest, 17)_all.json",javaparser-symbol-solver-testing/target/surefire-reports/,surefire:3.5.0:test (default-test) @ javaparser-symbol-solver-testing,surefire:test,surefire test reports,correct,same-module,False,surefire:test,,./mvnw -Dorg.slf4j.simpleLogger.log.org.apache.maven.cli.transfer.Slf4jMavenTransferListener=warn -B --errors clean test --activate-profiles AlsoSlowTests
paper,"javaparser_javaparser_maven_tests_maven_test (ubuntu-latest, 17)_all.json",javaparser-core-testing-bdd/target/surefire-reports/,surefire:3.5.0:test (default-test) @ javaparser-core-testing-bdd,surefire:test,surefire test reports,correct,same-module,False,surefire:test,,./mvnw -Dorg.slf4j.simpleLogger.log.org.apache.maven.cli.transfer.Slf4jMavenTransferListener=warn -B --errors clean test --activate-profiles AlsoSlowTests
paper,"javaparser_javaparser_maven_tests_maven_test (ubuntu-latest, 17)_all.json",javaparser-core-serialization/target/surefire-reports/,surefire:3.5.0:test (default-test) @ javaparser-core-serialization,surefire:test,surefire test reports,correct,same-module,False,surefire:test,,./mvnw -Dorg.slf4j.simpleLogger.log.org.apache.maven.cli.transfer.Slf4jMavenTransferListener=warn -B --errors clean test --activate-profiles AlsoSlowTests
paper,"javaparser_javaparser_maven_tests_maven_test (ubuntu-latest, 17)_all.json",javaparser-core-generators/target/surefire-reports/,surefire:3.5.0:test (default-test) @ javaparser-core-generators,surefire:test,surefire test reports,correct,same-module,False,surefire:test,,./mvnw -Dorg.slf4j.simpleLogger.log.org.apache.maven.cli.transfer.Slf4jMavenTransferListener=warn -B --errors clean test --activate-profiles AlsoSlowTests
paper,"javaparser_javaparser_maven_tests_maven_test (ubuntu-latest, 17)_all.json",javaparser-symbol-solver-testing/target/classes/,resources:3.3.1:copy-resources (copy-javaparser-core-classes) @ javaparser-symbol-solver-testing,compiler/resources:compile|resources,main classes,wrong-goal,same-module,False,resources:copy-resources,H3-predecessor,./mvnw -Dorg.slf4j.simpleLogger.log.org.apache.maven.cli.transfer.Slf4jMavenTransferListener=warn -B --errors clean test --activate-profiles AlsoSlowTests
paper,"javaparser_javaparser_maven_tests_maven_test (ubuntu-latest, 18)_all.json",javaparser-symbol-solver-testing/target/surefire-reports/,surefire:3.5.0:test (default-test) @ javaparser-symbol-solver-testing,surefire:test,surefire test reports,correct,same-module,False,surefire:test,,./mvnw -Dorg.slf4j.simpleLogger.log.org.apache.maven.cli.transfer.Slf4jMavenTransferListener=warn -B --errors clean test --activate-profiles AlsoSlowTests
paper,"javaparser_javaparser_maven_tests_maven_test (ubuntu-latest, 18)_all.json",javaparser-core-testing-bdd/target/surefire-reports/,surefire:3.5.0:test (default-test) @ javaparser-core-testing-bdd,surefire:test,surefire test reports,correct,same-module,False,surefire:test,,./mvnw -Dorg.slf4j.simpleLogger.log.org.apache.maven.cli.transfer.Slf4jMavenTransferListener=warn -B --errors clean test --activate-profiles AlsoSlowTests
paper,"javaparser_javaparser_maven_tests_maven_test (ubuntu-latest, 18)_all.json",javaparser-core-serialization/target/surefire-reports/,surefire:3.5.0:test (default-test) @ javaparser-core-serialization,surefire:test,surefire test reports,correct,same-module,False,surefire:test,,./mvnw -Dorg.slf4j.simpleLogger.log.org.apache.maven.cli.transfer.Slf4jMavenTransferListener=warn -B --errors clean test --activate-profiles AlsoSlowTests
paper,"javaparser_javaparser_maven_tests_maven_test (ubuntu-latest, 18)_all.json",javaparser-core-generators/target/surefire-reports/,surefire:3.5.0:test (default-test) @ javaparser-core-generators,surefire:test,surefire test reports,correct,same-module,False,surefire:test,,./mvnw -Dorg.slf4j.simpleLogger.log.org.apache.maven.cli.transfer.Slf4jMavenTransferListener=warn -B --errors clean test --activate-profiles AlsoSlowTests
paper,"javaparser_javaparser_maven_tests_maven_test (ubuntu-latest, 18)_all.json",javaparser-symbol-solver-testing/target/classes/,resources:3.3.1:copy-resources (copy-javaparser-core-classes) @ javaparser-symbol-solver-testing,compiler/resources:compile|resources,main classes,wrong-goal,same-module,False,resources:copy-resources,H3-predecessor,./mvnw -Dorg.slf4j.simpleLogger.log.org.apache.maven.cli.transfer.Slf4jMavenTransferListener=warn -B --errors clean test --activate-profiles AlsoSlowTests
paper,"javaparser_javaparser_maven_tests_maven_test (ubuntu-latest, 8)_all.json",javaparser-symbol-solver-testing/target/surefire-reports/,surefire:3.5.0:test (default-test) @ javaparser-symbol-solver-testing,surefire:test,surefire test reports,correct,same-module,False,surefire:test,,./mvnw -Dorg.slf4j.simpleLogger.log.org.apache.maven.cli.transfer.Slf4jMavenTransferListener=warn -B --errors clean test --activate-profiles AlsoSlowTests
paper,"javaparser_javaparser_maven_tests_maven_test (ubuntu-latest, 8)_all.json",javaparser-core-testing-bdd/target/surefire-reports/,surefire:3.5.0:test (default-test) @ javaparser-core-testing-bdd,surefire:test,surefire test reports,correct,same-module,False,surefire:test,,./mvnw -Dorg.slf4j.simpleLogger.log.org.apache.maven.cli.transfer.Slf4jMavenTransferListener=warn -B --errors clean test --activate-profiles AlsoSlowTests
paper,"javaparser_javaparser_maven_tests_maven_test (ubuntu-latest, 8)_all.json",javaparser-core-serialization/target/surefire-reports/,surefire:3.5.0:test (default-test) @ javaparser-core-serialization,surefire:test,surefire test reports,correct,same-module,False,surefire:test,,./mvnw -Dorg.slf4j.simpleLogger.log.org.apache.maven.cli.transfer.Slf4jMavenTransferListener=warn -B --errors clean test --activate-profiles AlsoSlowTests
paper,"javaparser_javaparser_maven_tests_maven_test (ubuntu-latest, 8)_all.json",javaparser-core-generators/target/surefire-reports/,surefire:3.5.0:test (default-test) @ javaparser-core-generators,surefire:test,surefire test reports,correct,same-module,False,surefire:test,,./mvnw -Dorg.slf4j.simpleLogger.log.org.apache.maven.cli.transfer.Slf4jMavenTransferListener=warn -B --errors clean test --activate-profiles AlsoSlowTests
paper,"javaparser_javaparser_maven_tests_maven_test (ubuntu-latest, 8)_all.json",javaparser-symbol-solver-testing/target/classes/,compiler:3.13.0:testCompile (default-testCompile) @ javaparser-symbol-solver-testing,compiler/resources:compile|resources,main classes,wrong-goal,same-module,False,compiler:testCompile,successor,./mvnw -Dorg.slf4j.simpleLogger.log.org.apache.maven.cli.transfer.Slf4jMavenTransferListener=warn -B --errors clean test --activate-profiles AlsoSlowTests
paper,"javaparser_javaparser_maven_tests_maven_test (ubuntu-latest, 9)_all.json",javaparser-symbol-solver-testing/target/surefire-reports/,surefire:3.5.0:test (default-test) @ javaparser-symbol-solver-testing,surefire:test,surefire test reports,correct,same-module,False,surefire:test,,./mvnw -Dorg.slf4j.simpleLogger.log.org.apache.maven.cli.transfer.Slf4jMavenTransferListener=warn -B --errors clean test --activate-profiles AlsoSlowTests
paper,"javaparser_javaparser_maven_tests_maven_test (ubuntu-latest, 9)_all.json",javaparser-core-testing-bdd/target/surefire-reports/,surefire:3.5.0:test (default-test) @ javaparser-core-testing-bdd,surefire:test,surefire test reports,correct,same-module,False,surefire:test,,./mvnw -Dorg.slf4j.simpleLogger.log.org.apache.maven.cli.transfer.Slf4jMavenTransferListener=warn -B --errors clean test --activate-profiles AlsoSlowTests
paper,"javaparser_javaparser_maven_tests_maven_test (ubuntu-latest, 9)_all.json",javaparser-core-serialization/target/surefire-reports/,surefire:3.5.0:test (default-test) @ javaparser-core-serialization,surefire:test,surefire test reports,correct,same-module,False,surefire:test,,./mvnw -Dorg.slf4j.simpleLogger.log.org.apache.maven.cli.transfer.Slf4jMavenTransferListener=warn -B --errors clean test --activate-profiles AlsoSlowTests
paper,"javaparser_javaparser_maven_tests_maven_test (ubuntu-latest, 9)_all.json",javaparser-core-generators/target/surefire-reports/,surefire:3.5.0:test (default-test) @ javaparser-core-generators,surefire:test,surefire test reports,correct,same-module,False,surefire:test,,./mvnw -Dorg.slf4j.simpleLogger.log.org.apache.maven.cli.transfer.Slf4jMavenTransferListener=warn -B --errors clean test --activate-profiles AlsoSlowTests
paper,"javaparser_javaparser_maven_tests_maven_test (ubuntu-latest, 9)_all.json",javaparser-symbol-solver-testing/target/classes/,compiler:3.13.0:testCompile (default-testCompile) @ javaparser-symbol-solver-testing,compiler/resources:compile|resources,main classes,wrong-goal,same-module,False,compiler:testCompile,successor,./mvnw -Dorg.slf4j.simpleLogger.log.org.apache.maven.cli.transfer.Slf4jMavenTransferListener=warn -B --errors clean test --activate-profiles AlsoSlowTests
paper,"jboss-javassist_javassist_maven_build (ubuntu-latest, 11)_all.json",target/surefire-reports/,maven-surefire-plugin:2.18.1:test (default-test) @ javassist,surefire:test,surefire test reports,correct,n/a,False,surefire:test,,mvn -B package --file pom.xml
paper,"jboss-javassist_javassist_maven_build (ubuntu-latest, 11.0.3)_all.json",target/surefire-reports/,maven-surefire-plugin:2.18.1:test (default-test) @ javassist,surefire:test,surefire test reports,correct,n/a,False,surefire:test,,mvn -B package --file pom.xml
paper,"jhy_jsoup_build_test (ubuntu-latest, 17)_all.json",target/surefire-reports/,maven-surefire-plugin:3.5.0:test (default-test) @ jsoup,surefire:test,surefire test reports,correct,n/a,False,surefire:test,,mvn -X verify -B --file pom.xml
paper,"jhy_jsoup_build_test (ubuntu-latest, 17)_all.json",target/japicmp/,japicmp-maven-plugin:0.23.0:cmp (default) @ jsoup,japicmp,japicmp report,correct,n/a,False,japicmp:cmp,,mvn -X verify -B --file pom.xml
paper,"jhy_jsoup_build_test (ubuntu-latest, 21)_all.json",target/surefire-reports/,maven-surefire-plugin:3.5.0:test (default-test) @ jsoup,surefire:test,surefire test reports,correct,n/a,False,surefire:test,,mvn -X verify -B --file pom.xml
paper,"jhy_jsoup_build_test (ubuntu-latest, 21)_all.json",target/japicmp/,japicmp-maven-plugin:0.23.0:cmp (default) @ jsoup,japicmp,japicmp report,correct,n/a,False,japicmp:cmp,,mvn -X verify -B --file pom.xml
paper,"jhy_jsoup_build_test (ubuntu-latest, 8)_all.json",target/surefire-reports/,maven-surefire-plugin:3.5.0:test (default-test) @ jsoup,surefire:test,surefire test reports,correct,n/a,False,surefire:test,,mvn -X verify -B --file pom.xml
paper,"jhy_jsoup_build_test (ubuntu-latest, 8)_all.json",target/japicmp/,japicmp-maven-plugin:0.23.0:cmp (default) @ jsoup,japicmp,japicmp report,correct,n/a,False,japicmp:cmp,,mvn -X verify -B --file pom.xml
paper,joelittlejohn_jsonschema2pojo_android-ci_buildTest (8)_all.json,jsonschema2pojo-integration-tests/target/maven-status/,maven-compiler-plugin:3.11.0:testCompile (default-testCompile) @ jsonschema2pojo-integration-tests,compiler,compiler state (parent dir),correct,same-module,False,compiler:testCompile,,mvn -U -B install -DskipTests -Dmaven.javadoc.skip -Dmaven.site.skip
paper,"jtablesaw_tablesaw_ci_Tests (11, ubuntu-latest)_all.json",saw/target/surefire-reports/,maven-surefire-plugin:3.2.5:test (default-test) @ tablesaw-saw,surefire:test,surefire test reports,correct,same-module,False,surefire:test,,mvn test
paper,"jtablesaw_tablesaw_ci_Tests (11, ubuntu-latest)_all.json",jsplot/target/surefire-reports/,maven-surefire-plugin:3.2.5:test (default-test) @ tablesaw-jsplot,surefire:test,surefire test reports,correct,same-module,False,surefire:test,,mvn test
paper,"jtablesaw_tablesaw_ci_Tests (11, ubuntu-latest)_all.json",json/target/surefire-reports/,maven-surefire-plugin:3.2.5:test (default-test) @ tablesaw-json,surefire:test,surefire test reports,correct,same-module,False,surefire:test,,mvn test
paper,"jtablesaw_tablesaw_ci_Tests (11, ubuntu-latest)_all.json",html/target/surefire-reports/,maven-surefire-plugin:3.2.5:test (default-test) @ tablesaw-html,surefire:test,surefire test reports,correct,same-module,False,surefire:test,,mvn test
paper,"jtablesaw_tablesaw_ci_Tests (11, ubuntu-latest)_all.json",excel/target/surefire-reports/,maven-surefire-plugin:3.2.5:test (default-test) @ tablesaw-excel,surefire:test,surefire test reports,correct,same-module,False,surefire:test,,mvn test
paper,"jtablesaw_tablesaw_ci_Tests (11, ubuntu-latest)_all.json",core/target/surefire-reports/,maven-surefire-plugin:3.2.5:test (default-test) @ tablesaw-core,surefire:test,surefire test reports,correct,same-module,False,surefire:test,,mvn test
paper,"jtablesaw_tablesaw_ci_Tests (11, ubuntu-latest)_all.json",arrow/target/surefire-reports/,maven-surefire-plugin:3.2.5:test (default-test) @ tablesaw-arrow,surefire:test,surefire test reports,correct,same-module,False,surefire:test,,mvn test
paper,"jtablesaw_tablesaw_ci_Tests (17, ubuntu-latest)_all.json",saw/target/surefire-reports/,maven-surefire-plugin:3.2.5:test (default-test) @ tablesaw-saw,surefire:test,surefire test reports,correct,same-module,False,surefire:test,,mvn test
paper,"jtablesaw_tablesaw_ci_Tests (17, ubuntu-latest)_all.json",jsplot/target/surefire-reports/,maven-surefire-plugin:3.2.5:test (default-test) @ tablesaw-jsplot,surefire:test,surefire test reports,correct,same-module,False,surefire:test,,mvn test
paper,"jtablesaw_tablesaw_ci_Tests (17, ubuntu-latest)_all.json",json/target/surefire-reports/,maven-surefire-plugin:3.2.5:test (default-test) @ tablesaw-json,surefire:test,surefire test reports,correct,same-module,False,surefire:test,,mvn test
paper,"jtablesaw_tablesaw_ci_Tests (17, ubuntu-latest)_all.json",html/target/surefire-reports/,maven-surefire-plugin:3.2.5:test (default-test) @ tablesaw-html,surefire:test,surefire test reports,correct,same-module,False,surefire:test,,mvn test
paper,"jtablesaw_tablesaw_ci_Tests (17, ubuntu-latest)_all.json",excel/target/surefire-reports/,maven-surefire-plugin:3.2.5:test (default-test) @ tablesaw-excel,surefire:test,surefire test reports,correct,same-module,False,surefire:test,,mvn test
paper,"jtablesaw_tablesaw_ci_Tests (17, ubuntu-latest)_all.json",core/target/surefire-reports/,maven-surefire-plugin:3.2.5:test (default-test) @ tablesaw-core,surefire:test,surefire test reports,correct,same-module,False,surefire:test,,mvn test
paper,"jtablesaw_tablesaw_ci_Tests (17, ubuntu-latest)_all.json",arrow/target/surefire-reports/,maven-surefire-plugin:3.2.5:test (default-test) @ tablesaw-arrow,surefire:test,surefire test reports,correct,same-module,False,surefire:test,,mvn test
paper,karatelabs_karate_jdk-compat_build_all.json,karate-core/target/surefire-reports/,maven-surefire-plugin:3.2.5:test (default-test) @ karate-core,surefire:test,surefire test reports,correct,same-module,False,surefire:test,,mvn -B clean install -P pre-release -Djavacpp.platform=linux-x86_64
paper,karatelabs_karate_jdk-compat_build_all.json,karate-core/target/maven-status/,antlr4-maven-plugin:4.13.1:antlr4 (default) @ karate-core,compiler,compiler state (parent dir),wrong-plugin,same-module,False,antlr4:antlr4,H3-predecessor,mvn -B clean install -P pre-release -Djavacpp.platform=linux-x86_64
paper,knowm_XChange_maven_on_pull_request_build_all.json,xchange-zaif/target/surefire-reports/,maven-surefire-plugin:3.2.5:test (default-test) @ xchange-zaif,surefire:test,surefire test reports,correct,same-module,False,surefire:test,,mvn clean verify --no-transfer-progress --batch-mode --settings etc/settings.xml -Dmaven.javadoc.skip=true -Dfmt.skip=true;
paper,knowm_XChange_maven_on_pull_request_build_all.json,xchange-yobit/target/surefire-reports/,maven-surefire-plugin:3.2.5:test (default-test) @ xchange-yobit,surefire:test,surefire test reports,correct,same-module,False,surefire:test,,mvn clean verify --no-transfer-progress --batch-mode --settings etc/settings.xml -Dmaven.javadoc.skip=true -Dfmt.skip=true;
paper,knowm_XChange_maven_on_pull_request_build_all.json,xchange-upbit/target/surefire-reports/,maven-surefire-plugin:3.2.5:test (default-test) @ xchange-upbit,surefire:test,surefire test reports,correct,same-module,False,surefire:test,,mvn clean verify --no-transfer-progress --batch-mode --settings etc/settings.xml -Dmaven.javadoc.skip=true -Dfmt.skip=true;
paper,knowm_XChange_maven_on_pull_request_build_all.json,xchange-truefx/target/surefire-reports/,maven-surefire-plugin:3.2.5:test (default-test) @ xchange-truefx,surefire:test,surefire test reports,correct,same-module,False,surefire:test,,mvn clean verify --no-transfer-progress --batch-mode --settings etc/settings.xml -Dmaven.javadoc.skip=true -Dfmt.skip=true;
paper,knowm_XChange_maven_on_pull_request_build_all.json,xchange-tradeogre/target/surefire-reports/,maven-surefire-plugin:3.2.5:test (default-test) @ xchange-tradeogre,surefire:test,surefire test reports,correct,same-module,False,surefire:test,,mvn clean verify --no-transfer-progress --batch-mode --settings etc/settings.xml -Dmaven.javadoc.skip=true -Dfmt.skip=true;
paper,knowm_XChange_maven_on_pull_request_build_all.json,xchange-therock/target/surefire-reports/,maven-surefire-plugin:3.2.5:test (default-test) @ xchange-therock,surefire:test,surefire test reports,correct,same-module,False,surefire:test,,mvn clean verify --no-transfer-progress --batch-mode --settings etc/settings.xml -Dmaven.javadoc.skip=true -Dfmt.skip=true;
paper,knowm_XChange_maven_on_pull_request_build_all.json,xchange-stream-okcoin/target/surefire-reports/,maven-surefire-plugin:3.2.5:test (default-test) @ xchange-stream-okcoin,surefire:test,surefire test reports,correct,same-module,False,surefire:test,,mvn clean verify --no-transfer-progress --batch-mode --settings etc/settings.xml -Dmaven.javadoc.skip=true -Dfmt.skip=true;
paper,knowm_XChange_maven_on_pull_request_build_all.json,xchange-stream-lgo/target/surefire-reports/,maven-surefire-plugin:3.2.5:test (default-test) @ xchange-stream-lgo,surefire:test,surefire test reports,correct,same-module,False,surefire:test,,mvn clean verify --no-transfer-progress --batch-mode --settings etc/settings.xml -Dmaven.javadoc.skip=true -Dfmt.skip=true;
paper,knowm_XChange_maven_on_pull_request_build_all.json,xchange-stream-kraken/target/surefire-reports/,maven-surefire-plugin:3.2.5:test (default-test) @ xchange-stream-kraken,surefire:test,surefire test reports,correct,same-module,False,surefire:test,,mvn clean verify --no-transfer-progress --batch-mode --settings etc/settings.xml -Dmaven.javadoc.skip=true -Dfmt.skip=true;
paper,knowm_XChange_maven_on_pull_request_build_all.json,xchange-stream-hitbtc/target/surefire-reports/,maven-surefire-plugin:3.2.5:test (default-test) @ xchange-stream-hitbtc,surefire:test,surefire test reports,correct,same-module,False,surefire:test,,mvn clean verify --no-transfer-progress --batch-mode --settings etc/settings.xml -Dmaven.javadoc.skip=true -Dfmt.skip=true;
paper,knowm_XChange_maven_on_pull_request_build_all.json,xchange-stream-gemini-v2/target/surefire-reports/,maven-surefire-plugin:3.2.5:test (default-test) @ xchange-stream-gemini-v2,surefire:test,surefire test reports,correct,same-module,False,surefire:test,,mvn clean verify --no-transfer-progress --batch-mode --settings etc/settings.xml -Dmaven.javadoc.skip=true -Dfmt.skip=true;
paper,knowm_XChange_maven_on_pull_request_build_all.json,xchange-stream-gateio/target/surefire-reports/,maven-surefire-plugin:3.2.5:test (default-test) @ xchange-stream-gateio,surefire:test,surefire test reports,correct,same-module,False,surefire:test,,mvn clean verify --no-transfer-progress --batch-mode --settings etc/settings.xml -Dmaven.javadoc.skip=true -Dfmt.skip=true;
paper,knowm_XChange_maven_on_pull_request_build_all.json,xchange-stream-ftx/target/surefire-reports/,maven-surefire-plugin:3.2.5:test (default-test) @ xchange-stream-ftx,surefire:test,surefire test reports,correct,same-module,False,surefire:test,,mvn clean verify --no-transfer-progress --batch-mode --settings etc/settings.xml -Dmaven.javadoc.skip=true -Dfmt.skip=true;
paper,knowm_XChange_maven_on_pull_request_build_all.json,xchange-stream-dydx/target/surefire-reports/,maven-surefire-plugin:3.2.5:test (default-test) @ xchange-stream-dydx,surefire:test,surefire test reports,correct,same-module,False,surefire:test,,mvn clean verify --no-transfer-progress --batch-mode --settings etc/settings.xml -Dmaven.javadoc.skip=true -Dfmt.skip=true;
paper,knowm_XChange_maven_on_pull_request_build_all.json,xchange-stream-core/target/surefire-reports/,maven-surefire-plugin:3.2.5:test (default-test) @ xchange-stream-core,surefire:test,surefire test reports,correct,same-module,False,surefire:test,,mvn clean verify --no-transfer-progress --batch-mode --settings etc/settings.xml -Dmaven.javadoc.skip=true -Dfmt.skip=true;
paper,knowm_XChange_maven_on_pull_request_build_all.json,xchange-stream-coinmate/target/surefire-reports/,maven-surefire-plugin:3.2.5:test (default-test) @ xchange-stream-coinmate,surefire:test,surefire test reports,correct,same-module,False,surefire:test,,mvn clean verify --no-transfer-progress --batch-mode --settings etc/settings.xml -Dmaven.javadoc.skip=true -Dfmt.skip=true;
paper,knowm_XChange_maven_on_pull_request_build_all.json,xchange-stream-coinjar/target/surefire-reports/,maven-surefire-plugin:3.2.5:test (default-test) @ xchange-stream-coinjar,surefire:test,surefire test reports,correct,same-module,False,surefire:test,,mvn clean verify --no-transfer-progress --batch-mode --settings etc/settings.xml -Dmaven.javadoc.skip=true -Dfmt.skip=true;
paper,knowm_XChange_maven_on_pull_request_build_all.json,xchange-stream-coincheck/target/surefire-reports/,maven-surefire-plugin:3.2.5:test (default-test) @ xchange-stream-coincheck,surefire:test,surefire test reports,correct,same-module,False,surefire:test,,mvn clean verify --no-transfer-progress --batch-mode --settings etc/settings.xml -Dmaven.javadoc.skip=true -Dfmt.skip=true;
paper,knowm_XChange_maven_on_pull_request_build_all.json,xchange-stream-coinbasepro/target/surefire-reports/,maven-surefire-plugin:3.2.5:test (default-test) @ xchange-stream-coinbasepro,surefire:test,surefire test reports,correct,same-module,False,surefire:test,,mvn clean verify --no-transfer-progress --batch-mode --settings etc/settings.xml -Dmaven.javadoc.skip=true -Dfmt.skip=true;
paper,knowm_XChange_maven_on_pull_request_build_all.json,xchange-stream-cexio/target/surefire-reports/,maven-surefire-plugin:3.2.5:test (default-test) @ xchange-stream-cexio,surefire:test,surefire test reports,correct,same-module,False,surefire:test,,mvn clean verify --no-transfer-progress --batch-mode --settings etc/settings.xml -Dmaven.javadoc.skip=true -Dfmt.skip=true;
paper,knowm_XChange_maven_on_pull_request_build_all.json,xchange-stream-bitstamp/target/surefire-reports/,maven-surefire-plugin:3.2.5:test (default-test) @ xchange-stream-bitstamp,surefire:test,surefire test reports,correct,same-module,False,surefire:test,,mvn clean verify --no-transfer-progress --batch-mode --settings etc/settings.xml -Dmaven.javadoc.skip=true -Dfmt.skip=true;
paper,knowm_XChange_maven_on_pull_request_build_all.json,xchange-stream-bitmex/target/surefire-reports/,maven-surefire-plugin:3.2.5:test (default-test) @ xchange-stream-bitmex,surefire:test,surefire test reports,correct,same-module,False,surefire:test,,mvn clean verify --no-transfer-progress --batch-mode --settings etc/settings.xml -Dmaven.javadoc.skip=true -Dfmt.skip=true;
paper,knowm_XChange_maven_on_pull_request_build_all.json,xchange-stream-bitfinex/target/surefire-reports/,maven-surefire-plugin:3.2.5:test (default-test) @ xchange-stream-bitfinex,surefire:test,surefire test reports,correct,same-module,False,surefire:test,,mvn clean verify --no-transfer-progress --batch-mode --settings etc/settings.xml -Dmaven.javadoc.skip=true -Dfmt.skip=true;
paper,knowm_XChange_maven_on_pull_request_build_all.json,xchange-stream-binance/target/surefire-reports/,maven-surefire-plugin:3.2.5:test (default-test) @ xchange-stream-binance,surefire:test,surefire test reports,correct,same-module,False,surefire:test,,mvn clean verify --no-transfer-progress --batch-mode --settings etc/settings.xml -Dmaven.javadoc.skip=true -Dfmt.skip=true;
paper,knowm_XChange_maven_on_pull_request_build_all.json,xchange-simulated/target/surefire-reports/,maven-surefire-plugin:3.2.5:test (default-test) @ xchange-simulated,surefire:test,surefire test reports,correct,same-module,False,surefire:test,,mvn clean verify --no-transfer-progress --batch-mode --settings etc/settings.xml -Dmaven.javadoc.skip=true -Dfmt.skip=true;
paper,knowm_XChange_maven_on_pull_request_build_all.json,xchange-serum/target/surefire-reports/,maven-surefire-plugin:3.2.5:test (default-test) @ xchange-serum,surefire:test,surefire test reports,correct,same-module,False,surefire:test,,mvn clean verify --no-transfer-progress --batch-mode --settings etc/settings.xml -Dmaven.javadoc.skip=true -Dfmt.skip=true;
paper,knowm_XChange_maven_on_pull_request_build_all.json,xchange-ripple/target/surefire-reports/,maven-surefire-plugin:3.2.5:test (default-test) @ xchange-ripple,surefire:test,surefire test reports,correct,same-module,False,surefire:test,,mvn clean verify --no-transfer-progress --batch-mode --settings etc/settings.xml -Dmaven.javadoc.skip=true -Dfmt.skip=true;
paper,knowm_XChange_maven_on_pull_request_build_all.json,xchange-quoine/target/surefire-reports/,maven-surefire-plugin:3.2.5:test (default-test) @ xchange-quoine,surefire:test,surefire test reports,correct,same-module,False,surefire:test,,mvn clean verify --no-transfer-progress --batch-mode --settings etc/settings.xml -Dmaven.javadoc.skip=true -Dfmt.skip=true;
paper,knowm_XChange_maven_on_pull_request_build_all.json,xchange-poloniex/target/surefire-reports/,maven-surefire-plugin:3.2.5:test (default-test) @ xchange-poloniex,surefire:test,surefire test reports,correct,same-module,False,surefire:test,,mvn clean verify --no-transfer-progress --batch-mode --settings etc/settings.xml -Dmaven.javadoc.skip=true -Dfmt.skip=true;
paper,knowm_XChange_maven_on_pull_request_build_all.json,xchange-paymium/target/surefire-reports/,maven-surefire-plugin:3.2.5:test (default-test) @ xchange-paymium,surefire:test,surefire test reports,correct,same-module,False,surefire:test,,mvn clean verify --no-transfer-progress --batch-mode --settings etc/settings.xml -Dmaven.javadoc.skip=true -Dfmt.skip=true;
paper,knowm_XChange_maven_on_pull_request_build_all.json,xchange-paribu/target/surefire-reports/,maven-surefire-plugin:3.2.5:test (default-test) @ xchange-paribu,surefire:test,surefire test reports,correct,same-module,False,surefire:test,,mvn clean verify --no-transfer-progress --batch-mode --settings etc/settings.xml -Dmaven.javadoc.skip=true -Dfmt.skip=true;
paper,knowm_XChange_maven_on_pull_request_build_all.json,xchange-openexchangerates/target/surefire-reports/,maven-surefire-plugin:3.2.5:test (default-test) @ xchange-openexchangerates,surefire:test,surefire test reports,correct,same-module,False,surefire:test,,mvn clean verify --no-transfer-progress --batch-mode --settings etc/settings.xml -Dmaven.javadoc.skip=true -Dfmt.skip=true;
paper,knowm_XChange_maven_on_pull_request_build_all.json,xchange-okcoin/target/surefire-reports/,maven-surefire-plugin:3.2.5:test (default-test) @ xchange-okcoin,surefire:test,surefire test reports,correct,same-module,False,surefire:test,,mvn clean verify --no-transfer-progress --batch-mode --settings etc/settings.xml -Dmaven.javadoc.skip=true -Dfmt.skip=true;
paper,knowm_XChange_maven_on_pull_request_build_all.json,xchange-mexc/target/surefire-reports/,maven-surefire-plugin:3.2.5:test (default-test) @ xchange-mexc,surefire:test,surefire test reports,correct,same-module,False,surefire:test,,mvn clean verify --no-transfer-progress --batch-mode --settings etc/settings.xml -Dmaven.javadoc.skip=true -Dfmt.skip=true;
paper,knowm_XChange_maven_on_pull_request_build_all.json,xchange-mercadobitcoin/target/surefire-reports/,maven-surefire-plugin:3.2.5:test (default-test) @ xchange-mercadobitcoin,surefire:test,surefire test reports,correct,same-module,False,surefire:test,,mvn clean verify --no-transfer-progress --batch-mode --settings etc/settings.xml -Dmaven.javadoc.skip=true -Dfmt.skip=true;
paper,knowm_XChange_maven_on_pull_request_build_all.json,xchange-lykke/target/surefire-reports/,maven-surefire-plugin:3.2.5:test (default-test) @ xchange-lykke,surefire:test,surefire test reports,correct,same-module,False,surefire:test,,mvn clean verify --no-transfer-progress --batch-mode --settings etc/settings.xml -Dmaven.javadoc.skip=true -Dfmt.skip=true;
paper,knowm_XChange_maven_on_pull_request_build_all.json,xchange-livecoin/target/surefire-reports/,maven-surefire-plugin:3.2.5:test (default-test) @ xchange-livecoin,surefire:test,surefire test reports,correct,same-module,False,surefire:test,,mvn clean verify --no-transfer-progress --batch-mode --settings etc/settings.xml -Dmaven.javadoc.skip=true -Dfmt.skip=true;
paper,knowm_XChange_maven_on_pull_request_build_all.json,xchange-lgo/target/surefire-reports/,maven-surefire-plugin:3.2.5:test (default-test) @ xchange-lgo,surefire:test,surefire test reports,correct,same-module,False,surefire:test,,mvn clean verify --no-transfer-progress --batch-mode --settings etc/settings.xml -Dmaven.javadoc.skip=true -Dfmt.skip=true;
paper,knowm_XChange_maven_on_pull_request_build_all.json,xchange-latoken/target/surefire-reports/,maven-surefire-plugin:3.2.5:test (default-test) @ xchange-latoken,surefire:test,surefire test reports,correct,same-module,False,surefire:test,,mvn clean verify --no-transfer-progress --batch-mode --settings etc/settings.xml -Dmaven.javadoc.skip=true -Dfmt.skip=true;
paper,knowm_XChange_maven_on_pull_request_build_all.json,xchange-kuna/target/surefire-reports/,maven-surefire-plugin:3.2.5:test (default-test) @ xchange-kuna,surefire:test,surefire test reports,correct,same-module,False,surefire:test,,mvn clean verify --no-transfer-progress --batch-mode --settings etc/settings.xml -Dmaven.javadoc.skip=true -Dfmt.skip=true;
paper,knowm_XChange_maven_on_pull_request_build_all.json,xchange-kraken/target/surefire-reports/,maven-surefire-plugin:3.2.5:test (default-test) @ xchange-kraken,surefire:test,surefire test reports,correct,same-module,False,surefire:test,,mvn clean verify --no-transfer-progress --batch-mode --settings etc/settings.xml -Dmaven.javadoc.skip=true -Dfmt.skip=true;
paper,knowm_XChange_maven_on_pull_request_build_all.json,xchange-koinim/target/surefire-reports/,maven-surefire-plugin:3.2.5:test (default-test) @ xchange-koinim,surefire:test,surefire test reports,correct,same-module,False,surefire:test,,mvn clean verify --no-transfer-progress --batch-mode --settings etc/settings.xml -Dmaven.javadoc.skip=true -Dfmt.skip=true;
paper,knowm_XChange_maven_on_pull_request_build_all.json,xchange-koineks/target/surefire-reports/,maven-surefire-plugin:3.2.5:test (default-test) @ xchange-koineks,surefire:test,surefire test reports,correct,same-module,False,surefire:test,,mvn clean verify --no-transfer-progress --batch-mode --settings etc/settings.xml -Dmaven.javadoc.skip=true -Dfmt.skip=true;
paper,knowm_XChange_maven_on_pull_request_build_all.json,xchange-itbit/target/surefire-reports/,maven-surefire-plugin:3.2.5:test (default-test) @ xchange-itbit,surefire:test,surefire test reports,correct,same-module,False,surefire:test,,mvn clean verify --no-transfer-progress --batch-mode --settings etc/settings.xml -Dmaven.javadoc.skip=true -Dfmt.skip=true;
paper,knowm_XChange_maven_on_pull_request_build_all.json,xchange-independentreserve/target/surefire-reports/,maven-surefire-plugin:3.2.5:test (default-test) @ xchange-independentreserve,surefire:test,surefire test reports,correct,same-module,False,surefire:test,,mvn clean verify --no-transfer-progress --batch-mode --settings etc/settings.xml -Dmaven.javadoc.skip=true -Dfmt.skip=true;
paper,knowm_XChange_maven_on_pull_request_build_all.json,xchange-hitbtc/target/surefire-reports/,maven-surefire-plugin:3.2.5:test (default-test) @ xchange-hitbtc,surefire:test,surefire test reports,correct,same-module,False,surefire:test,,mvn clean verify --no-transfer-progress --batch-mode --settings etc/settings.xml -Dmaven.javadoc.skip=true -Dfmt.skip=true;
paper,knowm_XChange_maven_on_pull_request_build_all.json,xchange-globitex/target/surefire-reports/,maven-surefire-plugin:3.2.5:test (default-test) @ xchange-globitex,surefire:test,surefire test reports,correct,same-module,False,surefire:test,,mvn clean verify --no-transfer-progress --batch-mode --settings etc/settings.xml -Dmaven.javadoc.skip=true -Dfmt.skip=true;
paper,knowm_XChange_maven_on_pull_request_build_all.json,xchange-gemini/target/surefire-reports/,maven-surefire-plugin:3.2.5:test (default-test) @ xchange-gemini,surefire:test,surefire test reports,correct,same-module,False,surefire:test,,mvn clean verify --no-transfer-progress --batch-mode --settings etc/settings.xml -Dmaven.javadoc.skip=true -Dfmt.skip=true;
paper,knowm_XChange_maven_on_pull_request_build_all.json,xchange-gateio-v4/target/surefire-reports/,maven-surefire-plugin:3.2.5:test (default-test) @ xchange-gateio-v4,surefire:test,surefire test reports,correct,same-module,False,surefire:test,,mvn clean verify --no-transfer-progress --batch-mode --settings etc/settings.xml -Dmaven.javadoc.skip=true -Dfmt.skip=true;
paper,knowm_XChange_maven_on_pull_request_build_all.json,xchange-gateio/target/surefire-reports/,maven-surefire-plugin:3.2.5:test (default-test) @ xchange-gateio,surefire:test,surefire test reports,correct,same-module,False,surefire:test,,mvn clean verify --no-transfer-progress --batch-mode --settings etc/settings.xml -Dmaven.javadoc.skip=true -Dfmt.skip=true;
paper,knowm_XChange_maven_on_pull_request_build_all.json,xchange-ftx/target/surefire-reports/,maven-surefire-plugin:3.2.5:test (default-test) @ xchange-ftx,surefire:test,surefire test reports,correct,same-module,False,surefire:test,,mvn clean verify --no-transfer-progress --batch-mode --settings etc/settings.xml -Dmaven.javadoc.skip=true -Dfmt.skip=true;
paper,knowm_XChange_maven_on_pull_request_build_all.json,xchange-enigma/target/surefire-reports/,maven-surefire-plugin:3.2.5:test (default-test) @ xchange-enigma,surefire:test,surefire test reports,correct,same-module,False,surefire:test,,mvn clean verify --no-transfer-progress --batch-mode --settings etc/settings.xml -Dmaven.javadoc.skip=true -Dfmt.skip=true;
paper,knowm_XChange_maven_on_pull_request_build_all.json,xchange-dvchain/target/surefire-reports/,maven-surefire-plugin:3.2.5:test (default-test) @ xchange-dvchain,surefire:test,surefire test reports,correct,same-module,False,surefire:test,,mvn clean verify --no-transfer-progress --batch-mode --settings etc/settings.xml -Dmaven.javadoc.skip=true -Dfmt.skip=true;
paper,knowm_XChange_maven_on_pull_request_build_all.json,xchange-deribit/target/surefire-reports/,maven-surefire-plugin:3.2.5:test (default-test) @ xchange-deribit,surefire:test,surefire test reports,correct,same-module,False,surefire:test,,mvn clean verify --no-transfer-progress --batch-mode --settings etc/settings.xml -Dmaven.javadoc.skip=true -Dfmt.skip=true;
paper,knowm_XChange_maven_on_pull_request_build_all.json,xchange-cryptowatch/target/surefire-reports/,maven-surefire-plugin:3.2.5:test (default-test) @ xchange-cryptowatch,surefire:test,surefire test reports,correct,same-module,False,surefire:test,,mvn clean verify --no-transfer-progress --batch-mode --settings etc/settings.xml -Dmaven.javadoc.skip=true -Dfmt.skip=true;
paper,knowm_XChange_maven_on_pull_request_build_all.json,xchange-core/target/surefire-reports/,maven-surefire-plugin:3.2.5:test (default-test) @ xchange-core,surefire:test,surefire test reports,correct,same-module,False,surefire:test,,mvn clean verify --no-transfer-progress --batch-mode --settings etc/settings.xml -Dmaven.javadoc.skip=true -Dfmt.skip=true;
paper,knowm_XChange_maven_on_pull_request_build_all.json,xchange-coinone/target/surefire-reports/,maven-surefire-plugin:3.2.5:test (default-test) @ xchange-coinone,surefire:test,surefire test reports,correct,same-module,False,surefire:test,,mvn clean verify --no-transfer-progress --batch-mode --settings etc/settings.xml -Dmaven.javadoc.skip=true -Dfmt.skip=true;
paper,knowm_XChange_maven_on_pull_request_build_all.json,xchange-coinmate/target/surefire-reports/,maven-surefire-plugin:3.2.5:test (default-test) @ xchange-coinmate,surefire:test,surefire test reports,correct,same-module,False,surefire:test,,mvn clean verify --no-transfer-progress --batch-mode --settings etc/settings.xml -Dmaven.javadoc.skip=true -Dfmt.skip=true;
paper,knowm_XChange_maven_on_pull_request_build_all.json,xchange-coinmarketcap/target/surefire-reports/,maven-surefire-plugin:3.2.5:test (default-test) @ xchange-coinmarketcap,surefire:test,surefire test reports,correct,same-module,False,surefire:test,,mvn clean verify --no-transfer-progress --batch-mode --settings etc/settings.xml -Dmaven.javadoc.skip=true -Dfmt.skip=true;
paper,knowm_XChange_maven_on_pull_request_build_all.json,xchange-coinjar/target/surefire-reports/,maven-surefire-plugin:3.2.5:test (default-test) @ xchange-coinjar,surefire:test,surefire test reports,correct,same-module,False,surefire:test,,mvn clean verify --no-transfer-progress --batch-mode --settings etc/settings.xml -Dmaven.javadoc.skip=true -Dfmt.skip=true;
paper,knowm_XChange_maven_on_pull_request_build_all.json,xchange-coingi/target/surefire-reports/,maven-surefire-plugin:3.2.5:test (default-test) @ xchange-coingi,surefire:test,surefire test reports,correct,same-module,False,surefire:test,,mvn clean verify --no-transfer-progress --batch-mode --settings etc/settings.xml -Dmaven.javadoc.skip=true -Dfmt.skip=true;
paper,knowm_XChange_maven_on_pull_request_build_all.json,xchange-coinfloor/target/surefire-reports/,maven-surefire-plugin:3.2.5:test (default-test) @ xchange-coinfloor,surefire:test,surefire test reports,correct,same-module,False,surefire:test,,mvn clean verify --no-transfer-progress --batch-mode --settings etc/settings.xml -Dmaven.javadoc.skip=true -Dfmt.skip=true;
paper,knowm_XChange_maven_on_pull_request_build_all.json,xchange-coinex/target/surefire-reports/,maven-surefire-plugin:3.2.5:test (default-test) @ xchange-coinex,surefire:test,surefire test reports,correct,same-module,False,surefire:test,,mvn clean verify --no-transfer-progress --batch-mode --settings etc/settings.xml -Dmaven.javadoc.skip=true -Dfmt.skip=true;
paper,knowm_XChange_maven_on_pull_request_build_all.json,xchange-coinegg/target/surefire-reports/,maven-surefire-plugin:3.2.5:test (default-test) @ xchange-coinegg,surefire:test,surefire test reports,correct,same-module,False,surefire:test,,mvn clean verify --no-transfer-progress --batch-mode --settings etc/settings.xml -Dmaven.javadoc.skip=true -Dfmt.skip=true;
paper,knowm_XChange_maven_on_pull_request_build_all.json,xchange-coindirect/target/surefire-reports/,maven-surefire-plugin:3.2.5:test (default-test) @ xchange-coindirect,surefire:test,surefire test reports,correct,same-module,False,surefire:test,,mvn clean verify --no-transfer-progress --batch-mode --settings etc/settings.xml -Dmaven.javadoc.skip=true -Dfmt.skip=true;
paper,knowm_XChange_maven_on_pull_request_build_all.json,xchange-coindeal/target/surefire-reports/,maven-surefire-plugin:3.2.5:test (default-test) @ xchange-coindeal,surefire:test,surefire test reports,correct,same-module,False,surefire:test,,mvn clean verify --no-transfer-progress --batch-mode --settings etc/settings.xml -Dmaven.javadoc.skip=true -Dfmt.skip=true;
paper,knowm_XChange_maven_on_pull_request_build_all.json,xchange-coincheck/target/surefire-reports/,maven-surefire-plugin:3.2.5:test (default-test) @ xchange-coincheck,surefire:test,surefire test reports,correct,same-module,False,surefire:test,,mvn clean verify --no-transfer-progress --batch-mode --settings etc/settings.xml -Dmaven.javadoc.skip=true -Dfmt.skip=true;
paper,knowm_XChange_maven_on_pull_request_build_all.json,xchange-coinbasepro/target/surefire-reports/,maven-surefire-plugin:3.2.5:test (default-test) @ xchange-coinbasepro,surefire:test,surefire test reports,correct,same-module,False,surefire:test,,mvn clean verify --no-transfer-progress --batch-mode --settings etc/settings.xml -Dmaven.javadoc.skip=true -Dfmt.skip=true;
paper,knowm_XChange_maven_on_pull_request_build_all.json,xchange-coinbase/target/surefire-reports/,maven-surefire-plugin:3.2.5:test (default-test) @ xchange-coinbase,surefire:test,surefire test reports,correct,same-module,False,surefire:test,,mvn clean verify --no-transfer-progress --batch-mode --settings etc/settings.xml -Dmaven.javadoc.skip=true -Dfmt.skip=true;
paper,knowm_XChange_maven_on_pull_request_build_all.json,xchange-cexio/target/surefire-reports/,maven-surefire-plugin:3.2.5:test (default-test) @ xchange-cexio,surefire:test,surefire test reports,correct,same-module,False,surefire:test,,mvn clean verify --no-transfer-progress --batch-mode --settings etc/settings.xml -Dmaven.javadoc.skip=true -Dfmt.skip=true;
paper,knowm_XChange_maven_on_pull_request_build_all.json,xchange-ccex/target/surefire-reports/,maven-surefire-plugin:3.2.5:test (default-test) @ xchange-ccex,surefire:test,surefire test reports,correct,same-module,False,surefire:test,,mvn clean verify --no-transfer-progress --batch-mode --settings etc/settings.xml -Dmaven.javadoc.skip=true -Dfmt.skip=true;
paper,knowm_XChange_maven_on_pull_request_build_all.json,xchange-bybit/target/surefire-reports/,maven-surefire-plugin:3.2.5:test (default-test) @ xchange-bybit,surefire:test,surefire test reports,correct,same-module,False,surefire:test,,mvn clean verify --no-transfer-progress --batch-mode --settings etc/settings.xml -Dmaven.javadoc.skip=true -Dfmt.skip=true;
paper,knowm_XChange_maven_on_pull_request_build_all.json,xchange-btcturk/target/surefire-reports/,maven-surefire-plugin:3.2.5:test (default-test) @ xchange-btcturk,surefire:test,surefire test reports,correct,same-module,False,surefire:test,,mvn clean verify --no-transfer-progress --batch-mode --settings etc/settings.xml -Dmaven.javadoc.skip=true -Dfmt.skip=true;
paper,knowm_XChange_maven_on_pull_request_build_all.json,xchange-btcmarkets/target/surefire-reports/,maven-surefire-plugin:3.2.5:test (default-test) @ xchange-btcmarkets,surefire:test,surefire test reports,correct,same-module,False,surefire:test,,mvn clean verify --no-transfer-progress --batch-mode --settings etc/settings.xml -Dmaven.javadoc.skip=true -Dfmt.skip=true;
paper,knowm_XChange_maven_on_pull_request_build_all.json,xchange-btcc/target/surefire-reports/,maven-surefire-plugin:3.2.5:test (default-test) @ xchange-btcc,surefire:test,surefire test reports,correct,same-module,False,surefire:test,,mvn clean verify --no-transfer-progress --batch-mode --settings etc/settings.xml -Dmaven.javadoc.skip=true -Dfmt.skip=true;
paper,knowm_XChange_maven_on_pull_request_build_all.json,xchange-blockchain/target/surefire-reports/,maven-surefire-plugin:3.2.5:test (default-test) @ xchange-blockchain,surefire:test,surefire test reports,correct,same-module,False,surefire:test,,mvn clean verify --no-transfer-progress --batch-mode --settings etc/settings.xml -Dmaven.javadoc.skip=true -Dfmt.skip=true;
paper,knowm_XChange_maven_on_pull_request_build_all.json,xchange-bleutrade/target/surefire-reports/,maven-surefire-plugin:3.2.5:test (default-test) @ xchange-bleutrade,surefire:test,surefire test reports,correct,same-module,False,surefire:test,,mvn clean verify --no-transfer-progress --batch-mode --settings etc/settings.xml -Dmaven.javadoc.skip=true -Dfmt.skip=true;
paper,knowm_XChange_maven_on_pull_request_build_all.json,xchange-bitz/target/surefire-reports/,maven-surefire-plugin:3.2.5:test (default-test) @ xchange-bitz,surefire:test,surefire test reports,correct,same-module,False,surefire:test,,mvn clean verify --no-transfer-progress --batch-mode --settings etc/settings.xml -Dmaven.javadoc.skip=true -Dfmt.skip=true;
paper,knowm_XChange_maven_on_pull_request_build_all.json,xchange-bity/target/surefire-reports/,maven-surefire-plugin:3.2.5:test (default-test) @ xchange-bity,surefire:test,surefire test reports,correct,same-module,False,surefire:test,,mvn clean verify --no-transfer-progress --batch-mode --settings etc/settings.xml -Dmaven.javadoc.skip=true -Dfmt.skip=true;
paper,knowm_XChange_maven_on_pull_request_build_all.json,xchange-bittrex/target/surefire-reports/,maven-surefire-plugin:3.2.5:test (default-test) @ xchange-bittrex,surefire:test,surefire test reports,correct,same-module,False,surefire:test,,mvn clean verify --no-transfer-progress --batch-mode --settings etc/settings.xml -Dmaven.javadoc.skip=true -Dfmt.skip=true;
paper,knowm_XChange_maven_on_pull_request_build_all.json,xchange-bitstamp/target/surefire-reports/,maven-surefire-plugin:3.2.5:test (default-test) @ xchange-bitstamp,surefire:test,surefire test reports,correct,same-module,False,surefire:test,,mvn clean verify --no-transfer-progress --batch-mode --settings etc/settings.xml -Dmaven.javadoc.skip=true -Dfmt.skip=true;
paper,knowm_XChange_maven_on_pull_request_build_all.json,xchange-bitmex/target/surefire-reports/,maven-surefire-plugin:3.2.5:test (default-test) @ xchange-bitmex,surefire:test,surefire test reports,correct,same-module,False,surefire:test,,mvn clean verify --no-transfer-progress --batch-mode --settings etc/settings.xml -Dmaven.javadoc.skip=true -Dfmt.skip=true;
paper,knowm_XChange_maven_on_pull_request_build_all.json,xchange-bithumb/target/surefire-reports/,maven-surefire-plugin:3.2.5:test (default-test) @ xchange-bithumb,surefire:test,surefire test reports,correct,same-module,False,surefire:test,,mvn clean verify --no-transfer-progress --batch-mode --settings etc/settings.xml -Dmaven.javadoc.skip=true -Dfmt.skip=true;
paper,knowm_XChange_maven_on_pull_request_build_all.json,xchange-bitget/target/surefire-reports/,maven-surefire-plugin:3.2.5:test (default-test) @ xchange-bitget,surefire:test,surefire test reports,correct,same-module,False,surefire:test,,mvn clean verify --no-transfer-progress --batch-mode --settings etc/settings.xml -Dmaven.javadoc.skip=true -Dfmt.skip=true;
paper,knowm_XChange_maven_on_pull_request_build_all.json,xchange-bitflyer/target/surefire-reports/,maven-surefire-plugin:3.2.5:test (default-test) @ xchange-bitflyer,surefire:test,surefire test reports,correct,same-module,False,surefire:test,,mvn clean verify --no-transfer-progress --batch-mode --settings etc/settings.xml -Dmaven.javadoc.skip=true -Dfmt.skip=true;
paper,knowm_XChange_maven_on_pull_request_build_all.json,xchange-bitfinex/target/surefire-reports/,maven-surefire-plugin:3.2.5:test (default-test) @ xchange-bitfinex,surefire:test,surefire test reports,correct,same-module,False,surefire:test,,mvn clean verify --no-transfer-progress --batch-mode --settings etc/settings.xml -Dmaven.javadoc.skip=true -Dfmt.skip=true;
paper,knowm_XChange_maven_on_pull_request_build_all.json,xchange-bitcointoyou/target/surefire-reports/,maven-surefire-plugin:3.2.5:test (default-test) @ xchange-bitcointoyou,surefire:test,surefire test reports,correct,same-module,False,surefire:test,,mvn clean verify --no-transfer-progress --batch-mode --settings etc/settings.xml -Dmaven.javadoc.skip=true -Dfmt.skip=true;
paper,knowm_XChange_maven_on_pull_request_build_all.json,xchange-bitcoinde/target/surefire-reports/,maven-surefire-plugin:3.2.5:test (default-test) @ xchange-bitcoinde,surefire:test,surefire test reports,correct,same-module,False,surefire:test,,mvn clean verify --no-transfer-progress --batch-mode --settings etc/settings.xml -Dmaven.javadoc.skip=true -Dfmt.skip=true;
paper,knowm_XChange_maven_on_pull_request_build_all.json,xchange-bitcoincore/target/surefire-reports/,maven-surefire-plugin:3.2.5:test (default-test) @ xchange-bitcoincore,surefire:test,surefire test reports,correct,same-module,False,surefire:test,,mvn clean verify --no-transfer-progress --batch-mode --settings etc/settings.xml -Dmaven.javadoc.skip=true -Dfmt.skip=true;
paper,knowm_XChange_maven_on_pull_request_build_all.json,xchange-bitcoinaverage/target/surefire-reports/,maven-surefire-plugin:3.2.5:test (default-test) @ xchange-bitcoinaverage,surefire:test,surefire test reports,correct,same-module,False,surefire:test,,mvn clean verify --no-transfer-progress --batch-mode --settings etc/settings.xml -Dmaven.javadoc.skip=true -Dfmt.skip=true;
paper,knowm_XChange_maven_on_pull_request_build_all.json,xchange-bitbay/target/surefire-reports/,maven-surefire-plugin:3.2.5:test (default-test) @ xchange-bitbay,surefire:test,surefire test reports,correct,same-module,False,surefire:test,,mvn clean verify --no-transfer-progress --batch-mode --settings etc/settings.xml -Dmaven.javadoc.skip=true -Dfmt.skip=true;
paper,knowm_XChange_maven_on_pull_request_build_all.json,xchange-binance/target/surefire-reports/,maven-surefire-plugin:3.2.5:test (default-test) @ xchange-binance,surefire:test,surefire test reports,correct,same-module,False,surefire:test,,mvn clean verify --no-transfer-progress --batch-mode --settings etc/settings.xml -Dmaven.javadoc.skip=true -Dfmt.skip=true;
paper,knowm_XChange_maven_on_pull_request_build_all.json,xchange-bibox/target/surefire-reports/,maven-surefire-plugin:3.2.5:test (default-test) @ xchange-bibox,surefire:test,surefire test reports,correct,same-module,False,surefire:test,,mvn clean verify --no-transfer-progress --batch-mode --settings etc/settings.xml -Dmaven.javadoc.skip=true -Dfmt.skip=true;
paper,knowm_XChange_maven_on_pull_request_build_all.json,xchange-ascendex/target/surefire-reports/,maven-surefire-plugin:3.2.5:test (default-test) @ xchange-ascendex,surefire:test,surefire test reports,correct,same-module,False,surefire:test,,mvn clean verify --no-transfer-progress --batch-mode --settings etc/settings.xml -Dmaven.javadoc.skip=true -Dfmt.skip=true;
paper,LibrePDF_OpenPDF_maven_build_all.json,pdf-toolbox/target/surefire-reports/,maven-surefire-plugin:3.3.0:test (default-test) @ pdf-toolbox,surefire:test,surefire test reports,correct,same-module,False,surefire:test,,mvn -B install --file pom.xml
paper,LibrePDF_OpenPDF_maven_build_all.json,openpdf-fonts-extra/target/surefire-reports/,maven-surefire-plugin:3.3.0:test (default-test) @ openpdf-fonts-extra,surefire:test,surefire test reports,correct,same-module,False,surefire:test,,mvn -B install --file pom.xml
paper,LibrePDF_OpenPDF_maven_build_all.json,openpdf/target/surefire-reports/,maven-surefire-plugin:3.3.0:test (default-test) @ openpdf,surefire:test,surefire test reports,correct,same-module,False,surefire:test,,mvn -B install --file pom.xml
paper,linlinjava_litemall_main_Litemall-all (11.0.3)_all.json,litemall-wx-api/target/maven-status/,maven-compiler-plugin:3.1:compile (default-compile) @ litemall-wx-api,compiler,compiler state (parent dir),correct,same-module,False,compiler:compile,,mvn --batch-mode --update-snapshots verify
paper,"mybatis_spring-boot-starter_ci_test (maven, temurin, 17, ubuntu-latest)_all.json",mybatis-spring-boot-samples/mybatis-spring-boot-sample-xml/target/surefire-reports/,surefire:3.3.1:test (default-test) @ mybatis-spring-boot-sample-xml,surefire:test,surefire test reports,correct,same-module,False,surefire:test,,"./mvnw test -B -V --no-transfer-progress -D""license.skip=true"""
paper,"mybatis_spring-boot-starter_ci_test (maven, temurin, 21, ubuntu-latest)_all.json",mybatis-spring-boot-samples/mybatis-spring-boot-sample-xml/target/surefire-reports/,surefire:3.3.1:test (default-test) @ mybatis-spring-boot-sample-xml,surefire:test,surefire test reports,correct,same-module,False,surefire:test,,"./mvnw test -B -V --no-transfer-progress -D""license.skip=true"""
paper,"mybatis_spring-boot-starter_ci_test (maven, temurin, 22, ubuntu-latest)_all.json",mybatis-spring-boot-samples/mybatis-spring-boot-sample-xml/target/surefire-reports/,surefire:3.3.1:test (default-test) @ mybatis-spring-boot-sample-xml,surefire:test,surefire test reports,correct,same-module,False,surefire:test,,"./mvnw test -B -V --no-transfer-progress -D""license.skip=true"""
paper,"mybatis_spring-boot-starter_ci_test (maven, temurin, 23-ea, ubuntu-latest)_all.json",mybatis-spring-boot-samples/mybatis-spring-boot-sample-xml/target/surefire-reports/,surefire:3.3.1:test (default-test) @ mybatis-spring-boot-sample-xml,surefire:test,surefire test reports,correct,same-module,False,surefire:test,,"./mvnw test -B -V --no-transfer-progress -D""license.skip=true"""
paper,Nepxion_Discovery_maven_build_all.json,discovery-plugin-framework/discovery-plugin-framework-starter/target/surefire-reports/,maven-surefire-plugin:2.12.4:test (default-test) @ discovery-plugin-framework-starter,surefire:test,surefire test reports,correct,same-module,False,surefire:test,,mvn -B package --file pom.xml
paper,Nepxion_Discovery_maven_build_all.json,discovery-commons/discovery-common/target/surefire-reports/,maven-surefire-plugin:2.12.4:test (default-test) @ discovery-common,surefire:test,surefire test reports,correct,same-module,False,surefire:test,,mvn -B package --file pom.xml
paper,Nepxion_Discovery_maven_build_all.json,discovery-springcloud-examples/discovery-springcloud-example-eureka/target/maven-status/,maven-compiler-plugin:3.1:compile (default-compile) @ discovery-springcloud-example-eureka,compiler,compiler state (parent dir),correct,same-module,False,compiler:compile,,mvn -B package --file pom.xml
paper,Nepxion_Discovery_maven_build_all.json,discovery-console/discovery-console-starter-redis/target/maven-status/,maven-compiler-plugin:3.1:compile (default-compile) @ discovery-console-starter-redis,compiler,compiler state (parent dir),correct,same-module,False,compiler:compile,,mvn -B package --file pom.xml
paper,netty_netty_codeql-analysis_analyze (cpp)_all.json,common/target/maven-status/,compiler:3.8.0:compile (default-compile) @ netty-common,compiler,compiler state (parent dir),correct,same-module,False,compiler:compile,,./mvnw -B -ntp clean package -DskipTests=true
paper,OpenRefine_OpenRefine_pull_request_server_linux_server_tests (21)_all.json,extensions/wikibase/target/surefire-reports/,maven-surefire-plugin:3.5.0:test (default-test) @ wikibase,surefire:test,surefire test reports,correct,same-module,False,surefire:test,,mvn -B jacoco:prepare-agent test jacoco:report
paper,OpenRefine_OpenRefine_pull_request_server_linux_server_tests (21)_all.json,extensions/jython/target/surefire-reports/,maven-surefire-plugin:3.5.0:test (default-test) @ jython,surefire:test,surefire test reports,correct,same-module,False,surefire:test,,mvn -B jacoco:prepare-agent test jacoco:report
paper,OpenRefine_OpenRefine_pull_request_server_linux_server_tests (21)_all.json,modules/grel/target/surefire-reports/,maven-surefire-plugin:3.5.0:test (default-test) @ grel,surefire:test,surefire test reports,correct,same-module,False,surefire:test,,mvn -B jacoco:prepare-agent test jacoco:report
paper,OpenRefine_OpenRefine_pull_request_server_linux_server_tests (21)_all.json,extensions/gdata/target/surefire-reports/,maven-surefire-plugin:3.5.0:test (default-test) @ gdata,surefire:test,surefire test reports,correct,same-module,False,surefire:test,,mvn -B jacoco:prepare-agent test jacoco:report
paper,quarkusio_quarkus_codeql-analysis_analyze (java)_all.json,integration-tests/hibernate-orm-panache/target/test-classes/,compiler:3.13.0:testCompile (default-testCompile) @ quarkus-integration-test-hibernate-orm-panache,compiler/resources:testCompile|testResources,test classes,correct,same-module,False,compiler:testCompile,,./mvnw -B --settings .github/mvn-settings.xml -Dquickly-ci install
paper,redis_jedis_doctests_doctests_all.json,target/surefire-reports/,maven-surefire-plugin:3.5.0:test (default-test) @ jedis,surefire:test,surefire test reports,correct,n/a,False,surefire:test,,mvn -Pdoctests test 
paper,"rest-assured_rest-assured_ci_test (ubuntu-latest, 8)_all.json",xml-path/target/surefire-reports/,maven-surefire-plugin:2.22.0:test (default-test) @ xml-path,surefire:test,surefire test reports,correct,same-module,False,surefire:test,,mvn verify -B
paper,"rest-assured_rest-assured_ci_test (ubuntu-latest, 8)_all.json",modules/spring-web-test-client-kotlin-extensions/target/surefire-reports/,maven-surefire-plugin:2.22.0:test (default-test) @ spring-web-test-client-kotlin-extensions,surefire:test,surefire test reports,correct,same-module,False,surefire:test,,mvn verify -B
paper,"rest-assured_rest-assured_ci_test (ubuntu-latest, 8)_all.json",modules/spring-web-test-client/target/surefire-reports/,maven-surefire-plugin:2.22.0:test (default-test) @ spring-web-test-client,surefire:test,surefire test reports,correct,same-module,False,surefire:test,,mvn verify -B
paper,"rest-assured_rest-assured_ci_test (ubuntu-latest, 8)_all.json",examples/spring-mvc-webapp/target/surefire-reports/,maven-surefire-plugin:2.22.0:test (default-test) @ spring-mvc-webapp,surefire:test,surefire test reports,correct,same-module,False,surefire:test,,mvn verify -B
paper,"rest-assured_rest-assured_ci_test (ubuntu-latest, 8)_all.json",modules/spring-mock-mvc/target/surefire-reports/,maven-surefire-plugin:2.22.0:test (default-test) @ spring-mock-mvc,surefire:test,surefire test reports,correct,same-module,False,surefire:test,,mvn verify -B
paper,"rest-assured_rest-assured_ci_test (ubuntu-latest, 8)_all.json",modules/scala-support/target/surefire-reports/,maven-surefire-plugin:2.22.0:test (default-test) @ scala-support,surefire:test,surefire test reports,correct,same-module,False,surefire:test,,mvn verify -B
paper,"rest-assured_rest-assured_ci_test (ubuntu-latest, 8)_all.json",examples/scala-example/target/surefire-reports/,maven-surefire-plugin:2.22.0:test (default-test) @ scala-example,surefire:test,surefire test reports,correct,same-module,False,surefire:test,,mvn verify -B
paper,"rest-assured_rest-assured_ci_test (ubuntu-latest, 8)_all.json",rest-assured-common/target/surefire-reports/,maven-surefire-plugin:2.22.0:test (default-test) @ rest-assured-common,surefire:test,surefire test reports,correct,same-module,False,surefire:test,,mvn verify -B
paper,"rest-assured_rest-assured_ci_test (ubuntu-latest, 8)_all.json",rest-assured/target/surefire-reports/,maven-surefire-plugin:2.22.0:test (default-test) @ rest-assured,surefire:test,surefire test reports,correct,same-module,False,surefire:test,,mvn verify -B
paper,"rest-assured_rest-assured_ci_test (ubuntu-latest, 8)_all.json",json-path/target/surefire-reports/,maven-surefire-plugin:2.22.0:test (default-test) @ json-path,surefire:test,surefire test reports,correct,same-module,False,surefire:test,,mvn verify -B
paper,socketio_socket.io-client-java_ci_verify (11)_all.json,target/surefire-reports/,maven-surefire-plugin:2.19.1:test (default-test) @ socket.io-client,surefire:test,surefire test reports,correct,n/a,False,surefire:test,,mvn verify -Dgpg.skip=true
paper,socketio_socket.io-client-java_ci_verify (7)_all.json,target/surefire-reports/,maven-surefire-plugin:2.19.1:test (default-test) @ socket.io-client,surefire:test,surefire test reports,correct,n/a,False,surefire:test,,mvn verify -Dgpg.skip=true
paper,socketio_socket.io-client-java_ci_verify (8)_all.json,target/surefire-reports/,maven-surefire-plugin:2.19.1:test (default-test) @ socket.io-client,surefire:test,surefire test reports,correct,n/a,False,surefire:test,,mvn verify -Dgpg.skip=true
paper,sofastack_sofa-jraft_build_test_jraft_core_all.json,jraft-core/target/surefire-reports/,maven-surefire-plugin:2.12.4:test (default-test) @ jraft-core,surefire:test,surefire test reports,correct,same-module,False,surefire:test,,mvn clean install -DskipTests=true -Dmaven.javadoc.skip=true -B -V && (mvn --projects jraft-core test || mvn --projects jraft-core test || mvn --projects jraft-core test)
paper,sofastack_sofa-jraft_build_test_rheakv_core_all.json,jraft-rheakv/rheakv-core/target/surefire-reports/,maven-surefire-plugin:2.12.4:test (default-test) @ jraft-rheakv-core,surefire:test,surefire test reports,correct,same-module,False,surefire:test,,mvn clean install -DskipTests=true -Dmaven.javadoc.skip=true -B -V && (mvn --projects jraft-rheakv/rheakv-core test || mvn --projects jraft-rheakv/rheakv-core test || mvn --projects jraft-rheakv/rheak
paper,sofastack_sofa-jraft_build_test_rheakv_pd_all.json,jraft-rheakv/rheakv-pd/target/surefire-reports/,maven-surefire-plugin:2.12.4:test (default-test) @ jraft-rheakv-pd,surefire:test,surefire test reports,correct,same-module,False,surefire:test,,mvn clean install -DskipTests=true -Dmaven.javadoc.skip=true -B -V && (mvn --projects jraft-rheakv/rheakv-pd test || mvn --projects jraft-rheakv/rheakv-pd test || mvn --projects jraft-rheakv/rheakv-pd
paper,sofastack_sofa-jraft_build_test_rpc_grpc_impl_all.json,jraft-extension/rpc-grpc-impl/target/surefire-reports/,maven-surefire-plugin:2.12.4:test (default-test) @ rpc-grpc-impl,surefire:test,surefire test reports,correct,same-module,False,surefire:test,,mvn clean install -DskipTests=true -Dmaven.javadoc.skip=true -B -V && (mvn --projects jraft-extension/rpc-grpc-impl test || mvn --projects jraft-extension/rpc-grpc-impl test || mvn --projects jraft-ex
paper,spring-cloud_spring-cloud-netflix_maven_build (17)_all.json,spring-cloud-netflix-eureka-server/target/surefire-reports/,surefire:2.22.2:test (default-test) @ spring-cloud-netflix-eureka-server,surefire:test,surefire test reports,correct,same-module,False,surefire:test,,./mvnw clean install -B -U -P sonar
paper,spring-cloud_spring-cloud-netflix_maven_build (17)_all.json,spring-cloud-netflix-eureka-client-tls-tests/target/surefire-reports/,surefire:2.22.2:test (default-test) @ spring-cloud-netflix-eureka-client-tls-tests,surefire:test,surefire test reports,correct,same-module,False,surefire:test,,./mvnw clean install -B -U -P sonar
paper,spring-cloud_spring-cloud-netflix_maven_build (17)_all.json,spring-cloud-netflix-eureka-client/target/surefire-reports/,surefire:2.22.2:test (default-test) @ spring-cloud-netflix-eureka-client,surefire:test,surefire test reports,correct,same-module,False,surefire:test,,./mvnw clean install -B -U -P sonar
paper,spring-cloud_spring-cloud-netflix_maven_build (17)_all.json,spring-cloud-netflix-eureka-client/target/javadoc-bundle-options/,javadoc:3.10.1:jar (javadoc) @ spring-cloud-netflix-eureka-client,javadoc,javadoc options bundle,correct,same-module,False,javadoc:jar,,./mvnw clean install -B -U -P sonar
paper,spring-io_initializr_build-pull-request_build_all.json,initializr-web/target/surefire-reports/,surefire:3.2.5:test (default-test) @ initializr-web,surefire:test,surefire test reports,correct,same-module,False,surefire:test,,./mvnw --batch-mode --update-snapshots verify
paper,spring-io_initializr_build-pull-request_build_all.json,initializr-version-resolver/target/surefire-reports/,surefire:3.2.5:test (default-test) @ initializr-version-resolver,surefire:test,surefire test reports,correct,same-module,False,surefire:test,,./mvnw --batch-mode --update-snapshots verify
paper,spring-io_initializr_build-pull-request_build_all.json,initializr-metadata/target/surefire-reports/,surefire:3.2.5:test (default-test) @ initializr-metadata,surefire:test,surefire test reports,correct,same-module,False,surefire:test,,./mvnw --batch-mode --update-snapshots verify
paper,spring-io_initializr_build-pull-request_build_all.json,initializr-generator-test/target/surefire-reports/,surefire:3.2.5:test (default-test) @ initializr-generator-test,surefire:test,surefire test reports,correct,same-module,False,surefire:test,,./mvnw --batch-mode --update-snapshots verify
paper,spring-io_initializr_build-pull-request_build_all.json,initializr-generator-spring/target/surefire-reports/,surefire:3.2.5:test (default-test) @ initializr-generator-spring,surefire:test,surefire test reports,correct,same-module,False,surefire:test,,./mvnw --batch-mode --update-snapshots verify
paper,spring-io_initializr_build-pull-request_build_all.json,initializr-generator/target/surefire-reports/,surefire:3.2.5:test (default-test) @ initializr-generator,surefire:test,surefire test reports,correct,same-module,False,surefire:test,,./mvnw --batch-mode --update-snapshots verify
paper,spring-io_initializr_build-pull-request_build_all.json,initializr-actuator/target/surefire-reports/,surefire:3.2.5:test (default-test) @ initializr-actuator,surefire:test,surefire test reports,correct,same-module,False,surefire:test,,./mvnw --batch-mode --update-snapshots verify
paper,"Tencent_spring-cloud-tencent_junit_test17_build (17, ubuntu-latest)_all.json",spring-cloud-tencent-plugin-starters/spring-cloud-starter-tencent-threadlocal-plugin/target/surefire-reports/,maven-surefire-plugin:2.22.2:test (default-test) @ spring-cloud-starter-tencent-threadlocal-plugin,surefire:test,surefire test reports,correct,same-module,False,surefire:test,,mvn clean test -f pom.xml -B -P sonatype -U
paper,TheAlgorithms_Java_infer_run_infer_all.json,target/surefire-reports/,maven-surefire-plugin:3.5.0:test (default-test) @ Java,surefire:test,surefire test reports,correct,n/a,False,surefire:test,,mvn clean infer --fail-on-issue  --print-logs --no-progress-bar -- mvn test 
paper,torakiki_pdfsam_build_build (21)_all.json,pdfsam-ui-components/target/surefire-reports/,maven-surefire-plugin:3.5.0:test (default-test) @ pdfsam-ui-components,surefire:test,surefire test reports,correct,same-module,False,surefire:test,,xvfb-run mvn -Djava.awt.headless=true -Dtestfx.robot=glass -Dtestfx.headless=true -Dprism.order=sw --batch-mode --update-snapshots verify
paper,torakiki_pdfsam_build_build (21)_all.json,pdfsam-tools/pdfsam-split-by-size/target/surefire-reports/,maven-surefire-plugin:3.5.0:test (default-test) @ pdfsam-split-by-size,surefire:test,surefire test reports,correct,same-module,False,surefire:test,,xvfb-run mvn -Djava.awt.headless=true -Dtestfx.robot=glass -Dtestfx.headless=true -Dprism.order=sw --batch-mode --update-snapshots verify
paper,torakiki_pdfsam_build_build (21)_all.json,pdfsam-tools/pdfsam-split-by-bookmarks/target/surefire-reports/,maven-surefire-plugin:3.5.0:test (default-test) @ pdfsam-split-by-bookmarks,surefire:test,surefire test reports,correct,same-module,False,surefire:test,,xvfb-run mvn -Djava.awt.headless=true -Dtestfx.robot=glass -Dtestfx.headless=true -Dprism.order=sw --batch-mode --update-snapshots verify
paper,torakiki_pdfsam_build_build (21)_all.json,pdfsam-tools/pdfsam-simple-split/target/surefire-reports/,maven-surefire-plugin:3.5.0:test (default-test) @ pdfsam-simple-split,surefire:test,surefire test reports,correct,same-module,False,surefire:test,,xvfb-run mvn -Djava.awt.headless=true -Dtestfx.robot=glass -Dtestfx.headless=true -Dprism.order=sw --batch-mode --update-snapshots verify
paper,torakiki_pdfsam_build_build (21)_all.json,pdfsam-service/target/surefire-reports/,maven-surefire-plugin:3.5.0:test (default-test) @ pdfsam-service,surefire:test,surefire test reports,correct,same-module,False,surefire:test,,xvfb-run mvn -Djava.awt.headless=true -Dtestfx.robot=glass -Dtestfx.headless=true -Dprism.order=sw --batch-mode --update-snapshots verify
paper,torakiki_pdfsam_build_build (21)_all.json,pdfsam-tools/pdfsam-rotate/target/surefire-reports/,maven-surefire-plugin:3.5.0:test (default-test) @ pdfsam-rotate,surefire:test,surefire test reports,correct,same-module,False,surefire:test,,xvfb-run mvn -Djava.awt.headless=true -Dtestfx.robot=glass -Dtestfx.headless=true -Dprism.order=sw --batch-mode --update-snapshots verify
paper,torakiki_pdfsam_build_build (21)_all.json,pdfsam-persistence/target/surefire-reports/,maven-surefire-plugin:3.5.0:test (default-test) @ pdfsam-persistence,surefire:test,surefire test reports,correct,same-module,False,surefire:test,,xvfb-run mvn -Djava.awt.headless=true -Dtestfx.robot=glass -Dtestfx.headless=true -Dprism.order=sw --batch-mode --update-snapshots verify
paper,torakiki_pdfsam_build_build (21)_all.json,pdfsam-model/target/surefire-reports/,maven-surefire-plugin:3.5.0:test (default-test) @ pdfsam-model,surefire:test,surefire test reports,correct,same-module,False,surefire:test,,xvfb-run mvn -Djava.awt.headless=true -Dtestfx.robot=glass -Dtestfx.headless=true -Dprism.order=sw --batch-mode --update-snapshots verify
paper,torakiki_pdfsam_build_build (21)_all.json,pdfsam-tools/pdfsam-merge/target/surefire-reports/,maven-surefire-plugin:3.5.0:test (default-test) @ pdfsam-merge,surefire:test,surefire test reports,correct,same-module,False,surefire:test,,xvfb-run mvn -Djava.awt.headless=true -Dtestfx.robot=glass -Dtestfx.headless=true -Dprism.order=sw --batch-mode --update-snapshots verify
paper,torakiki_pdfsam_build_build (21)_all.json,pdfsam-i18n/target/surefire-reports/,maven-surefire-plugin:3.5.0:test (default-test) @ pdfsam-i18n,surefire:test,surefire test reports,correct,same-module,False,surefire:test,,xvfb-run mvn -Djava.awt.headless=true -Dtestfx.robot=glass -Dtestfx.headless=true -Dprism.order=sw --batch-mode --update-snapshots verify
paper,torakiki_pdfsam_build_build (21)_all.json,pdfsam-gui/target/surefire-reports/,maven-surefire-plugin:3.5.0:test (default-test) @ pdfsam-gui,surefire:test,surefire test reports,correct,same-module,False,surefire:test,,xvfb-run mvn -Djava.awt.headless=true -Dtestfx.robot=glass -Dtestfx.headless=true -Dprism.order=sw --batch-mode --update-snapshots verify
paper,torakiki_pdfsam_build_build (21)_all.json,pdfsam-tools/pdfsam-extract/target/surefire-reports/,maven-surefire-plugin:3.5.0:test (default-test) @ pdfsam-extract,surefire:test,surefire test reports,correct,same-module,False,surefire:test,,xvfb-run mvn -Djava.awt.headless=true -Dtestfx.robot=glass -Dtestfx.headless=true -Dprism.order=sw --batch-mode --update-snapshots verify
paper,torakiki_pdfsam_build_build (21)_all.json,pdfsam-core/target/surefire-reports/,maven-surefire-plugin:3.5.0:test (default-test) @ pdfsam-core,surefire:test,surefire test reports,correct,same-module,False,surefire:test,,xvfb-run mvn -Djava.awt.headless=true -Dtestfx.robot=glass -Dtestfx.headless=true -Dprism.order=sw --batch-mode --update-snapshots verify
paper,torakiki_pdfsam_build_build (21)_all.json,pdfsam-basic/target/surefire-reports/,maven-surefire-plugin:3.5.0:test (default-test) @ pdfsam-basic,surefire:test,surefire test reports,correct,same-module,False,surefire:test,,xvfb-run mvn -Djava.awt.headless=true -Dtestfx.robot=glass -Dtestfx.headless=true -Dprism.order=sw --batch-mode --update-snapshots verify
paper,torakiki_pdfsam_build_build (21)_all.json,pdfsam-tools/pdfsam-backpages/target/surefire-reports/,maven-surefire-plugin:3.5.0:test (default-test) @ pdfsam-backpages,surefire:test,surefire test reports,correct,same-module,False,surefire:test,,xvfb-run mvn -Djava.awt.headless=true -Dtestfx.robot=glass -Dtestfx.headless=true -Dprism.order=sw --batch-mode --update-snapshots verify
