2026-09-04T07:38:25.023098Z;/home/runner/work/gson/gson;;IN_ACCESS,IN_ISDIR
2026-09-04T07:38:25.027710Z;/home/runner/work/gson/gson;.git;IN_CREATE,IN_ISDIR
2026-09-04T07:38:25.028303Z;/home/runner/work/gson/gson;.git;IN_ACCESS,IN_ISDIR
2026-09-04T07:38:25.028935Z;/home/runner/work/gson/gson/.git;hooks;IN_CREATE,IN_ISDIR
2026-09-04T07:38:25.029369Z;/home/runner/work/gson/gson/.git;hooks;IN_ACCESS,IN_ISDIR
2026-09-04T07:38:25.029849Z;/home/runner/work/gson/gson/.git/hooks;applypatch-msg.sample;IN_CREATE
2026-09-04T07:38:25.030256Z;/home/runner/work/gson/gson/.git/hooks;pre-push.sample;IN_CREATE
2026-09-04T07:38:25.030762Z;/home/runner/work/gson/gson/.git/hooks;pre-commit.sample;IN_CREATE
2026-09-04T07:38:25.031170Z;/home/runner/work/gson/gson/.git/hooks;pre-applypatch.sample;IN_CREATE
2026-09-04T07:38:25.031647Z;/home/runner/work/gson/gson/.git/hooks;pre-receive.sample;IN_CREATE
2026-09-04T07:38:25.032065Z;/home/runner/work/gson/gson/.git/hooks;post-update.sample;IN_CREATE
2026-09-04T07:38:25.032632Z;/home/runner/work/gson/gson/.git/hooks;fsmonitor-watchman.sample;IN_CREATE
2026-09-04T07:38:25.033264Z;/home/runner/work/gson/gson/.git/hooks;sendemail-validate.sample;IN_CREATE
2026-09-04T07:38:25.034634Z;/home/runner/work/gson/gson/.git/hooks;update.sample;IN_CREATE
2026-09-04T07:38:25.035309Z;/home/runner/work/gson/gson/.git/hooks;commit-msg.sample;IN_CREATE
2026-09-04T07:38:25.035778Z;/home/runner/work/gson/gson/.git/hooks;prepare-commit-msg.sample;IN_CREATE
2026-09-04T07:38:25.036515Z;/home/runner/work/gson/gson/.git/hooks;pre-rebase.sample;IN_CREATE
2026-09-04T07:38:25.037167Z;/home/runner/work/gson/gson/.git;info;IN_CREATE,IN_ISDIR
2026-09-04T07:38:25.037608Z;/home/runner/work/gson/gson/.git;description;IN_CREATE
2026-09-04T07:38:25.038050Z;/home/runner/work/gson/gson/.git;config.lock;IN_CREATE
2026-09-04T07:38:25.038507Z;/home/runner/work/gson/gson/.git;config;IN_ACCESS
2026-09-04T07:38:25.039078Z;/home/runner/work/gson/gson/.git;config.lock;IN_CREATE
2026-09-04T07:38:25.039483Z;/home/runner/work/gson/gson/.git;config;IN_ACCESS
2026-09-04T07:38:25.040629Z;/home/runner/work/gson/gson/.git;config.lock;IN_CREATE
2026-09-04T07:38:25.041014Z;/home/runner/work/gson/gson/.git;config;IN_ACCESS
2026-09-04T07:38:25.041466Z;/home/runner/work/gson/gson/.git;config.lock;IN_CREATE
2026-09-04T07:38:25.041858Z;/home/runner/work/gson/gson/.git;config;IN_ACCESS
2026-09-04T07:38:25.042277Z;/home/runner/work/gson/gson/.git;tKzWSlu;IN_CREATE
2026-09-04T07:38:25.042783Z;/home/runner/work/gson/gson/.git;tKzWSlu;IN_DELETE
2026-09-04T07:38:25.043235Z;/home/runner/work/gson/gson/.git;tKzWSlu;IN_CREATE
2026-09-04T07:38:25.043675Z;/home/runner/work/gson/gson/.git;tKzWSlu;IN_DELETE
2026-09-04T07:38:25.044262Z;/home/runner/work/gson/gson/.git;refs;IN_CREATE,IN_ISDIR
2026-09-04T07:38:25.045288Z;/home/runner/work/gson/gson/.git;HEAD.lock;IN_CREATE
2026-09-04T07:38:25.045929Z;/home/runner/work/gson/gson/.git;objects;IN_CREATE,IN_ISDIR
2026-09-04T07:38:25.046501Z;/home/runner/work/gson/gson/.git;info;IN_ACCESS,IN_ISDIR
2026-09-04T07:38:25.047610Z;/home/runner/work/gson/gson/.git;HEAD;IN_ACCESS
2026-09-04T07:38:25.048050Z;/home/runner/work/gson/gson/.git;config;IN_ACCESS
2026-09-04T07:38:25.048476Z;/home/runner/work/gson/gson/.git;HEAD;IN_ACCESS
2026-09-04T07:38:25.049045Z;/home/runner/work/gson/gson/.git;config.lock;IN_CREATE
2026-09-04T07:38:25.049586Z;/home/runner/work/gson/gson/.git;config;IN_ACCESS
2026-09-04T07:38:25.050133Z;/home/runner/work/gson/gson/.git;config.lock;IN_CREATE
2026-09-04T07:38:25.051615Z;/home/runner/work/gson/gson/.git;config;IN_ACCESS
2026-09-04T07:38:25.052394Z;/home/runner/work/gson/gson/.git;refs;IN_ACCESS,IN_ISDIR
2026-09-04T07:38:25.052954Z;/home/runner/work/gson/gson/.git;objects;IN_ACCESS,IN_ISDIR
2026-09-04T07:38:25.053520Z;/home/runner/work/gson/gson/.git;HEAD;IN_ACCESS
2026-09-04T07:38:25.053915Z;/home/runner/work/gson/gson/.git;config;IN_ACCESS
2026-09-04T07:38:25.054424Z;/home/runner/work/gson/gson/.git;config.lock;IN_CREATE
2026-09-04T07:38:25.054939Z;/home/runner/work/gson/gson/.git;config;IN_ACCESS
2026-09-04T07:38:25.055384Z;/home/runner/work/gson/gson/.git;HEAD;IN_ACCESS
2026-09-04T07:38:25.056018Z;/home/runner/work/gson/gson/.git;config;IN_ACCESS
2026-09-04T07:38:25.058775Z;/home/runner/work/gson/gson/.git;HEAD;IN_ACCESS
2026-09-04T07:38:25.059281Z;/home/runner/work/gson/gson/.git;config;IN_ACCESS
2026-09-04T07:38:25.059772Z;/home/runner/work/gson/gson/.git;config;IN_ACCESS
2026-09-04T07:38:25.082235Z;/home/runner/work/gson/gson/.git;HEAD;IN_ACCESS
2026-09-04T07:38:25.083015Z;/home/runner/work/gson/gson/.git;config;IN_ACCESS
2026-09-04T07:38:25.083505Z;/home/runner/work/gson/gson/.git;config;IN_ACCESS
2026-09-04T07:38:25.085330Z;/home/runner/work/gson/gson/.git;HEAD;IN_ACCESS
2026-09-04T07:38:25.085770Z;/home/runner/work/gson/gson/.git;config;IN_ACCESS
2026-09-04T07:38:25.086908Z;/home/runner/work/gson/gson/.git;HEAD;IN_ACCESS
2026-09-04T07:38:25.087319Z;/home/runner/work/gson/gson/.git;config;IN_ACCESS
2026-09-04T07:38:25.088421Z;/home/runner/work/gson/gson/.git;HEAD;IN_ACCESS
2026-09-04T07:38:25.088833Z;/home/runner/work/gson/gson/.git;config;IN_ACCESS
2026-09-04T07:38:25.089992Z;/home/runner/work/gson/gson/.git;HEAD;IN_ACCESS
2026-09-04T07:38:25.090489Z;/home/runner/work/gson/gson/.git;config;IN_ACCESS
2026-09-04T07:38:25.093542Z;/home/runner/work/gson/gson/.git;HEAD;IN_ACCESS
2026-09-04T07:38:25.094103Z;/home/runner/work/gson/gson/.git;config;IN_ACCESS
2026-09-04T07:38:25.098326Z;/home/runner/work/gson/gson/.git;HEAD;IN_ACCESS
2026-09-04T07:38:25.100085Z;/home/runner/work/gson/gson/.git;config;IN_ACCESS
2026-09-04T07:38:25.100670Z;/home/runner/work/gson/gson/.git;config;IN_ACCESS
2026-09-04T07:38:25.102233Z;/home/runner/work/gson/gson/.git;HEAD;IN_ACCESS
2026-09-04T07:38:25.102635Z;/home/runner/work/gson/gson/.git;config;IN_ACCESS
2026-09-04T07:38:25.103012Z;/home/runner/work/gson/gson/.git;config;IN_ACCESS
2026-09-04T07:38:25.112894Z;/home/runner/work/gson/gson/.git;HEAD;IN_ACCESS
2026-09-04T07:38:25.113389Z;/home/runner/work/gson/gson/.git;config;IN_ACCESS
2026-09-04T07:38:25.113883Z;/home/runner/work/gson/gson/.git;config;IN_ACCESS
2026-09-04T07:38:25.114750Z;/home/runner/work/gson/gson/.git;HEAD;IN_ACCESS
2026-09-04T07:38:25.115455Z;/home/runner/work/gson/gson/.git;config;IN_ACCESS
2026-09-04T07:38:25.116184Z;/home/runner/work/gson/gson/.git;HEAD;IN_ACCESS
2026-09-04T07:38:25.116626Z;/home/runner/work/gson/gson/.git;config;IN_ACCESS
2026-09-04T07:38:25.117664Z;/home/runner/work/gson/gson/.git;HEAD;IN_ACCESS
2026-09-04T07:38:25.118076Z;/home/runner/work/gson/gson/.git;config;IN_ACCESS
2026-09-04T07:38:25.119151Z;/home/runner/work/gson/gson/.git;HEAD;IN_ACCESS
2026-09-04T07:38:25.119610Z;/home/runner/work/gson/gson/.git;config;IN_ACCESS
2026-09-04T07:38:25.122210Z;/home/runner/work/gson/gson/.git;HEAD;IN_ACCESS
2026-09-04T07:38:25.122728Z;/home/runner/work/gson/gson/.git;config;IN_ACCESS
2026-09-04T07:38:25.126708Z;/home/runner/work/gson/gson/.git;HEAD;IN_ACCESS
2026-09-04T07:38:25.128037Z;/home/runner/work/gson/gson/.git;config;IN_ACCESS
2026-09-04T07:38:25.131087Z;/home/runner/work/gson/gson/.git;HEAD;IN_ACCESS
2026-09-04T07:38:25.131633Z;/home/runner/work/gson/gson/.git;config;IN_ACCESS
2026-09-04T07:38:25.132211Z;/home/runner/work/gson/gson/.git;config;IN_ACCESS
2026-09-04T07:38:25.141873Z;/home/runner/work/gson/gson/.git;HEAD;IN_ACCESS
2026-09-04T07:38:25.142463Z;/home/runner/work/gson/gson/.git;config;IN_ACCESS
2026-09-04T07:38:25.142906Z;/home/runner/work/gson/gson/.git;config;IN_ACCESS
2026-09-04T07:38:25.143628Z;/home/runner/work/gson/gson/.git;HEAD;IN_ACCESS
2026-09-04T07:38:25.144009Z;/home/runner/work/gson/gson/.git;config;IN_ACCESS
2026-09-04T07:38:25.145087Z;/home/runner/work/gson/gson/.git;HEAD;IN_ACCESS
2026-09-04T07:38:25.145444Z;/home/runner/work/gson/gson/.git;config;IN_ACCESS
2026-09-04T07:38:25.146632Z;/home/runner/work/gson/gson/.git;HEAD;IN_ACCESS
2026-09-04T07:38:25.147065Z;/home/runner/work/gson/gson/.git;config;IN_ACCESS
2026-09-04T07:38:25.148088Z;/home/runner/work/gson/gson/.git;HEAD;IN_ACCESS
2026-09-04T07:38:25.148647Z;/home/runner/work/gson/gson/.git;config;IN_ACCESS
2026-09-04T07:38:25.151172Z;/home/runner/work/gson/gson/.git;HEAD;IN_ACCESS
2026-09-04T07:38:25.151695Z;/home/runner/work/gson/gson/.git;config;IN_ACCESS
2026-09-04T07:38:25.155697Z;/home/runner/work/gson/gson/.git;HEAD;IN_ACCESS
2026-09-04T07:38:25.156256Z;/home/runner/work/gson/gson/.git;config;IN_ACCESS
2026-09-04T07:38:25.160092Z;/home/runner/work/gson/gson/.git;HEAD;IN_ACCESS
2026-09-04T07:38:25.160635Z;/home/runner/work/gson/gson/.git;config;IN_ACCESS
2026-09-04T07:38:25.161027Z;/home/runner/work/gson/gson/.git;config.lock;IN_CREATE
2026-09-04T07:38:25.161465Z;/home/runner/work/gson/gson/.git;config;IN_ACCESS
2026-09-04T07:38:25.164054Z;/home/runner/work/gson/gson/.git;HEAD;IN_ACCESS
2026-09-04T07:38:25.164548Z;/home/runner/work/gson/gson/.git;config;IN_ACCESS
2026-09-04T07:38:25.165010Z;/home/runner/work/gson/gson/.git;config.lock;IN_CREATE
2026-09-04T07:38:25.165544Z;/home/runner/work/gson/gson/.git;config;IN_ACCESS
2026-09-04T07:38:25.168663Z;/home/runner/work/gson/gson/.git;HEAD;IN_ACCESS
2026-09-04T07:38:25.169139Z;/home/runner/work/gson/gson/.git;config;IN_ACCESS
2026-09-04T07:38:25.169640Z;/home/runner/work/gson/gson/.git;config.lock;IN_CREATE
2026-09-04T07:38:25.170002Z;/home/runner/work/gson/gson/.git;config;IN_ACCESS
2026-09-04T07:38:25.172771Z;/home/runner/work/gson/gson/.git;HEAD;IN_ACCESS
2026-09-04T07:38:25.173142Z;/home/runner/work/gson/gson/.git;config;IN_ACCESS
2026-09-04T07:38:25.173635Z;/home/runner/work/gson/gson/.git;config.lock;IN_CREATE
2026-09-04T07:38:25.174372Z;/home/runner/work/gson/gson/.git;config;IN_ACCESS
2026-09-04T07:38:25.177068Z;/home/runner/work/gson/gson/.git;HEAD;IN_ACCESS
2026-09-04T07:38:25.177599Z;/home/runner/work/gson/gson/.git;config;IN_ACCESS
2026-09-04T07:38:25.178126Z;/home/runner/work/gson/gson/.git;config;IN_ACCESS
2026-09-04T07:38:25.178541Z;/home/runner/work/gson/gson/.git;HEAD;IN_ACCESS
2026-09-04T07:38:25.179505Z;/home/runner/work/gson/gson/.git;config;IN_ACCESS
2026-09-04T07:38:25.179942Z;/home/runner/work/gson/gson/.git;config;IN_ACCESS
2026-09-04T07:38:25.187371Z;/home/runner/work/gson/gson/.git;HEAD;IN_ACCESS
2026-09-04T07:38:25.187883Z;/home/runner/work/gson/gson/.git;config;IN_ACCESS
2026-09-04T07:38:25.188270Z;/home/runner/work/gson/gson/.git;config;IN_ACCESS
2026-09-04T07:38:25.188652Z;/home/runner/work/gson/gson/.git;HEAD;IN_ACCESS
2026-09-04T07:38:25.189831Z;/home/runner/work/gson/gson/.git;FETCH_HEAD;IN_CREATE
2026-09-04T07:38:25.190316Z;/home/runner/work/gson/gson/.git;refs;IN_ACCESS,IN_ISDIR
2026-09-04T07:38:25.190738Z;/home/runner/work/gson/gson/.git/refs;;IN_ACCESS,IN_ISDIR
2026-09-04T07:38:25.191093Z;/home/runner/work/gson/gson/.git;refs;IN_ACCESS,IN_ISDIR
2026-09-04T07:38:25.191448Z;/home/runner/work/gson/gson/.git/refs;;IN_ACCESS,IN_ISDIR
2026-09-04T07:38:25.191920Z;/home/runner/work/gson/gson/.git/refs;heads;IN_ACCESS,IN_ISDIR
2026-09-04T07:38:25.192296Z;/home/runner/work/gson/gson/.git/refs/heads;;IN_ACCESS,IN_ISDIR
2026-09-04T07:38:25.192998Z;/home/runner/work/gson/gson/.git/refs;heads;IN_ACCESS,IN_ISDIR
2026-09-04T07:38:25.193441Z;/home/runner/work/gson/gson/.git/refs/heads;;IN_ACCESS,IN_ISDIR
2026-09-04T07:38:25.193932Z;/home/runner/work/gson/gson/.git/refs;tags;IN_ACCESS,IN_ISDIR
2026-09-04T07:38:25.194357Z;/home/runner/work/gson/gson/.git/refs/tags;;IN_ACCESS,IN_ISDIR
2026-09-04T07:38:25.194844Z;/home/runner/work/gson/gson/.git/refs;tags;IN_ACCESS,IN_ISDIR
2026-09-04T07:38:25.195182Z;/home/runner/work/gson/gson/.git/refs/tags;;IN_ACCESS,IN_ISDIR
2026-09-04T07:38:25.535694Z;/home/runner/work/gson/gson/.git;shallow.lock;IN_CREATE
2026-09-04T07:38:25.537630Z;/home/runner/work/gson/gson/.git;HEAD;IN_ACCESS
2026-09-04T07:38:25.538091Z;/home/runner/work/gson/gson/.git;config;IN_ACCESS
2026-09-04T07:38:25.538617Z;/home/runner/work/gson/gson/.git;config;IN_ACCESS
2026-09-04T07:38:25.539052Z;/home/runner/work/gson/gson/.git/objects/pack;tmp_pack_Q6Nozr;IN_CREATE
2026-09-04T07:38:25.540866Z;/home/runner/work/gson/gson/.git/objects;pack;IN_ACCESS,IN_ISDIR
2026-09-04T07:38:25.541377Z;/home/runner/work/gson/gson/.git/objects/pack;;IN_ACCESS,IN_ISDIR
2026-09-04T07:38:25.541798Z;/home/runner/work/gson/gson/.git/objects;pack;IN_ACCESS,IN_ISDIR
2026-09-04T07:38:25.542349Z;/home/runner/work/gson/gson/.git/objects/pack;;IN_ACCESS,IN_ISDIR
2026-09-04T07:38:25.618895Z;/home/runner/work/gson/gson/.git/objects/pack;tmp_pack_Q6Nozr;IN_ACCESS
2026-09-04T07:38:25.620484Z;/home/runner/work/gson/gson/.git/objects/pack;tmp_pack_Q6Nozr;IN_ACCESS
2026-09-04T07:38:25.620888Z;/home/runner/work/gson/gson/.git/objects/pack;tmp_pack_Q6Nozr;IN_ACCESS
2026-09-04T07:38:25.621272Z;/home/runner/work/gson/gson/.git/objects/pack;tmp_pack_Q6Nozr;IN_ACCESS
2026-09-04T07:38:25.621691Z;/home/runner/work/gson/gson/.git/objects/pack;tmp_pack_Q6Nozr;IN_ACCESS
2026-09-04T07:38:25.622190Z;/home/runner/work/gson/gson/.git/objects/pack;tmp_idx_ykzoF6;IN_CREATE
2026-09-04T07:38:25.622676Z;/home/runner/work/gson/gson/.git/objects/pack;tmp_rev_OCPqdW;IN_CREATE
2026-09-04T07:38:25.624047Z;/home/runner/work/gson/gson/.git/objects/pack;pack-989db3583f14715d46439243a85d86235c71bcc4.keep;IN_CREATE
2026-09-04T07:38:25.624544Z;/home/runner/work/gson/gson/.git/objects/pack;pack-989db3583f14715d46439243a85d86235c71bcc4.pack;IN_CREATE
2026-09-04T07:38:25.625104Z;/home/runner/work/gson/gson/.git/objects/pack;tmp_pack_Q6Nozr;IN_DELETE
2026-09-04T07:38:25.625488Z;/home/runner/work/gson/gson/.git/objects/pack;pack-989db3583f14715d46439243a85d86235c71bcc4.rev;IN_CREATE
2026-09-04T07:38:25.625881Z;/home/runner/work/gson/gson/.git/objects/pack;tmp_rev_OCPqdW;IN_DELETE
2026-09-04T07:38:25.626364Z;/home/runner/work/gson/gson/.git/objects/pack;pack-989db3583f14715d46439243a85d86235c71bcc4.idx;IN_CREATE
2026-09-04T07:38:25.626813Z;/home/runner/work/gson/gson/.git/objects/pack;tmp_idx_ykzoF6;IN_DELETE
2026-09-04T07:38:25.627230Z;/home/runner/work/gson/gson/.git/objects;pack;IN_ACCESS,IN_ISDIR
2026-09-04T07:38:25.627670Z;/home/runner/work/gson/gson/.git/objects/pack;;IN_ACCESS,IN_ISDIR
2026-09-04T07:38:25.628103Z;/home/runner/work/gson/gson/.git/objects;pack;IN_ACCESS,IN_ISDIR
2026-09-04T07:38:25.628657Z;/home/runner/work/gson/gson/.git/objects/pack;;IN_ACCESS,IN_ISDIR
2026-09-04T07:38:25.629080Z;/home/runner/work/gson/gson/.git;HEAD;IN_ACCESS
2026-09-04T07:38:25.629486Z;/home/runner/work/gson/gson/.git;config;IN_ACCESS
2026-09-04T07:38:25.629952Z;/home/runner/work/gson/gson/.git;refs;IN_ACCESS,IN_ISDIR
2026-09-04T07:38:25.630537Z;/home/runner/work/gson/gson/.git/refs;;IN_ACCESS,IN_ISDIR
2026-09-04T07:38:25.631117Z;/home/runner/work/gson/gson/.git;refs;IN_ACCESS,IN_ISDIR
2026-09-04T07:38:25.631956Z;/home/runner/work/gson/gson/.git/refs;;IN_ACCESS,IN_ISDIR
2026-09-04T07:38:25.632357Z;/home/runner/work/gson/gson/.git;shallow.lock;IN_ACCESS
2026-09-04T07:38:25.632750Z;/home/runner/work/gson/gson/.git/objects;pack;IN_ACCESS,IN_ISDIR
2026-09-04T07:38:25.633117Z;/home/runner/work/gson/gson/.git/objects/pack;;IN_ACCESS,IN_ISDIR
2026-09-04T07:38:25.633472Z;/home/runner/work/gson/gson/.git/objects;pack;IN_ACCESS,IN_ISDIR
2026-09-04T07:38:25.633874Z;/home/runner/work/gson/gson/.git/objects/pack;;IN_ACCESS,IN_ISDIR
2026-09-04T07:38:25.634227Z;/home/runner/work/gson/gson/.git/objects/pack;pack-989db3583f14715d46439243a85d86235c71bcc4.pack;IN_ACCESS
2026-09-04T07:38:25.634676Z;/home/runner/work/gson/gson/.git;shallow;IN_ACCESS
2026-09-04T07:38:25.635315Z;/home/runner/work/gson/gson/.git/objects/pack;pack-989db3583f14715d46439243a85d86235c71bcc4.pack;IN_ACCESS
2026-09-04T07:38:25.635730Z;/home/runner/work/gson/gson/.git/objects/pack;pack-989db3583f14715d46439243a85d86235c71bcc4.keep;IN_DELETE
2026-09-04T07:38:25.636195Z;/home/runner/work/gson/gson/.git;HEAD;IN_ACCESS
2026-09-04T07:38:25.636686Z;/home/runner/work/gson/gson/.git/refs;remotes;IN_CREATE,IN_ISDIR
2026-09-04T07:38:25.637236Z;/home/runner/work/gson/gson/.git;logs;IN_CREATE,IN_ISDIR
2026-09-04T07:38:25.637895Z;/home/runner/work/gson/gson/.git;HEAD;IN_ACCESS
2026-09-04T07:38:25.638380Z;/home/runner/work/gson/gson/.git;config;IN_ACCESS
2026-09-04T07:38:25.638806Z;/home/runner/work/gson/gson/.git;HEAD;IN_ACCESS
2026-09-04T07:38:25.639208Z;/home/runner/work/gson/gson/.git;config;IN_ACCESS
2026-09-04T07:38:25.639605Z;/home/runner/work/gson/gson/.git/refs;remotes;IN_ACCESS,IN_ISDIR
2026-09-04T07:38:25.640282Z;/home/runner/work/gson/gson/.git;refs;IN_ACCESS,IN_ISDIR
2026-09-04T07:38:25.640686Z;/home/runner/work/gson/gson/.git/refs;;IN_ACCESS,IN_ISDIR
2026-09-04T07:38:25.641089Z;/home/runner/work/gson/gson/.git;refs;IN_ACCESS,IN_ISDIR
2026-09-04T07:38:25.641550Z;/home/runner/work/gson/gson/.git/refs;;IN_ACCESS,IN_ISDIR
2026-09-04T07:38:25.641991Z;/home/runner/work/gson/gson/.git/refs;heads;IN_ACCESS,IN_ISDIR
2026-09-04T07:38:25.642484Z;/home/runner/work/gson/gson/.git/refs/heads;;IN_ACCESS,IN_ISDIR
2026-09-04T07:38:25.642974Z;/home/runner/work/gson/gson/.git/refs;heads;IN_ACCESS,IN_ISDIR
2026-09-04T07:38:25.643364Z;/home/runner/work/gson/gson/.git/refs/heads;;IN_ACCESS,IN_ISDIR
2026-09-04T07:38:25.643733Z;/home/runner/work/gson/gson/.git/refs;remotes;IN_ACCESS,IN_ISDIR
2026-09-04T07:38:25.644341Z;/home/runner/work/gson/gson/.git/refs/remotes;;IN_ACCESS,IN_ISDIR
2026-09-04T07:38:25.644775Z;/home/runner/work/gson/gson/.git/refs;remotes;IN_ACCESS,IN_ISDIR
2026-09-04T07:38:25.645258Z;/home/runner/work/gson/gson/.git/refs/remotes;;IN_ACCESS,IN_ISDIR
2026-09-04T07:38:25.645678Z;/home/runner/work/gson/gson/.git/refs/remotes;origin;IN_ACCESS,IN_ISDIR
2026-09-04T07:38:25.646056Z;/home/runner/work/gson/gson/.git/refs/remotes/origin;;IN_ACCESS,IN_ISDIR
2026-09-04T07:38:25.646542Z;/home/runner/work/gson/gson/.git/refs/remotes/origin;optcd-run;IN_ACCESS
2026-09-04T07:38:25.647008Z;/home/runner/work/gson/gson/.git/refs/remotes;origin;IN_ACCESS,IN_ISDIR
2026-09-04T07:38:25.647484Z;/home/runner/work/gson/gson/.git/refs/remotes/origin;;IN_ACCESS,IN_ISDIR
2026-09-04T07:38:25.647988Z;/home/runner/work/gson/gson/.git/refs;tags;IN_ACCESS,IN_ISDIR
2026-09-04T07:38:25.648408Z;/home/runner/work/gson/gson/.git/refs/tags;;IN_ACCESS,IN_ISDIR
2026-09-04T07:38:25.648876Z;/home/runner/work/gson/gson/.git/refs;tags;IN_ACCESS,IN_ISDIR
2026-09-04T07:38:25.650547Z;/home/runner/work/gson/gson/.git/refs/tags;;IN_ACCESS,IN_ISDIR
2026-09-04T07:38:25.652125Z;/home/runner/work/gson/gson/.git;HEAD;IN_ACCESS
2026-09-04T07:38:25.652671Z;/home/runner/work/gson/gson/.git;logs;IN_ACCESS,IN_ISDIR
2026-09-04T07:38:25.653226Z;/home/runner/work/gson/gson/.git;HEAD;IN_ACCESS
2026-09-04T07:38:25.653647Z;/home/runner/work/gson/gson/.git;config;IN_ACCESS
2026-09-04T07:38:25.654010Z;/home/runner/work/gson/gson/.git/refs/remotes/origin;optcd-run;IN_ACCESS
2026-09-04T07:38:25.654390Z;/home/runner/work/gson/gson/.git;HEAD;IN_ACCESS
2026-09-04T07:38:25.654812Z;/home/runner/work/gson/gson/.git;config;IN_ACCESS
2026-09-04T07:38:25.655257Z;/home/runner/work/gson/gson/.git;config.lock;IN_CREATE
2026-09-04T07:38:25.655685Z;/home/runner/work/gson/gson/.git;config;IN_ACCESS
2026-09-04T07:38:25.656120Z;/home/runner/work/gson/gson/.git;config.worktree.lock;IN_CREATE
2026-09-04T07:38:25.656579Z;/home/runner/work/gson/gson/.git;config;IN_ACCESS
2026-09-04T07:38:25.657023Z;/home/runner/work/gson/gson/.git;config.worktree;IN_ACCESS
2026-09-04T07:38:25.657568Z;/home/runner/work/gson/gson/.git;config.worktree.lock;IN_CREATE
2026-09-04T07:38:25.657950Z;/home/runner/work/gson/gson/.git;config.worktree;IN_ACCESS
2026-09-04T07:38:25.658406Z;/home/runner/work/gson/gson/.git;config;IN_ACCESS
2026-09-04T07:38:25.658825Z;/home/runner/work/gson/gson/.git;config.worktree;IN_ACCESS
2026-09-04T07:38:25.659286Z;/home/runner/work/gson/gson/.git;config.worktree.lock;IN_CREATE
2026-09-04T07:38:25.659756Z;/home/runner/work/gson/gson/.git;config.worktree;IN_ACCESS
2026-09-04T07:38:25.660180Z;/home/runner/work/gson/gson/.git;HEAD;IN_ACCESS
2026-09-04T07:38:25.660639Z;/home/runner/work/gson/gson/.git;config;IN_ACCESS
2026-09-04T07:38:25.661049Z;/home/runner/work/gson/gson/.git;config.worktree;IN_ACCESS
2026-09-04T07:38:25.661591Z;/home/runner/work/gson/gson/.git;config;IN_ACCESS
2026-09-04T07:38:25.662120Z;/home/runner/work/gson/gson/.git;config.worktree;IN_ACCESS
2026-09-04T07:38:25.662655Z;/home/runner/work/gson/gson/.git;config.lock;IN_CREATE
2026-09-04T07:38:25.663220Z;/home/runner/work/gson/gson/.git;config;IN_ACCESS
2026-09-04T07:38:25.663744Z;/home/runner/work/gson/gson/.git;HEAD;IN_ACCESS
2026-09-04T07:38:25.664385Z;/home/runner/work/gson/gson/.git;config;IN_ACCESS
2026-09-04T07:38:25.664908Z;/home/runner/work/gson/gson/.git/refs/remotes/origin;optcd-run;IN_ACCESS
2026-09-04T07:38:25.665324Z;/home/runner/work/gson/gson/.git;refs;IN_ACCESS,IN_ISDIR
2026-09-04T07:38:25.665878Z;/home/runner/work/gson/gson/.git/refs;;IN_ACCESS,IN_ISDIR
2026-09-04T07:38:25.666307Z;/home/runner/work/gson/gson/.git;refs;IN_ACCESS,IN_ISDIR
2026-09-04T07:38:25.666831Z;/home/runner/work/gson/gson/.git/refs;;IN_ACCESS,IN_ISDIR
2026-09-04T07:38:25.667334Z;/home/runner/work/gson/gson/.git/objects;pack;IN_ACCESS,IN_ISDIR
2026-09-04T07:38:25.667744Z;/home/runner/work/gson/gson/.git/objects/pack;;IN_ACCESS,IN_ISDIR
2026-09-04T07:38:25.668232Z;/home/runner/work/gson/gson/.git/objects;pack;IN_ACCESS,IN_ISDIR
2026-09-04T07:38:25.668675Z;/home/runner/work/gson/gson/.git/objects/pack;;IN_ACCESS,IN_ISDIR
2026-09-04T07:38:25.669044Z;/home/runner/work/gson/gson/.git/objects/pack;pack-989db3583f14715d46439243a85d86235c71bcc4.pack;IN_ACCESS
2026-09-04T07:38:25.669476Z;/home/runner/work/gson/gson/.git;shallow;IN_ACCESS
2026-09-04T07:38:25.669919Z;/home/runner/work/gson/gson/.git;HEAD;IN_ACCESS
2026-09-04T07:38:25.670393Z;/home/runner/work/gson/gson/.git;index.lock;IN_CREATE
2026-09-04T07:38:25.670808Z;/home/runner/work/gson/gson/.git/info;exclude;IN_ACCESS
2026-09-04T07:38:25.671291Z;/home/runner/work/gson/gson;.git-blame-ignore-revs;IN_CREATE
2026-09-04T07:38:25.671907Z;/home/runner/work/gson/gson;.github;IN_CREATE,IN_ISDIR
2026-09-04T07:38:25.672434Z;/home/runner/work/gson/gson;.gitignore;IN_CREATE
2026-09-04T07:38:25.673047Z;/home/runner/work/gson/gson;.mvn;IN_CREATE,IN_ISDIR
2026-09-04T07:38:25.673547Z;/home/runner/work/gson/gson;CHANGELOG.md;IN_CREATE
2026-09-04T07:38:25.673999Z;/home/runner/work/gson/gson;GsonDesignDocument.md;IN_CREATE
2026-09-04T07:38:25.674475Z;/home/runner/work/gson/gson;LICENSE;IN_CREATE
2026-09-04T07:38:25.675029Z;/home/runner/work/gson/gson;README.md;IN_CREATE
2026-09-04T07:38:25.675541Z;/home/runner/work/gson/gson;ReleaseProcess.md;IN_CREATE
2026-09-04T07:38:25.675993Z;/home/runner/work/gson/gson;Troubleshooting.md;IN_CREATE
2026-09-04T07:38:25.676492Z;/home/runner/work/gson/gson;UserGuide.md;IN_CREATE
2026-09-04T07:38:25.677463Z;/home/runner/work/gson/gson;extras;IN_CREATE,IN_ISDIR
2026-09-04T07:38:25.679433Z;/home/runner/work/gson/gson;gson;IN_CREATE,IN_ISDIR
2026-09-04T07:38:25.680028Z;/home/runner/work/gson/gson;.github;IN_ACCESS,IN_ISDIR
2026-09-04T07:38:25.680500Z;/home/runner/work/gson/gson;.mvn;IN_ACCESS,IN_ISDIR
2026-09-04T07:38:25.680949Z;/home/runner/work/gson/gson;extras;IN_ACCESS,IN_ISDIR
2026-09-04T07:38:25.681442Z;/home/runner/work/gson/gson;gson;IN_ACCESS,IN_ISDIR
2026-09-04T07:38:25.681858Z;/home/runner/work/gson/gson/gson/src/test/java/com/google/gson/functional;FormattingStyleTest.java;IN_CREATE
2026-09-04T07:38:25.682328Z;/home/runner/work/gson/gson/gson/src/test/java/com/google/gson/functional;GsonVersionDiagnosticsTest.java;IN_CREATE
2026-09-04T07:38:25.683011Z;/home/runner/work/gson/gson/gson/src/test/java/com/google/gson/functional;InheritanceTest.java;IN_CREATE
2026-09-04T07:38:25.683689Z;/home/runner/work/gson/gson/gson/src/test/java/com/google/gson/functional;InstanceCreatorTest.java;IN_CREATE
2026-09-04T07:38:25.684127Z;/home/runner/work/gson/gson/gson/src/test/java/com/google/gson/functional;InterfaceTest.java;IN_CREATE
2026-09-04T07:38:25.684657Z;/home/runner/work/gson/gson/gson/src/test/java/com/google/gson/functional;InternationalizationTest.java;IN_CREATE
2026-09-04T07:38:25.685277Z;/home/runner/work/gson/gson/gson/src/test/java/com/google/gson/functional;Java17RecordTest.java;IN_CREATE
2026-09-04T07:38:25.685746Z;/home/runner/work/gson/gson/gson/src/test/java/com/google/gson/functional;JavaUtilConcurrentAtomicTest.java;IN_CREATE
2026-09-04T07:38:25.686237Z;/home/runner/work/gson/gson/gson/src/test/java/com/google/gson/functional;JavaUtilTest.java;IN_CREATE
2026-09-04T07:38:25.686698Z;/home/runner/work/gson/gson/gson/src/test/java/com/google/gson/functional;JsonAdapterAnnotationOnClassesTest.java;IN_CREATE
2026-09-04T07:38:25.687317Z;/home/runner/work/gson/gson/gson/src/test/java/com/google/gson/functional;JsonAdapterAnnotationOnFieldsTest.java;IN_CREATE
2026-09-04T07:38:25.687840Z;/home/runner/work/gson/gson/gson/src/test/java/com/google/gson/functional;JsonAdapterSerializerDeserializerTest.java;IN_CREATE
2026-09-04T07:38:25.688342Z;/home/runner/work/gson/gson/gson/src/test/java/com/google/gson/functional;JsonParserTest.java;IN_CREATE
2026-09-04T07:38:25.688807Z;/home/runner/work/gson/gson/gson/src/test/java/com/google/gson/functional;JsonTreeTest.java;IN_CREATE
2026-09-04T07:38:25.689314Z;/home/runner/work/gson/gson/gson/src/test/java/com/google/gson/functional;LeniencyTest.java;IN_CREATE
2026-09-04T07:38:25.689816Z;/home/runner/work/gson/gson/gson/src/test/java/com/google/gson/functional;MapAsArrayTypeAdapterTest.java;IN_CREATE
2026-09-04T07:38:25.690276Z;/home/runner/work/gson/gson/gson/src/test/java/com/google/gson/functional;MapTest.java;IN_CREATE
2026-09-04T07:38:25.690800Z;/home/runner/work/gson/gson/gson/src/test/java/com/google/gson/functional;MoreSpecificTypeSerializationTest.java;IN_CREATE
2026-09-04T07:38:25.691324Z;/home/runner/work/gson/gson/gson/src/test/java/com/google/gson/functional;NamingPolicyTest.java;IN_CREATE
2026-09-04T07:38:25.691813Z;/home/runner/work/gson/gson/gson/src/test/java/com/google/gson/functional;NullObjectAndFieldTest.java;IN_CREATE
2026-09-04T07:38:25.692361Z;/home/runner/work/gson/gson/gson/src/test/java/com/google/gson/functional;NumberLimitsTest.java;IN_CREATE
2026-09-04T07:38:25.692806Z;/home/runner/work/gson/gson/gson/src/test/java/com/google/gson/functional;ObjectTest.java;IN_CREATE
2026-09-04T07:38:25.693303Z;/home/runner/work/gson/gson/gson/src/test/java/com/google/gson/functional;ParameterizedTypesTest.java;IN_CREATE
2026-09-04T07:38:25.693842Z;/home/runner/work/gson/gson/gson/src/test/java/com/google/gson/functional;PrettyPrintingTest.java;IN_CREATE
2026-09-04T07:38:25.694341Z;/home/runner/work/gson/gson/gson/src/test/java/com/google/gson/functional;PrimitiveCharacterTest.java;IN_CREATE
2026-09-04T07:38:25.694872Z;/home/runner/work/gson/gson/gson/src/test/java/com/google/gson/functional;PrimitiveTest.java;IN_CREATE
2026-09-04T07:38:25.695389Z;/home/runner/work/gson/gson/gson/src/test/java/com/google/gson/functional;PrintFormattingTest.java;IN_CREATE
2026-09-04T07:38:25.695899Z;/home/runner/work/gson/gson/gson/src/test/java/com/google/gson/functional;RawSerializationTest.java;IN_CREATE
2026-09-04T07:38:25.696377Z;/home/runner/work/gson/gson/gson/src/test/java/com/google/gson/functional;ReadersWritersTest.java;IN_CREATE
2026-09-04T07:38:25.696896Z;/home/runner/work/gson/gson/gson/src/test/java/com/google/gson/functional;ReflectionAccessFilterTest.java;IN_CREATE
2026-09-04T07:38:25.697327Z;/home/runner/work/gson/gson/gson/src/test/java/com/google/gson/functional;ReflectionAccessTest.java;IN_CREATE
2026-09-04T07:38:25.697733Z;/home/runner/work/gson/gson/gson/src/test/java/com/google/gson/functional;ReusedTypeVariablesFullyResolveTest.java;IN_CREATE
2026-09-04T07:38:25.698287Z;/home/runner/work/gson/gson/gson/src/test/java/com/google/gson/functional;RuntimeTypeAdapterFactoryFunctionalTest.java;IN_CREATE
2026-09-04T07:38:25.698876Z;/home/runner/work/gson/gson/gson/src/test/java/com/google/gson/functional;SecurityTest.java;IN_CREATE
2026-09-04T07:38:25.699394Z;/home/runner/work/gson/gson/gson/src/test/java/com/google/gson/functional;SerializedNameTest.java;IN_CREATE
2026-09-04T07:38:25.699876Z;/home/runner/work/gson/gson/gson/src/test/java/com/google/gson/functional;StreamingTypeAdaptersTest.java;IN_CREATE
2026-09-04T07:38:25.700403Z;/home/runner/work/gson/gson/gson/src/test/java/com/google/gson/functional;StringTest.java;IN_CREATE
2026-09-04T07:38:25.700932Z;/home/runner/work/gson/gson/gson/src/test/java/com/google/gson/functional;ToNumberPolicyFunctionalTest.java;IN_CREATE
2026-09-04T07:38:25.701463Z;/home/runner/work/gson/gson/gson/src/test/java/com/google/gson/functional;TreeTypeAdaptersTest.java;IN_CREATE
2026-09-04T07:38:25.702019Z;/home/runner/work/gson/gson/gson/src/test/java/com/google/gson/functional;TypeAdapterPrecedenceTest.java;IN_CREATE
2026-09-04T07:38:25.702455Z;/home/runner/work/gson/gson/gson/src/test/java/com/google/gson/functional;TypeAdapterRuntimeTypeWrapperTest.java;IN_CREATE
2026-09-04T07:38:25.702893Z;/home/runner/work/gson/gson/gson/src/test/java/com/google/gson/functional;TypeHierarchyAdapterTest.java;IN_CREATE
2026-09-04T07:38:25.703375Z;/home/runner/work/gson/gson/gson/src/test/java/com/google/gson/functional;TypeVariableTest.java;IN_CREATE
2026-09-04T07:38:25.703786Z;/home/runner/work/gson/gson/gson/src/test/java/com/google/gson/functional;UncategorizedTest.java;IN_CREATE
2026-09-04T07:38:25.704170Z;/home/runner/work/gson/gson/gson/src/test/java/com/google/gson/functional;VersioningTest.java;IN_CREATE
2026-09-04T07:38:25.704701Z;/home/runner/work/gson/gson/gson/src/test/java/com/google/gson;integration;IN_CREATE,IN_ISDIR
2026-09-04T07:38:25.705461Z;/home/runner/work/gson/gson/gson/src/test/java/com/google/gson;internal;IN_CREATE,IN_ISDIR
2026-09-04T07:38:25.706087Z;/home/runner/work/gson/gson/gson/src/test/java/com/google/gson;metrics;IN_CREATE,IN_ISDIR
2026-09-04T07:38:25.706598Z;/home/runner/work/gson/gson/gson/src/test/java/com/google/gson;reflect;IN_CREATE,IN_ISDIR
2026-09-04T07:38:25.707146Z;/home/runner/work/gson/gson/gson/src/test/java/com/google/gson;stream;IN_CREATE,IN_ISDIR
2026-09-04T07:38:25.707734Z;/home/runner/work/gson/gson/gson/src/test;resources;IN_CREATE,IN_ISDIR
2026-09-04T07:38:25.708578Z;/home/runner/work/gson/gson;metrics;IN_CREATE,IN_ISDIR
2026-09-04T07:38:25.709015Z;/home/runner/work/gson/gson;pom.xml;IN_CREATE
2026-09-04T07:38:25.709883Z;/home/runner/work/gson/gson;proto;IN_CREATE,IN_ISDIR
2026-09-04T07:38:25.710772Z;/home/runner/work/gson/gson;test-graal-native-image;IN_CREATE,IN_ISDIR
2026-09-04T07:38:25.711463Z;/home/runner/work/gson/gson;test-jpms;IN_CREATE,IN_ISDIR
2026-09-04T07:38:25.712389Z;/home/runner/work/gson/gson;test-shrinker;IN_CREATE,IN_ISDIR
2026-09-04T07:38:25.712989Z;/home/runner/work/gson/gson/.git/refs/remotes/origin;optcd-run;IN_ACCESS
2026-09-04T07:38:25.713370Z;/home/runner/work/gson/gson/.git;HEAD;IN_ACCESS
2026-09-04T07:38:25.713891Z;/home/runner/work/gson/gson/.git/refs/heads;optcd-run.lock;IN_CREATE
2026-09-04T07:38:25.714403Z;/home/runner/work/gson/gson/.git/logs/refs;heads;IN_CREATE,IN_ISDIR
2026-09-04T07:38:25.714883Z;/home/runner/work/gson/gson/.git;config.lock;IN_CREATE
2026-09-04T07:38:25.715254Z;/home/runner/work/gson/gson/.git;config;IN_ACCESS
2026-09-04T07:38:25.715813Z;/home/runner/work/gson/gson/.git;config.lock;IN_CREATE
2026-09-04T07:38:25.716192Z;/home/runner/work/gson/gson/.git;config;IN_ACCESS
2026-09-04T07:38:25.716547Z;/home/runner/work/gson/gson/.git;config.lock;IN_DELETE
2026-09-04T07:38:25.716939Z;/home/runner/work/gson/gson/.git;config.lock;IN_CREATE
2026-09-04T07:38:25.717413Z;/home/runner/work/gson/gson/.git;config;IN_ACCESS
2026-09-04T07:38:25.717923Z;/home/runner/work/gson/gson/.git/refs/heads;optcd-run;IN_ACCESS
2026-09-04T07:38:25.718397Z;/home/runner/work/gson/gson/.git;config;IN_ACCESS
2026-09-04T07:38:25.718821Z;/home/runner/work/gson/gson/.git;HEAD;IN_ACCESS
2026-09-04T07:38:25.719220Z;/home/runner/work/gson/gson/.git;HEAD.lock;IN_CREATE
2026-09-04T07:38:25.720131Z;/home/runner/work/gson/gson/.git;HEAD;IN_ACCESS
2026-09-04T07:38:25.720585Z;/home/runner/work/gson/gson/.git/refs/heads;optcd-run;IN_ACCESS
2026-09-04T07:38:25.721051Z;/home/runner/work/gson/gson/.git/logs;HEAD;IN_CREATE
2026-09-04T07:38:25.721427Z;/home/runner/work/gson/gson/.git;HEAD;IN_ACCESS
2026-09-04T07:38:25.721938Z;/home/runner/work/gson/gson/.git;AUTO_MERGE.lock;IN_CREATE
2026-09-04T07:38:25.722386Z;/home/runner/work/gson/gson/.git;packed-refs.lock;IN_CREATE
2026-09-04T07:38:25.722784Z;/home/runner/work/gson/gson/.git;AUTO_MERGE.lock;IN_DELETE
2026-09-04T07:38:25.723634Z;/home/runner/work/gson/gson/.git;packed-refs.lock;IN_DELETE
2026-09-04T07:38:25.724065Z;/home/runner/work/gson/gson/.git;HEAD;IN_ACCESS
2026-09-04T07:38:25.724481Z;/home/runner/work/gson/gson/.git;AUTO_MERGE.lock;IN_CREATE
2026-09-04T07:38:25.725109Z;/home/runner/work/gson/gson/.git;packed-refs.lock;IN_CREATE
2026-09-04T07:38:25.725522Z;/home/runner/work/gson/gson/.git;AUTO_MERGE.lock;IN_DELETE
2026-09-04T07:38:25.725918Z;/home/runner/work/gson/gson/.git;packed-refs.lock;IN_DELETE
2026-09-04T07:38:25.726293Z;/home/runner/work/gson/gson/.git/refs/heads;optcd-run;IN_ACCESS
2026-09-04T07:38:25.726678Z;/home/runner/work/gson/gson/gson/src/test/java/com/google/gson;integration;IN_ACCESS,IN_ISDIR
2026-09-04T07:38:25.727165Z;/home/runner/work/gson/gson/gson/src/test/java/com/google/gson;internal;IN_ACCESS,IN_ISDIR
2026-09-04T07:38:25.727544Z;/home/runner/work/gson/gson/gson/src/test/java/com/google/gson;metrics;IN_ACCESS,IN_ISDIR
2026-09-04T07:38:25.727963Z;/home/runner/work/gson/gson/.git;HEAD;IN_ACCESS
2026-09-04T07:38:25.728337Z;/home/runner/work/gson/gson/.git;config;IN_ACCESS
2026-09-04T07:38:25.728697Z;/home/runner/work/gson/gson/gson/src/test/java/com/google/gson;reflect;IN_ACCESS,IN_ISDIR
2026-09-04T07:38:25.729137Z;/home/runner/work/gson/gson/.git;HEAD;IN_ACCESS
2026-09-04T07:38:25.730229Z;/home/runner/work/gson/gson/.git/refs/heads;optcd-run;IN_ACCESS
2026-09-04T07:38:25.730959Z;/home/runner/work/gson/gson/.git;refs;IN_ACCESS,IN_ISDIR
2026-09-04T07:38:25.731380Z;/home/runner/work/gson/gson/.git/refs;;IN_ACCESS,IN_ISDIR
2026-09-04T07:38:25.731801Z;/home/runner/work/gson/gson/.git;refs;IN_ACCESS,IN_ISDIR
2026-09-04T07:38:25.732262Z;/home/runner/work/gson/gson/.git/refs;;IN_ACCESS,IN_ISDIR
2026-09-04T07:38:25.732776Z;/home/runner/work/gson/gson/.git;shallow;IN_ACCESS
2026-09-04T07:38:25.733174Z;/home/runner/work/gson/gson/.git/objects;pack;IN_ACCESS,IN_ISDIR
2026-09-04T07:38:25.733551Z;/home/runner/work/gson/gson/.git/objects/pack;;IN_ACCESS,IN_ISDIR
2026-09-04T07:38:25.733958Z;/home/runner/work/gson/gson/.git/objects;pack;IN_ACCESS,IN_ISDIR
2026-09-04T07:38:25.734324Z;/home/runner/work/gson/gson/.git/objects/pack;;IN_ACCESS,IN_ISDIR
2026-09-04T07:38:25.734797Z;/home/runner/work/gson/gson/gson/src/test/java/com/google/gson;stream;IN_ACCESS,IN_ISDIR
2026-09-04T07:38:25.735180Z;/home/runner/work/gson/gson/.git/objects/pack;pack-989db3583f14715d46439243a85d86235c71bcc4.pack;IN_ACCESS
2026-09-04T07:38:25.735551Z;/home/runner/work/gson/gson/gson/src/test;resources;IN_ACCESS,IN_ISDIR
2026-09-04T07:38:25.735976Z;/home/runner/work/gson/gson;metrics;IN_ACCESS,IN_ISDIR
2026-09-04T07:38:25.736450Z;/home/runner/work/gson/gson;proto;IN_ACCESS,IN_ISDIR
2026-09-04T07:38:25.736916Z;/home/runner/work/gson/gson;test-graal-native-image;IN_ACCESS,IN_ISDIR
2026-09-04T07:38:25.737260Z;/home/runner/work/gson/gson;test-jpms;IN_ACCESS,IN_ISDIR
2026-09-04T07:38:25.737615Z;/home/runner/work/gson/gson/.git;HEAD;IN_ACCESS
2026-09-04T07:38:25.737972Z;/home/runner/work/gson/gson/.git;config;IN_ACCESS
2026-09-04T07:38:25.738353Z;/home/runner/work/gson/gson/.git;HEAD;IN_ACCESS
2026-09-04T07:38:25.738734Z;/home/runner/work/gson/gson/.git/refs/heads;optcd-run;IN_ACCESS
2026-09-04T07:38:25.739188Z;/home/runner/work/gson/gson/.git;refs;IN_ACCESS,IN_ISDIR
2026-09-04T07:38:25.739632Z;/home/runner/work/gson/gson/.git/refs;;IN_ACCESS,IN_ISDIR
2026-09-04T07:38:25.740039Z;/home/runner/work/gson/gson/.git;refs;IN_ACCESS,IN_ISDIR
2026-09-04T07:38:25.740411Z;/home/runner/work/gson/gson/.git/refs;;IN_ACCESS,IN_ISDIR
2026-09-04T07:38:25.740772Z;/home/runner/work/gson/gson/.git;shallow;IN_ACCESS
2026-09-04T07:38:25.741245Z;/home/runner/work/gson/gson/.git/objects;pack;IN_ACCESS,IN_ISDIR
2026-09-04T07:38:25.741643Z;/home/runner/work/gson/gson/.git/objects/pack;;IN_ACCESS,IN_ISDIR
2026-09-04T07:38:25.742044Z;/home/runner/work/gson/gson/.git/objects;pack;IN_ACCESS,IN_ISDIR
2026-09-04T07:38:25.742415Z;/home/runner/work/gson/gson/.git/objects/pack;;IN_ACCESS,IN_ISDIR
2026-09-04T07:38:25.742764Z;/home/runner/work/gson/gson/.git/objects/pack;pack-989db3583f14715d46439243a85d86235c71bcc4.pack;IN_ACCESS
2026-09-04T07:38:25.743202Z;/home/runner/work/gson/gson;test-shrinker;IN_ACCESS,IN_ISDIR
2026-09-04T07:38:25.743638Z;/home/runner/work/gson/gson/.git/logs/refs;heads;IN_ACCESS,IN_ISDIR
2026-09-04T07:38:25.744088Z;/home/runner/work/gson/gson/.git;HEAD;IN_ACCESS
2026-09-04T07:38:25.744418Z;/home/runner/work/gson/gson/.git;config;IN_ACCESS
2026-09-04T07:38:25.744823Z;/home/runner/work/gson/gson/.git;HEAD;IN_ACCESS
2026-09-04T07:38:25.745185Z;/home/runner/work/gson/gson/.git;config;IN_ACCESS
2026-09-04T07:38:25.745852Z;/home/runner/work/gson/gson/.git;HEAD;IN_ACCESS
2026-09-04T07:38:25.746331Z;/home/runner/work/gson/gson/.git;config;IN_ACCESS
2026-09-04T07:38:25.746739Z;/home/runner/work/gson/gson/.git;HEAD;IN_ACCESS
2026-09-04T07:38:25.747100Z;/home/runner/work/gson/gson/.git;config;IN_ACCESS
2026-09-04T07:38:25.747628Z;/home/runner/work/gson/gson/.git;config;IN_ACCESS
2026-09-04T07:38:25.748027Z;/home/runner/work/gson/gson/.git;HEAD;IN_ACCESS
2026-09-04T07:38:25.748423Z;/home/runner/work/gson/gson/.git;config;IN_ACCESS
2026-09-04T07:38:25.748787Z;/home/runner/work/gson/gson/.git;HEAD;IN_ACCESS
2026-09-04T07:38:25.749172Z;/home/runner/work/gson/gson/.git;config;IN_ACCESS
2026-09-04T07:38:25.749627Z;/home/runner/work/gson/gson/.git;HEAD;IN_ACCESS
2026-09-04T07:38:25.750048Z;/home/runner/work/gson/gson/.git;config;IN_ACCESS
2026-09-04T07:38:25.750493Z;/home/runner/work/gson/gson/.git;HEAD;IN_ACCESS
2026-09-04T07:38:25.750889Z;/home/runner/work/gson/gson/.git;config;IN_ACCESS
2026-09-04T07:38:25.751283Z;/home/runner/work/gson/gson/.git;HEAD;IN_ACCESS
2026-09-04T07:38:25.751713Z;/home/runner/work/gson/gson/.git;config;IN_ACCESS
2026-09-04T07:38:25.752850Z;/home/runner/work/gson/gson/.git;HEAD;IN_ACCESS
2026-09-04T07:38:25.753256Z;/home/runner/work/gson/gson/.git;config;IN_ACCESS
2026-09-04T07:38:25.763406Z;/home/runner/work/gson/gson/.git;HEAD;IN_ACCESS
2026-09-04T07:38:25.763953Z;/home/runner/work/gson/gson/.git;config;IN_ACCESS
2026-09-04T07:38:25.764393Z;/home/runner/work/gson/gson/.git;config;IN_ACCESS
2026-09-04T07:38:25.765233Z;/home/runner/work/gson/gson/.git;HEAD;IN_ACCESS
2026-09-04T07:38:25.765626Z;/home/runner/work/gson/gson/.git;config;IN_ACCESS
2026-09-04T07:38:25.766773Z;/home/runner/work/gson/gson/.git;HEAD;IN_ACCESS
2026-09-04T07:38:25.767179Z;/home/runner/work/gson/gson/.git;config;IN_ACCESS
2026-09-04T07:38:25.768312Z;/home/runner/work/gson/gson/.git;HEAD;IN_ACCESS
2026-09-04T07:38:25.768860Z;/home/runner/work/gson/gson/.git;config;IN_ACCESS
2026-09-04T07:38:25.769843Z;/home/runner/work/gson/gson/.git;HEAD;IN_ACCESS
2026-09-04T07:38:25.770238Z;/home/runner/work/gson/gson/.git;config;IN_ACCESS
2026-09-04T07:38:25.772946Z;/home/runner/work/gson/gson/.git;HEAD;IN_ACCESS
2026-09-04T07:38:25.773345Z;/home/runner/work/gson/gson/.git;config;IN_ACCESS
2026-09-04T07:38:25.773838Z;/home/runner/work/gson/gson/.git;config;IN_ACCESS
2026-09-04T07:38:25.777300Z;/home/runner/work/gson/gson/.git;HEAD;IN_ACCESS
2026-09-04T07:38:25.777771Z;/home/runner/work/gson/gson/.git;config;IN_ACCESS
2026-09-04T07:38:25.781710Z;/home/runner/work/gson/gson/.git;HEAD;IN_ACCESS
2026-09-04T07:38:25.782309Z;/home/runner/work/gson/gson/.git;config;IN_ACCESS
2026-09-04T07:38:25.785607Z;/home/runner/work/gson/gson/.git;HEAD;IN_ACCESS
2026-09-04T07:38:25.786154Z;/home/runner/work/gson/gson/.git;config;IN_ACCESS
2026-09-04T07:38:25.786655Z;/home/runner/work/gson/gson/.git;config.lock;IN_CREATE
2026-09-04T07:38:25.787140Z;/home/runner/work/gson/gson/.git;config;IN_ACCESS
2026-09-04T07:38:25.790055Z;/home/runner/work/gson/gson/.git;HEAD;IN_ACCESS
2026-09-04T07:38:25.790658Z;/home/runner/work/gson/gson/.git;config;IN_ACCESS
2026-09-04T07:38:25.791069Z;/home/runner/work/gson/gson/.git;config;IN_ACCESS
2026-09-04T07:38:25.794120Z;/home/runner/work/gson/gson/.git;HEAD;IN_ACCESS
2026-09-04T07:38:25.794555Z;/home/runner/work/gson/gson/.git;config;IN_ACCESS
2026-09-04T07:38:25.795098Z;/home/runner/work/gson/gson/.git;config;IN_ACCESS
2026-09-04T07:38:25.795465Z;/home/runner/work/gson/gson/.git;config.lock;IN_CREATE
2026-09-04T07:38:25.795880Z;/home/runner/work/gson/gson/.git;config;IN_ACCESS
2026-09-04T07:38:25.798627Z;/home/runner/work/gson/gson/.git;HEAD;IN_ACCESS
2026-09-04T07:38:25.800905Z;/home/runner/work/gson/gson/.git;config;IN_ACCESS
2026-09-04T07:38:25.804923Z;/home/runner/work/gson/gson/.git;HEAD;IN_ACCESS
2026-09-04T07:38:25.805373Z;/home/runner/work/gson/gson/.git;config;IN_ACCESS
2026-09-04T07:38:25.806073Z;/home/runner/work/gson/gson/.git;config.lock;IN_CREATE
2026-09-04T07:38:25.806607Z;/home/runner/work/gson/gson/.git;config;IN_ACCESS
2026-09-04T07:38:25.810510Z;/home/runner/work/gson/gson/.git;HEAD;IN_ACCESS
2026-09-04T07:38:25.810993Z;/home/runner/work/gson/gson/.git;config;IN_ACCESS
2026-09-04T07:38:25.811443Z;/home/runner/work/gson/gson/.git;config;IN_ACCESS
2026-09-04T07:38:25.814242Z;/home/runner/work/gson/gson/.git;HEAD;IN_ACCESS
2026-09-04T07:38:25.814649Z;/home/runner/work/gson/gson/.git;config;IN_ACCESS
2026-09-04T07:38:25.815041Z;/home/runner/work/gson/gson/.git;config.lock;IN_CREATE
2026-09-04T07:38:25.816112Z;/home/runner/work/gson/gson/.git;config;IN_ACCESS
2026-09-04T07:38:25.818704Z;/home/runner/work/gson/gson/.git;HEAD;IN_ACCESS
2026-09-04T07:38:25.819234Z;/home/runner/work/gson/gson/.git;config;IN_ACCESS
2026-09-04T07:38:25.829505Z;/home/runner/work/gson/gson/.git;HEAD;IN_ACCESS
2026-09-04T07:38:25.829927Z;/home/runner/work/gson/gson/.git;config;IN_ACCESS
2026-09-04T07:38:25.830329Z;/home/runner/work/gson/gson/.git;config;IN_ACCESS
2026-09-04T07:38:25.831279Z;/home/runner/work/gson/gson/.git;HEAD;IN_ACCESS
2026-09-04T07:38:25.831747Z;/home/runner/work/gson/gson/.git;config;IN_ACCESS
2026-09-04T07:38:25.832911Z;/home/runner/work/gson/gson/.git;HEAD;IN_ACCESS
2026-09-04T07:38:25.833393Z;/home/runner/work/gson/gson/.git;config;IN_ACCESS
2026-09-04T07:38:25.833823Z;/home/runner/work/gson/gson/.git;config;IN_ACCESS
2026-09-04T07:38:25.834462Z;/home/runner/work/gson/gson/.git;HEAD;IN_ACCESS
2026-09-04T07:38:25.834951Z;/home/runner/work/gson/gson/.git;config;IN_ACCESS
2026-09-04T07:38:25.835442Z;/home/runner/work/gson/gson/.git;config;IN_ACCESS
2026-09-04T07:38:25.836018Z;/home/runner/work/gson/gson/.git;HEAD;IN_ACCESS
2026-09-04T07:38:25.836822Z;/home/runner/work/gson/gson/.git;config;IN_ACCESS
2026-09-04T07:38:25.837397Z;/home/runner/work/gson/gson/.git;config;IN_ACCESS
2026-09-04T07:38:25.839523Z;/home/runner/work/gson/gson/.git;HEAD;IN_ACCESS
2026-09-04T07:38:25.841307Z;/home/runner/work/gson/gson/.git;config;IN_ACCESS
2026-09-04T07:38:25.841800Z;/home/runner/work/gson/gson/.git;config;IN_ACCESS
2026-09-04T07:38:25.865985Z;/home/runner/work/gson/gson;optcd-3.txt;IN_CREATE
2026-09-04T07:38:26.061369Z;/home/runner/work/gson/gson;;IN_ACCESS,IN_ISDIR
2026-09-04T07:38:26.062930Z;/home/runner/work/gson/gson;.git;IN_ACCESS,IN_ISDIR
2026-09-04T07:38:26.064879Z;/home/runner/work/gson/gson/.git;;IN_ACCESS,IN_ISDIR
2026-09-04T07:38:26.065614Z;/home/runner/work/gson/gson;.git;IN_ACCESS,IN_ISDIR
2026-09-04T07:38:26.066446Z;/home/runner/work/gson/gson/.git;;IN_ACCESS,IN_ISDIR
2026-09-04T07:38:26.067669Z;/home/runner/work/gson/gson/.git;hooks;IN_ACCESS,IN_ISDIR
2026-09-04T07:38:26.068381Z;/home/runner/work/gson/gson/.git/hooks;;IN_ACCESS,IN_ISDIR
2026-09-04T07:38:26.068980Z;/home/runner/work/gson/gson/.git;hooks;IN_ACCESS,IN_ISDIR
2026-09-04T07:38:26.069766Z;/home/runner/work/gson/gson/.git/hooks;;IN_ACCESS,IN_ISDIR
2026-09-04T07:38:26.070345Z;/home/runner/work/gson/gson/.git;info;IN_ACCESS,IN_ISDIR
2026-09-04T07:38:26.071285Z;/home/runner/work/gson/gson/.git/info;;IN_ACCESS,IN_ISDIR
2026-09-04T07:38:26.071931Z;/home/runner/work/gson/gson/.git;info;IN_ACCESS,IN_ISDIR
2026-09-04T07:38:26.072496Z;/home/runner/work/gson/gson/.git/info;;IN_ACCESS,IN_ISDIR
2026-09-04T07:38:26.073255Z;/home/runner/work/gson/gson/.git;logs;IN_ACCESS,IN_ISDIR
2026-09-04T07:38:26.073933Z;/home/runner/work/gson/gson/.git/logs;;IN_ACCESS,IN_ISDIR
2026-09-04T07:38:26.074667Z;/home/runner/work/gson/gson/.git;logs;IN_ACCESS,IN_ISDIR
2026-09-04T07:38:26.075201Z;/home/runner/work/gson/gson/.git/logs;;IN_ACCESS,IN_ISDIR
2026-09-04T07:38:26.075726Z;/home/runner/work/gson/gson/.git/logs;refs;IN_ACCESS,IN_ISDIR
2026-09-04T07:38:26.076377Z;/home/runner/work/gson/gson/.git/logs/refs;;IN_ACCESS,IN_ISDIR
2026-09-04T07:38:26.076835Z;/home/runner/work/gson/gson/.git/logs;refs;IN_ACCESS,IN_ISDIR
2026-09-04T07:38:26.079276Z;/home/runner/work/gson/gson/.git/logs/refs;;IN_ACCESS,IN_ISDIR
2026-09-04T07:38:26.080002Z;/home/runner/work/gson/gson/.git/logs/refs;heads;IN_ACCESS,IN_ISDIR
2026-09-04T07:38:26.080938Z;/home/runner/work/gson/gson/.git/logs/refs/heads;;IN_ACCESS,IN_ISDIR
2026-09-04T07:38:26.081455Z;/home/runner/work/gson/gson/.git/logs/refs;heads;IN_ACCESS,IN_ISDIR
2026-09-04T07:38:26.081951Z;/home/runner/work/gson/gson/.git/logs/refs/heads;;IN_ACCESS,IN_ISDIR
2026-09-04T07:38:26.082461Z;/home/runner/work/gson/gson/.git/logs/refs;remotes;IN_ACCESS,IN_ISDIR
2026-09-04T07:38:26.082972Z;/home/runner/work/gson/gson/.git/logs/refs/remotes;;IN_ACCESS,IN_ISDIR
2026-09-04T07:38:26.083428Z;/home/runner/work/gson/gson/.git/logs/refs;remotes;IN_ACCESS,IN_ISDIR
2026-09-04T07:38:26.083934Z;/home/runner/work/gson/gson/.git/logs/refs/remotes;;IN_ACCESS,IN_ISDIR
2026-09-04T07:38:26.084518Z;/home/runner/work/gson/gson/.git/logs/refs/remotes;origin;IN_ACCESS,IN_ISDIR
2026-09-04T07:38:26.084969Z;/home/runner/work/gson/gson/.git/logs/refs/remotes/origin;;IN_ACCESS,IN_ISDIR
2026-09-04T07:38:26.085725Z;/home/runner/work/gson/gson/.git/logs/refs/remotes;origin;IN_ACCESS,IN_ISDIR
2026-09-04T07:38:26.086193Z;/home/runner/work/gson/gson/.git/logs/refs/remotes/origin;;IN_ACCESS,IN_ISDIR
2026-09-04T07:38:26.086599Z;/home/runner/work/gson/gson/.git;objects;IN_ACCESS,IN_ISDIR
2026-09-04T07:38:26.087038Z;/home/runner/work/gson/gson/.git/objects;;IN_ACCESS,IN_ISDIR
2026-09-04T07:38:26.087429Z;/home/runner/work/gson/gson/.git;objects;IN_ACCESS,IN_ISDIR
2026-09-04T07:38:26.087898Z;/home/runner/work/gson/gson/.git/objects;;IN_ACCESS,IN_ISDIR
2026-09-04T07:38:26.088277Z;/home/runner/work/gson/gson/.git/objects;info;IN_ACCESS,IN_ISDIR
2026-09-04T07:38:26.088738Z;/home/runner/work/gson/gson/.git/objects/info;;IN_ACCESS,IN_ISDIR
2026-09-04T07:38:26.089178Z;/home/runner/work/gson/gson/.git/objects;info;IN_ACCESS,IN_ISDIR
2026-09-04T07:38:26.089564Z;/home/runner/work/gson/gson/.git/objects/info;;IN_ACCESS,IN_ISDIR
2026-09-04T07:38:26.091860Z;/home/runner/work/gson/gson/.git/objects;pack;IN_ACCESS,IN_ISDIR
2026-09-04T07:38:26.092293Z;/home/runner/work/gson/gson/.git/objects/pack;;IN_ACCESS,IN_ISDIR
2026-09-04T07:38:26.092852Z;/home/runner/work/gson/gson/.git/objects;pack;IN_ACCESS,IN_ISDIR
2026-09-04T07:38:26.093344Z;/home/runner/work/gson/gson/.git/objects/pack;;IN_ACCESS,IN_ISDIR
2026-09-04T07:38:26.095719Z;/home/runner/work/gson/gson/.git;refs;IN_ACCESS,IN_ISDIR
2026-09-04T07:38:26.096227Z;/home/runner/work/gson/gson/.git/refs;;IN_ACCESS,IN_ISDIR
2026-09-04T07:38:26.096774Z;/home/runner/work/gson/gson/.git;refs;IN_ACCESS,IN_ISDIR
2026-09-04T07:38:26.097234Z;/home/runner/work/gson/gson/.git/refs;;IN_ACCESS,IN_ISDIR
2026-09-04T07:38:26.097665Z;/home/runner/work/gson/gson/.git/refs;heads;IN_ACCESS,IN_ISDIR
2026-09-04T07:38:26.098089Z;/home/runner/work/gson/gson/.git/refs/heads;;IN_ACCESS,IN_ISDIR
2026-09-04T07:38:26.098506Z;/home/runner/work/gson/gson/.git/refs;heads;IN_ACCESS,IN_ISDIR
2026-09-04T07:38:26.099146Z;/home/runner/work/gson/gson/.git/refs/heads;;IN_ACCESS,IN_ISDIR
2026-09-04T07:38:26.099613Z;/home/runner/work/gson/gson/.git/refs;remotes;IN_ACCESS,IN_ISDIR
2026-09-04T07:38:26.100049Z;/home/runner/work/gson/gson/.git/refs/remotes;;IN_ACCESS,IN_ISDIR
2026-09-04T07:38:26.100503Z;/home/runner/work/gson/gson/.git/refs;remotes;IN_ACCESS,IN_ISDIR
2026-09-04T07:38:26.100967Z;/home/runner/work/gson/gson/.git/refs/remotes;;IN_ACCESS,IN_ISDIR
2026-09-04T07:38:26.101431Z;/home/runner/work/gson/gson/.git/refs/remotes;origin;IN_ACCESS,IN_ISDIR
2026-09-04T07:38:26.101885Z;/home/runner/work/gson/gson/.git/refs/remotes/origin;;IN_ACCESS,IN_ISDIR
2026-09-04T07:38:26.102348Z;/home/runner/work/gson/gson/.git/refs/remotes;origin;IN_ACCESS,IN_ISDIR
2026-09-04T07:38:26.102813Z;/home/runner/work/gson/gson/.git/refs/remotes/origin;;IN_ACCESS,IN_ISDIR
2026-09-04T07:38:26.103288Z;/home/runner/work/gson/gson/.git/refs;tags;IN_ACCESS,IN_ISDIR
2026-09-04T07:38:26.103821Z;/home/runner/work/gson/gson/.git/refs/tags;;IN_ACCESS,IN_ISDIR
2026-09-04T07:38:26.104541Z;/home/runner/work/gson/gson/.git/refs;tags;IN_ACCESS,IN_ISDIR
2026-09-04T07:38:26.104986Z;/home/runner/work/gson/gson/.git/refs/tags;;IN_ACCESS,IN_ISDIR
2026-09-04T07:38:26.105397Z;/home/runner/work/gson/gson;.github;IN_ACCESS,IN_ISDIR
2026-09-04T07:38:26.105797Z;/home/runner/work/gson/gson/.github;;IN_ACCESS,IN_ISDIR
2026-09-04T07:38:26.107469Z;/home/runner/work/gson/gson;.github;IN_ACCESS,IN_ISDIR
2026-09-04T07:38:26.108508Z;/home/runner/work/gson/gson/.github;;IN_ACCESS,IN_ISDIR
2026-09-04T07:38:26.108953Z;/home/runner/work/gson/gson/.github;ISSUE_TEMPLATE;IN_ACCESS,IN_ISDIR
2026-09-04T07:38:26.109436Z;/home/runner/work/gson/gson/.github/ISSUE_TEMPLATE;;IN_ACCESS,IN_ISDIR
2026-09-04T07:38:26.110164Z;/home/runner/work/gson/gson/.github;ISSUE_TEMPLATE;IN_ACCESS,IN_ISDIR
2026-09-04T07:38:26.111637Z;/home/runner/work/gson/gson/.github/ISSUE_TEMPLATE;;IN_ACCESS,IN_ISDIR
2026-09-04T07:38:26.114989Z;/home/runner/work/gson/gson/.github;workflows;IN_ACCESS,IN_ISDIR
2026-09-04T07:38:26.115632Z;/home/runner/work/gson/gson/.github/workflows;;IN_ACCESS,IN_ISDIR
2026-09-04T07:38:26.116092Z;/home/runner/work/gson/gson/.github;workflows;IN_ACCESS,IN_ISDIR
2026-09-04T07:38:26.116491Z;/home/runner/work/gson/gson/.github/workflows;;IN_ACCESS,IN_ISDIR
2026-09-04T07:38:26.116975Z;/home/runner/work/gson/gson;.mvn;IN_ACCESS,IN_ISDIR
2026-09-04T07:38:26.117403Z;/home/runner/work/gson/gson/.mvn;;IN_ACCESS,IN_ISDIR
2026-09-04T07:38:26.117788Z;/home/runner/work/gson/gson;.mvn;IN_ACCESS,IN_ISDIR
2026-09-04T07:38:26.118192Z;/home/runner/work/gson/gson/.mvn;;IN_ACCESS,IN_ISDIR
2026-09-04T07:38:26.121684Z;/home/runner/work/gson/gson;extras;IN_ACCESS,IN_ISDIR
2026-09-04T07:38:26.122178Z;/home/runner/work/gson/gson/extras;;IN_ACCESS,IN_ISDIR
2026-09-04T07:38:26.122728Z;/home/runner/work/gson/gson;extras;IN_ACCESS,IN_ISDIR
2026-09-04T07:38:26.123913Z;/home/runner/work/gson/gson/extras;;IN_ACCESS,IN_ISDIR
2026-09-04T07:38:26.124330Z;/home/runner/work/gson/gson/extras;pom.xml;IN_ACCESS
2026-09-04T07:38:26.124755Z;/home/runner/work/gson/gson/extras;src;IN_ACCESS,IN_ISDIR
2026-09-04T07:38:26.125229Z;/home/runner/work/gson/gson/extras/src;;IN_ACCESS,IN_ISDIR
2026-09-04T07:38:26.126006Z;/home/runner/work/gson/gson/extras;src;IN_ACCESS,IN_ISDIR
2026-09-04T07:38:26.126419Z;/home/runner/work/gson/gson/extras/src;;IN_ACCESS,IN_ISDIR
2026-09-04T07:38:26.126871Z;/home/runner/work/gson/gson/extras/src;main;IN_ACCESS,IN_ISDIR
2026-09-04T07:38:26.127277Z;/home/runner/work/gson/gson/extras/src/main;;IN_ACCESS,IN_ISDIR
2026-09-04T07:38:26.127766Z;/home/runner/work/gson/gson/extras/src;main;IN_ACCESS,IN_ISDIR
2026-09-04T07:38:26.128226Z;/home/runner/work/gson/gson/extras/src/main;;IN_ACCESS,IN_ISDIR
2026-09-04T07:38:26.128603Z;/home/runner/work/gson/gson/extras/src/main;java;IN_ACCESS,IN_ISDIR
2026-09-04T07:38:26.128958Z;/home/runner/work/gson/gson/extras/src/main/java;;IN_ACCESS,IN_ISDIR
2026-09-04T07:38:26.129304Z;/home/runner/work/gson/gson/extras/src/main;java;IN_ACCESS,IN_ISDIR
2026-09-04T07:38:26.129800Z;/home/runner/work/gson/gson/extras/src/main/java;;IN_ACCESS,IN_ISDIR
2026-09-04T07:38:26.130429Z;/home/runner/work/gson/gson/extras/src/main/java;com;IN_ACCESS,IN_ISDIR
2026-09-04T07:38:26.130852Z;/home/runner/work/gson/gson/extras/src/main/java/com;;IN_ACCESS,IN_ISDIR
2026-09-04T07:38:26.131341Z;/home/runner/work/gson/gson/extras/src/main/java;com;IN_ACCESS,IN_ISDIR
2026-09-04T07:38:26.131788Z;/home/runner/work/gson/gson/extras/src/main/java/com;;IN_ACCESS,IN_ISDIR
2026-09-04T07:38:26.132239Z;/home/runner/work/gson/gson/extras/src/main/java/com;google;IN_ACCESS,IN_ISDIR
2026-09-04T07:38:26.132733Z;/home/runner/work/gson/gson/extras/src/main/java/com/google;;IN_ACCESS,IN_ISDIR
2026-09-04T07:38:26.133150Z;/home/runner/work/gson/gson/extras/src/main/java/com;google;IN_ACCESS,IN_ISDIR
2026-09-04T07:38:26.133551Z;/home/runner/work/gson/gson/extras/src/main/java/com/google;;IN_ACCESS,IN_ISDIR
2026-09-04T07:38:26.133981Z;/home/runner/work/gson/gson/extras/src/main/java/com/google;gson;IN_ACCESS,IN_ISDIR
2026-09-04T07:38:26.134670Z;/home/runner/work/gson/gson/extras/src/main/java/com/google/gson;;IN_ACCESS,IN_ISDIR
2026-09-04T07:38:26.135105Z;/home/runner/work/gson/gson/extras/src/main/java/com/google;gson;IN_ACCESS,IN_ISDIR
2026-09-04T07:38:26.135481Z;/home/runner/work/gson/gson/extras/src/main/java/com/google/gson;;IN_ACCESS,IN_ISDIR
2026-09-04T07:38:26.136003Z;/home/runner/work/gson/gson/extras/src/main/java/com/google/gson;extras;IN_ACCESS,IN_ISDIR
2026-09-04T07:38:26.136438Z;/home/runner/work/gson/gson/extras/src/main/java/com/google/gson/extras;;IN_ACCESS,IN_ISDIR
2026-09-04T07:38:26.136948Z;/home/runner/work/gson/gson/extras/src/main/java/com/google/gson;extras;IN_ACCESS,IN_ISDIR
2026-09-04T07:38:26.137370Z;/home/runner/work/gson/gson/extras/src/main/java/com/google/gson/extras;;IN_ACCESS,IN_ISDIR
2026-09-04T07:38:26.137782Z;/home/runner/work/gson/gson/extras/src/main/java/com/google/gson/extras;examples;IN_ACCESS,IN_ISDIR
2026-09-04T07:38:26.138172Z;/home/runner/work/gson/gson/extras/src/main/java/com/google/gson/extras/examples;;IN_ACCESS,IN_ISDIR
2026-09-04T07:38:26.138605Z;/home/runner/work/gson/gson/extras/src/main/java/com/google/gson/extras;examples;IN_ACCESS,IN_ISDIR
2026-09-04T07:38:26.138998Z;/home/runner/work/gson/gson/extras/src/main/java/com/google/gson/extras/examples;;IN_ACCESS,IN_ISDIR
2026-09-04T07:38:26.143070Z;/home/runner/work/gson/gson/extras/src/main/java/com/google/gson/extras/examples;rawcollections;IN_ACCESS,IN_ISDIR
2026-09-04T07:38:26.143516Z;/home/runner/work/gson/gson/extras/src/main/java/com/google/gson/extras/examples/rawcollections;;IN_ACCESS,IN_ISDIR
2026-09-04T07:38:26.143983Z;/home/runner/work/gson/gson/extras/src/main/java/com/google/gson/extras/examples;rawcollections;IN_ACCESS,IN_ISDIR
2026-09-04T07:38:26.144452Z;/home/runner/work/gson/gson/extras/src/main/java/com/google/gson/extras/examples/rawcollections;;IN_ACCESS,IN_ISDIR
2026-09-04T07:38:26.145919Z;/home/runner/work/gson/gson/extras/src/main/java/com/google/gson;interceptors;IN_ACCESS,IN_ISDIR
2026-09-04T07:38:26.146437Z;/home/runner/work/gson/gson/extras/src/main/java/com/google/gson/interceptors;;IN_ACCESS,IN_ISDIR
2026-09-04T07:38:26.146918Z;/home/runner/work/gson/gson/extras/src/main/java/com/google/gson;interceptors;IN_ACCESS,IN_ISDIR
2026-09-04T07:38:26.147345Z;/home/runner/work/gson/gson/extras/src/main/java/com/google/gson/interceptors;;IN_ACCESS,IN_ISDIR
2026-09-04T07:38:26.147774Z;/home/runner/work/gson/gson/extras/src/main/java/com/google/gson;typeadapters;IN_ACCESS,IN_ISDIR
2026-09-04T07:38:26.148178Z;/home/runner/work/gson/gson/extras/src/main/java/com/google/gson/typeadapters;;IN_ACCESS,IN_ISDIR
2026-09-04T07:38:26.148662Z;/home/runner/work/gson/gson/extras/src/main/java/com/google/gson;typeadapters;IN_ACCESS,IN_ISDIR
2026-09-04T07:38:26.149739Z;/home/runner/work/gson/gson/extras/src/main/java/com/google/gson/typeadapters;;IN_ACCESS,IN_ISDIR
2026-09-04T07:38:26.150165Z;/home/runner/work/gson/gson/extras/src;test;IN_ACCESS,IN_ISDIR
2026-09-04T07:38:26.151131Z;/home/runner/work/gson/gson/extras/src/test;;IN_ACCESS,IN_ISDIR
2026-09-04T07:38:26.151522Z;/home/runner/work/gson/gson/extras/src;test;IN_ACCESS,IN_ISDIR
2026-09-04T07:38:26.152217Z;/home/runner/work/gson/gson/extras/src/test;;IN_ACCESS,IN_ISDIR
2026-09-04T07:38:26.154626Z;/home/runner/work/gson/gson/extras/src/test;java;IN_ACCESS,IN_ISDIR
2026-09-04T07:38:26.155026Z;/home/runner/work/gson/gson/extras/src/test/java;;IN_ACCESS,IN_ISDIR
2026-09-04T07:38:26.155386Z;/home/runner/work/gson/gson/extras/src/test;java;IN_ACCESS,IN_ISDIR
2026-09-04T07:38:26.155749Z;/home/runner/work/gson/gson/extras/src/test/java;;IN_ACCESS,IN_ISDIR
2026-09-04T07:38:26.156177Z;/home/runner/work/gson/gson/extras/src/test/java;com;IN_ACCESS,IN_ISDIR
2026-09-04T07:38:26.156542Z;/home/runner/work/gson/gson/extras/src/test/java/com;;IN_ACCESS,IN_ISDIR
2026-09-04T07:38:26.157128Z;/home/runner/work/gson/gson/extras/src/test/java;com;IN_ACCESS,IN_ISDIR
2026-09-04T07:38:26.157767Z;/home/runner/work/gson/gson/extras/src/test/java/com;;IN_ACCESS,IN_ISDIR
2026-09-04T07:38:26.158162Z;/home/runner/work/gson/gson/extras/src/test/java/com;google;IN_ACCESS,IN_ISDIR
2026-09-04T07:38:26.160811Z;/home/runner/work/gson/gson/extras/src/test/java/com/google;;IN_ACCESS,IN_ISDIR
2026-09-04T07:38:26.161290Z;/home/runner/work/gson/gson/extras/src/test/java/com;google;IN_ACCESS,IN_ISDIR
2026-09-04T07:38:26.161708Z;/home/runner/work/gson/gson/extras/src/test/java/com/google;;IN_ACCESS,IN_ISDIR
2026-09-04T07:38:26.162078Z;/home/runner/work/gson/gson/extras/src/test/java/com/google;gson;IN_ACCESS,IN_ISDIR
2026-09-04T07:38:26.162516Z;/home/runner/work/gson/gson/extras/src/test/java/com/google/gson;;IN_ACCESS,IN_ISDIR
2026-09-04T07:38:26.162895Z;/home/runner/work/gson/gson/extras/src/test/java/com/google;gson;IN_ACCESS,IN_ISDIR
2026-09-04T07:38:26.163242Z;/home/runner/work/gson/gson/extras/src/test/java/com/google/gson;;IN_ACCESS,IN_ISDIR
2026-09-04T07:38:26.163620Z;/home/runner/work/gson/gson/extras/src/test/java/com/google/gson;interceptors;IN_ACCESS,IN_ISDIR
2026-09-04T07:38:26.163983Z;/home/runner/work/gson/gson/extras/src/test/java/com/google/gson/interceptors;;IN_ACCESS,IN_ISDIR
2026-09-04T07:38:26.164339Z;/home/runner/work/gson/gson/extras/src/test/java/com/google/gson;interceptors;IN_ACCESS,IN_ISDIR
2026-09-04T07:38:26.164816Z;/home/runner/work/gson/gson/extras/src/test/java/com/google/gson/interceptors;;IN_ACCESS,IN_ISDIR
2026-09-04T07:38:26.165751Z;/home/runner/work/gson/gson/extras/src/test/java/com/google/gson;typeadapters;IN_ACCESS,IN_ISDIR
2026-09-04T07:38:26.166141Z;/home/runner/work/gson/gson/extras/src/test/java/com/google/gson/typeadapters;;IN_ACCESS,IN_ISDIR
2026-09-04T07:38:26.166503Z;/home/runner/work/gson/gson/extras/src/test/java/com/google/gson;typeadapters;IN_ACCESS,IN_ISDIR
2026-09-04T07:38:26.166874Z;/home/runner/work/gson/gson/extras/src/test/java/com/google/gson/typeadapters;;IN_ACCESS,IN_ISDIR
2026-09-04T07:38:26.167337Z;/home/runner/work/gson/gson;gson;IN_ACCESS,IN_ISDIR
2026-09-04T07:38:26.168879Z;/home/runner/work/gson/gson/gson;;IN_ACCESS,IN_ISDIR
2026-09-04T07:38:26.169263Z;/home/runner/work/gson/gson;gson;IN_ACCESS,IN_ISDIR
2026-09-04T07:38:26.169641Z;/home/runner/work/gson/gson/gson;;IN_ACCESS,IN_ISDIR
2026-09-04T07:38:26.170029Z;/home/runner/work/gson/gson/gson;pom.xml;IN_ACCESS
2026-09-04T07:38:26.170472Z;/home/runner/work/gson/gson/gson;src;IN_ACCESS,IN_ISDIR
2026-09-04T07:38:26.172991Z;/home/runner/work/gson/gson/gson/src;;IN_ACCESS,IN_ISDIR
2026-09-04T07:38:26.173404Z;/home/runner/work/gson/gson/gson;src;IN_ACCESS,IN_ISDIR
2026-09-04T07:38:26.173771Z;/home/runner/work/gson/gson/gson/src;;IN_ACCESS,IN_ISDIR
2026-09-04T07:38:26.174199Z;/home/runner/work/gson/gson/gson/src;main;IN_ACCESS,IN_ISDIR
2026-09-04T07:38:26.174689Z;/home/runner/work/gson/gson/gson/src/main;;IN_ACCESS,IN_ISDIR
2026-09-04T07:38:26.175084Z;/home/runner/work/gson/gson/gson/src;main;IN_ACCESS,IN_ISDIR
2026-09-04T07:38:26.175472Z;/home/runner/work/gson/gson/gson/src/main;;IN_ACCESS,IN_ISDIR
2026-09-04T07:38:26.175870Z;/home/runner/work/gson/gson/gson/src/main;java;IN_ACCESS,IN_ISDIR
2026-09-04T07:38:26.176250Z;/home/runner/work/gson/gson/gson/src/main/java;;IN_ACCESS,IN_ISDIR
2026-09-04T07:38:26.176737Z;/home/runner/work/gson/gson/gson/src/main;java;IN_ACCESS,IN_ISDIR
2026-09-04T07:38:26.177125Z;/home/runner/work/gson/gson/gson/src/main/java;;IN_ACCESS,IN_ISDIR
2026-09-04T07:38:26.177507Z;/home/runner/work/gson/gson/gson/src/main/java;com;IN_ACCESS,IN_ISDIR
2026-09-04T07:38:26.177891Z;/home/runner/work/gson/gson/gson/src/main/java/com;;IN_ACCESS,IN_ISDIR
2026-09-04T07:38:26.178277Z;/home/runner/work/gson/gson/gson/src/main/java;com;IN_ACCESS,IN_ISDIR
2026-09-04T07:38:26.178734Z;/home/runner/work/gson/gson/gson/src/main/java/com;;IN_ACCESS,IN_ISDIR
2026-09-04T07:38:26.179121Z;/home/runner/work/gson/gson/gson/src/main/java/com;google;IN_ACCESS,IN_ISDIR
2026-09-04T07:38:26.179482Z;/home/runner/work/gson/gson/gson/src/main/java/com/google;;IN_ACCESS,IN_ISDIR
2026-09-04T07:38:26.179862Z;/home/runner/work/gson/gson/gson/src/main/java/com;google;IN_ACCESS,IN_ISDIR
2026-09-04T07:38:26.180236Z;/home/runner/work/gson/gson/gson/src/main/java/com/google;;IN_ACCESS,IN_ISDIR
2026-09-04T07:38:26.180835Z;/home/runner/work/gson/gson/gson/src/main/java/com/google;gson;IN_ACCESS,IN_ISDIR
2026-09-04T07:38:26.181199Z;/home/runner/work/gson/gson/gson/src/main/java/com/google/gson;;IN_ACCESS,IN_ISDIR
2026-09-04T07:38:26.183926Z;/home/runner/work/gson/gson/gson/src/main/java/com/google;gson;IN_ACCESS,IN_ISDIR
2026-09-04T07:38:26.184359Z;/home/runner/work/gson/gson/gson/src/main/java/com/google/gson;;IN_ACCESS,IN_ISDIR
2026-09-04T07:38:26.185423Z;/home/runner/work/gson/gson/gson/src/main/java/com/google/gson;annotations;IN_ACCESS,IN_ISDIR
2026-09-04T07:38:26.185977Z;/home/runner/work/gson/gson/gson/src/main/java/com/google/gson/annotations;;IN_ACCESS,IN_ISDIR
2026-09-04T07:38:26.186381Z;/home/runner/work/gson/gson/gson/src/main/java/com/google/gson;annotations;IN_ACCESS,IN_ISDIR
2026-09-04T07:38:26.186741Z;/home/runner/work/gson/gson/gson/src/main/java/com/google/gson/annotations;;IN_ACCESS,IN_ISDIR
2026-09-04T07:38:26.189055Z;/home/runner/work/gson/gson/gson/src/main/java/com/google/gson;internal;IN_ACCESS,IN_ISDIR
2026-09-04T07:38:26.189484Z;/home/runner/work/gson/gson/gson/src/main/java/com/google/gson/internal;;IN_ACCESS,IN_ISDIR
2026-09-04T07:38:26.189970Z;/home/runner/work/gson/gson/gson/src/main/java/com/google/gson;internal;IN_ACCESS,IN_ISDIR
2026-09-04T07:38:26.190338Z;/home/runner/work/gson/gson/gson/src/main/java/com/google/gson/internal;;IN_ACCESS,IN_ISDIR
2026-09-04T07:38:26.190778Z;/home/runner/work/gson/gson/gson/src/main/java/com/google/gson/internal;bind;IN_ACCESS,IN_ISDIR
2026-09-04T07:38:26.191145Z;/home/runner/work/gson/gson/gson/src/main/java/com/google/gson/internal/bind;;IN_ACCESS,IN_ISDIR
2026-09-04T07:38:26.191509Z;/home/runner/work/gson/gson/gson/src/main/java/com/google/gson/internal;bind;IN_ACCESS,IN_ISDIR
2026-09-04T07:38:26.191995Z;/home/runner/work/gson/gson/gson/src/main/java/com/google/gson/internal/bind;;IN_ACCESS,IN_ISDIR
2026-09-04T07:38:26.192403Z;/home/runner/work/gson/gson/gson/src/main/java/com/google/gson/internal/bind;util;IN_ACCESS,IN_ISDIR
2026-09-04T07:38:26.192786Z;/home/runner/work/gson/gson/gson/src/main/java/com/google/gson/internal/bind/util;;IN_ACCESS,IN_ISDIR
2026-09-04T07:38:26.193154Z;/home/runner/work/gson/gson/gson/src/main/java/com/google/gson/internal/bind;util;IN_ACCESS,IN_ISDIR
2026-09-04T07:38:26.193529Z;/home/runner/work/gson/gson/gson/src/main/java/com/google/gson/internal/bind/util;;IN_ACCESS,IN_ISDIR
2026-09-04T07:38:26.193932Z;/home/runner/work/gson/gson/gson/src/main/java/com/google/gson/internal;reflect;IN_ACCESS,IN_ISDIR
2026-09-04T07:38:26.196832Z;/home/runner/work/gson/gson/gson/src/main/java/com/google/gson/internal/reflect;;IN_ACCESS,IN_ISDIR
2026-09-04T07:38:26.197205Z;/home/runner/work/gson/gson/gson/src/main/java/com/google/gson/internal;reflect;IN_ACCESS,IN_ISDIR
2026-09-04T07:38:26.197645Z;/home/runner/work/gson/gson/gson/src/main/java/com/google/gson/internal/reflect;;IN_ACCESS,IN_ISDIR
2026-09-04T07:38:26.198205Z;/home/runner/work/gson/gson/gson/src/main/java/com/google/gson/internal;sql;IN_ACCESS,IN_ISDIR
2026-09-04T07:38:26.198619Z;/home/runner/work/gson/gson/gson/src/main/java/com/google/gson/internal/sql;;IN_ACCESS,IN_ISDIR
2026-09-04T07:38:26.199090Z;/home/runner/work/gson/gson/gson/src/main/java/com/google/gson/internal;sql;IN_ACCESS,IN_ISDIR
2026-09-04T07:38:26.199470Z;/home/runner/work/gson/gson/gson/src/main/java/com/google/gson/internal/sql;;IN_ACCESS,IN_ISDIR
2026-09-04T07:38:26.199905Z;/home/runner/work/gson/gson/gson/src/main/java/com/google/gson;reflect;IN_ACCESS,IN_ISDIR
2026-09-04T07:38:26.201630Z;/home/runner/work/gson/gson/gson/src/main/java/com/google/gson/reflect;;IN_ACCESS,IN_ISDIR
2026-09-04T07:38:26.203483Z;/home/runner/work/gson/gson/gson/src/main/java/com/google/gson;reflect;IN_ACCESS,IN_ISDIR
2026-09-04T07:38:26.203978Z;/home/runner/work/gson/gson/gson/src/main/java/com/google/gson/reflect;;IN_ACCESS,IN_ISDIR
2026-09-04T07:38:26.205913Z;/home/runner/work/gson/gson/gson/src/main/java/com/google/gson;stream;IN_ACCESS,IN_ISDIR
2026-09-04T07:38:26.206413Z;/home/runner/work/gson/gson/gson/src/main/java/com/google/gson/stream;;IN_ACCESS,IN_ISDIR
2026-09-04T07:38:26.207058Z;/home/runner/work/gson/gson/gson/src/main/java/com/google/gson;stream;IN_ACCESS,IN_ISDIR
2026-09-04T07:38:26.207488Z;/home/runner/work/gson/gson/gson/src/main/java/com/google/gson/stream;;IN_ACCESS,IN_ISDIR
2026-09-04T07:38:26.208042Z;/home/runner/work/gson/gson/gson/src/main;java-templates;IN_ACCESS,IN_ISDIR
2026-09-04T07:38:26.208614Z;/home/runner/work/gson/gson/gson/src/main/java-templates;;IN_ACCESS,IN_ISDIR
2026-09-04T07:38:26.209040Z;/home/runner/work/gson/gson/gson/src/main;java-templates;IN_ACCESS,IN_ISDIR
2026-09-04T07:38:26.209436Z;/home/runner/work/gson/gson/gson/src/main/java-templates;;IN_ACCESS,IN_ISDIR
2026-09-04T07:38:26.209902Z;/home/runner/work/gson/gson/gson/src/main/java-templates;com;IN_ACCESS,IN_ISDIR
2026-09-04T07:38:26.210462Z;/home/runner/work/gson/gson/gson/src/main/java-templates/com;;IN_ACCESS,IN_ISDIR
2026-09-04T07:38:26.210879Z;/home/runner/work/gson/gson/gson/src/main/java-templates;com;IN_ACCESS,IN_ISDIR
2026-09-04T07:38:26.211311Z;/home/runner/work/gson/gson/gson/src/main/java-templates/com;;IN_ACCESS,IN_ISDIR
2026-09-04T07:38:26.211745Z;/home/runner/work/gson/gson/gson/src/main/java-templates/com;google;IN_ACCESS,IN_ISDIR
2026-09-04T07:38:26.212155Z;/home/runner/work/gson/gson/gson/src/main/java-templates/com/google;;IN_ACCESS,IN_ISDIR
2026-09-04T07:38:26.212779Z;/home/runner/work/gson/gson/gson/src/main/java-templates/com;google;IN_ACCESS,IN_ISDIR
2026-09-04T07:38:26.213189Z;/home/runner/work/gson/gson/gson/src/main/java-templates/com/google;;IN_ACCESS,IN_ISDIR
2026-09-04T07:38:26.213617Z;/home/runner/work/gson/gson/gson/src/main/java-templates/com/google;gson;IN_ACCESS,IN_ISDIR
2026-09-04T07:38:26.214048Z;/home/runner/work/gson/gson/gson/src/main/java-templates/com/google/gson;;IN_ACCESS,IN_ISDIR
2026-09-04T07:38:26.214482Z;/home/runner/work/gson/gson/gson/src/main/java-templates/com/google;gson;IN_ACCESS,IN_ISDIR
2026-09-04T07:38:26.214926Z;/home/runner/work/gson/gson/gson/src/main/java-templates/com/google/gson;;IN_ACCESS,IN_ISDIR
2026-09-04T07:38:26.215505Z;/home/runner/work/gson/gson/gson/src/main/java-templates/com/google/gson;internal;IN_ACCESS,IN_ISDIR
2026-09-04T07:38:26.216013Z;/home/runner/work/gson/gson/gson/src/main/java-templates/com/google/gson/internal;;IN_ACCESS,IN_ISDIR
2026-09-04T07:38:26.216454Z;/home/runner/work/gson/gson/gson/src/main/java-templates/com/google/gson;internal;IN_ACCESS,IN_ISDIR
2026-09-04T07:38:26.216874Z;/home/runner/work/gson/gson/gson/src/main/java-templates/com/google/gson/internal;;IN_ACCESS,IN_ISDIR
2026-09-04T07:38:26.217304Z;/home/runner/work/gson/gson/gson/src/main;resources;IN_ACCESS,IN_ISDIR
2026-09-04T07:38:26.217782Z;/home/runner/work/gson/gson/gson/src/main/resources;;IN_ACCESS,IN_ISDIR
2026-09-04T07:38:26.218193Z;/home/runner/work/gson/gson/gson/src/main;resources;IN_ACCESS,IN_ISDIR
2026-09-04T07:38:26.218586Z;/home/runner/work/gson/gson/gson/src/main/resources;;IN_ACCESS,IN_ISDIR
2026-09-04T07:38:26.218979Z;/home/runner/work/gson/gson/gson/src/main/resources;META-INF;IN_ACCESS,IN_ISDIR
2026-09-04T07:38:26.219363Z;/home/runner/work/gson/gson/gson/src/main/resources/META-INF;;IN_ACCESS,IN_ISDIR
2026-09-04T07:38:26.219824Z;/home/runner/work/gson/gson/gson/src/main/resources;META-INF;IN_ACCESS,IN_ISDIR
2026-09-04T07:38:26.220235Z;/home/runner/work/gson/gson/gson/src/main/resources/META-INF;;IN_ACCESS,IN_ISDIR
2026-09-04T07:38:26.220791Z;/home/runner/work/gson/gson/gson/src/main/resources/META-INF;proguard;IN_ACCESS,IN_ISDIR
2026-09-04T07:38:26.221220Z;/home/runner/work/gson/gson/gson/src/main/resources/META-INF/proguard;;IN_ACCESS,IN_ISDIR
2026-09-04T07:38:26.221625Z;/home/runner/work/gson/gson/gson/src/main/resources/META-INF;proguard;IN_ACCESS,IN_ISDIR
2026-09-04T07:38:26.222040Z;/home/runner/work/gson/gson/gson/src/main/resources/META-INF/proguard;;IN_ACCESS,IN_ISDIR
2026-09-04T07:38:26.222546Z;/home/runner/work/gson/gson/gson/src;test;IN_ACCESS,IN_ISDIR
2026-09-04T07:38:26.222999Z;/home/runner/work/gson/gson/gson/src/test;;IN_ACCESS,IN_ISDIR
2026-09-04T07:38:26.223626Z;/home/runner/work/gson/gson/gson/src;test;IN_ACCESS,IN_ISDIR
2026-09-04T07:38:26.224023Z;/home/runner/work/gson/gson/gson/src/test;;IN_ACCESS,IN_ISDIR
2026-09-04T07:38:26.224451Z;/home/runner/work/gson/gson/gson/src/test;java;IN_ACCESS,IN_ISDIR
2026-09-04T07:38:26.224915Z;/home/runner/work/gson/gson/gson/src/test/java;;IN_ACCESS,IN_ISDIR
2026-09-04T07:38:26.225454Z;/home/runner/work/gson/gson/gson/src/test;java;IN_ACCESS,IN_ISDIR
2026-09-04T07:38:26.225906Z;/home/runner/work/gson/gson/gson/src/test/java;;IN_ACCESS,IN_ISDIR
2026-09-04T07:38:26.226314Z;/home/runner/work/gson/gson/gson/src/test/java;com;IN_ACCESS,IN_ISDIR
2026-09-04T07:38:26.226746Z;/home/runner/work/gson/gson/gson/src/test/java/com;;IN_ACCESS,IN_ISDIR
2026-09-04T07:38:26.227164Z;/home/runner/work/gson/gson/gson/src/test/java;com;IN_ACCESS,IN_ISDIR
2026-09-04T07:38:26.227592Z;/home/runner/work/gson/gson/gson/src/test/java/com;;IN_ACCESS,IN_ISDIR
2026-09-04T07:38:26.228132Z;/home/runner/work/gson/gson/gson/src/test/java/com;google;IN_ACCESS,IN_ISDIR
2026-09-04T07:38:26.228572Z;/home/runner/work/gson/gson/gson/src/test/java/com/google;;IN_ACCESS,IN_ISDIR
2026-09-04T07:38:26.229019Z;/home/runner/work/gson/gson/gson/src/test/java/com;google;IN_ACCESS,IN_ISDIR
2026-09-04T07:38:26.229414Z;/home/runner/work/gson/gson/gson/src/test/java/com/google;;IN_ACCESS,IN_ISDIR
2026-09-04T07:38:26.229821Z;/home/runner/work/gson/gson/gson/src/test/java/com/google;gson;IN_ACCESS,IN_ISDIR
2026-09-04T07:38:26.230338Z;/home/runner/work/gson/gson/gson/src/test/java/com/google/gson;;IN_ACCESS,IN_ISDIR
2026-09-04T07:38:26.230816Z;/home/runner/work/gson/gson/gson/src/test/java/com/google;gson;IN_ACCESS,IN_ISDIR
2026-09-04T07:38:26.231278Z;/home/runner/work/gson/gson/gson/src/test/java/com/google/gson;;IN_ACCESS,IN_ISDIR
2026-09-04T07:38:26.231813Z;/home/runner/work/gson/gson/gson/src/test/java/com/google/gson;common;IN_ACCESS,IN_ISDIR
2026-09-04T07:38:26.232261Z;/home/runner/work/gson/gson/gson/src/test/java/com/google/gson/common;;IN_ACCESS,IN_ISDIR
2026-09-04T07:38:26.232773Z;/home/runner/work/gson/gson/gson/src/test/java/com/google/gson;common;IN_ACCESS,IN_ISDIR
2026-09-04T07:38:26.233201Z;/home/runner/work/gson/gson/gson/src/test/java/com/google/gson/common;;IN_ACCESS,IN_ISDIR
2026-09-04T07:38:26.233632Z;/home/runner/work/gson/gson/gson/src/test/java/com/google/gson;functional;IN_ACCESS,IN_ISDIR
2026-09-04T07:38:26.234051Z;/home/runner/work/gson/gson/gson/src/test/java/com/google/gson/functional;;IN_ACCESS,IN_ISDIR
2026-09-04T07:38:26.234465Z;/home/runner/work/gson/gson/gson/src/test/java/com/google/gson;functional;IN_ACCESS,IN_ISDIR
2026-09-04T07:38:26.234864Z;/home/runner/work/gson/gson/gson/src/test/java/com/google/gson/functional;;IN_ACCESS,IN_ISDIR
2026-09-04T07:38:26.235219Z;/home/runner/work/gson/gson/gson/src/test/java/com/google/gson;integration;IN_ACCESS,IN_ISDIR
2026-09-04T07:38:26.235531Z;/home/runner/work/gson/gson/gson/src/test/java/com/google/gson/integration;;IN_ACCESS,IN_ISDIR
2026-09-04T07:38:26.235865Z;/home/runner/work/gson/gson/gson/src/test/java/com/google/gson;integration;IN_ACCESS,IN_ISDIR
2026-09-04T07:38:26.236431Z;/home/runner/work/gson/gson/gson/src/test/java/com/google/gson/integration;;IN_ACCESS,IN_ISDIR
2026-09-04T07:38:26.236778Z;/home/runner/work/gson/gson/gson/src/test/java/com/google/gson;internal;IN_ACCESS,IN_ISDIR
2026-09-04T07:38:26.237125Z;/home/runner/work/gson/gson/gson/src/test/java/com/google/gson/internal;;IN_ACCESS,IN_ISDIR
2026-09-04T07:38:26.237447Z;/home/runner/work/gson/gson/gson/src/test/java/com/google/gson;internal;IN_ACCESS,IN_ISDIR
2026-09-04T07:38:26.237795Z;/home/runner/work/gson/gson/gson/src/test/java/com/google/gson/internal;;IN_ACCESS,IN_ISDIR
2026-09-04T07:38:26.238147Z;/home/runner/work/gson/gson/gson/src/test/java/com/google/gson/internal;bind;IN_ACCESS,IN_ISDIR
2026-09-04T07:38:26.238507Z;/home/runner/work/gson/gson/gson/src/test/java/com/google/gson/internal/bind;;IN_ACCESS,IN_ISDIR
2026-09-04T07:38:26.238881Z;/home/runner/work/gson/gson/gson/src/test/java/com/google/gson/internal;bind;IN_ACCESS,IN_ISDIR
2026-09-04T07:38:26.239356Z;/home/runner/work/gson/gson/gson/src/test/java/com/google/gson/internal/bind;;IN_ACCESS,IN_ISDIR
2026-09-04T07:38:26.239702Z;/home/runner/work/gson/gson/gson/src/test/java/com/google/gson/internal/bind;util;IN_ACCESS,IN_ISDIR
2026-09-04T07:38:26.240057Z;/home/runner/work/gson/gson/gson/src/test/java/com/google/gson/internal/bind/util;;IN_ACCESS,IN_ISDIR
2026-09-04T07:38:26.240409Z;/home/runner/work/gson/gson/gson/src/test/java/com/google/gson/internal/bind;util;IN_ACCESS,IN_ISDIR
2026-09-04T07:38:26.240766Z;/home/runner/work/gson/gson/gson/src/test/java/com/google/gson/internal/bind/util;;IN_ACCESS,IN_ISDIR
2026-09-04T07:38:26.241116Z;/home/runner/work/gson/gson/gson/src/test/java/com/google/gson/internal;reflect;IN_ACCESS,IN_ISDIR
2026-09-04T07:38:26.241455Z;/home/runner/work/gson/gson/gson/src/test/java/com/google/gson/internal/reflect;;IN_ACCESS,IN_ISDIR
2026-09-04T07:38:26.241818Z;/home/runner/work/gson/gson/gson/src/test/java/com/google/gson/internal;reflect;IN_ACCESS,IN_ISDIR
2026-09-04T07:38:26.242274Z;/home/runner/work/gson/gson/gson/src/test/java/com/google/gson/internal/reflect;;IN_ACCESS,IN_ISDIR
2026-09-04T07:38:26.242662Z;/home/runner/work/gson/gson/gson/src/test/java/com/google/gson/internal;sql;IN_ACCESS,IN_ISDIR
2026-09-04T07:38:26.243030Z;/home/runner/work/gson/gson/gson/src/test/java/com/google/gson/internal/sql;;IN_ACCESS,IN_ISDIR
2026-09-04T07:38:26.243405Z;/home/runner/work/gson/gson/gson/src/test/java/com/google/gson/internal;sql;IN_ACCESS,IN_ISDIR
2026-09-04T07:38:26.243811Z;/home/runner/work/gson/gson/gson/src/test/java/com/google/gson/internal/sql;;IN_ACCESS,IN_ISDIR
2026-09-04T07:38:26.244274Z;/home/runner/work/gson/gson/gson/src/test/java/com/google/gson;metrics;IN_ACCESS,IN_ISDIR
2026-09-04T07:38:26.244714Z;/home/runner/work/gson/gson/gson/src/test/java/com/google/gson/metrics;;IN_ACCESS,IN_ISDIR
2026-09-04T07:38:26.245126Z;/home/runner/work/gson/gson/gson/src/test/java/com/google/gson;metrics;IN_ACCESS,IN_ISDIR
2026-09-04T07:38:26.245483Z;/home/runner/work/gson/gson/gson/src/test/java/com/google/gson/metrics;;IN_ACCESS,IN_ISDIR
2026-09-04T07:38:26.245838Z;/home/runner/work/gson/gson/gson/src/test/java/com/google/gson;reflect;IN_ACCESS,IN_ISDIR
2026-09-04T07:38:26.246208Z;/home/runner/work/gson/gson/gson/src/test/java/com/google/gson/reflect;;IN_ACCESS,IN_ISDIR
2026-09-04T07:38:26.246614Z;/home/runner/work/gson/gson/gson/src/test/java/com/google/gson;reflect;IN_ACCESS,IN_ISDIR
2026-09-04T07:38:26.247010Z;/home/runner/work/gson/gson/gson/src/test/java/com/google/gson/reflect;;IN_ACCESS,IN_ISDIR
2026-09-04T07:38:26.247354Z;/home/runner/work/gson/gson/gson/src/test/java/com/google/gson;stream;IN_ACCESS,IN_ISDIR
2026-09-04T07:38:26.247748Z;/home/runner/work/gson/gson/gson/src/test/java/com/google/gson/stream;;IN_ACCESS,IN_ISDIR
2026-09-04T07:38:26.248171Z;/home/runner/work/gson/gson/gson/src/test/java/com/google/gson;stream;IN_ACCESS,IN_ISDIR
2026-09-04T07:38:26.248508Z;/home/runner/work/gson/gson/gson/src/test/java/com/google/gson/stream;;IN_ACCESS,IN_ISDIR
2026-09-04T07:38:26.248906Z;/home/runner/work/gson/gson/gson/src/test;resources;IN_ACCESS,IN_ISDIR
2026-09-04T07:38:26.249282Z;/home/runner/work/gson/gson/gson/src/test/resources;;IN_ACCESS,IN_ISDIR
2026-09-04T07:38:26.249645Z;/home/runner/work/gson/gson/gson/src/test;resources;IN_ACCESS,IN_ISDIR
2026-09-04T07:38:26.249998Z;/home/runner/work/gson/gson/gson/src/test/resources;;IN_ACCESS,IN_ISDIR
2026-09-04T07:38:26.250376Z;/home/runner/work/gson/gson;metrics;IN_ACCESS,IN_ISDIR
2026-09-04T07:38:26.251263Z;/home/runner/work/gson/gson/metrics;;IN_ACCESS,IN_ISDIR
2026-09-04T07:38:26.251662Z;/home/runner/work/gson/gson;metrics;IN_ACCESS,IN_ISDIR
2026-09-04T07:38:26.252164Z;/home/runner/work/gson/gson/metrics;;IN_ACCESS,IN_ISDIR
2026-09-04T07:38:26.252593Z;/home/runner/work/gson/gson/metrics;pom.xml;IN_ACCESS
2026-09-04T07:38:26.253014Z;/home/runner/work/gson/gson/metrics;src;IN_ACCESS,IN_ISDIR
2026-09-04T07:38:26.253388Z;/home/runner/work/gson/gson/metrics/src;;IN_ACCESS,IN_ISDIR
2026-09-04T07:38:26.253761Z;/home/runner/work/gson/gson/metrics;src;IN_ACCESS,IN_ISDIR
2026-09-04T07:38:26.254311Z;/home/runner/work/gson/gson/metrics/src;;IN_ACCESS,IN_ISDIR
2026-09-04T07:38:26.254668Z;/home/runner/work/gson/gson/metrics/src;main;IN_ACCESS,IN_ISDIR
2026-09-04T07:38:26.255079Z;/home/runner/work/gson/gson/metrics/src/main;;IN_ACCESS,IN_ISDIR
2026-09-04T07:38:26.255462Z;/home/runner/work/gson/gson/metrics/src;main;IN_ACCESS,IN_ISDIR
2026-09-04T07:38:26.255842Z;/home/runner/work/gson/gson/metrics/src/main;;IN_ACCESS,IN_ISDIR
2026-09-04T07:38:26.256242Z;/home/runner/work/gson/gson/metrics/src/main;java;IN_ACCESS,IN_ISDIR
2026-09-04T07:38:26.256580Z;/home/runner/work/gson/gson/metrics/src/main/java;;IN_ACCESS,IN_ISDIR
2026-09-04T07:38:26.256921Z;/home/runner/work/gson/gson/metrics/src/main;java;IN_ACCESS,IN_ISDIR
2026-09-04T07:38:26.257296Z;/home/runner/work/gson/gson/metrics/src/main/java;;IN_ACCESS,IN_ISDIR
2026-09-04T07:38:26.257655Z;/home/runner/work/gson/gson/metrics/src/main/java;com;IN_ACCESS,IN_ISDIR
2026-09-04T07:38:26.257991Z;/home/runner/work/gson/gson/metrics/src/main/java/com;;IN_ACCESS,IN_ISDIR
2026-09-04T07:38:26.258342Z;/home/runner/work/gson/gson/metrics/src/main/java;com;IN_ACCESS,IN_ISDIR
2026-09-04T07:38:26.258677Z;/home/runner/work/gson/gson/metrics/src/main/java/com;;IN_ACCESS,IN_ISDIR
2026-09-04T07:38:26.259009Z;/home/runner/work/gson/gson/metrics/src/main/java/com;google;IN_ACCESS,IN_ISDIR
2026-09-04T07:38:26.259348Z;/home/runner/work/gson/gson/metrics/src/main/java/com/google;;IN_ACCESS,IN_ISDIR
2026-09-04T07:38:26.259685Z;/home/runner/work/gson/gson/metrics/src/main/java/com;google;IN_ACCESS,IN_ISDIR
2026-09-04T07:38:26.260023Z;/home/runner/work/gson/gson/metrics/src/main/java/com/google;;IN_ACCESS,IN_ISDIR
2026-09-04T07:38:26.260344Z;/home/runner/work/gson/gson/metrics/src/main/java/com/google;gson;IN_ACCESS,IN_ISDIR
2026-09-04T07:38:26.260679Z;/home/runner/work/gson/gson/metrics/src/main/java/com/google/gson;;IN_ACCESS,IN_ISDIR
2026-09-04T07:38:26.260977Z;/home/runner/work/gson/gson/metrics/src/main/java/com/google;gson;IN_ACCESS,IN_ISDIR
2026-09-04T07:38:26.261301Z;/home/runner/work/gson/gson/metrics/src/main/java/com/google/gson;;IN_ACCESS,IN_ISDIR
2026-09-04T07:38:26.261638Z;/home/runner/work/gson/gson/metrics/src/main/java/com/google/gson;metrics;IN_ACCESS,IN_ISDIR
2026-09-04T07:38:26.261961Z;/home/runner/work/gson/gson/metrics/src/main/java/com/google/gson/metrics;;IN_ACCESS,IN_ISDIR
2026-09-04T07:38:26.262254Z;/home/runner/work/gson/gson/metrics/src/main/java/com/google/gson;metrics;IN_ACCESS,IN_ISDIR
2026-09-04T07:38:26.262543Z;/home/runner/work/gson/gson/metrics/src/main/java/com/google/gson/metrics;;IN_ACCESS,IN_ISDIR
2026-09-04T07:38:26.262887Z;/home/runner/work/gson/gson/metrics/src/main;resources;IN_ACCESS,IN_ISDIR
2026-09-04T07:38:26.263194Z;/home/runner/work/gson/gson/metrics/src/main/resources;;IN_ACCESS,IN_ISDIR
2026-09-04T07:38:26.263505Z;/home/runner/work/gson/gson/metrics/src/main;resources;IN_ACCESS,IN_ISDIR
2026-09-04T07:38:26.263889Z;/home/runner/work/gson/gson/metrics/src/main/resources;;IN_ACCESS,IN_ISDIR
2026-09-04T07:38:26.264231Z;/home/runner/work/gson/gson;pom.xml;IN_ACCESS
2026-09-04T07:38:26.264618Z;/home/runner/work/gson/gson;proto;IN_ACCESS,IN_ISDIR
2026-09-04T07:38:26.265004Z;/home/runner/work/gson/gson/proto;;IN_ACCESS,IN_ISDIR
2026-09-04T07:38:26.265345Z;/home/runner/work/gson/gson;proto;IN_ACCESS,IN_ISDIR
2026-09-04T07:38:26.265829Z;/home/runner/work/gson/gson/proto;;IN_ACCESS,IN_ISDIR
2026-09-04T07:38:26.266149Z;/home/runner/work/gson/gson/proto;pom.xml;IN_ACCESS
2026-09-04T07:38:26.266519Z;/home/runner/work/gson/gson/proto;src;IN_ACCESS,IN_ISDIR
2026-09-04T07:38:26.266869Z;/home/runner/work/gson/gson/proto/src;;IN_ACCESS,IN_ISDIR
2026-09-04T07:38:26.267216Z;/home/runner/work/gson/gson/proto;src;IN_ACCESS,IN_ISDIR
2026-09-04T07:38:26.267533Z;/home/runner/work/gson/gson/proto/src;;IN_ACCESS,IN_ISDIR
2026-09-04T07:38:26.267937Z;/home/runner/work/gson/gson/proto/src;main;IN_ACCESS,IN_ISDIR
2026-09-04T07:38:26.268468Z;/home/runner/work/gson/gson/proto/src/main;;IN_ACCESS,IN_ISDIR
2026-09-04T07:38:26.268967Z;/home/runner/work/gson/gson/proto/src;main;IN_ACCESS,IN_ISDIR
2026-09-04T07:38:26.269408Z;/home/runner/work/gson/gson/proto/src/main;;IN_ACCESS,IN_ISDIR
2026-09-04T07:38:26.269777Z;/home/runner/work/gson/gson/proto/src/main;java;IN_ACCESS,IN_ISDIR
2026-09-04T07:38:26.270168Z;/home/runner/work/gson/gson/proto/src/main/java;;IN_ACCESS,IN_ISDIR
2026-09-04T07:38:26.270522Z;/home/runner/work/gson/gson/proto/src/main;java;IN_ACCESS,IN_ISDIR
2026-09-04T07:38:26.270904Z;/home/runner/work/gson/gson/proto/src/main/java;;IN_ACCESS,IN_ISDIR
2026-09-04T07:38:26.271414Z;/home/runner/work/gson/gson/proto/src/main/java;com;IN_ACCESS,IN_ISDIR
2026-09-04T07:38:26.271892Z;/home/runner/work/gson/gson/proto/src/main/java/com;;IN_ACCESS,IN_ISDIR
2026-09-04T07:38:26.272269Z;/home/runner/work/gson/gson/proto/src/main/java;com;IN_ACCESS,IN_ISDIR
2026-09-04T07:38:26.272691Z;/home/runner/work/gson/gson/proto/src/main/java/com;;IN_ACCESS,IN_ISDIR
2026-09-04T07:38:26.273109Z;/home/runner/work/gson/gson/proto/src/main/java/com;google;IN_ACCESS,IN_ISDIR
2026-09-04T07:38:26.273515Z;/home/runner/work/gson/gson/proto/src/main/java/com/google;;IN_ACCESS,IN_ISDIR
2026-09-04T07:38:26.273964Z;/home/runner/work/gson/gson/proto/src/main/java/com;google;IN_ACCESS,IN_ISDIR
2026-09-04T07:38:26.274345Z;/home/runner/work/gson/gson/proto/src/main/java/com/google;;IN_ACCESS,IN_ISDIR
2026-09-04T07:38:26.274780Z;/home/runner/work/gson/gson/proto/src/main/java/com/google;gson;IN_ACCESS,IN_ISDIR
2026-09-04T07:38:26.275177Z;/home/runner/work/gson/gson/proto/src/main/java/com/google/gson;;IN_ACCESS,IN_ISDIR
2026-09-04T07:38:26.275531Z;/home/runner/work/gson/gson/proto/src/main/java/com/google;gson;IN_ACCESS,IN_ISDIR
2026-09-04T07:38:26.275885Z;/home/runner/work/gson/gson/proto/src/main/java/com/google/gson;;IN_ACCESS,IN_ISDIR
2026-09-04T07:38:26.276320Z;/home/runner/work/gson/gson/proto/src/main/java/com/google/gson;protobuf;IN_ACCESS,IN_ISDIR
2026-09-04T07:38:26.276707Z;/home/runner/work/gson/gson/proto/src/main/java/com/google/gson/protobuf;;IN_ACCESS,IN_ISDIR
2026-09-04T07:38:26.277065Z;/home/runner/work/gson/gson/proto/src/main/java/com/google/gson;protobuf;IN_ACCESS,IN_ISDIR
2026-09-04T07:38:26.277689Z;/home/runner/work/gson/gson/proto/src/main/java/com/google/gson/protobuf;;IN_ACCESS,IN_ISDIR
2026-09-04T07:38:26.278063Z;/home/runner/work/gson/gson/proto/src;test;IN_ACCESS,IN_ISDIR
2026-09-04T07:38:26.278432Z;/home/runner/work/gson/gson/proto/src/test;;IN_ACCESS,IN_ISDIR
2026-09-04T07:38:26.278792Z;/home/runner/work/gson/gson/proto/src;test;IN_ACCESS,IN_ISDIR
2026-09-04T07:38:26.279189Z;/home/runner/work/gson/gson/proto/src/test;;IN_ACCESS,IN_ISDIR
2026-09-04T07:38:26.279503Z;/home/runner/work/gson/gson/proto/src/test;java;IN_ACCESS,IN_ISDIR
2026-09-04T07:38:26.279845Z;/home/runner/work/gson/gson/proto/src/test/java;;IN_ACCESS,IN_ISDIR
2026-09-04T07:38:26.280305Z;/home/runner/work/gson/gson/proto/src/test;java;IN_ACCESS,IN_ISDIR
2026-09-04T07:38:26.280722Z;/home/runner/work/gson/gson/proto/src/test/java;;IN_ACCESS,IN_ISDIR
2026-09-04T07:38:26.281076Z;/home/runner/work/gson/gson/proto/src/test/java;com;IN_ACCESS,IN_ISDIR
2026-09-04T07:38:26.281421Z;/home/runner/work/gson/gson/proto/src/test/java/com;;IN_ACCESS,IN_ISDIR
2026-09-04T07:38:26.281857Z;/home/runner/work/gson/gson/proto/src/test/java;com;IN_ACCESS,IN_ISDIR
2026-09-04T07:38:26.282269Z;/home/runner/work/gson/gson/proto/src/test/java/com;;IN_ACCESS,IN_ISDIR
2026-09-04T07:38:26.282596Z;/home/runner/work/gson/gson/proto/src/test/java/com;google;IN_ACCESS,IN_ISDIR
2026-09-04T07:38:26.282995Z;/home/runner/work/gson/gson/proto/src/test/java/com/google;;IN_ACCESS,IN_ISDIR
2026-09-04T07:38:26.283373Z;/home/runner/work/gson/gson/proto/src/test/java/com;google;IN_ACCESS,IN_ISDIR
2026-09-04T07:38:26.283722Z;/home/runner/work/gson/gson/proto/src/test/java/com/google;;IN_ACCESS,IN_ISDIR
2026-09-04T07:38:26.284220Z;/home/runner/work/gson/gson/proto/src/test/java/com/google;gson;IN_ACCESS,IN_ISDIR
2026-09-04T07:38:26.284650Z;/home/runner/work/gson/gson/proto/src/test/java/com/google/gson;;IN_ACCESS,IN_ISDIR
2026-09-04T07:38:26.285186Z;/home/runner/work/gson/gson/proto/src/test/java/com/google;gson;IN_ACCESS,IN_ISDIR
2026-09-04T07:38:26.285631Z;/home/runner/work/gson/gson/proto/src/test/java/com/google/gson;;IN_ACCESS,IN_ISDIR
2026-09-04T07:38:26.286035Z;/home/runner/work/gson/gson/proto/src/test/java/com/google/gson;protobuf;IN_ACCESS,IN_ISDIR
2026-09-04T07:38:26.286465Z;/home/runner/work/gson/gson/proto/src/test/java/com/google/gson/protobuf;;IN_ACCESS,IN_ISDIR
2026-09-04T07:38:26.286857Z;/home/runner/work/gson/gson/proto/src/test/java/com/google/gson;protobuf;IN_ACCESS,IN_ISDIR
2026-09-04T07:38:26.287269Z;/home/runner/work/gson/gson/proto/src/test/java/com/google/gson/protobuf;;IN_ACCESS,IN_ISDIR
2026-09-04T07:38:26.287679Z;/home/runner/work/gson/gson/proto/src/test/java/com/google/gson/protobuf;functional;IN_ACCESS,IN_ISDIR
2026-09-04T07:38:26.288053Z;/home/runner/work/gson/gson/proto/src/test/java/com/google/gson/protobuf/functional;;IN_ACCESS,IN_ISDIR
2026-09-04T07:38:26.288455Z;/home/runner/work/gson/gson/proto/src/test/java/com/google/gson/protobuf;functional;IN_ACCESS,IN_ISDIR
2026-09-04T07:38:26.288847Z;/home/runner/work/gson/gson/proto/src/test/java/com/google/gson/protobuf/functional;;IN_ACCESS,IN_ISDIR
2026-09-04T07:38:26.289203Z;/home/runner/work/gson/gson/proto/src/test;protobuf;IN_ACCESS,IN_ISDIR
2026-09-04T07:38:26.289608Z;/home/runner/work/gson/gson/proto/src/test/protobuf;;IN_ACCESS,IN_ISDIR
2026-09-04T07:38:26.290028Z;/home/runner/work/gson/gson/proto/src/test;protobuf;IN_ACCESS,IN_ISDIR
2026-09-04T07:38:26.290449Z;/home/runner/work/gson/gson/proto/src/test/protobuf;;IN_ACCESS,IN_ISDIR
2026-09-04T07:38:26.290860Z;/home/runner/work/gson/gson;test-graal-native-image;IN_ACCESS,IN_ISDIR
2026-09-04T07:38:26.291234Z;/home/runner/work/gson/gson/test-graal-native-image;;IN_ACCESS,IN_ISDIR
2026-09-04T07:38:26.291634Z;/home/runner/work/gson/gson;test-graal-native-image;IN_ACCESS,IN_ISDIR
2026-09-04T07:38:26.292051Z;/home/runner/work/gson/gson/test-graal-native-image;;IN_ACCESS,IN_ISDIR
2026-09-04T07:38:26.292391Z;/home/runner/work/gson/gson/test-graal-native-image;pom.xml;IN_ACCESS
2026-09-04T07:38:26.292763Z;/home/runner/work/gson/gson/test-graal-native-image;src;IN_ACCESS,IN_ISDIR
2026-09-04T07:38:26.293139Z;/home/runner/work/gson/gson/test-graal-native-image/src;;IN_ACCESS,IN_ISDIR
2026-09-04T07:38:26.293550Z;/home/runner/work/gson/gson/test-graal-native-image;src;IN_ACCESS,IN_ISDIR
2026-09-04T07:38:26.294001Z;/home/runner/work/gson/gson/test-graal-native-image/src;;IN_ACCESS,IN_ISDIR
2026-09-04T07:38:26.294363Z;/home/runner/work/gson/gson/test-graal-native-image/src;test;IN_ACCESS,IN_ISDIR
2026-09-04T07:38:26.294732Z;/home/runner/work/gson/gson/test-graal-native-image/src/test;;IN_ACCESS,IN_ISDIR
2026-09-04T07:38:26.295082Z;/home/runner/work/gson/gson/test-graal-native-image/src;test;IN_ACCESS,IN_ISDIR
2026-09-04T07:38:26.295444Z;/home/runner/work/gson/gson/test-graal-native-image/src/test;;IN_ACCESS,IN_ISDIR
2026-09-04T07:38:26.295832Z;/home/runner/work/gson/gson/test-graal-native-image/src/test;java;IN_ACCESS,IN_ISDIR
2026-09-04T07:38:26.296194Z;/home/runner/work/gson/gson/test-graal-native-image/src/test/java;;IN_ACCESS,IN_ISDIR
2026-09-04T07:38:26.296568Z;/home/runner/work/gson/gson/test-graal-native-image/src/test;java;IN_ACCESS,IN_ISDIR
2026-09-04T07:38:26.297002Z;/home/runner/work/gson/gson/test-graal-native-image/src/test/java;;IN_ACCESS,IN_ISDIR
2026-09-04T07:38:26.297381Z;/home/runner/work/gson/gson/test-graal-native-image/src/test/java;com;IN_ACCESS,IN_ISDIR
2026-09-04T07:38:26.297801Z;/home/runner/work/gson/gson/test-graal-native-image/src/test/java/com;;IN_ACCESS,IN_ISDIR
2026-09-04T07:38:26.298149Z;/home/runner/work/gson/gson/test-graal-native-image/src/test/java;com;IN_ACCESS,IN_ISDIR
2026-09-04T07:38:26.298526Z;/home/runner/work/gson/gson/test-graal-native-image/src/test/java/com;;IN_ACCESS,IN_ISDIR
2026-09-04T07:38:26.298851Z;/home/runner/work/gson/gson/test-graal-native-image/src/test/java/com;google;IN_ACCESS,IN_ISDIR
2026-09-04T07:38:26.299238Z;/home/runner/work/gson/gson/test-graal-native-image/src/test/java/com/google;;IN_ACCESS,IN_ISDIR
2026-09-04T07:38:26.299927Z;/home/runner/work/gson/gson/test-graal-native-image/src/test/java/com;google;IN_ACCESS,IN_ISDIR
2026-09-04T07:38:26.300289Z;/home/runner/work/gson/gson/test-graal-native-image/src/test/java/com/google;;IN_ACCESS,IN_ISDIR
2026-09-04T07:38:26.300645Z;/home/runner/work/gson/gson/test-graal-native-image/src/test/java/com/google;gson;IN_ACCESS,IN_ISDIR
2026-09-04T07:38:26.301020Z;/home/runner/work/gson/gson/test-graal-native-image/src/test/java/com/google/gson;;IN_ACCESS,IN_ISDIR
2026-09-04T07:38:26.301376Z;/home/runner/work/gson/gson/test-graal-native-image/src/test/java/com/google;gson;IN_ACCESS,IN_ISDIR
2026-09-04T07:38:26.301763Z;/home/runner/work/gson/gson/test-graal-native-image/src/test/java/com/google/gson;;IN_ACCESS,IN_ISDIR
2026-09-04T07:38:26.302130Z;/home/runner/work/gson/gson/test-graal-native-image/src/test/java/com/google/gson;native_test;IN_ACCESS,IN_ISDIR
2026-09-04T07:38:26.302503Z;/home/runner/work/gson/gson/test-graal-native-image/src/test/java/com/google/gson/native_test;;IN_ACCESS,IN_ISDIR
2026-09-04T07:38:26.302879Z;/home/runner/work/gson/gson/test-graal-native-image/src/test/java/com/google/gson;native_test;IN_ACCESS,IN_ISDIR
2026-09-04T07:38:26.303274Z;/home/runner/work/gson/gson/test-graal-native-image/src/test/java/com/google/gson/native_test;;IN_ACCESS,IN_ISDIR
2026-09-04T07:38:26.303645Z;/home/runner/work/gson/gson/test-graal-native-image/src/test;resources;IN_ACCESS,IN_ISDIR
2026-09-04T07:38:26.303994Z;/home/runner/work/gson/gson/test-graal-native-image/src/test/resources;;IN_ACCESS,IN_ISDIR
2026-09-04T07:38:26.304366Z;/home/runner/work/gson/gson/test-graal-native-image/src/test;resources;IN_ACCESS,IN_ISDIR
2026-09-04T07:38:26.304725Z;/home/runner/work/gson/gson/test-graal-native-image/src/test/resources;;IN_ACCESS,IN_ISDIR
2026-09-04T07:38:26.305078Z;/home/runner/work/gson/gson/test-graal-native-image/src/test/resources;META-INF;IN_ACCESS,IN_ISDIR
2026-09-04T07:38:26.305457Z;/home/runner/work/gson/gson/test-graal-native-image/src/test/resources/META-INF;;IN_ACCESS,IN_ISDIR
2026-09-04T07:38:26.305903Z;/home/runner/work/gson/gson/test-graal-native-image/src/test/resources;META-INF;IN_ACCESS,IN_ISDIR
2026-09-04T07:38:26.306256Z;/home/runner/work/gson/gson/test-graal-native-image/src/test/resources/META-INF;;IN_ACCESS,IN_ISDIR
2026-09-04T07:38:26.306822Z;/home/runner/work/gson/gson/test-graal-native-image/src/test/resources/META-INF;native-image;IN_ACCESS,IN_ISDIR
2026-09-04T07:38:26.307180Z;/home/runner/work/gson/gson/test-graal-native-image/src/test/resources/META-INF/native-image;;IN_ACCESS,IN_ISDIR
2026-09-04T07:38:26.307518Z;/home/runner/work/gson/gson/test-graal-native-image/src/test/resources/META-INF;native-image;IN_ACCESS,IN_ISDIR
2026-09-04T07:38:26.307904Z;/home/runner/work/gson/gson/test-graal-native-image/src/test/resources/META-INF/native-image;;IN_ACCESS,IN_ISDIR
2026-09-04T07:38:26.308260Z;/home/runner/work/gson/gson;test-jpms;IN_ACCESS,IN_ISDIR
2026-09-04T07:38:26.308642Z;/home/runner/work/gson/gson/test-jpms;;IN_ACCESS,IN_ISDIR
2026-09-04T07:38:26.309026Z;/home/runner/work/gson/gson;test-jpms;IN_ACCESS,IN_ISDIR
2026-09-04T07:38:26.309446Z;/home/runner/work/gson/gson/test-jpms;;IN_ACCESS,IN_ISDIR
2026-09-04T07:38:26.309801Z;/home/runner/work/gson/gson/test-jpms;pom.xml;IN_ACCESS
2026-09-04T07:38:26.310160Z;/home/runner/work/gson/gson/test-jpms;src;IN_ACCESS,IN_ISDIR
2026-09-04T07:38:26.310537Z;/home/runner/work/gson/gson/test-jpms/src;;IN_ACCESS,IN_ISDIR
2026-09-04T07:38:26.310885Z;/home/runner/work/gson/gson/test-jpms;src;IN_ACCESS,IN_ISDIR
2026-09-04T07:38:26.311283Z;/home/runner/work/gson/gson/test-jpms/src;;IN_ACCESS,IN_ISDIR
2026-09-04T07:38:26.311669Z;/home/runner/work/gson/gson/test-jpms/src;main;IN_ACCESS,IN_ISDIR
2026-09-04T07:38:26.312044Z;/home/runner/work/gson/gson/test-jpms/src/main;;IN_ACCESS,IN_ISDIR
2026-09-04T07:38:26.312475Z;/home/runner/work/gson/gson/test-jpms/src;main;IN_ACCESS,IN_ISDIR
2026-09-04T07:38:26.312912Z;/home/runner/work/gson/gson/test-jpms/src/main;;IN_ACCESS,IN_ISDIR
2026-09-04T07:38:26.313513Z;/home/runner/work/gson/gson/test-jpms/src/main;java;IN_ACCESS,IN_ISDIR
2026-09-04T07:38:26.313955Z;/home/runner/work/gson/gson/test-jpms/src/main/java;;IN_ACCESS,IN_ISDIR
2026-09-04T07:38:26.314357Z;/home/runner/work/gson/gson/test-jpms/src/main;java;IN_ACCESS,IN_ISDIR
2026-09-04T07:38:26.314733Z;/home/runner/work/gson/gson/test-jpms/src/main/java;;IN_ACCESS,IN_ISDIR
2026-09-04T07:38:26.315081Z;/home/runner/work/gson/gson/test-jpms/src;test;IN_ACCESS,IN_ISDIR
2026-09-04T07:38:26.315472Z;/home/runner/work/gson/gson/test-jpms/src/test;;IN_ACCESS,IN_ISDIR
2026-09-04T07:38:26.317587Z;/home/runner/work/gson/gson/test-jpms/src;test;IN_ACCESS,IN_ISDIR
2026-09-04T07:38:26.318066Z;/home/runner/work/gson/gson/test-jpms/src/test;;IN_ACCESS,IN_ISDIR
2026-09-04T07:38:26.318471Z;/home/runner/work/gson/gson/test-jpms/src/test;java;IN_ACCESS,IN_ISDIR
2026-09-04T07:38:26.318839Z;/home/runner/work/gson/gson/test-jpms/src/test/java;;IN_ACCESS,IN_ISDIR
2026-09-04T07:38:26.319209Z;/home/runner/work/gson/gson/test-jpms/src/test;java;IN_ACCESS,IN_ISDIR
2026-09-04T07:38:26.319580Z;/home/runner/work/gson/gson/test-jpms/src/test/java;;IN_ACCESS,IN_ISDIR
2026-09-04T07:38:26.319915Z;/home/runner/work/gson/gson/test-jpms/src/test/java;com;IN_ACCESS,IN_ISDIR
2026-09-04T07:38:26.320413Z;/home/runner/work/gson/gson/test-jpms/src/test/java/com;;IN_ACCESS,IN_ISDIR
2026-09-04T07:38:26.320785Z;/home/runner/work/gson/gson/test-jpms/src/test/java;com;IN_ACCESS,IN_ISDIR
2026-09-04T07:38:26.321183Z;/home/runner/work/gson/gson/test-jpms/src/test/java/com;;IN_ACCESS,IN_ISDIR
2026-09-04T07:38:26.321552Z;/home/runner/work/gson/gson/test-jpms/src/test/java/com;google;IN_ACCESS,IN_ISDIR
2026-09-04T07:38:26.321938Z;/home/runner/work/gson/gson/test-jpms/src/test/java/com/google;;IN_ACCESS,IN_ISDIR
2026-09-04T07:38:26.322427Z;/home/runner/work/gson/gson/test-jpms/src/test/java/com;google;IN_ACCESS,IN_ISDIR
2026-09-04T07:38:26.322815Z;/home/runner/work/gson/gson/test-jpms/src/test/java/com/google;;IN_ACCESS,IN_ISDIR
2026-09-04T07:38:26.323231Z;/home/runner/work/gson/gson/test-jpms/src/test/java/com/google;gson;IN_ACCESS,IN_ISDIR
2026-09-04T07:38:26.323625Z;/home/runner/work/gson/gson/test-jpms/src/test/java/com/google/gson;;IN_ACCESS,IN_ISDIR
2026-09-04T07:38:26.324040Z;/home/runner/work/gson/gson/test-jpms/src/test/java/com/google;gson;IN_ACCESS,IN_ISDIR
2026-09-04T07:38:26.324471Z;/home/runner/work/gson/gson/test-jpms/src/test/java/com/google/gson;;IN_ACCESS,IN_ISDIR
2026-09-04T07:38:26.324867Z;/home/runner/work/gson/gson/test-jpms/src/test/java/com/google/gson;jpms_test;IN_ACCESS,IN_ISDIR
2026-09-04T07:38:26.325243Z;/home/runner/work/gson/gson/test-jpms/src/test/java/com/google/gson/jpms_test;;IN_ACCESS,IN_ISDIR
2026-09-04T07:38:26.325694Z;/home/runner/work/gson/gson/test-jpms/src/test/java/com/google/gson;jpms_test;IN_ACCESS,IN_ISDIR
2026-09-04T07:38:26.326080Z;/home/runner/work/gson/gson/test-jpms/src/test/java/com/google/gson/jpms_test;;IN_ACCESS,IN_ISDIR
2026-09-04T07:38:26.326449Z;/home/runner/work/gson/gson/test-jpms/src/test/java/com/google/gson/jpms_test;opened;IN_ACCESS,IN_ISDIR
2026-09-04T07:38:26.326771Z;/home/runner/work/gson/gson/test-jpms/src/test/java/com/google/gson/jpms_test/opened;;IN_ACCESS,IN_ISDIR
2026-09-04T07:38:26.327071Z;/home/runner/work/gson/gson/test-jpms/src/test/java/com/google/gson/jpms_test;opened;IN_ACCESS,IN_ISDIR
2026-09-04T07:38:26.327820Z;/home/runner/work/gson/gson/test-jpms/src/test/java/com/google/gson/jpms_test/opened;;IN_ACCESS,IN_ISDIR
2026-09-04T07:38:26.328345Z;/home/runner/work/gson/gson;test-shrinker;IN_ACCESS,IN_ISDIR
2026-09-04T07:38:26.328712Z;/home/runner/work/gson/gson/test-shrinker;;IN_ACCESS,IN_ISDIR
2026-09-04T07:38:26.329036Z;/home/runner/work/gson/gson;test-shrinker;IN_ACCESS,IN_ISDIR
2026-09-04T07:38:26.329345Z;/home/runner/work/gson/gson/test-shrinker;;IN_ACCESS,IN_ISDIR
2026-09-04T07:38:26.329659Z;/home/runner/work/gson/gson/test-shrinker;pom.xml;IN_ACCESS
2026-09-04T07:38:26.330049Z;/home/runner/work/gson/gson/test-shrinker;src;IN_ACCESS,IN_ISDIR
2026-09-04T07:38:26.330521Z;/home/runner/work/gson/gson/test-shrinker/src;;IN_ACCESS,IN_ISDIR
2026-09-04T07:38:26.331028Z;/home/runner/work/gson/gson/test-shrinker;src;IN_ACCESS,IN_ISDIR
2026-09-04T07:38:26.331469Z;/home/runner/work/gson/gson/test-shrinker/src;;IN_ACCESS,IN_ISDIR
2026-09-04T07:38:26.331847Z;/home/runner/work/gson/gson/test-shrinker/src;main;IN_ACCESS,IN_ISDIR
2026-09-04T07:38:26.332195Z;/home/runner/work/gson/gson/test-shrinker/src/main;;IN_ACCESS,IN_ISDIR
2026-09-04T07:38:26.332516Z;/home/runner/work/gson/gson/test-shrinker/src;main;IN_ACCESS,IN_ISDIR
2026-09-04T07:38:26.332859Z;/home/runner/work/gson/gson/test-shrinker/src/main;;IN_ACCESS,IN_ISDIR
2026-09-04T07:38:26.333152Z;/home/runner/work/gson/gson/test-shrinker/src/main;java;IN_ACCESS,IN_ISDIR
2026-09-04T07:38:26.333451Z;/home/runner/work/gson/gson/test-shrinker/src/main/java;;IN_ACCESS,IN_ISDIR
2026-09-04T07:38:26.333806Z;/home/runner/work/gson/gson/test-shrinker/src/main;java;IN_ACCESS,IN_ISDIR
2026-09-04T07:38:26.334112Z;/home/runner/work/gson/gson/test-shrinker/src/main/java;;IN_ACCESS,IN_ISDIR
2026-09-04T07:38:26.334402Z;/home/runner/work/gson/gson/test-shrinker/src/main/java;com;IN_ACCESS,IN_ISDIR
2026-09-04T07:38:26.334709Z;/home/runner/work/gson/gson/test-shrinker/src/main/java/com;;IN_ACCESS,IN_ISDIR
2026-09-04T07:38:26.335043Z;/home/runner/work/gson/gson/test-shrinker/src/main/java;com;IN_ACCESS,IN_ISDIR
2026-09-04T07:38:26.335388Z;/home/runner/work/gson/gson/test-shrinker/src/main/java/com;;IN_ACCESS,IN_ISDIR
2026-09-04T07:38:26.335726Z;/home/runner/work/gson/gson/test-shrinker/src/main/java/com;example;IN_ACCESS,IN_ISDIR
2026-09-04T07:38:26.336028Z;/home/runner/work/gson/gson/test-shrinker/src/main/java/com/example;;IN_ACCESS,IN_ISDIR
2026-09-04T07:38:26.336325Z;/home/runner/work/gson/gson/test-shrinker/src/main/java/com;example;IN_ACCESS,IN_ISDIR
2026-09-04T07:38:26.336657Z;/home/runner/work/gson/gson/test-shrinker/src/main/java/com/example;;IN_ACCESS,IN_ISDIR
2026-09-04T07:38:26.336959Z;/home/runner/work/gson/gson/test-shrinker/src;test;IN_ACCESS,IN_ISDIR
2026-09-04T07:38:26.337245Z;/home/runner/work/gson/gson/test-shrinker/src/test;;IN_ACCESS,IN_ISDIR
2026-09-04T07:38:26.337528Z;/home/runner/work/gson/gson/test-shrinker/src;test;IN_ACCESS,IN_ISDIR
2026-09-04T07:38:26.337835Z;/home/runner/work/gson/gson/test-shrinker/src/test;;IN_ACCESS,IN_ISDIR
2026-09-04T07:38:26.338116Z;/home/runner/work/gson/gson/test-shrinker/src/test;java;IN_ACCESS,IN_ISDIR
2026-09-04T07:38:26.338391Z;/home/runner/work/gson/gson/test-shrinker/src/test/java;;IN_ACCESS,IN_ISDIR
2026-09-04T07:38:26.338692Z;/home/runner/work/gson/gson/test-shrinker/src/test;java;IN_ACCESS,IN_ISDIR
2026-09-04T07:38:26.338977Z;/home/runner/work/gson/gson/test-shrinker/src/test/java;;IN_ACCESS,IN_ISDIR
2026-09-04T07:38:26.339249Z;/home/runner/work/gson/gson/test-shrinker/src/test/java;com;IN_ACCESS,IN_ISDIR
2026-09-04T07:38:26.339525Z;/home/runner/work/gson/gson/test-shrinker/src/test/java/com;;IN_ACCESS,IN_ISDIR
2026-09-04T07:38:26.339825Z;/home/runner/work/gson/gson/test-shrinker/src/test/java;com;IN_ACCESS,IN_ISDIR
2026-09-04T07:38:26.340105Z;/home/runner/work/gson/gson/test-shrinker/src/test/java/com;;IN_ACCESS,IN_ISDIR
2026-09-04T07:38:26.340385Z;/home/runner/work/gson/gson/test-shrinker/src/test/java/com;google;IN_ACCESS,IN_ISDIR
2026-09-04T07:38:26.340685Z;/home/runner/work/gson/gson/test-shrinker/src/test/java/com/google;;IN_ACCESS,IN_ISDIR
2026-09-04T07:38:26.340968Z;/home/runner/work/gson/gson/test-shrinker/src/test/java/com;google;IN_ACCESS,IN_ISDIR
2026-09-04T07:38:26.341240Z;/home/runner/work/gson/gson/test-shrinker/src/test/java/com/google;;IN_ACCESS,IN_ISDIR
2026-09-04T07:38:26.341522Z;/home/runner/work/gson/gson/test-shrinker/src/test/java/com/google;gson;IN_ACCESS,IN_ISDIR
2026-09-04T07:38:26.341829Z;/home/runner/work/gson/gson/test-shrinker/src/test/java/com/google/gson;;IN_ACCESS,IN_ISDIR
2026-09-04T07:38:26.342112Z;/home/runner/work/gson/gson/test-shrinker/src/test/java/com/google;gson;IN_ACCESS,IN_ISDIR
2026-09-04T07:38:26.342393Z;/home/runner/work/gson/gson/test-shrinker/src/test/java/com/google/gson;;IN_ACCESS,IN_ISDIR
2026-09-04T07:38:26.342853Z;/home/runner/work/gson/gson/test-shrinker/src/test/java/com/google/gson;it;IN_ACCESS,IN_ISDIR
2026-09-04T07:38:26.343171Z;/home/runner/work/gson/gson/test-shrinker/src/test/java/com/google/gson/it;;IN_ACCESS,IN_ISDIR
2026-09-04T07:38:26.343480Z;/home/runner/work/gson/gson/test-shrinker/src/test/java/com/google/gson;it;IN_ACCESS,IN_ISDIR
2026-09-04T07:38:26.343801Z;/home/runner/work/gson/gson/test-shrinker/src/test/java/com/google/gson/it;;IN_ACCESS,IN_ISDIR
2026-09-04T07:38:26.344129Z;/home/runner/work/gson/gson;;IN_ACCESS,IN_ISDIR
2026-09-04T07:38:26.344440Z;/home/runner/work/gson/gson;.git;IN_ACCESS,IN_ISDIR
2026-09-04T07:38:26.344745Z;/home/runner/work/gson/gson/.git;;IN_ACCESS,IN_ISDIR
2026-09-04T07:38:26.345044Z;/home/runner/work/gson/gson;.git;IN_ACCESS,IN_ISDIR
2026-09-04T07:38:26.345370Z;/home/runner/work/gson/gson/.git;;IN_ACCESS,IN_ISDIR
2026-09-04T07:38:26.345675Z;/home/runner/work/gson/gson/.git;hooks;IN_ACCESS,IN_ISDIR
2026-09-04T07:38:26.345974Z;/home/runner/work/gson/gson/.git/hooks;;IN_ACCESS,IN_ISDIR
2026-09-04T07:38:26.346268Z;/home/runner/work/gson/gson/.git;hooks;IN_ACCESS,IN_ISDIR
2026-09-04T07:38:26.346602Z;/home/runner/work/gson/gson/.git/hooks;;IN_ACCESS,IN_ISDIR
2026-09-04T07:38:26.347111Z;/home/runner/work/gson/gson/.git;info;IN_ACCESS,IN_ISDIR
2026-09-04T07:38:26.347563Z;/home/runner/work/gson/gson/.git/info;;IN_ACCESS,IN_ISDIR
2026-09-04T07:38:26.347923Z;/home/runner/work/gson/gson/.git;info;IN_ACCESS,IN_ISDIR
2026-09-04T07:38:26.348262Z;/home/runner/work/gson/gson/.git/info;;IN_ACCESS,IN_ISDIR
2026-09-04T07:38:26.348609Z;/home/runner/work/gson/gson/.git;logs;IN_ACCESS,IN_ISDIR
2026-09-04T07:38:26.348972Z;/home/runner/work/gson/gson/.git/logs;;IN_ACCESS,IN_ISDIR
2026-09-04T07:38:26.349343Z;/home/runner/work/gson/gson/.git;logs;IN_ACCESS,IN_ISDIR
2026-09-04T07:38:26.349702Z;/home/runner/work/gson/gson/.git/logs;;IN_ACCESS,IN_ISDIR
2026-09-04T07:38:26.350045Z;/home/runner/work/gson/gson/.git/logs;refs;IN_ACCESS,IN_ISDIR
2026-09-04T07:38:26.350388Z;/home/runner/work/gson/gson/.git/logs/refs;;IN_ACCESS,IN_ISDIR
2026-09-04T07:38:26.350713Z;/home/runner/work/gson/gson/.git/logs;refs;IN_ACCESS,IN_ISDIR
2026-09-04T07:38:26.351028Z;/home/runner/work/gson/gson/.git/logs/refs;;IN_ACCESS,IN_ISDIR
2026-09-04T07:38:26.351344Z;/home/runner/work/gson/gson/.git/logs/refs;heads;IN_ACCESS,IN_ISDIR
2026-09-04T07:38:26.351702Z;/home/runner/work/gson/gson/.git/logs/refs/heads;;IN_ACCESS,IN_ISDIR
2026-09-04T07:38:26.352041Z;/home/runner/work/gson/gson/.git/logs/refs;heads;IN_ACCESS,IN_ISDIR
2026-09-04T07:38:26.352358Z;/home/runner/work/gson/gson/.git/logs/refs/heads;;IN_ACCESS,IN_ISDIR
2026-09-04T07:38:26.352712Z;/home/runner/work/gson/gson/.git/logs/refs;remotes;IN_ACCESS,IN_ISDIR
2026-09-04T07:38:26.353053Z;/home/runner/work/gson/gson/.git/logs/refs/remotes;;IN_ACCESS,IN_ISDIR
2026-09-04T07:38:26.353358Z;/home/runner/work/gson/gson/.git/logs/refs;remotes;IN_ACCESS,IN_ISDIR
2026-09-04T07:38:26.353713Z;/home/runner/work/gson/gson/.git/logs/refs/remotes;;IN_ACCESS,IN_ISDIR
2026-09-04T07:38:26.354070Z;/home/runner/work/gson/gson/.git/logs/refs/remotes;origin;IN_ACCESS,IN_ISDIR
2026-09-04T07:38:26.354406Z;/home/runner/work/gson/gson/.git/logs/refs/remotes/origin;;IN_ACCESS,IN_ISDIR
2026-09-04T07:38:26.354715Z;/home/runner/work/gson/gson/.git/logs/refs/remotes;origin;IN_ACCESS,IN_ISDIR
2026-09-04T07:38:26.355058Z;/home/runner/work/gson/gson/.git/logs/refs/remotes/origin;;IN_ACCESS,IN_ISDIR
2026-09-04T07:38:26.355364Z;/home/runner/work/gson/gson/.git;objects;IN_ACCESS,IN_ISDIR
2026-09-04T07:38:26.355683Z;/home/runner/work/gson/gson/.git/objects;;IN_ACCESS,IN_ISDIR
2026-09-04T07:38:26.355991Z;/home/runner/work/gson/gson/.git;objects;IN_ACCESS,IN_ISDIR
2026-09-04T07:38:26.356288Z;/home/runner/work/gson/gson/.git/objects;;IN_ACCESS,IN_ISDIR
2026-09-04T07:38:26.356587Z;/home/runner/work/gson/gson/.git/objects;info;IN_ACCESS,IN_ISDIR
2026-09-04T07:38:26.356883Z;/home/runner/work/gson/gson/.git/objects/info;;IN_ACCESS,IN_ISDIR
2026-09-04T07:38:26.357170Z;/home/runner/work/gson/gson/.git/objects;info;IN_ACCESS,IN_ISDIR
2026-09-04T07:38:26.357545Z;/home/runner/work/gson/gson/.git/objects/info;;IN_ACCESS,IN_ISDIR
2026-09-04T07:38:26.357840Z;/home/runner/work/gson/gson/.git/objects;pack;IN_ACCESS,IN_ISDIR
2026-09-04T07:38:26.358121Z;/home/runner/work/gson/gson/.git/objects/pack;;IN_ACCESS,IN_ISDIR
2026-09-04T07:38:26.358398Z;/home/runner/work/gson/gson/.git/objects;pack;IN_ACCESS,IN_ISDIR
2026-09-04T07:38:26.358691Z;/home/runner/work/gson/gson/.git/objects/pack;;IN_ACCESS,IN_ISDIR
2026-09-04T07:38:26.358996Z;/home/runner/work/gson/gson/.git;refs;IN_ACCESS,IN_ISDIR
2026-09-04T07:38:26.359296Z;/home/runner/work/gson/gson/.git/refs;;IN_ACCESS,IN_ISDIR
2026-09-04T07:38:26.359662Z;/home/runner/work/gson/gson/.git;refs;IN_ACCESS,IN_ISDIR
2026-09-04T07:38:26.359983Z;/home/runner/work/gson/gson/.git/refs;;IN_ACCESS,IN_ISDIR
2026-09-04T07:38:26.360280Z;/home/runner/work/gson/gson/.git/refs;heads;IN_ACCESS,IN_ISDIR
2026-09-04T07:38:26.360575Z;/home/runner/work/gson/gson/.git/refs/heads;;IN_ACCESS,IN_ISDIR
2026-09-04T07:38:26.360864Z;/home/runner/work/gson/gson/.git/refs;heads;IN_ACCESS,IN_ISDIR
2026-09-04T07:38:26.361144Z;/home/runner/work/gson/gson/.git/refs/heads;;IN_ACCESS,IN_ISDIR
2026-09-04T07:38:26.361431Z;/home/runner/work/gson/gson/.git/refs;remotes;IN_ACCESS,IN_ISDIR
2026-09-04T07:38:26.361720Z;/home/runner/work/gson/gson/.git/refs/remotes;;IN_ACCESS,IN_ISDIR
2026-09-04T07:38:26.362039Z;/home/runner/work/gson/gson/.git/refs;remotes;IN_ACCESS,IN_ISDIR
2026-09-04T07:38:26.362489Z;/home/runner/work/gson/gson/.git/refs/remotes;;IN_ACCESS,IN_ISDIR
2026-09-04T07:38:26.362826Z;/home/runner/work/gson/gson/.git/refs/remotes;origin;IN_ACCESS,IN_ISDIR
2026-09-04T07:38:26.363161Z;/home/runner/work/gson/gson/.git/refs/remotes/origin;;IN_ACCESS,IN_ISDIR
2026-09-04T07:38:26.363464Z;/home/runner/work/gson/gson/.git/refs/remotes;origin;IN_ACCESS,IN_ISDIR
2026-09-04T07:38:26.363868Z;/home/runner/work/gson/gson/.git/refs/remotes/origin;;IN_ACCESS,IN_ISDIR
2026-09-04T07:38:26.364205Z;/home/runner/work/gson/gson/.git/refs;tags;IN_ACCESS,IN_ISDIR
2026-09-04T07:38:26.364516Z;/home/runner/work/gson/gson/.git/refs/tags;;IN_ACCESS,IN_ISDIR
2026-09-04T07:38:26.364824Z;/home/runner/work/gson/gson/.git/refs;tags;IN_ACCESS,IN_ISDIR
2026-09-04T07:38:26.365173Z;/home/runner/work/gson/gson/.git/refs/tags;;IN_ACCESS,IN_ISDIR
2026-09-04T07:38:26.365488Z;/home/runner/work/gson/gson;.github;IN_ACCESS,IN_ISDIR
2026-09-04T07:38:26.365809Z;/home/runner/work/gson/gson/.github;;IN_ACCESS,IN_ISDIR
2026-09-04T07:38:26.366112Z;/home/runner/work/gson/gson;.github;IN_ACCESS,IN_ISDIR
2026-09-04T07:38:26.366431Z;/home/runner/work/gson/gson/.github;;IN_ACCESS,IN_ISDIR
2026-09-04T07:38:26.366747Z;/home/runner/work/gson/gson/.github;ISSUE_TEMPLATE;IN_ACCESS,IN_ISDIR
2026-09-04T07:38:26.367032Z;/home/runner/work/gson/gson/.github/ISSUE_TEMPLATE;;IN_ACCESS,IN_ISDIR
2026-09-04T07:38:26.367297Z;/home/runner/work/gson/gson/.github;ISSUE_TEMPLATE;IN_ACCESS,IN_ISDIR
2026-09-04T07:38:26.367636Z;/home/runner/work/gson/gson/.github/ISSUE_TEMPLATE;;IN_ACCESS,IN_ISDIR
2026-09-04T07:38:26.367914Z;/home/runner/work/gson/gson/.github;workflows;IN_ACCESS,IN_ISDIR
2026-09-04T07:38:26.368230Z;/home/runner/work/gson/gson/.github/workflows;;IN_ACCESS,IN_ISDIR
2026-09-04T07:38:26.368497Z;/home/runner/work/gson/gson/.github;workflows;IN_ACCESS,IN_ISDIR
2026-09-04T07:38:26.368766Z;/home/runner/work/gson/gson/.github/workflows;;IN_ACCESS,IN_ISDIR
2026-09-04T07:38:26.369031Z;/home/runner/work/gson/gson;.mvn;IN_ACCESS,IN_ISDIR
2026-09-04T07:38:26.369286Z;/home/runner/work/gson/gson/.mvn;;IN_ACCESS,IN_ISDIR
2026-09-04T07:38:26.369549Z;/home/runner/work/gson/gson;.mvn;IN_ACCESS,IN_ISDIR
2026-09-04T07:38:26.369881Z;/home/runner/work/gson/gson/.mvn;;IN_ACCESS,IN_ISDIR
2026-09-04T07:38:26.370159Z;/home/runner/work/gson/gson;extras;IN_ACCESS,IN_ISDIR
2026-09-04T07:38:26.370444Z;/home/runner/work/gson/gson/extras;;IN_ACCESS,IN_ISDIR
2026-09-04T07:38:26.370734Z;/home/runner/work/gson/gson;extras;IN_ACCESS,IN_ISDIR
2026-09-04T07:38:26.371038Z;/home/runner/work/gson/gson/extras;;IN_ACCESS,IN_ISDIR
2026-09-04T07:38:26.371440Z;/home/runner/work/gson/gson/extras;src;IN_ACCESS,IN_ISDIR
2026-09-04T07:38:26.371731Z;/home/runner/work/gson/gson/extras/src;;IN_ACCESS,IN_ISDIR
2026-09-04T07:38:26.372021Z;/home/runner/work/gson/gson/extras;src;IN_ACCESS,IN_ISDIR
2026-09-04T07:38:26.372331Z;/home/runner/work/gson/gson/extras/src;;IN_ACCESS,IN_ISDIR
2026-09-04T07:38:26.372733Z;/home/runner/work/gson/gson/extras/src;main;IN_ACCESS,IN_ISDIR
2026-09-04T07:38:26.373089Z;/home/runner/work/gson/gson/extras/src/main;;IN_ACCESS,IN_ISDIR
2026-09-04T07:38:26.373406Z;/home/runner/work/gson/gson/extras/src;main;IN_ACCESS,IN_ISDIR
2026-09-04T07:38:26.373708Z;/home/runner/work/gson/gson/extras/src/main;;IN_ACCESS,IN_ISDIR
2026-09-04T07:38:26.374037Z;/home/runner/work/gson/gson/extras/src/main;java;IN_ACCESS,IN_ISDIR
2026-09-04T07:38:26.374341Z;/home/runner/work/gson/gson/extras/src/main/java;;IN_ACCESS,IN_ISDIR
2026-09-04T07:38:26.374674Z;/home/runner/work/gson/gson/extras/src/main;java;IN_ACCESS,IN_ISDIR
2026-09-04T07:38:26.375008Z;/home/runner/work/gson/gson/extras/src/main/java;;IN_ACCESS,IN_ISDIR
2026-09-04T07:38:26.375346Z;/home/runner/work/gson/gson/extras/src/main/java;com;IN_ACCESS,IN_ISDIR
2026-09-04T07:38:26.375652Z;/home/runner/work/gson/gson/extras/src/main/java/com;;IN_ACCESS,IN_ISDIR
2026-09-04T07:38:26.376005Z;/home/runner/work/gson/gson/extras/src/main/java;com;IN_ACCESS,IN_ISDIR
2026-09-04T07:38:26.376336Z;/home/runner/work/gson/gson/extras/src/main/java/com;;IN_ACCESS,IN_ISDIR
2026-09-04T07:38:26.376716Z;/home/runner/work/gson/gson/extras/src/main/java/com;google;IN_ACCESS,IN_ISDIR
2026-09-04T07:38:26.377016Z;/home/runner/work/gson/gson/extras/src/main/java/com/google;;IN_ACCESS,IN_ISDIR
2026-09-04T07:38:26.377303Z;/home/runner/work/gson/gson/extras/src/main/java/com;google;IN_ACCESS,IN_ISDIR
2026-09-04T07:38:26.377621Z;/home/runner/work/gson/gson/extras/src/main/java/com/google;;IN_ACCESS,IN_ISDIR
2026-09-04T07:38:26.377912Z;/home/runner/work/gson/gson/extras/src/main/java/com/google;gson;IN_ACCESS,IN_ISDIR
2026-09-04T07:38:26.378381Z;/home/runner/work/gson/gson/extras/src/main/java/com/google/gson;;IN_ACCESS,IN_ISDIR
2026-09-04T07:38:26.378710Z;/home/runner/work/gson/gson/extras/src/main/java/com/google;gson;IN_ACCESS,IN_ISDIR
2026-09-04T07:38:26.379025Z;/home/runner/work/gson/gson/extras/src/main/java/com/google/gson;;IN_ACCESS,IN_ISDIR
2026-09-04T07:38:26.379332Z;/home/runner/work/gson/gson/extras/src/main/java/com/google/gson;extras;IN_ACCESS,IN_ISDIR
2026-09-04T07:38:26.379635Z;/home/runner/work/gson/gson/extras/src/main/java/com/google/gson/extras;;IN_ACCESS,IN_ISDIR
2026-09-04T07:38:26.379942Z;/home/runner/work/gson/gson/extras/src/main/java/com/google/gson;extras;IN_ACCESS,IN_ISDIR
2026-09-04T07:38:26.380299Z;/home/runner/work/gson/gson/extras/src/main/java/com/google/gson/extras;;IN_ACCESS,IN_ISDIR
2026-09-04T07:38:26.380649Z;/home/runner/work/gson/gson/extras/src/main/java/com/google/gson/extras;examples;IN_ACCESS,IN_ISDIR
2026-09-04T07:38:26.380935Z;/home/runner/work/gson/gson/extras/src/main/java/com/google/gson/extras/examples;;IN_ACCESS,IN_ISDIR
2026-09-04T07:38:26.381197Z;/home/runner/work/gson/gson/extras/src/main/java/com/google/gson/extras;examples;IN_ACCESS,IN_ISDIR
2026-09-04T07:38:26.381470Z;/home/runner/work/gson/gson/extras/src/main/java/com/google/gson/extras/examples;;IN_ACCESS,IN_ISDIR
2026-09-04T07:38:26.381748Z;/home/runner/work/gson/gson/extras/src/main/java/com/google/gson/extras/examples;rawcollections;IN_ACCESS,IN_ISDIR
2026-09-04T07:38:26.381995Z;/home/runner/work/gson/gson/extras/src/main/java/com/google/gson/extras/examples/rawcollections;;IN_ACCESS,IN_ISDIR
2026-09-04T07:38:26.382235Z;/home/runner/work/gson/gson/extras/src/main/java/com/google/gson/extras/examples;rawcollections;IN_ACCESS,IN_ISDIR
2026-09-04T07:38:26.382471Z;/home/runner/work/gson/gson/extras/src/main/java/com/google/gson/extras/examples/rawcollections;;IN_ACCESS,IN_ISDIR
2026-09-04T07:38:26.382819Z;/home/runner/work/gson/gson/extras/src/main/java/com/google/gson;interceptors;IN_ACCESS,IN_ISDIR
2026-09-04T07:38:26.383188Z;/home/runner/work/gson/gson/extras/src/main/java/com/google/gson/interceptors;;IN_ACCESS,IN_ISDIR
2026-09-04T07:38:26.383449Z;/home/runner/work/gson/gson/extras/src/main/java/com/google/gson;interceptors;IN_ACCESS,IN_ISDIR
2026-09-04T07:38:26.383737Z;/home/runner/work/gson/gson/extras/src/main/java/com/google/gson/interceptors;;IN_ACCESS,IN_ISDIR
2026-09-04T07:38:26.384000Z;/home/runner/work/gson/gson/extras/src/main/java/com/google/gson;typeadapters;IN_ACCESS,IN_ISDIR
2026-09-04T07:38:26.384253Z;/home/runner/work/gson/gson/extras/src/main/java/com/google/gson/typeadapters;;IN_ACCESS,IN_ISDIR
2026-09-04T07:38:26.384512Z;/home/runner/work/gson/gson/extras/src/main/java/com/google/gson;typeadapters;IN_ACCESS,IN_ISDIR
2026-09-04T07:38:26.384800Z;/home/runner/work/gson/gson/extras/src/main/java/com/google/gson/typeadapters;;IN_ACCESS,IN_ISDIR
2026-09-04T07:38:26.385088Z;/home/runner/work/gson/gson/extras/src;test;IN_ACCESS,IN_ISDIR
2026-09-04T07:38:26.385387Z;/home/runner/work/gson/gson/extras/src/test;;IN_ACCESS,IN_ISDIR
2026-09-04T07:38:26.385750Z;/home/runner/work/gson/gson/extras/src;test;IN_ACCESS,IN_ISDIR
2026-09-04T07:38:26.386102Z;/home/runner/work/gson/gson/extras/src/test;;IN_ACCESS,IN_ISDIR
2026-09-04T07:38:26.386461Z;/home/runner/work/gson/gson/extras/src/test;java;IN_ACCESS,IN_ISDIR
2026-09-04T07:38:26.386788Z;/home/runner/work/gson/gson/extras/src/test/java;;IN_ACCESS,IN_ISDIR
2026-09-04T07:38:26.387130Z;/home/runner/work/gson/gson/extras/src/test;java;IN_ACCESS,IN_ISDIR
2026-09-04T07:38:26.387441Z;/home/runner/work/gson/gson/extras/src/test/java;;IN_ACCESS,IN_ISDIR
2026-09-04T07:38:26.387773Z;/home/runner/work/gson/gson/extras/src/test/java;com;IN_ACCESS,IN_ISDIR
2026-09-04T07:38:26.388080Z;/home/runner/work/gson/gson/extras/src/test/java/com;;IN_ACCESS,IN_ISDIR
2026-09-04T07:38:26.388377Z;/home/runner/work/gson/gson/extras/src/test/java;com;IN_ACCESS,IN_ISDIR
2026-09-04T07:38:26.388726Z;/home/runner/work/gson/gson/extras/src/test/java/com;;IN_ACCESS,IN_ISDIR
2026-09-04T07:38:26.389014Z;/home/runner/work/gson/gson/extras/src/test/java/com;google;IN_ACCESS,IN_ISDIR
2026-09-04T07:38:26.389280Z;/home/runner/work/gson/gson/extras/src/test/java/com/google;;IN_ACCESS,IN_ISDIR
2026-09-04T07:38:26.389550Z;/home/runner/work/gson/gson/extras/src/test/java/com;google;IN_ACCESS,IN_ISDIR
2026-09-04T07:38:26.389854Z;/home/runner/work/gson/gson/extras/src/test/java/com/google;;IN_ACCESS,IN_ISDIR
2026-09-04T07:38:26.390177Z;/home/runner/work/gson/gson/extras/src/test/java/com/google;gson;IN_ACCESS,IN_ISDIR
2026-09-04T07:38:26.390436Z;/home/runner/work/gson/gson/extras/src/test/java/com/google/gson;;IN_ACCESS,IN_ISDIR
2026-09-04T07:38:26.390695Z;/home/runner/work/gson/gson/extras/src/test/java/com/google;gson;IN_ACCESS,IN_ISDIR
2026-09-04T07:38:26.390956Z;/home/runner/work/gson/gson/extras/src/test/java/com/google/gson;;IN_ACCESS,IN_ISDIR
2026-09-04T07:38:26.391210Z;/home/runner/work/gson/gson/extras/src/test/java/com/google/gson;interceptors;IN_ACCESS,IN_ISDIR
2026-09-04T07:38:26.391463Z;/home/runner/work/gson/gson/extras/src/test/java/com/google/gson/interceptors;;IN_ACCESS,IN_ISDIR
2026-09-04T07:38:26.391738Z;/home/runner/work/gson/gson/extras/src/test/java/com/google/gson;interceptors;IN_ACCESS,IN_ISDIR
2026-09-04T07:38:26.391985Z;/home/runner/work/gson/gson/extras/src/test/java/com/google/gson/interceptors;;IN_ACCESS,IN_ISDIR
2026-09-04T07:38:26.392233Z;/home/runner/work/gson/gson/extras/src/test/java/com/google/gson;typeadapters;IN_ACCESS,IN_ISDIR
2026-09-04T07:38:26.392497Z;/home/runner/work/gson/gson/extras/src/test/java/com/google/gson/typeadapters;;IN_ACCESS,IN_ISDIR
2026-09-04T07:38:26.392765Z;/home/runner/work/gson/gson/extras/src/test/java/com/google/gson;typeadapters;IN_ACCESS,IN_ISDIR
2026-09-04T07:38:26.393027Z;/home/runner/work/gson/gson/extras/src/test/java/com/google/gson/typeadapters;;IN_ACCESS,IN_ISDIR
2026-09-04T07:38:26.393270Z;/home/runner/work/gson/gson;gson;IN_ACCESS,IN_ISDIR
2026-09-04T07:38:26.393523Z;/home/runner/work/gson/gson/gson;;IN_ACCESS,IN_ISDIR
2026-09-04T07:38:26.394130Z;/home/runner/work/gson/gson;gson;IN_ACCESS,IN_ISDIR
2026-09-04T07:38:26.394456Z;/home/runner/work/gson/gson/gson;;IN_ACCESS,IN_ISDIR
2026-09-04T07:38:26.394833Z;/home/runner/work/gson/gson/gson;src;IN_ACCESS,IN_ISDIR
2026-09-04T07:38:26.395124Z;/home/runner/work/gson/gson/gson/src;;IN_ACCESS,IN_ISDIR
2026-09-04T07:38:26.395411Z;/home/runner/work/gson/gson/gson;src;IN_ACCESS,IN_ISDIR
2026-09-04T07:38:26.395716Z;/home/runner/work/gson/gson/gson/src;;IN_ACCESS,IN_ISDIR
2026-09-04T07:38:26.396016Z;/home/runner/work/gson/gson/gson/src;main;IN_ACCESS,IN_ISDIR
2026-09-04T07:38:26.396313Z;/home/runner/work/gson/gson/gson/src/main;;IN_ACCESS,IN_ISDIR
2026-09-04T07:38:26.396624Z;/home/runner/work/gson/gson/gson/src;main;IN_ACCESS,IN_ISDIR
2026-09-04T07:38:26.396944Z;/home/runner/work/gson/gson/gson/src/main;;IN_ACCESS,IN_ISDIR
2026-09-04T07:38:26.397265Z;/home/runner/work/gson/gson/gson/src/main;java;IN_ACCESS,IN_ISDIR
2026-09-04T07:38:26.397651Z;/home/runner/work/gson/gson/gson/src/main/java;;IN_ACCESS,IN_ISDIR
2026-09-04T07:38:26.397956Z;/home/runner/work/gson/gson/gson/src/main;java;IN_ACCESS,IN_ISDIR
2026-09-04T07:38:26.398246Z;/home/runner/work/gson/gson/gson/src/main/java;;IN_ACCESS,IN_ISDIR
2026-09-04T07:38:26.398618Z;/home/runner/work/gson/gson/gson/src/main/java;com;IN_ACCESS,IN_ISDIR
2026-09-04T07:38:26.398920Z;/home/runner/work/gson/gson/gson/src/main/java/com;;IN_ACCESS,IN_ISDIR
2026-09-04T07:38:26.399224Z;/home/runner/work/gson/gson/gson/src/main/java;com;IN_ACCESS,IN_ISDIR
2026-09-04T07:38:26.399501Z;/home/runner/work/gson/gson/gson/src/main/java/com;;IN_ACCESS,IN_ISDIR
2026-09-04T07:38:26.399820Z;/home/runner/work/gson/gson/gson/src/main/java/com;google;IN_ACCESS,IN_ISDIR
2026-09-04T07:38:26.400103Z;/home/runner/work/gson/gson/gson/src/main/java/com/google;;IN_ACCESS,IN_ISDIR
2026-09-04T07:38:26.400396Z;/home/runner/work/gson/gson/gson/src/main/java/com;google;IN_ACCESS,IN_ISDIR
2026-09-04T07:38:26.400704Z;/home/runner/work/gson/gson/gson/src/main/java/com/google;;IN_ACCESS,IN_ISDIR
2026-09-04T07:38:26.401030Z;/home/runner/work/gson/gson/gson/src/main/java/com/google;gson;IN_ACCESS,IN_ISDIR
2026-09-04T07:38:26.401341Z;/home/runner/work/gson/gson/gson/src/main/java/com/google/gson;;IN_ACCESS,IN_ISDIR
2026-09-04T07:38:26.401696Z;/home/runner/work/gson/gson/gson/src/main/java/com/google;gson;IN_ACCESS,IN_ISDIR
2026-09-04T07:38:26.402013Z;/home/runner/work/gson/gson/gson/src/main/java/com/google/gson;;IN_ACCESS,IN_ISDIR
2026-09-04T07:38:26.402333Z;/home/runner/work/gson/gson/gson/src/main/java/com/google/gson;annotations;IN_ACCESS,IN_ISDIR
2026-09-04T07:38:26.402647Z;/home/runner/work/gson/gson/gson/src/main/java/com/google/gson/annotations;;IN_ACCESS,IN_ISDIR
2026-09-04T07:38:26.402987Z;/home/runner/work/gson/gson/gson/src/main/java/com/google/gson;annotations;IN_ACCESS,IN_ISDIR
2026-09-04T07:38:26.403320Z;/home/runner/work/gson/gson/gson/src/main/java/com/google/gson/annotations;;IN_ACCESS,IN_ISDIR
2026-09-04T07:38:26.403646Z;/home/runner/work/gson/gson/gson/src/main/java/com/google/gson;internal;IN_ACCESS,IN_ISDIR
2026-09-04T07:38:26.403955Z;/home/runner/work/gson/gson/gson/src/main/java/com/google/gson/internal;;IN_ACCESS,IN_ISDIR
2026-09-04T07:38:26.404279Z;/home/runner/work/gson/gson/gson/src/main/java/com/google/gson;internal;IN_ACCESS,IN_ISDIR
2026-09-04T07:38:26.404621Z;/home/runner/work/gson/gson/gson/src/main/java/com/google/gson/internal;;IN_ACCESS,IN_ISDIR
2026-09-04T07:38:26.404946Z;/home/runner/work/gson/gson/gson/src/main/java/com/google/gson/internal;bind;IN_ACCESS,IN_ISDIR
2026-09-04T07:38:26.405272Z;/home/runner/work/gson/gson/gson/src/main/java/com/google/gson/internal/bind;;IN_ACCESS,IN_ISDIR
2026-09-04T07:38:26.405625Z;/home/runner/work/gson/gson/gson/src/main/java/com/google/gson/internal;bind;IN_ACCESS,IN_ISDIR
2026-09-04T07:38:26.405963Z;/home/runner/work/gson/gson/gson/src/main/java/com/google/gson/internal/bind;;IN_ACCESS,IN_ISDIR
2026-09-04T07:38:26.406252Z;/home/runner/work/gson/gson/gson/src/main/java/com/google/gson/internal/bind;util;IN_ACCESS,IN_ISDIR
2026-09-04T07:38:26.406654Z;/home/runner/work/gson/gson/gson/src/main/java/com/google/gson/internal/bind/util;;IN_ACCESS,IN_ISDIR
2026-09-04T07:38:26.406946Z;/home/runner/work/gson/gson/gson/src/main/java/com/google/gson/internal/bind;util;IN_ACCESS,IN_ISDIR
2026-09-04T07:38:26.407236Z;/home/runner/work/gson/gson/gson/src/main/java/com/google/gson/internal/bind/util;;IN_ACCESS,IN_ISDIR
2026-09-04T07:38:26.407523Z;/home/runner/work/gson/gson/gson/src/main/java/com/google/gson/internal;reflect;IN_ACCESS,IN_ISDIR
2026-09-04T07:38:26.407825Z;/home/runner/work/gson/gson/gson/src/main/java/com/google/gson/internal/reflect;;IN_ACCESS,IN_ISDIR
2026-09-04T07:38:26.408184Z;/home/runner/work/gson/gson/gson/src/main/java/com/google/gson/internal;reflect;IN_ACCESS,IN_ISDIR
2026-09-04T07:38:26.408476Z;/home/runner/work/gson/gson/gson/src/main/java/com/google/gson/internal/reflect;;IN_ACCESS,IN_ISDIR
2026-09-04T07:38:26.408797Z;/home/runner/work/gson/gson/gson/src/main/java/com/google/gson/internal;sql;IN_ACCESS,IN_ISDIR
2026-09-04T07:38:26.409145Z;/home/runner/work/gson/gson/gson/src/main/java/com/google/gson/internal/sql;;IN_ACCESS,IN_ISDIR
2026-09-04T07:38:26.409456Z;/home/runner/work/gson/gson/gson/src/main/java/com/google/gson/internal;sql;IN_ACCESS,IN_ISDIR
2026-09-04T07:38:26.409955Z;/home/runner/work/gson/gson/gson/src/main/java/com/google/gson/internal/sql;;IN_ACCESS,IN_ISDIR
2026-09-04T07:38:26.410277Z;/home/runner/work/gson/gson/gson/src/main/java/com/google/gson;reflect;IN_ACCESS,IN_ISDIR
2026-09-04T07:38:26.410580Z;/home/runner/work/gson/gson/gson/src/main/java/com/google/gson/reflect;;IN_ACCESS,IN_ISDIR
2026-09-04T07:38:26.410924Z;/home/runner/work/gson/gson/gson/src/main/java/com/google/gson;reflect;IN_ACCESS,IN_ISDIR
2026-09-04T07:38:26.411269Z;/home/runner/work/gson/gson/gson/src/main/java/com/google/gson/reflect;;IN_ACCESS,IN_ISDIR
2026-09-04T07:38:26.411547Z;/home/runner/work/gson/gson/gson/src/main/java/com/google/gson;stream;IN_ACCESS,IN_ISDIR
2026-09-04T07:38:26.411906Z;/home/runner/work/gson/gson/gson/src/main/java/com/google/gson/stream;;IN_ACCESS,IN_ISDIR
2026-09-04T07:38:26.412246Z;/home/runner/work/gson/gson/gson/src/main/java/com/google/gson;stream;IN_ACCESS,IN_ISDIR
2026-09-04T07:38:26.412624Z;/home/runner/work/gson/gson/gson/src/main/java/com/google/gson/stream;;IN_ACCESS,IN_ISDIR
2026-09-04T07:38:26.412958Z;/home/runner/work/gson/gson/gson/src/main;java-templates;IN_ACCESS,IN_ISDIR
2026-09-04T07:38:26.413260Z;/home/runner/work/gson/gson/gson/src/main/java-templates;;IN_ACCESS,IN_ISDIR
2026-09-04T07:38:26.413633Z;/home/runner/work/gson/gson/gson/src/main;java-templates;IN_ACCESS,IN_ISDIR
2026-09-04T07:38:26.413931Z;/home/runner/work/gson/gson/gson/src/main/java-templates;;IN_ACCESS,IN_ISDIR
2026-09-04T07:38:26.414258Z;/home/runner/work/gson/gson/gson/src/main/java-templates;com;IN_ACCESS,IN_ISDIR
2026-09-04T07:38:26.414594Z;/home/runner/work/gson/gson/gson/src/main/java-templates/com;;IN_ACCESS,IN_ISDIR
2026-09-04T07:38:26.414921Z;/home/runner/work/gson/gson/gson/src/main/java-templates;com;IN_ACCESS,IN_ISDIR
2026-09-04T07:38:26.415194Z;/home/runner/work/gson/gson/gson/src/main/java-templates/com;;IN_ACCESS,IN_ISDIR
2026-09-04T07:38:26.415520Z;/home/runner/work/gson/gson/gson/src/main/java-templates/com;google;IN_ACCESS,IN_ISDIR
2026-09-04T07:38:26.415867Z;/home/runner/work/gson/gson/gson/src/main/java-templates/com/google;;IN_ACCESS,IN_ISDIR
2026-09-04T07:38:26.416175Z;/home/runner/work/gson/gson/gson/src/main/java-templates/com;google;IN_ACCESS,IN_ISDIR
2026-09-04T07:38:26.416507Z;/home/runner/work/gson/gson/gson/src/main/java-templates/com/google;;IN_ACCESS,IN_ISDIR
2026-09-04T07:38:26.416832Z;/home/runner/work/gson/gson/gson/src/main/java-templates/com/google;gson;IN_ACCESS,IN_ISDIR
2026-09-04T07:38:26.417124Z;/home/runner/work/gson/gson/gson/src/main/java-templates/com/google/gson;;IN_ACCESS,IN_ISDIR
2026-09-04T07:38:26.417422Z;/home/runner/work/gson/gson/gson/src/main/java-templates/com/google;gson;IN_ACCESS,IN_ISDIR
2026-09-04T07:38:26.417771Z;/home/runner/work/gson/gson/gson/src/main/java-templates/com/google/gson;;IN_ACCESS,IN_ISDIR
2026-09-04T07:38:26.418223Z;/home/runner/work/gson/gson/gson/src/main/java-templates/com/google/gson;internal;IN_ACCESS,IN_ISDIR
2026-09-04T07:38:26.418547Z;/home/runner/work/gson/gson/gson/src/main/java-templates/com/google/gson/internal;;IN_ACCESS,IN_ISDIR
2026-09-04T07:38:26.418869Z;/home/runner/work/gson/gson/gson/src/main/java-templates/com/google/gson;internal;IN_ACCESS,IN_ISDIR
2026-09-04T07:38:26.419160Z;/home/runner/work/gson/gson/gson/src/main/java-templates/com/google/gson/internal;;IN_ACCESS,IN_ISDIR
2026-09-04T07:38:26.419433Z;/home/runner/work/gson/gson/gson/src/main;resources;IN_ACCESS,IN_ISDIR
2026-09-04T07:38:26.419766Z;/home/runner/work/gson/gson/gson/src/main/resources;;IN_ACCESS,IN_ISDIR
2026-09-04T07:38:26.420077Z;/home/runner/work/gson/gson/gson/src/main;resources;IN_ACCESS,IN_ISDIR
2026-09-04T07:38:26.420369Z;/home/runner/work/gson/gson/gson/src/main/resources;;IN_ACCESS,IN_ISDIR
2026-09-04T07:38:26.420673Z;/home/runner/work/gson/gson/gson/src/main/resources;META-INF;IN_ACCESS,IN_ISDIR
2026-09-04T07:38:26.420999Z;/home/runner/work/gson/gson/gson/src/main/resources/META-INF;;IN_ACCESS,IN_ISDIR
2026-09-04T07:38:26.421285Z;/home/runner/work/gson/gson/gson/src/main/resources;META-INF;IN_ACCESS,IN_ISDIR
2026-09-04T07:38:26.421635Z;/home/runner/work/gson/gson/gson/src/main/resources/META-INF;;IN_ACCESS,IN_ISDIR
2026-09-04T07:38:26.421910Z;/home/runner/work/gson/gson/gson/src/main/resources/META-INF;proguard;IN_ACCESS,IN_ISDIR
2026-09-04T07:38:26.422304Z;/home/runner/work/gson/gson/gson/src/main/resources/META-INF/proguard;;IN_ACCESS,IN_ISDIR
2026-09-04T07:38:26.422670Z;/home/runner/work/gson/gson/gson/src/main/resources/META-INF;proguard;IN_ACCESS,IN_ISDIR
2026-09-04T07:38:26.422981Z;/home/runner/work/gson/gson/gson/src/main/resources/META-INF/proguard;;IN_ACCESS,IN_ISDIR
2026-09-04T07:38:26.423254Z;/home/runner/work/gson/gson/gson/src;test;IN_ACCESS,IN_ISDIR
2026-09-04T07:38:26.423541Z;/home/runner/work/gson/gson/gson/src/test;;IN_ACCESS,IN_ISDIR
2026-09-04T07:38:26.423894Z;/home/runner/work/gson/gson/gson/src;test;IN_ACCESS,IN_ISDIR
2026-09-04T07:38:26.424189Z;/home/runner/work/gson/gson/gson/src/test;;IN_ACCESS,IN_ISDIR
2026-09-04T07:38:26.424484Z;/home/runner/work/gson/gson/gson/src/test;java;IN_ACCESS,IN_ISDIR
2026-09-04T07:38:26.424764Z;/home/runner/work/gson/gson/gson/src/test/java;;IN_ACCESS,IN_ISDIR
2026-09-04T07:38:26.425093Z;/home/runner/work/gson/gson/gson/src/test;java;IN_ACCESS,IN_ISDIR
2026-09-04T07:38:26.426433Z;/home/runner/work/gson/gson/gson/src/test/java;;IN_ACCESS,IN_ISDIR
2026-09-04T07:38:26.426954Z;/home/runner/work/gson/gson/gson/src/test/java;com;IN_ACCESS,IN_ISDIR
2026-09-04T07:38:26.427336Z;/home/runner/work/gson/gson/gson/src/test/java/com;;IN_ACCESS,IN_ISDIR
2026-09-04T07:38:26.427644Z;/home/runner/work/gson/gson/gson/src/test/java;com;IN_ACCESS,IN_ISDIR
2026-09-04T07:38:26.428012Z;/home/runner/work/gson/gson/gson/src/test/java/com;;IN_ACCESS,IN_ISDIR
2026-09-04T07:38:26.428338Z;/home/runner/work/gson/gson/gson/src/test/java/com;google;IN_ACCESS,IN_ISDIR
2026-09-04T07:38:26.428683Z;/home/runner/work/gson/gson/gson/src/test/java/com/google;;IN_ACCESS,IN_ISDIR
2026-09-04T07:38:26.429063Z;/home/runner/work/gson/gson/gson/src/test/java/com;google;IN_ACCESS,IN_ISDIR
2026-09-04T07:38:26.429441Z;/home/runner/work/gson/gson/gson/src/test/java/com/google;;IN_ACCESS,IN_ISDIR
2026-09-04T07:38:26.429760Z;/home/runner/work/gson/gson/gson/src/test/java/com/google;gson;IN_ACCESS,IN_ISDIR
2026-09-04T07:38:26.430061Z;/home/runner/work/gson/gson/gson/src/test/java/com/google/gson;;IN_ACCESS,IN_ISDIR
2026-09-04T07:38:26.430377Z;/home/runner/work/gson/gson/gson/src/test/java/com/google;gson;IN_ACCESS,IN_ISDIR
2026-09-04T07:38:26.430706Z;/home/runner/work/gson/gson/gson/src/test/java/com/google/gson;;IN_ACCESS,IN_ISDIR
2026-09-04T07:38:26.431002Z;/home/runner/work/gson/gson/gson/src/test/java/com/google/gson;common;IN_ACCESS,IN_ISDIR
2026-09-04T07:38:26.431303Z;/home/runner/work/gson/gson/gson/src/test/java/com/google/gson/common;;IN_ACCESS,IN_ISDIR
2026-09-04T07:38:26.431644Z;/home/runner/work/gson/gson/gson/src/test/java/com/google/gson;common;IN_ACCESS,IN_ISDIR
2026-09-04T07:38:26.432113Z;/home/runner/work/gson/gson/gson/src/test/java/com/google/gson/common;;IN_ACCESS,IN_ISDIR
2026-09-04T07:38:26.432458Z;/home/runner/work/gson/gson/gson/src/test/java/com/google/gson;functional;IN_ACCESS,IN_ISDIR
2026-09-04T07:38:26.432765Z;/home/runner/work/gson/gson/gson/src/test/java/com/google/gson/functional;;IN_ACCESS,IN_ISDIR
2026-09-04T07:38:26.433111Z;/home/runner/work/gson/gson/gson/src/test/java/com/google/gson;functional;IN_ACCESS,IN_ISDIR
2026-09-04T07:38:26.433419Z;/home/runner/work/gson/gson/gson/src/test/java/com/google/gson/functional;;IN_ACCESS,IN_ISDIR
2026-09-04T07:38:26.433730Z;/home/runner/work/gson/gson/gson/src/test/java/com/google/gson;integration;IN_ACCESS,IN_ISDIR
2026-09-04T07:38:26.434040Z;/home/runner/work/gson/gson/gson/src/test/java/com/google/gson/integration;;IN_ACCESS,IN_ISDIR
2026-09-04T07:38:26.434366Z;/home/runner/work/gson/gson/gson/src/test/java/com/google/gson;integration;IN_ACCESS,IN_ISDIR
2026-09-04T07:38:26.434719Z;/home/runner/work/gson/gson/gson/src/test/java/com/google/gson/integration;;IN_ACCESS,IN_ISDIR
2026-09-04T07:38:26.435040Z;/home/runner/work/gson/gson/gson/src/test/java/com/google/gson;internal;IN_ACCESS,IN_ISDIR
2026-09-04T07:38:26.435355Z;/home/runner/work/gson/gson/gson/src/test/java/com/google/gson/internal;;IN_ACCESS,IN_ISDIR
2026-09-04T07:38:26.435656Z;/home/runner/work/gson/gson/gson/src/test/java/com/google/gson;internal;IN_ACCESS,IN_ISDIR
2026-09-04T07:38:26.436004Z;/home/runner/work/gson/gson/gson/src/test/java/com/google/gson/internal;;IN_ACCESS,IN_ISDIR
2026-09-04T07:38:26.436320Z;/home/runner/work/gson/gson/gson/src/test/java/com/google/gson/internal;bind;IN_ACCESS,IN_ISDIR
2026-09-04T07:38:26.436636Z;/home/runner/work/gson/gson/gson/src/test/java/com/google/gson/internal/bind;;IN_ACCESS,IN_ISDIR
2026-09-04T07:38:26.436952Z;/home/runner/work/gson/gson/gson/src/test/java/com/google/gson/internal;bind;IN_ACCESS,IN_ISDIR
2026-09-04T07:38:26.437261Z;/home/runner/work/gson/gson/gson/src/test/java/com/google/gson/internal/bind;;IN_ACCESS,IN_ISDIR
2026-09-04T07:38:26.437620Z;/home/runner/work/gson/gson/gson/src/test/java/com/google/gson/internal/bind;util;IN_ACCESS,IN_ISDIR
2026-09-04T07:38:26.437993Z;/home/runner/work/gson/gson/gson/src/test/java/com/google/gson/internal/bind/util;;IN_ACCESS,IN_ISDIR
2026-09-04T07:38:26.438340Z;/home/runner/work/gson/gson/gson/src/test/java/com/google/gson/internal/bind;util;IN_ACCESS,IN_ISDIR
2026-09-04T07:38:26.438669Z;/home/runner/work/gson/gson/gson/src/test/java/com/google/gson/internal/bind/util;;IN_ACCESS,IN_ISDIR
2026-09-04T07:38:26.438961Z;/home/runner/work/gson/gson/gson/src/test/java/com/google/gson/internal;reflect;IN_ACCESS,IN_ISDIR
2026-09-04T07:38:26.439296Z;/home/runner/work/gson/gson/gson/src/test/java/com/google/gson/internal/reflect;;IN_ACCESS,IN_ISDIR
2026-09-04T07:38:26.439611Z;/home/runner/work/gson/gson/gson/src/test/java/com/google/gson/internal;reflect;IN_ACCESS,IN_ISDIR
2026-09-04T07:38:26.439899Z;/home/runner/work/gson/gson/gson/src/test/java/com/google/gson/internal/reflect;;IN_ACCESS,IN_ISDIR
2026-09-04T07:38:26.440228Z;/home/runner/work/gson/gson/gson/src/test/java/com/google/gson/internal;sql;IN_ACCESS,IN_ISDIR
2026-09-04T07:38:26.440536Z;/home/runner/work/gson/gson/gson/src/test/java/com/google/gson/internal/sql;;IN_ACCESS,IN_ISDIR
2026-09-04T07:38:26.440902Z;/home/runner/work/gson/gson/gson/src/test/java/com/google/gson/internal;sql;IN_ACCESS,IN_ISDIR
2026-09-04T07:38:26.441234Z;/home/runner/work/gson/gson/gson/src/test/java/com/google/gson/internal/sql;;IN_ACCESS,IN_ISDIR
2026-09-04T07:38:26.441553Z;/home/runner/work/gson/gson/gson/src/test/java/com/google/gson;metrics;IN_ACCESS,IN_ISDIR
2026-09-04T07:38:26.442067Z;/home/runner/work/gson/gson/gson/src/test/java/com/google/gson/metrics;;IN_ACCESS,IN_ISDIR
2026-09-04T07:38:26.443178Z;/home/runner/work/gson/gson/gson/src/test/java/com/google/gson;metrics;IN_ACCESS,IN_ISDIR
2026-09-04T07:38:26.443525Z;/home/runner/work/gson/gson/gson/src/test/java/com/google/gson/metrics;;IN_ACCESS,IN_ISDIR
2026-09-04T07:38:26.445842Z;/home/runner/work/gson/gson/gson/src/test/java/com/google/gson;reflect;IN_ACCESS,IN_ISDIR
2026-09-04T07:38:26.446174Z;/home/runner/work/gson/gson/gson/src/test/java/com/google/gson/reflect;;IN_ACCESS,IN_ISDIR
2026-09-04T07:38:26.446492Z;/home/runner/work/gson/gson/gson/src/test/java/com/google/gson;reflect;IN_ACCESS,IN_ISDIR
2026-09-04T07:38:26.446809Z;/home/runner/work/gson/gson/gson/src/test/java/com/google/gson/reflect;;IN_ACCESS,IN_ISDIR
2026-09-04T07:38:26.447112Z;/home/runner/work/gson/gson/gson/src/test/java/com/google/gson;stream;IN_ACCESS,IN_ISDIR
2026-09-04T07:38:26.447410Z;/home/runner/work/gson/gson/gson/src/test/java/com/google/gson/stream;;IN_ACCESS,IN_ISDIR
2026-09-04T07:38:26.447742Z;/home/runner/work/gson/gson/gson/src/test/java/com/google/gson;stream;IN_ACCESS,IN_ISDIR
2026-09-04T07:38:26.448092Z;/home/runner/work/gson/gson/gson/src/test/java/com/google/gson/stream;;IN_ACCESS,IN_ISDIR
2026-09-04T07:38:26.448473Z;/home/runner/work/gson/gson/gson/src/test;resources;IN_ACCESS,IN_ISDIR
2026-09-04T07:38:26.448809Z;/home/runner/work/gson/gson/gson/src/test/resources;;IN_ACCESS,IN_ISDIR
2026-09-04T07:38:26.449122Z;/home/runner/work/gson/gson/gson/src/test;resources;IN_ACCESS,IN_ISDIR
2026-09-04T07:38:26.449474Z;/home/runner/work/gson/gson/gson/src/test/resources;;IN_ACCESS,IN_ISDIR
2026-09-04T07:38:26.449855Z;/home/runner/work/gson/gson;metrics;IN_ACCESS,IN_ISDIR
2026-09-04T07:38:26.450188Z;/home/runner/work/gson/gson/metrics;;IN_ACCESS,IN_ISDIR
2026-09-04T07:38:26.450510Z;/home/runner/work/gson/gson;metrics;IN_ACCESS,IN_ISDIR
2026-09-04T07:38:26.450867Z;/home/runner/work/gson/gson/metrics;;IN_ACCESS,IN_ISDIR
2026-09-04T07:38:26.451241Z;/home/runner/work/gson/gson/metrics;src;IN_ACCESS,IN_ISDIR
2026-09-04T07:38:26.451560Z;/home/runner/work/gson/gson/metrics/src;;IN_ACCESS,IN_ISDIR
2026-09-04T07:38:26.451919Z;/home/runner/work/gson/gson/metrics;src;IN_ACCESS,IN_ISDIR
2026-09-04T07:38:26.452220Z;/home/runner/work/gson/gson/metrics/src;;IN_ACCESS,IN_ISDIR
2026-09-04T07:38:26.452588Z;/home/runner/work/gson/gson/metrics/src;main;IN_ACCESS,IN_ISDIR
2026-09-04T07:38:26.452920Z;/home/runner/work/gson/gson/metrics/src/main;;IN_ACCESS,IN_ISDIR
2026-09-04T07:38:26.453233Z;/home/runner/work/gson/gson/metrics/src;main;IN_ACCESS,IN_ISDIR
2026-09-04T07:38:26.453538Z;/home/runner/work/gson/gson/metrics/src/main;;IN_ACCESS,IN_ISDIR
2026-09-04T07:38:26.453905Z;/home/runner/work/gson/gson/metrics/src/main;java;IN_ACCESS,IN_ISDIR
2026-09-04T07:38:26.454253Z;/home/runner/work/gson/gson/metrics/src/main/java;;IN_ACCESS,IN_ISDIR
2026-09-04T07:38:26.454610Z;/home/runner/work/gson/gson/metrics/src/main;java;IN_ACCESS,IN_ISDIR
2026-09-04T07:38:26.455035Z;/home/runner/work/gson/gson/metrics/src/main/java;;IN_ACCESS,IN_ISDIR
2026-09-04T07:38:26.455381Z;/home/runner/work/gson/gson/metrics/src/main/java;com;IN_ACCESS,IN_ISDIR
2026-09-04T07:38:26.455706Z;/home/runner/work/gson/gson/metrics/src/main/java/com;;IN_ACCESS,IN_ISDIR
2026-09-04T07:38:26.456043Z;/home/runner/work/gson/gson/metrics/src/main/java;com;IN_ACCESS,IN_ISDIR
2026-09-04T07:38:26.456372Z;/home/runner/work/gson/gson/metrics/src/main/java/com;;IN_ACCESS,IN_ISDIR
2026-09-04T07:38:26.456734Z;/home/runner/work/gson/gson/metrics/src/main/java/com;google;IN_ACCESS,IN_ISDIR
2026-09-04T07:38:26.457031Z;/home/runner/work/gson/gson/metrics/src/main/java/com/google;;IN_ACCESS,IN_ISDIR
2026-09-04T07:38:26.457311Z;/home/runner/work/gson/gson/metrics/src/main/java/com;google;IN_ACCESS,IN_ISDIR
2026-09-04T07:38:26.458017Z;/home/runner/work/gson/gson/metrics/src/main/java/com/google;;IN_ACCESS,IN_ISDIR
2026-09-04T07:38:26.458648Z;/home/runner/work/gson/gson/metrics/src/main/java/com/google;gson;IN_ACCESS,IN_ISDIR
2026-09-04T07:38:26.459057Z;/home/runner/work/gson/gson/metrics/src/main/java/com/google/gson;;IN_ACCESS,IN_ISDIR
2026-09-04T07:38:26.459438Z;/home/runner/work/gson/gson/metrics/src/main/java/com/google;gson;IN_ACCESS,IN_ISDIR
2026-09-04T07:38:26.459779Z;/home/runner/work/gson/gson/metrics/src/main/java/com/google/gson;;IN_ACCESS,IN_ISDIR
2026-09-04T07:38:26.460192Z;/home/runner/work/gson/gson/metrics/src/main/java/com/google/gson;metrics;IN_ACCESS,IN_ISDIR
2026-09-04T07:38:26.460491Z;/home/runner/work/gson/gson/metrics/src/main/java/com/google/gson/metrics;;IN_ACCESS,IN_ISDIR
2026-09-04T07:38:26.460804Z;/home/runner/work/gson/gson/metrics/src/main/java/com/google/gson;metrics;IN_ACCESS,IN_ISDIR
2026-09-04T07:38:26.461127Z;/home/runner/work/gson/gson/metrics/src/main/java/com/google/gson/metrics;;IN_ACCESS,IN_ISDIR
2026-09-04T07:38:26.461473Z;/home/runner/work/gson/gson/metrics/src/main;resources;IN_ACCESS,IN_ISDIR
2026-09-04T07:38:26.461855Z;/home/runner/work/gson/gson/metrics/src/main/resources;;IN_ACCESS,IN_ISDIR
2026-09-04T07:38:26.462249Z;/home/runner/work/gson/gson/metrics/src/main;resources;IN_ACCESS,IN_ISDIR
2026-09-04T07:38:26.462613Z;/home/runner/work/gson/gson/metrics/src/main/resources;;IN_ACCESS,IN_ISDIR
2026-09-04T07:38:26.462943Z;/home/runner/work/gson/gson;proto;IN_ACCESS,IN_ISDIR
2026-09-04T07:38:26.463314Z;/home/runner/work/gson/gson/proto;;IN_ACCESS,IN_ISDIR
2026-09-04T07:38:26.463707Z;/home/runner/work/gson/gson;proto;IN_ACCESS,IN_ISDIR
2026-09-04T07:38:26.464087Z;/home/runner/work/gson/gson/proto;;IN_ACCESS,IN_ISDIR
2026-09-04T07:38:26.464402Z;/home/runner/work/gson/gson/proto;src;IN_ACCESS,IN_ISDIR
2026-09-04T07:38:26.464713Z;/home/runner/work/gson/gson/proto/src;;IN_ACCESS,IN_ISDIR
2026-09-04T07:38:26.465102Z;/home/runner/work/gson/gson/proto;src;IN_ACCESS,IN_ISDIR
2026-09-04T07:38:26.465459Z;/home/runner/work/gson/gson/proto/src;;IN_ACCESS,IN_ISDIR
2026-09-04T07:38:26.465831Z;/home/runner/work/gson/gson/proto/src;main;IN_ACCESS,IN_ISDIR
2026-09-04T07:38:26.466161Z;/home/runner/work/gson/gson/proto/src/main;;IN_ACCESS,IN_ISDIR
2026-09-04T07:38:26.466591Z;/home/runner/work/gson/gson/proto/src;main;IN_ACCESS,IN_ISDIR
2026-09-04T07:38:26.467010Z;/home/runner/work/gson/gson/proto/src/main;;IN_ACCESS,IN_ISDIR
2026-09-04T07:38:26.468234Z;/home/runner/work/gson/gson/proto/src/main;java;IN_ACCESS,IN_ISDIR
2026-09-04T07:38:26.468599Z;/home/runner/work/gson/gson/proto/src/main/java;;IN_ACCESS,IN_ISDIR
2026-09-04T07:38:26.469005Z;/home/runner/work/gson/gson/proto/src/main;java;IN_ACCESS,IN_ISDIR
2026-09-04T07:38:26.469345Z;/home/runner/work/gson/gson/proto/src/main/java;;IN_ACCESS,IN_ISDIR
2026-09-04T07:38:26.469734Z;/home/runner/work/gson/gson/proto/src/main/java;com;IN_ACCESS,IN_ISDIR
2026-09-04T07:38:26.470026Z;/home/runner/work/gson/gson/proto/src/main/java/com;;IN_ACCESS,IN_ISDIR
2026-09-04T07:38:26.470309Z;/home/runner/work/gson/gson/proto/src/main/java;com;IN_ACCESS,IN_ISDIR
2026-09-04T07:38:26.470618Z;/home/runner/work/gson/gson/proto/src/main/java/com;;IN_ACCESS,IN_ISDIR
2026-09-04T07:38:26.470952Z;/home/runner/work/gson/gson/proto/src/main/java/com;google;IN_ACCESS,IN_ISDIR
2026-09-04T07:38:26.471281Z;/home/runner/work/gson/gson/proto/src/main/java/com/google;;IN_ACCESS,IN_ISDIR
2026-09-04T07:38:26.471585Z;/home/runner/work/gson/gson/proto/src/main/java/com;google;IN_ACCESS,IN_ISDIR
2026-09-04T07:38:26.471887Z;/home/runner/work/gson/gson/proto/src/main/java/com/google;;IN_ACCESS,IN_ISDIR
2026-09-04T07:38:26.472189Z;/home/runner/work/gson/gson/proto/src/main/java/com/google;gson;IN_ACCESS,IN_ISDIR
2026-09-04T07:38:26.472487Z;/home/runner/work/gson/gson/proto/src/main/java/com/google/gson;;IN_ACCESS,IN_ISDIR
2026-09-04T07:38:26.472792Z;/home/runner/work/gson/gson/proto/src/main/java/com/google;gson;IN_ACCESS,IN_ISDIR
2026-09-04T07:38:26.473100Z;/home/runner/work/gson/gson/proto/src/main/java/com/google/gson;;IN_ACCESS,IN_ISDIR
2026-09-04T07:38:26.473644Z;/home/runner/work/gson/gson/proto/src/main/java/com/google/gson;protobuf;IN_ACCESS,IN_ISDIR
2026-09-04T07:38:26.474147Z;/home/runner/work/gson/gson/proto/src/main/java/com/google/gson/protobuf;;IN_ACCESS,IN_ISDIR
2026-09-04T07:38:26.474587Z;/home/runner/work/gson/gson/proto/src/main/java/com/google/gson;protobuf;IN_ACCESS,IN_ISDIR
2026-09-04T07:38:26.475032Z;/home/runner/work/gson/gson/proto/src/main/java/com/google/gson/protobuf;;IN_ACCESS,IN_ISDIR
2026-09-04T07:38:26.475461Z;/home/runner/work/gson/gson/proto/src;test;IN_ACCESS,IN_ISDIR
2026-09-04T07:38:26.475775Z;/home/runner/work/gson/gson/proto/src/test;;IN_ACCESS,IN_ISDIR
2026-09-04T07:38:26.476087Z;/home/runner/work/gson/gson/proto/src;test;IN_ACCESS,IN_ISDIR
2026-09-04T07:38:26.476400Z;/home/runner/work/gson/gson/proto/src/test;;IN_ACCESS,IN_ISDIR
2026-09-04T07:38:26.476711Z;/home/runner/work/gson/gson/proto/src/test;java;IN_ACCESS,IN_ISDIR
2026-09-04T07:38:26.477022Z;/home/runner/work/gson/gson/proto/src/test/java;;IN_ACCESS,IN_ISDIR
2026-09-04T07:38:26.477331Z;/home/runner/work/gson/gson/proto/src/test;java;IN_ACCESS,IN_ISDIR
2026-09-04T07:38:26.477644Z;/home/runner/work/gson/gson/proto/src/test/java;;IN_ACCESS,IN_ISDIR
2026-09-04T07:38:26.477946Z;/home/runner/work/gson/gson/proto/src/test/java;com;IN_ACCESS,IN_ISDIR
2026-09-04T07:38:26.478250Z;/home/runner/work/gson/gson/proto/src/test/java/com;;IN_ACCESS,IN_ISDIR
2026-09-04T07:38:26.478577Z;/home/runner/work/gson/gson/proto/src/test/java;com;IN_ACCESS,IN_ISDIR
2026-09-04T07:38:26.478882Z;/home/runner/work/gson/gson/proto/src/test/java/com;;IN_ACCESS,IN_ISDIR
2026-09-04T07:38:26.479276Z;/home/runner/work/gson/gson/proto/src/test/java/com;google;IN_ACCESS,IN_ISDIR
2026-09-04T07:38:26.479606Z;/home/runner/work/gson/gson/proto/src/test/java/com/google;;IN_ACCESS,IN_ISDIR
2026-09-04T07:38:26.479967Z;/home/runner/work/gson/gson/proto/src/test/java/com;google;IN_ACCESS,IN_ISDIR
2026-09-04T07:38:26.480331Z;/home/runner/work/gson/gson/proto/src/test/java/com/google;;IN_ACCESS,IN_ISDIR
2026-09-04T07:38:26.480689Z;/home/runner/work/gson/gson/proto/src/test/java/com/google;gson;IN_ACCESS,IN_ISDIR
2026-09-04T07:38:26.481026Z;/home/runner/work/gson/gson/proto/src/test/java/com/google/gson;;IN_ACCESS,IN_ISDIR
2026-09-04T07:38:26.481353Z;/home/runner/work/gson/gson/proto/src/test/java/com/google;gson;IN_ACCESS,IN_ISDIR
2026-09-04T07:38:26.481853Z;/home/runner/work/gson/gson/proto/src/test/java/com/google/gson;;IN_ACCESS,IN_ISDIR
2026-09-04T07:38:26.482208Z;/home/runner/work/gson/gson/proto/src/test/java/com/google/gson;protobuf;IN_ACCESS,IN_ISDIR
2026-09-04T07:38:26.482627Z;/home/runner/work/gson/gson/proto/src/test/java/com/google/gson/protobuf;;IN_ACCESS,IN_ISDIR
2026-09-04T07:38:26.483048Z;/home/runner/work/gson/gson/proto/src/test/java/com/google/gson;protobuf;IN_ACCESS,IN_ISDIR
2026-09-04T07:38:26.483518Z;/home/runner/work/gson/gson/proto/src/test/java/com/google/gson/protobuf;;IN_ACCESS,IN_ISDIR
2026-09-04T07:38:26.483955Z;/home/runner/work/gson/gson/proto/src/test/java/com/google/gson/protobuf;functional;IN_ACCESS,IN_ISDIR
2026-09-04T07:38:26.484297Z;/home/runner/work/gson/gson/proto/src/test/java/com/google/gson/protobuf/functional;;IN_ACCESS,IN_ISDIR
2026-09-04T07:38:26.484641Z;/home/runner/work/gson/gson/proto/src/test/java/com/google/gson/protobuf;functional;IN_ACCESS,IN_ISDIR
2026-09-04T07:38:26.484978Z;/home/runner/work/gson/gson/proto/src/test/java/com/google/gson/protobuf/functional;;IN_ACCESS,IN_ISDIR
2026-09-04T07:38:26.485346Z;/home/runner/work/gson/gson/proto/src/test;protobuf;IN_ACCESS,IN_ISDIR
2026-09-04T07:38:26.485704Z;/home/runner/work/gson/gson/proto/src/test/protobuf;;IN_ACCESS,IN_ISDIR
2026-09-04T07:38:26.486092Z;/home/runner/work/gson/gson/proto/src/test;protobuf;IN_ACCESS,IN_ISDIR
2026-09-04T07:38:26.486436Z;/home/runner/work/gson/gson/proto/src/test/protobuf;;IN_ACCESS,IN_ISDIR
2026-09-04T07:38:26.486784Z;/home/runner/work/gson/gson;test-graal-native-image;IN_ACCESS,IN_ISDIR
2026-09-04T07:38:26.487073Z;/home/runner/work/gson/gson/test-graal-native-image;;IN_ACCESS,IN_ISDIR
2026-09-04T07:38:26.487352Z;/home/runner/work/gson/gson;test-graal-native-image;IN_ACCESS,IN_ISDIR
2026-09-04T07:38:26.487683Z;/home/runner/work/gson/gson/test-graal-native-image;;IN_ACCESS,IN_ISDIR
2026-09-04T07:38:26.488010Z;/home/runner/work/gson/gson/test-graal-native-image;src;IN_ACCESS,IN_ISDIR
2026-09-04T07:38:26.488346Z;/home/runner/work/gson/gson/test-graal-native-image/src;;IN_ACCESS,IN_ISDIR
2026-09-04T07:38:26.488639Z;/home/runner/work/gson/gson/test-graal-native-image;src;IN_ACCESS,IN_ISDIR
2026-09-04T07:38:26.489179Z;/home/runner/work/gson/gson/test-graal-native-image/src;;IN_ACCESS,IN_ISDIR
2026-09-04T07:38:26.489505Z;/home/runner/work/gson/gson/test-graal-native-image/src;test;IN_ACCESS,IN_ISDIR
2026-09-04T07:38:26.489891Z;/home/runner/work/gson/gson/test-graal-native-image/src/test;;IN_ACCESS,IN_ISDIR
2026-09-04T07:38:26.490202Z;/home/runner/work/gson/gson/test-graal-native-image/src;test;IN_ACCESS,IN_ISDIR
2026-09-04T07:38:26.490507Z;/home/runner/work/gson/gson/test-graal-native-image/src/test;;IN_ACCESS,IN_ISDIR
2026-09-04T07:38:26.490815Z;/home/runner/work/gson/gson/test-graal-native-image/src/test;java;IN_ACCESS,IN_ISDIR
2026-09-04T07:38:26.491123Z;/home/runner/work/gson/gson/test-graal-native-image/src/test/java;;IN_ACCESS,IN_ISDIR
2026-09-04T07:38:26.491423Z;/home/runner/work/gson/gson/test-graal-native-image/src/test;java;IN_ACCESS,IN_ISDIR
2026-09-04T07:38:26.491724Z;/home/runner/work/gson/gson/test-graal-native-image/src/test/java;;IN_ACCESS,IN_ISDIR
2026-09-04T07:38:26.492028Z;/home/runner/work/gson/gson/test-graal-native-image/src/test/java;com;IN_ACCESS,IN_ISDIR
2026-09-04T07:38:26.492329Z;/home/runner/work/gson/gson/test-graal-native-image/src/test/java/com;;IN_ACCESS,IN_ISDIR
2026-09-04T07:38:26.492629Z;/home/runner/work/gson/gson/test-graal-native-image/src/test/java;com;IN_ACCESS,IN_ISDIR
2026-09-04T07:38:26.492944Z;/home/runner/work/gson/gson/test-graal-native-image/src/test/java/com;;IN_ACCESS,IN_ISDIR
2026-09-04T07:38:26.493301Z;/home/runner/work/gson/gson/test-graal-native-image/src/test/java/com;google;IN_ACCESS,IN_ISDIR
2026-09-04T07:38:26.493656Z;/home/runner/work/gson/gson/test-graal-native-image/src/test/java/com/google;;IN_ACCESS,IN_ISDIR
2026-09-04T07:38:26.493974Z;/home/runner/work/gson/gson/test-graal-native-image/src/test/java/com;google;IN_ACCESS,IN_ISDIR
2026-09-04T07:38:26.494284Z;/home/runner/work/gson/gson/test-graal-native-image/src/test/java/com/google;;IN_ACCESS,IN_ISDIR
2026-09-04T07:38:26.494595Z;/home/runner/work/gson/gson/test-graal-native-image/src/test/java/com/google;gson;IN_ACCESS,IN_ISDIR
2026-09-04T07:38:26.494910Z;/home/runner/work/gson/gson/test-graal-native-image/src/test/java/com/google/gson;;IN_ACCESS,IN_ISDIR
2026-09-04T07:38:26.495207Z;/home/runner/work/gson/gson/test-graal-native-image/src/test/java/com/google;gson;IN_ACCESS,IN_ISDIR
2026-09-04T07:38:26.495501Z;/home/runner/work/gson/gson/test-graal-native-image/src/test/java/com/google/gson;;IN_ACCESS,IN_ISDIR
2026-09-04T07:38:26.495800Z;/home/runner/work/gson/gson/test-graal-native-image/src/test/java/com/google/gson;native_test;IN_ACCESS,IN_ISDIR
2026-09-04T07:38:26.496102Z;/home/runner/work/gson/gson/test-graal-native-image/src/test/java/com/google/gson/native_test;;IN_ACCESS,IN_ISDIR
2026-09-04T07:38:26.496398Z;/home/runner/work/gson/gson/test-graal-native-image/src/test/java/com/google/gson;native_test;IN_ACCESS,IN_ISDIR
2026-09-04T07:38:26.496694Z;/home/runner/work/gson/gson/test-graal-native-image/src/test/java/com/google/gson/native_test;;IN_ACCESS,IN_ISDIR
2026-09-04T07:38:26.497007Z;/home/runner/work/gson/gson/test-graal-native-image/src/test;resources;IN_ACCESS,IN_ISDIR
2026-09-04T07:38:26.497309Z;/home/runner/work/gson/gson/test-graal-native-image/src/test/resources;;IN_ACCESS,IN_ISDIR
2026-09-04T07:38:26.497697Z;/home/runner/work/gson/gson/test-graal-native-image/src/test;resources;IN_ACCESS,IN_ISDIR
2026-09-04T07:38:26.498062Z;/home/runner/work/gson/gson/test-graal-native-image/src/test/resources;;IN_ACCESS,IN_ISDIR
2026-09-04T07:38:26.498414Z;/home/runner/work/gson/gson/test-graal-native-image/src/test/resources;META-INF;IN_ACCESS,IN_ISDIR
2026-09-04T07:38:26.498744Z;/home/runner/work/gson/gson/test-graal-native-image/src/test/resources/META-INF;;IN_ACCESS,IN_ISDIR
2026-09-04T07:38:26.499062Z;/home/runner/work/gson/gson/test-graal-native-image/src/test/resources;META-INF;IN_ACCESS,IN_ISDIR
2026-09-04T07:38:26.499377Z;/home/runner/work/gson/gson/test-graal-native-image/src/test/resources/META-INF;;IN_ACCESS,IN_ISDIR
2026-09-04T07:38:26.499693Z;/home/runner/work/gson/gson/test-graal-native-image/src/test/resources/META-INF;native-image;IN_ACCESS,IN_ISDIR
2026-09-04T07:38:26.500108Z;/home/runner/work/gson/gson/test-graal-native-image/src/test/resources/META-INF/native-image;;IN_ACCESS,IN_ISDIR
2026-09-04T07:38:26.500428Z;/home/runner/work/gson/gson/test-graal-native-image/src/test/resources/META-INF;native-image;IN_ACCESS,IN_ISDIR
2026-09-04T07:38:26.500744Z;/home/runner/work/gson/gson/test-graal-native-image/src/test/resources/META-INF/native-image;;IN_ACCESS,IN_ISDIR
2026-09-04T07:38:26.501059Z;/home/runner/work/gson/gson;test-jpms;IN_ACCESS,IN_ISDIR
2026-09-04T07:38:26.501374Z;/home/runner/work/gson/gson/test-jpms;;IN_ACCESS,IN_ISDIR
2026-09-04T07:38:26.501687Z;/home/runner/work/gson/gson;test-jpms;IN_ACCESS,IN_ISDIR
2026-09-04T07:38:26.501996Z;/home/runner/work/gson/gson/test-jpms;;IN_ACCESS,IN_ISDIR
2026-09-04T07:38:26.502311Z;/home/runner/work/gson/gson/test-jpms;src;IN_ACCESS,IN_ISDIR
2026-09-04T07:38:26.502654Z;/home/runner/work/gson/gson/test-jpms/src;;IN_ACCESS,IN_ISDIR
2026-09-04T07:38:26.503027Z;/home/runner/work/gson/gson/test-jpms;src;IN_ACCESS,IN_ISDIR
2026-09-04T07:38:26.503351Z;/home/runner/work/gson/gson/test-jpms/src;;IN_ACCESS,IN_ISDIR
2026-09-04T07:38:26.503653Z;/home/runner/work/gson/gson/test-jpms/src;main;IN_ACCESS,IN_ISDIR
2026-09-04T07:38:26.503953Z;/home/runner/work/gson/gson/test-jpms/src/main;;IN_ACCESS,IN_ISDIR
2026-09-04T07:38:26.504254Z;/home/runner/work/gson/gson/test-jpms/src;main;IN_ACCESS,IN_ISDIR
2026-09-04T07:38:26.504553Z;/home/runner/work/gson/gson/test-jpms/src/main;;IN_ACCESS,IN_ISDIR
2026-09-04T07:38:26.504881Z;/home/runner/work/gson/gson/test-jpms/src/main;java;IN_ACCESS,IN_ISDIR
2026-09-04T07:38:26.505848Z;/home/runner/work/gson/gson/test-jpms/src/main/java;;IN_ACCESS,IN_ISDIR
2026-09-04T07:38:26.506250Z;/home/runner/work/gson/gson/test-jpms/src/main;java;IN_ACCESS,IN_ISDIR
2026-09-04T07:38:26.506568Z;/home/runner/work/gson/gson/test-jpms/src/main/java;;IN_ACCESS,IN_ISDIR
2026-09-04T07:38:26.506869Z;/home/runner/work/gson/gson/test-jpms/src;test;IN_ACCESS,IN_ISDIR
2026-09-04T07:38:26.507311Z;/home/runner/work/gson/gson/test-jpms/src/test;;IN_ACCESS,IN_ISDIR
2026-09-04T07:38:26.507697Z;/home/runner/work/gson/gson/test-jpms/src;test;IN_ACCESS,IN_ISDIR
2026-09-04T07:38:26.508026Z;/home/runner/work/gson/gson/test-jpms/src/test;;IN_ACCESS,IN_ISDIR
2026-09-04T07:38:26.508332Z;/home/runner/work/gson/gson/test-jpms/src/test;java;IN_ACCESS,IN_ISDIR
2026-09-04T07:38:26.508679Z;/home/runner/work/gson/gson/test-jpms/src/test/java;;IN_ACCESS,IN_ISDIR
2026-09-04T07:38:26.508995Z;/home/runner/work/gson/gson/test-jpms/src/test;java;IN_ACCESS,IN_ISDIR
2026-09-04T07:38:26.509315Z;/home/runner/work/gson/gson/test-jpms/src/test/java;;IN_ACCESS,IN_ISDIR
2026-09-04T07:38:26.509637Z;/home/runner/work/gson/gson/test-jpms/src/test/java;com;IN_ACCESS,IN_ISDIR
2026-09-04T07:38:26.509956Z;/home/runner/work/gson/gson/test-jpms/src/test/java/com;;IN_ACCESS,IN_ISDIR
2026-09-04T07:38:26.510269Z;/home/runner/work/gson/gson/test-jpms/src/test/java;com;IN_ACCESS,IN_ISDIR
2026-09-04T07:38:26.510584Z;/home/runner/work/gson/gson/test-jpms/src/test/java/com;;IN_ACCESS,IN_ISDIR
2026-09-04T07:38:26.510906Z;/home/runner/work/gson/gson/test-jpms/src/test/java/com;google;IN_ACCESS,IN_ISDIR
2026-09-04T07:38:26.511225Z;/home/runner/work/gson/gson/test-jpms/src/test/java/com/google;;IN_ACCESS,IN_ISDIR
2026-09-04T07:38:26.511595Z;/home/runner/work/gson/gson/test-jpms/src/test/java/com;google;IN_ACCESS,IN_ISDIR
2026-09-04T07:38:26.511921Z;/home/runner/work/gson/gson/test-jpms/src/test/java/com/google;;IN_ACCESS,IN_ISDIR
2026-09-04T07:38:26.512264Z;/home/runner/work/gson/gson/test-jpms/src/test/java/com/google;gson;IN_ACCESS,IN_ISDIR
2026-09-04T07:38:26.512646Z;/home/runner/work/gson/gson/test-jpms/src/test/java/com/google/gson;;IN_ACCESS,IN_ISDIR
2026-09-04T07:38:26.512975Z;/home/runner/work/gson/gson/test-jpms/src/test/java/com/google;gson;IN_ACCESS,IN_ISDIR
2026-09-04T07:38:26.513321Z;/home/runner/work/gson/gson/test-jpms/src/test/java/com/google/gson;;IN_ACCESS,IN_ISDIR
2026-09-04T07:38:26.513845Z;/home/runner/work/gson/gson/test-jpms/src/test/java/com/google/gson;jpms_test;IN_ACCESS,IN_ISDIR
2026-09-04T07:38:26.514163Z;/home/runner/work/gson/gson/test-jpms/src/test/java/com/google/gson/jpms_test;;IN_ACCESS,IN_ISDIR
2026-09-04T07:38:26.514479Z;/home/runner/work/gson/gson/test-jpms/src/test/java/com/google/gson;jpms_test;IN_ACCESS,IN_ISDIR
2026-09-04T07:38:26.514799Z;/home/runner/work/gson/gson/test-jpms/src/test/java/com/google/gson/jpms_test;;IN_ACCESS,IN_ISDIR
2026-09-04T07:38:26.515117Z;/home/runner/work/gson/gson/test-jpms/src/test/java/com/google/gson/jpms_test;opened;IN_ACCESS,IN_ISDIR
2026-09-04T07:38:26.515431Z;/home/runner/work/gson/gson/test-jpms/src/test/java/com/google/gson/jpms_test/opened;;IN_ACCESS,IN_ISDIR
2026-09-04T07:38:26.515749Z;/home/runner/work/gson/gson/test-jpms/src/test/java/com/google/gson/jpms_test;opened;IN_ACCESS,IN_ISDIR
2026-09-04T07:38:26.516068Z;/home/runner/work/gson/gson/test-jpms/src/test/java/com/google/gson/jpms_test/opened;;IN_ACCESS,IN_ISDIR
2026-09-04T07:38:26.516400Z;/home/runner/work/gson/gson;test-shrinker;IN_ACCESS,IN_ISDIR
2026-09-04T07:38:26.516721Z;/home/runner/work/gson/gson/test-shrinker;;IN_ACCESS,IN_ISDIR
2026-09-04T07:38:26.517042Z;/home/runner/work/gson/gson;test-shrinker;IN_ACCESS,IN_ISDIR
2026-09-04T07:38:26.517351Z;/home/runner/work/gson/gson/test-shrinker;;IN_ACCESS,IN_ISDIR
2026-09-04T07:38:26.517688Z;/home/runner/work/gson/gson/test-shrinker;src;IN_ACCESS,IN_ISDIR
2026-09-04T07:38:26.517997Z;/home/runner/work/gson/gson/test-shrinker/src;;IN_ACCESS,IN_ISDIR
2026-09-04T07:38:26.518305Z;/home/runner/work/gson/gson/test-shrinker;src;IN_ACCESS,IN_ISDIR
2026-09-04T07:38:26.518610Z;/home/runner/work/gson/gson/test-shrinker/src;;IN_ACCESS,IN_ISDIR
2026-09-04T07:38:26.518915Z;/home/runner/work/gson/gson/test-shrinker/src;main;IN_ACCESS,IN_ISDIR
2026-09-04T07:38:26.519215Z;/home/runner/work/gson/gson/test-shrinker/src/main;;IN_ACCESS,IN_ISDIR
2026-09-04T07:38:26.519516Z;/home/runner/work/gson/gson/test-shrinker/src;main;IN_ACCESS,IN_ISDIR
2026-09-04T07:38:26.519828Z;/home/runner/work/gson/gson/test-shrinker/src/main;;IN_ACCESS,IN_ISDIR
2026-09-04T07:38:26.520143Z;/home/runner/work/gson/gson/test-shrinker/src/main;java;IN_ACCESS,IN_ISDIR
2026-09-04T07:38:26.520445Z;/home/runner/work/gson/gson/test-shrinker/src/main/java;;IN_ACCESS,IN_ISDIR
2026-09-04T07:38:26.520755Z;/home/runner/work/gson/gson/test-shrinker/src/main;java;IN_ACCESS,IN_ISDIR
2026-09-04T07:38:26.521199Z;/home/runner/work/gson/gson/test-shrinker/src/main/java;;IN_ACCESS,IN_ISDIR
2026-09-04T07:38:26.521577Z;/home/runner/work/gson/gson/test-shrinker/src/main/java;com;IN_ACCESS,IN_ISDIR
2026-09-04T07:38:26.521911Z;/home/runner/work/gson/gson/test-shrinker/src/main/java/com;;IN_ACCESS,IN_ISDIR
2026-09-04T07:38:26.522223Z;/home/runner/work/gson/gson/test-shrinker/src/main/java;com;IN_ACCESS,IN_ISDIR
2026-09-04T07:38:26.522536Z;/home/runner/work/gson/gson/test-shrinker/src/main/java/com;;IN_ACCESS,IN_ISDIR
2026-09-04T07:38:26.522839Z;/home/runner/work/gson/gson/test-shrinker/src/main/java/com;example;IN_ACCESS,IN_ISDIR
2026-09-04T07:38:26.523139Z;/home/runner/work/gson/gson/test-shrinker/src/main/java/com/example;;IN_ACCESS,IN_ISDIR
2026-09-04T07:38:26.523462Z;/home/runner/work/gson/gson/test-shrinker/src/main/java/com;example;IN_ACCESS,IN_ISDIR
2026-09-04T07:38:26.523774Z;/home/runner/work/gson/gson/test-shrinker/src/main/java/com/example;;IN_ACCESS,IN_ISDIR
2026-09-04T07:38:26.524088Z;/home/runner/work/gson/gson/test-shrinker/src;test;IN_ACCESS,IN_ISDIR
2026-09-04T07:38:26.524397Z;/home/runner/work/gson/gson/test-shrinker/src/test;;IN_ACCESS,IN_ISDIR
2026-09-04T07:38:26.524725Z;/home/runner/work/gson/gson/test-shrinker/src;test;IN_ACCESS,IN_ISDIR
2026-09-04T07:38:26.525040Z;/home/runner/work/gson/gson/test-shrinker/src/test;;IN_ACCESS,IN_ISDIR
2026-09-04T07:38:26.525351Z;/home/runner/work/gson/gson/test-shrinker/src/test;java;IN_ACCESS,IN_ISDIR
2026-09-04T07:38:26.525662Z;/home/runner/work/gson/gson/test-shrinker/src/test/java;;IN_ACCESS,IN_ISDIR
2026-09-04T07:38:26.525976Z;/home/runner/work/gson/gson/test-shrinker/src/test;java;IN_ACCESS,IN_ISDIR
2026-09-04T07:38:26.526402Z;/home/runner/work/gson/gson/test-shrinker/src/test/java;;IN_ACCESS,IN_ISDIR
2026-09-04T07:38:26.526714Z;/home/runner/work/gson/gson/test-shrinker/src/test/java;com;IN_ACCESS,IN_ISDIR
2026-09-04T07:38:26.527025Z;/home/runner/work/gson/gson/test-shrinker/src/test/java/com;;IN_ACCESS,IN_ISDIR
2026-09-04T07:38:26.527339Z;/home/runner/work/gson/gson/test-shrinker/src/test/java;com;IN_ACCESS,IN_ISDIR
2026-09-04T07:38:26.527650Z;/home/runner/work/gson/gson/test-shrinker/src/test/java/com;;IN_ACCESS,IN_ISDIR
2026-09-04T07:38:26.527958Z;/home/runner/work/gson/gson/test-shrinker/src/test/java/com;google;IN_ACCESS,IN_ISDIR
2026-09-04T07:38:26.528261Z;/home/runner/work/gson/gson/test-shrinker/src/test/java/com/google;;IN_ACCESS,IN_ISDIR
2026-09-04T07:38:26.528598Z;/home/runner/work/gson/gson/test-shrinker/src/test/java/com;google;IN_ACCESS,IN_ISDIR
2026-09-04T07:38:26.528955Z;/home/runner/work/gson/gson/test-shrinker/src/test/java/com/google;;IN_ACCESS,IN_ISDIR
2026-09-04T07:38:26.529259Z;/home/runner/work/gson/gson/test-shrinker/src/test/java/com/google;gson;IN_ACCESS,IN_ISDIR
2026-09-04T07:38:26.529567Z;/home/runner/work/gson/gson/test-shrinker/src/test/java/com/google/gson;;IN_ACCESS,IN_ISDIR
2026-09-04T07:38:26.529895Z;/home/runner/work/gson/gson/test-shrinker/src/test/java/com/google;gson;IN_ACCESS,IN_ISDIR
2026-09-04T07:38:26.530211Z;/home/runner/work/gson/gson/test-shrinker/src/test/java/com/google/gson;;IN_ACCESS,IN_ISDIR
2026-09-04T07:38:26.530524Z;/home/runner/work/gson/gson/test-shrinker/src/test/java/com/google/gson;it;IN_ACCESS,IN_ISDIR
2026-09-04T07:38:26.530832Z;/home/runner/work/gson/gson/test-shrinker/src/test/java/com/google/gson/it;;IN_ACCESS,IN_ISDIR
2026-09-04T07:38:26.531160Z;/home/runner/work/gson/gson/test-shrinker/src/test/java/com/google/gson;it;IN_ACCESS,IN_ISDIR
2026-09-04T07:38:26.531471Z;/home/runner/work/gson/gson/test-shrinker/src/test/java/com/google/gson/it;;IN_ACCESS,IN_ISDIR
2026-09-04T07:38:26.531772Z;/home/runner/work/gson/gson;optcd-4.txt;IN_CREATE
2026-09-04T07:38:26.532069Z;/home/runner/work/gson/gson/.mvn;jvm.config;IN_ACCESS
2026-09-04T07:38:29.271460Z;/home/runner/work/gson/gson;pom.xml;IN_ACCESS
2026-09-04T07:38:29.274414Z;/home/runner/work/gson/gson;pom.xml;IN_ACCESS
2026-09-04T07:38:29.278905Z;/home/runner/work/gson/gson;pom.xml;IN_ACCESS
2026-09-04T07:38:29.279792Z;/home/runner/work/gson/gson;pom.xml;IN_ACCESS
2026-09-04T07:38:29.280813Z;/home/runner/work/gson/gson;pom.xml;IN_ACCESS
2026-09-04T07:38:29.322686Z;/home/runner/work/gson/gson/gson;pom.xml;IN_ACCESS
2026-09-04T07:38:29.323236Z;/home/runner/work/gson/gson/gson;pom.xml;IN_ACCESS
2026-09-04T07:38:29.323894Z;/home/runner/work/gson/gson/gson;pom.xml;IN_ACCESS
2026-09-04T07:38:29.326844Z;/home/runner/work/gson/gson;pom.xml;IN_ACCESS
2026-09-04T07:38:29.327216Z;/home/runner/work/gson/gson;pom.xml;IN_ACCESS
2026-09-04T07:38:29.329854Z;/home/runner/work/gson/gson;pom.xml;IN_ACCESS
2026-09-04T07:38:29.336004Z;/home/runner/work/gson/gson/test-jpms;pom.xml;IN_ACCESS
2026-09-04T07:38:29.340152Z;/home/runner/work/gson/gson/test-graal-native-image;pom.xml;IN_ACCESS
2026-09-04T07:38:29.340522Z;/home/runner/work/gson/gson/test-graal-native-image;pom.xml;IN_ACCESS
2026-09-04T07:38:29.344616Z;/home/runner/work/gson/gson/test-shrinker;pom.xml;IN_ACCESS
2026-09-04T07:38:29.345031Z;/home/runner/work/gson/gson/test-shrinker;pom.xml;IN_ACCESS
2026-09-04T07:38:29.345375Z;/home/runner/work/gson/gson/test-shrinker;pom.xml;IN_ACCESS
2026-09-04T07:38:29.348908Z;/home/runner/work/gson/gson/extras;pom.xml;IN_ACCESS
2026-09-04T07:38:29.352341Z;/home/runner/work/gson/gson/metrics;pom.xml;IN_ACCESS
2026-09-04T07:38:29.355768Z;/home/runner/work/gson/gson/proto;pom.xml;IN_ACCESS
2026-09-04T07:38:36.884624Z;/home/runner/work/gson/gson;optcd-5.txt;IN_CREATE
2026-09-04T07:38:36.906937Z;/home/runner/work/gson/gson/.mvn;jvm.config;IN_ACCESS
2026-09-04T07:38:38.175157Z;/home/runner/work/gson/gson;pom.xml;IN_ACCESS
2026-09-04T07:38:38.178637Z;/home/runner/work/gson/gson;pom.xml;IN_ACCESS
2026-09-04T07:38:38.182116Z;/home/runner/work/gson/gson;pom.xml;IN_ACCESS
2026-09-04T07:38:38.183051Z;/home/runner/work/gson/gson;pom.xml;IN_ACCESS
2026-09-04T07:38:38.184223Z;/home/runner/work/gson/gson;pom.xml;IN_ACCESS
2026-09-04T07:38:38.229890Z;/home/runner/work/gson/gson/gson;pom.xml;IN_ACCESS
2026-09-04T07:38:38.230444Z;/home/runner/work/gson/gson/gson;pom.xml;IN_ACCESS
2026-09-04T07:38:38.231033Z;/home/runner/work/gson/gson/gson;pom.xml;IN_ACCESS
2026-09-04T07:38:38.231794Z;/home/runner/work/gson/gson/gson;pom.xml;IN_ACCESS
2026-09-04T07:38:38.234835Z;/home/runner/work/gson/gson;pom.xml;IN_ACCESS
2026-09-04T07:38:38.235217Z;/home/runner/work/gson/gson;pom.xml;IN_ACCESS
2026-09-04T07:38:38.235703Z;/home/runner/work/gson/gson;pom.xml;IN_ACCESS
2026-09-04T07:38:38.236128Z;/home/runner/work/gson/gson;pom.xml;IN_ACCESS
2026-09-04T07:38:38.236812Z;/home/runner/work/gson/gson;pom.xml;IN_ACCESS
2026-09-04T07:38:38.243767Z;/home/runner/work/gson/gson/test-jpms;pom.xml;IN_ACCESS
2026-09-04T07:38:38.247510Z;/home/runner/work/gson/gson/test-graal-native-image;pom.xml;IN_ACCESS
2026-09-04T07:38:38.247889Z;/home/runner/work/gson/gson/test-graal-native-image;pom.xml;IN_ACCESS
2026-09-04T07:38:38.252069Z;/home/runner/work/gson/gson/test-shrinker;pom.xml;IN_ACCESS
2026-09-04T07:38:38.252459Z;/home/runner/work/gson/gson/test-shrinker;pom.xml;IN_ACCESS
2026-09-04T07:38:38.252842Z;/home/runner/work/gson/gson/test-shrinker;pom.xml;IN_ACCESS
2026-09-04T07:38:38.256688Z;/home/runner/work/gson/gson/extras;pom.xml;IN_ACCESS
2026-09-04T07:38:38.260031Z;/home/runner/work/gson/gson/metrics;pom.xml;IN_ACCESS
2026-09-04T07:38:38.263394Z;/home/runner/work/gson/gson/proto;pom.xml;IN_ACCESS
2026-09-04T07:38:41.012322Z;/home/runner/work/gson/gson;;IN_ACCESS,IN_ISDIR
2026-09-04T07:38:41.014641Z;/home/runner/work/gson/gson;.github;IN_ACCESS,IN_ISDIR
2026-09-04T07:38:41.014987Z;/home/runner/work/gson/gson/.github;;IN_ACCESS,IN_ISDIR
2026-09-04T07:38:41.015329Z;/home/runner/work/gson/gson;.github;IN_ACCESS,IN_ISDIR
2026-09-04T07:38:41.016447Z;/home/runner/work/gson/gson/.github;;IN_ACCESS,IN_ISDIR
2026-09-04T07:38:41.016774Z;/home/runner/work/gson/gson/.github;workflows;IN_ACCESS,IN_ISDIR
2026-09-04T07:38:41.017123Z;/home/runner/work/gson/gson/.github/workflows;;IN_ACCESS,IN_ISDIR
2026-09-04T07:38:41.018081Z;/home/runner/work/gson/gson/.github;workflows;IN_ACCESS,IN_ISDIR
2026-09-04T07:38:41.020621Z;/home/runner/work/gson/gson/.github/workflows;;IN_ACCESS,IN_ISDIR
2026-09-04T07:38:41.021020Z;/home/runner/work/gson/gson/.github;ISSUE_TEMPLATE;IN_ACCESS,IN_ISDIR
2026-09-04T07:38:41.021355Z;/home/runner/work/gson/gson/.github/ISSUE_TEMPLATE;;IN_ACCESS,IN_ISDIR
2026-09-04T07:38:41.021687Z;/home/runner/work/gson/gson/.github;ISSUE_TEMPLATE;IN_ACCESS,IN_ISDIR
2026-09-04T07:38:41.022009Z;/home/runner/work/gson/gson/.github/ISSUE_TEMPLATE;;IN_ACCESS,IN_ISDIR
2026-09-04T07:38:41.178076Z;/home/runner/work/gson/gson/.git;HEAD;IN_ACCESS
2026-09-04T07:38:41.179306Z;/home/runner/work/gson/gson/.git;config;IN_ACCESS
2026-09-04T07:38:41.198941Z;/home/runner/work/gson/gson;;IN_ACCESS,IN_ISDIR
2026-09-04T07:38:41.406491Z;/home/runner/work/gson/gson;;IN_ACCESS,IN_ISDIR
2026-09-04T07:38:41.407095Z;/home/runner/work/gson/gson;.github;IN_ACCESS,IN_ISDIR
2026-09-04T07:38:41.407475Z;/home/runner/work/gson/gson/.github;;IN_ACCESS,IN_ISDIR
2026-09-04T07:38:41.407845Z;/home/runner/work/gson/gson;.github;IN_ACCESS,IN_ISDIR
2026-09-04T07:38:41.408174Z;/home/runner/work/gson/gson/.github;;IN_ACCESS,IN_ISDIR
2026-09-04T07:38:41.408497Z;/home/runner/work/gson/gson/.github;workflows;IN_ACCESS,IN_ISDIR
2026-09-04T07:38:41.408849Z;/home/runner/work/gson/gson/.github/workflows;;IN_ACCESS,IN_ISDIR
2026-09-04T07:38:41.409542Z;/home/runner/work/gson/gson/.github;workflows;IN_ACCESS,IN_ISDIR
2026-09-04T07:38:41.409908Z;/home/runner/work/gson/gson/.github/workflows;;IN_ACCESS,IN_ISDIR
2026-09-04T07:38:41.410252Z;/home/runner/work/gson/gson/.github;ISSUE_TEMPLATE;IN_ACCESS,IN_ISDIR
2026-09-04T07:38:41.410615Z;/home/runner/work/gson/gson/.github/ISSUE_TEMPLATE;;IN_ACCESS,IN_ISDIR
2026-09-04T07:38:41.411066Z;/home/runner/work/gson/gson/.github;ISSUE_TEMPLATE;IN_ACCESS,IN_ISDIR
2026-09-04T07:38:41.411368Z;/home/runner/work/gson/gson/.github/ISSUE_TEMPLATE;;IN_ACCESS,IN_ISDIR
2026-09-04T07:38:41.411715Z;/home/runner/work/gson/gson;pom.xml;IN_ACCESS
2026-09-04T07:38:41.414158Z;/home/runner/work/gson/gson;GsonDesignDocument.md;IN_ACCESS
2026-09-04T07:38:41.414697Z;/home/runner/work/gson/gson;UserGuide.md;IN_ACCESS
2026-09-04T07:38:41.416029Z;/home/runner/work/gson/gson;ReleaseProcess.md;IN_ACCESS
2026-09-04T07:38:41.416445Z;/home/runner/work/gson/gson;CHANGELOG.md;IN_ACCESS
2026-09-04T07:38:41.424320Z;/home/runner/work/gson/gson;README.md;IN_ACCESS
2026-09-04T07:38:41.424896Z;/home/runner/work/gson/gson;Troubleshooting.md;IN_ACCESS
2026-09-04T07:38:41.426277Z;/home/runner/work/gson/gson/.github/workflows;build.yml;IN_ACCESS
2026-09-04T07:38:41.427191Z;/home/runner/work/gson/gson/.github/workflows;cifuzz.yml;IN_ACCESS
2026-09-04T07:38:41.427537Z;/home/runner/work/gson/gson/.github/workflows;check-android-compatibility.yml;IN_ACCESS
2026-09-04T07:38:41.427885Z;/home/runner/work/gson/gson/.github/workflows;opt-build.yml;IN_ACCESS
2026-09-04T07:38:41.428319Z;/home/runner/work/gson/gson/.github/workflows;scorecard.yml;IN_ACCESS
2026-09-04T07:38:41.428710Z;/home/runner/work/gson/gson/.github/workflows;codeql-analysis.yml;IN_ACCESS
2026-09-04T07:38:41.429122Z;/home/runner/work/gson/gson/.github/workflows;check-api-compatibility.yml;IN_ACCESS
2026-09-04T07:38:41.431643Z;/home/runner/work/gson/gson/.github;dependabot.yml;IN_ACCESS
2026-09-04T07:38:41.434644Z;/home/runner/work/gson/gson/.github/ISSUE_TEMPLATE;config.yml;IN_ACCESS
2026-09-04T07:38:41.435051Z;/home/runner/work/gson/gson;;IN_ACCESS,IN_ISDIR
2026-09-04T07:38:41.435994Z;/home/runner/work/gson/gson;target;IN_CREATE,IN_ISDIR
2026-09-04T07:38:41.436407Z;/home/runner/work/gson/gson;target;IN_ACCESS,IN_ISDIR
2026-09-04T07:38:42.015751Z;/home/runner/work/gson/gson;pom.xml;IN_ACCESS
2026-09-04T07:38:42.941702Z;/home/runner/work/gson/gson/gson;target;IN_CREATE,IN_ISDIR
2026-09-04T07:38:42.942821Z;/home/runner/work/gson/gson/gson;target;IN_ACCESS,IN_ISDIR
2026-09-04T07:38:42.943344Z;/home/runner/work/gson/gson/gson/src/main;java-templates;IN_ACCESS,IN_ISDIR
2026-09-04T07:38:42.943843Z;/home/runner/work/gson/gson/gson/src/main/java-templates;;IN_ACCESS,IN_ISDIR
2026-09-04T07:38:42.944163Z;/home/runner/work/gson/gson/gson/src/main;java-templates;IN_ACCESS,IN_ISDIR
2026-09-04T07:38:42.944475Z;/home/runner/work/gson/gson/gson/src/main/java-templates;;IN_ACCESS,IN_ISDIR
2026-09-04T07:38:42.945720Z;/home/runner/work/gson/gson/gson/src/main/java-templates;com;IN_ACCESS,IN_ISDIR
2026-09-04T07:38:42.946130Z;/home/runner/work/gson/gson/gson/src/main/java-templates/com;;IN_ACCESS,IN_ISDIR
2026-09-04T07:38:42.946513Z;/home/runner/work/gson/gson/gson/src/main/java-templates;com;IN_ACCESS,IN_ISDIR
2026-09-04T07:38:42.946937Z;/home/runner/work/gson/gson/gson/src/main/java-templates/com;;IN_ACCESS,IN_ISDIR
2026-09-04T07:38:42.947621Z;/home/runner/work/gson/gson/gson/src/main/java-templates/com;google;IN_ACCESS,IN_ISDIR
2026-09-04T07:38:42.948872Z;/home/runner/work/gson/gson/gson/src/main/java-templates/com/google;;IN_ACCESS,IN_ISDIR
2026-09-04T07:38:42.949237Z;/home/runner/work/gson/gson/gson/src/main/java-templates/com;google;IN_ACCESS,IN_ISDIR
2026-09-04T07:38:42.949606Z;/home/runner/work/gson/gson/gson/src/main/java-templates/com/google;;IN_ACCESS,IN_ISDIR
2026-09-04T07:38:42.949974Z;/home/runner/work/gson/gson/gson/src/main/java-templates/com/google;gson;IN_ACCESS,IN_ISDIR
2026-09-04T07:38:42.950333Z;/home/runner/work/gson/gson/gson/src/main/java-templates/com/google/gson;;IN_ACCESS,IN_ISDIR
2026-09-04T07:38:42.950671Z;/home/runner/work/gson/gson/gson/src/main/java-templates/com/google;gson;IN_ACCESS,IN_ISDIR
2026-09-04T07:38:42.950984Z;/home/runner/work/gson/gson/gson/src/main/java-templates/com/google/gson;;IN_ACCESS,IN_ISDIR
2026-09-04T07:38:42.951290Z;/home/runner/work/gson/gson/gson/src/main/java-templates/com/google/gson;internal;IN_ACCESS,IN_ISDIR
2026-09-04T07:38:42.951723Z;/home/runner/work/gson/gson/gson/src/main/java-templates/com/google/gson/internal;;IN_ACCESS,IN_ISDIR
2026-09-04T07:38:42.952301Z;/home/runner/work/gson/gson/gson/src/main/java-templates/com/google/gson;internal;IN_ACCESS,IN_ISDIR
2026-09-04T07:38:42.952903Z;/home/runner/work/gson/gson/gson/src/main/java-templates/com/google/gson/internal;;IN_ACCESS,IN_ISDIR
2026-09-04T07:38:42.953603Z;/home/runner/work/gson/gson/gson/target/templates-tmp4151517166;com;IN_CREATE,IN_ISDIR
2026-09-04T07:38:42.954028Z;/home/runner/work/gson/gson/gson/target/templates-tmp4151517166;com;IN_ACCESS,IN_ISDIR
2026-09-04T07:38:42.954353Z;/home/runner/work/gson/gson/gson/target/templates-tmp4151517166/com/google/gson/internal;GsonBuildConfig.java;IN_CREATE
2026-09-04T07:38:42.957318Z;/home/runner/work/gson/gson/gson/src/main/java-templates/com/google/gson/internal;GsonBuildConfig.java;IN_ACCESS
2026-09-04T07:38:42.962192Z;/home/runner/work/gson/gson/gson/target;templates-tmp4151517166;IN_ACCESS,IN_ISDIR
2026-09-04T07:38:42.962663Z;/home/runner/work/gson/gson/gson/target/templates-tmp4151517166;;IN_ACCESS,IN_ISDIR
2026-09-04T07:38:42.963147Z;/home/runner/work/gson/gson/gson/target;templates-tmp4151517166;IN_ACCESS,IN_ISDIR
2026-09-04T07:38:42.963548Z;/home/runner/work/gson/gson/gson/target/templates-tmp4151517166;;IN_ACCESS,IN_ISDIR
2026-09-04T07:38:42.964229Z;/home/runner/work/gson/gson/gson/target;generated-sources;IN_CREATE,IN_ISDIR
2026-09-04T07:38:42.964673Z;/home/runner/work/gson/gson/gson/target/templates-tmp4151517166;com;IN_ACCESS,IN_ISDIR
2026-09-04T07:38:42.965030Z;/home/runner/work/gson/gson/gson/target/templates-tmp4151517166/com;;IN_ACCESS,IN_ISDIR
2026-09-04T07:38:42.965368Z;/home/runner/work/gson/gson/gson/target/templates-tmp4151517166;com;IN_ACCESS,IN_ISDIR
2026-09-04T07:38:42.965747Z;/home/runner/work/gson/gson/gson/target/templates-tmp4151517166/com;;IN_ACCESS,IN_ISDIR
2026-09-04T07:38:42.966086Z;/home/runner/work/gson/gson/gson/target/templates-tmp4151517166/com;google;IN_ACCESS,IN_ISDIR
2026-09-04T07:38:42.966405Z;/home/runner/work/gson/gson/gson/target/templates-tmp4151517166/com/google;;IN_ACCESS,IN_ISDIR
2026-09-04T07:38:42.966803Z;/home/runner/work/gson/gson/gson/target/templates-tmp4151517166/com;google;IN_ACCESS,IN_ISDIR
2026-09-04T07:38:42.967228Z;/home/runner/work/gson/gson/gson/target/templates-tmp4151517166/com/google;;IN_ACCESS,IN_ISDIR
2026-09-04T07:38:42.967535Z;/home/runner/work/gson/gson/gson/target/templates-tmp4151517166/com/google;gson;IN_ACCESS,IN_ISDIR
2026-09-04T07:38:42.968103Z;/home/runner/work/gson/gson/gson/target/templates-tmp4151517166/com/google/gson;;IN_ACCESS,IN_ISDIR
2026-09-04T07:38:42.968535Z;/home/runner/work/gson/gson/gson/target/templates-tmp4151517166/com/google;gson;IN_ACCESS,IN_ISDIR
2026-09-04T07:38:42.969056Z;/home/runner/work/gson/gson/gson/target/templates-tmp4151517166/com/google/gson;;IN_ACCESS,IN_ISDIR
2026-09-04T07:38:42.969388Z;/home/runner/work/gson/gson/gson/target/templates-tmp4151517166/com/google/gson;internal;IN_ACCESS,IN_ISDIR
2026-09-04T07:38:42.969701Z;/home/runner/work/gson/gson/gson/target/templates-tmp4151517166/com/google/gson/internal;;IN_ACCESS,IN_ISDIR
2026-09-04T07:38:42.970028Z;/home/runner/work/gson/gson/gson/target/templates-tmp4151517166/com/google/gson;internal;IN_ACCESS,IN_ISDIR
2026-09-04T07:38:42.970336Z;/home/runner/work/gson/gson/gson/target/templates-tmp4151517166/com/google/gson/internal;;IN_ACCESS,IN_ISDIR
2026-09-04T07:38:42.970719Z;/home/runner/work/gson/gson/gson/target;generated-sources;IN_ACCESS,IN_ISDIR
2026-09-04T07:38:42.971034Z;/home/runner/work/gson/gson/gson/target/generated-sources/java-templates/com/google/gson/internal;GsonBuildConfig.java;IN_CREATE
2026-09-04T07:38:42.971342Z;/home/runner/work/gson/gson/gson/target/templates-tmp4151517166/com/google/gson/internal;GsonBuildConfig.java;IN_ACCESS
2026-09-04T07:38:42.971681Z;/home/runner/work/gson/gson/gson/target;templates-tmp4151517166;IN_ACCESS,IN_ISDIR
2026-09-04T07:38:42.973983Z;/home/runner/work/gson/gson/gson/target/templates-tmp4151517166;;IN_ACCESS,IN_ISDIR
2026-09-04T07:38:42.974660Z;/home/runner/work/gson/gson/gson/target;templates-tmp4151517166;IN_ACCESS,IN_ISDIR
2026-09-04T07:38:42.975016Z;/home/runner/work/gson/gson/gson/target/templates-tmp4151517166;;IN_ACCESS,IN_ISDIR
2026-09-04T07:38:42.975355Z;/home/runner/work/gson/gson/gson/target/templates-tmp4151517166;com;IN_ACCESS,IN_ISDIR
2026-09-04T07:38:42.975711Z;/home/runner/work/gson/gson/gson/target/templates-tmp4151517166/com;;IN_ACCESS,IN_ISDIR
2026-09-04T07:38:42.976043Z;/home/runner/work/gson/gson/gson/target/templates-tmp4151517166;com;IN_ACCESS,IN_ISDIR
2026-09-04T07:38:42.976373Z;/home/runner/work/gson/gson/gson/target/templates-tmp4151517166/com;;IN_ACCESS,IN_ISDIR
2026-09-04T07:38:42.976825Z;/home/runner/work/gson/gson/gson/target/templates-tmp4151517166/com;google;IN_ACCESS,IN_ISDIR
2026-09-04T07:38:42.977174Z;/home/runner/work/gson/gson/gson/target/templates-tmp4151517166/com/google;;IN_ACCESS,IN_ISDIR
2026-09-04T07:38:42.977520Z;/home/runner/work/gson/gson/gson/target/templates-tmp4151517166/com;google;IN_ACCESS,IN_ISDIR
2026-09-04T07:38:42.977877Z;/home/runner/work/gson/gson/gson/target/templates-tmp4151517166/com/google;;IN_ACCESS,IN_ISDIR
2026-09-04T07:38:42.978206Z;/home/runner/work/gson/gson/gson/target/templates-tmp4151517166/com/google;gson;IN_ACCESS,IN_ISDIR
2026-09-04T07:38:42.978518Z;/home/runner/work/gson/gson/gson/target/templates-tmp4151517166/com/google/gson;;IN_ACCESS,IN_ISDIR
2026-09-04T07:38:42.978856Z;/home/runner/work/gson/gson/gson/target/templates-tmp4151517166/com/google;gson;IN_ACCESS,IN_ISDIR
2026-09-04T07:38:42.979201Z;/home/runner/work/gson/gson/gson/target/templates-tmp4151517166/com/google/gson;;IN_ACCESS,IN_ISDIR
2026-09-04T07:38:42.979550Z;/home/runner/work/gson/gson/gson/target/templates-tmp4151517166/com/google/gson;internal;IN_ACCESS,IN_ISDIR
2026-09-04T07:38:42.979946Z;/home/runner/work/gson/gson/gson/target/templates-tmp4151517166/com/google/gson/internal;;IN_ACCESS,IN_ISDIR
2026-09-04T07:38:42.980311Z;/home/runner/work/gson/gson/gson/target/templates-tmp4151517166/com/google/gson;internal;IN_ACCESS,IN_ISDIR
2026-09-04T07:38:42.980693Z;/home/runner/work/gson/gson/gson/target/templates-tmp4151517166/com/google/gson/internal;;IN_ACCESS,IN_ISDIR
2026-09-04T07:38:42.981046Z;/home/runner/work/gson/gson/gson/target/templates-tmp4151517166/com/google/gson/internal;GsonBuildConfig.java;IN_DELETE
2026-09-04T07:38:42.981379Z;/home/runner/work/gson/gson/gson/target/templates-tmp4151517166/com/google/gson/internal;;IN_IGNORED
2026-09-04T07:38:42.981739Z;/home/runner/work/gson/gson/gson/target/templates-tmp4151517166/com/google/gson;internal;IN_DELETE,IN_ISDIR
2026-09-04T07:38:42.982080Z;/home/runner/work/gson/gson/gson/target/templates-tmp4151517166/com/google/gson;;IN_IGNORED
2026-09-04T07:38:42.982431Z;/home/runner/work/gson/gson/gson/target/templates-tmp4151517166/com/google;gson;IN_DELETE,IN_ISDIR
2026-09-04T07:38:42.982764Z;/home/runner/work/gson/gson/gson/target/templates-tmp4151517166/com/google;;IN_IGNORED
2026-09-04T07:38:42.983098Z;/home/runner/work/gson/gson/gson/target/templates-tmp4151517166/com;google;IN_DELETE,IN_ISDIR
2026-09-04T07:38:42.983639Z;/home/runner/work/gson/gson/gson/target/templates-tmp4151517166/com;;IN_IGNORED
2026-09-04T07:38:42.984032Z;/home/runner/work/gson/gson/gson/target/templates-tmp4151517166;com;IN_DELETE,IN_ISDIR
2026-09-04T07:38:42.984415Z;/home/runner/work/gson/gson/gson/target/templates-tmp4151517166;;IN_IGNORED
2026-09-04T07:38:42.984778Z;/home/runner/work/gson/gson/gson/target;templates-tmp4151517166;IN_DELETE,IN_ISDIR
2026-09-04T07:38:43.173631Z;/home/runner/work/gson/gson/gson/target;classes;IN_CREATE,IN_ISDIR
2026-09-04T07:38:43.174381Z;/home/runner/work/gson/gson/gson/target;classes;IN_ACCESS,IN_ISDIR
2026-09-04T07:38:43.174973Z;/home/runner/work/gson/gson/gson/src/main;resources;IN_ACCESS,IN_ISDIR
2026-09-04T07:38:43.175648Z;/home/runner/work/gson/gson/gson/src/main/resources;;IN_ACCESS,IN_ISDIR
2026-09-04T07:38:43.176221Z;/home/runner/work/gson/gson/gson/src/main;resources;IN_ACCESS,IN_ISDIR
2026-09-04T07:38:43.176548Z;/home/runner/work/gson/gson/gson/src/main/resources;;IN_ACCESS,IN_ISDIR
2026-09-04T07:38:43.177098Z;/home/runner/work/gson/gson/gson/src/main/resources;META-INF;IN_ACCESS,IN_ISDIR
2026-09-04T07:38:43.177458Z;/home/runner/work/gson/gson/gson/src/main/resources/META-INF;;IN_ACCESS,IN_ISDIR
2026-09-04T07:38:43.177846Z;/home/runner/work/gson/gson/gson/src/main/resources;META-INF;IN_ACCESS,IN_ISDIR
2026-09-04T07:38:43.178208Z;/home/runner/work/gson/gson/gson/src/main/resources/META-INF;;IN_ACCESS,IN_ISDIR
2026-09-04T07:38:43.178573Z;/home/runner/work/gson/gson/gson/src/main/resources/META-INF;proguard;IN_ACCESS,IN_ISDIR
2026-09-04T07:38:43.179002Z;/home/runner/work/gson/gson/gson/src/main/resources/META-INF/proguard;;IN_ACCESS,IN_ISDIR
2026-09-04T07:38:43.179543Z;/home/runner/work/gson/gson/gson/src/main/resources/META-INF;proguard;IN_ACCESS,IN_ISDIR
2026-09-04T07:38:43.179979Z;/home/runner/work/gson/gson/gson/src/main/resources/META-INF/proguard;;IN_ACCESS,IN_ISDIR
2026-09-04T07:38:43.180445Z;/home/runner/work/gson/gson/gson/target/classes;META-INF;IN_CREATE,IN_ISDIR
2026-09-04T07:38:43.180839Z;/home/runner/work/gson/gson/gson/src/main/resources/META-INF/proguard;gson.pro;IN_ACCESS
2026-09-04T07:38:43.181200Z;/home/runner/work/gson/gson/gson/target/classes;META-INF;IN_ACCESS,IN_ISDIR
2026-09-04T07:38:43.531803Z;/home/runner/work/gson/gson/gson/target/generated-sources;annotations;IN_CREATE,IN_ISDIR
2026-09-04T07:38:43.533128Z;/home/runner/work/gson/gson/gson/target/generated-sources;annotations;IN_ACCESS,IN_ISDIR
2026-09-04T07:38:43.535195Z;/home/runner/work/gson/gson/gson/src/main;java;IN_ACCESS,IN_ISDIR
2026-09-04T07:38:43.538634Z;/home/runner/work/gson/gson/gson/src/main/java;;IN_ACCESS,IN_ISDIR
2026-09-04T07:38:43.538984Z;/home/runner/work/gson/gson/gson/src/main;java;IN_ACCESS,IN_ISDIR
2026-09-04T07:38:43.539298Z;/home/runner/work/gson/gson/gson/src/main/java;;IN_ACCESS,IN_ISDIR
2026-09-04T07:38:43.539678Z;/home/runner/work/gson/gson/gson/src/main/java;com;IN_ACCESS,IN_ISDIR
2026-09-04T07:38:43.539982Z;/home/runner/work/gson/gson/gson/src/main/java/com;;IN_ACCESS,IN_ISDIR
2026-09-04T07:38:43.540271Z;/home/runner/work/gson/gson/gson/src/main/java;com;IN_ACCESS,IN_ISDIR
2026-09-04T07:38:43.540585Z;/home/runner/work/gson/gson/gson/src/main/java/com;;IN_ACCESS,IN_ISDIR
2026-09-04T07:38:43.540934Z;/home/runner/work/gson/gson/gson/src/main/java/com;google;IN_ACCESS,IN_ISDIR
2026-09-04T07:38:43.541834Z;/home/runner/work/gson/gson/gson/src/main/java/com/google;;IN_ACCESS,IN_ISDIR
2026-09-04T07:38:43.542152Z;/home/runner/work/gson/gson/gson/src/main/java/com;google;IN_ACCESS,IN_ISDIR
2026-09-04T07:38:43.542462Z;/home/runner/work/gson/gson/gson/src/main/java/com/google;;IN_ACCESS,IN_ISDIR
2026-09-04T07:38:43.542786Z;/home/runner/work/gson/gson/gson/src/main/java/com/google;gson;IN_ACCESS,IN_ISDIR
2026-09-04T07:38:43.543093Z;/home/runner/work/gson/gson/gson/src/main/java/com/google/gson;;IN_ACCESS,IN_ISDIR
2026-09-04T07:38:43.543394Z;/home/runner/work/gson/gson/gson/src/main/java/com/google;gson;IN_ACCESS,IN_ISDIR
2026-09-04T07:38:43.543705Z;/home/runner/work/gson/gson/gson/src/main/java/com/google/gson;;IN_ACCESS,IN_ISDIR
2026-09-04T07:38:43.544797Z;/home/runner/work/gson/gson/gson/src/main/java/com/google/gson;annotations;IN_ACCESS,IN_ISDIR
2026-09-04T07:38:43.545095Z;/home/runner/work/gson/gson/gson/src/main/java/com/google/gson/annotations;;IN_ACCESS,IN_ISDIR
2026-09-04T07:38:43.545404Z;/home/runner/work/gson/gson/gson/src/main/java/com/google/gson;annotations;IN_ACCESS,IN_ISDIR
2026-09-04T07:38:43.545702Z;/home/runner/work/gson/gson/gson/src/main/java/com/google/gson/annotations;;IN_ACCESS,IN_ISDIR
2026-09-04T07:38:43.545995Z;/home/runner/work/gson/gson/gson/src/main/java/com/google/gson;internal;IN_ACCESS,IN_ISDIR
2026-09-04T07:38:43.546284Z;/home/runner/work/gson/gson/gson/src/main/java/com/google/gson/internal;;IN_ACCESS,IN_ISDIR
2026-09-04T07:38:43.546592Z;/home/runner/work/gson/gson/gson/src/main/java/com/google/gson;internal;IN_ACCESS,IN_ISDIR
2026-09-04T07:38:43.546888Z;/home/runner/work/gson/gson/gson/src/main/java/com/google/gson/internal;;IN_ACCESS,IN_ISDIR
2026-09-04T07:38:43.547313Z;/home/runner/work/gson/gson/gson/src/main/java/com/google/gson/internal;bind;IN_ACCESS,IN_ISDIR
2026-09-04T07:38:43.547629Z;/home/runner/work/gson/gson/gson/src/main/java/com/google/gson/internal/bind;;IN_ACCESS,IN_ISDIR
2026-09-04T07:38:43.548868Z;/home/runner/work/gson/gson/gson/src/main/java/com/google/gson/internal;bind;IN_ACCESS,IN_ISDIR
2026-09-04T07:38:43.549180Z;/home/runner/work/gson/gson/gson/src/main/java/com/google/gson/internal/bind;;IN_ACCESS,IN_ISDIR
2026-09-04T07:38:43.549499Z;/home/runner/work/gson/gson/gson/src/main/java/com/google/gson/internal/bind;util;IN_ACCESS,IN_ISDIR
2026-09-04T07:38:43.549791Z;/home/runner/work/gson/gson/gson/src/main/java/com/google/gson/internal/bind/util;;IN_ACCESS,IN_ISDIR
2026-09-04T07:38:43.550090Z;/home/runner/work/gson/gson/gson/src/main/java/com/google/gson/internal/bind;util;IN_ACCESS,IN_ISDIR
2026-09-04T07:38:43.550378Z;/home/runner/work/gson/gson/gson/src/main/java/com/google/gson/internal/bind/util;;IN_ACCESS,IN_ISDIR
2026-09-04T07:38:43.550682Z;/home/runner/work/gson/gson/gson/src/main/java/com/google/gson/internal;reflect;IN_ACCESS,IN_ISDIR
2026-09-04T07:38:43.550980Z;/home/runner/work/gson/gson/gson/src/main/java/com/google/gson/internal/reflect;;IN_ACCESS,IN_ISDIR
2026-09-04T07:38:43.551396Z;/home/runner/work/gson/gson/gson/src/main/java/com/google/gson/internal;reflect;IN_ACCESS,IN_ISDIR
2026-09-04T07:38:43.552934Z;/home/runner/work/gson/gson/gson/src/main/java/com/google/gson/internal/reflect;;IN_ACCESS,IN_ISDIR
2026-09-04T07:38:43.553313Z;/home/runner/work/gson/gson/gson/src/main/java/com/google/gson/internal;sql;IN_ACCESS,IN_ISDIR
2026-09-04T07:38:43.553646Z;/home/runner/work/gson/gson/gson/src/main/java/com/google/gson/internal/sql;;IN_ACCESS,IN_ISDIR
2026-09-04T07:38:43.553962Z;/home/runner/work/gson/gson/gson/src/main/java/com/google/gson/internal;sql;IN_ACCESS,IN_ISDIR
2026-09-04T07:38:43.554281Z;/home/runner/work/gson/gson/gson/src/main/java/com/google/gson/internal/sql;;IN_ACCESS,IN_ISDIR
2026-09-04T07:38:43.554598Z;/home/runner/work/gson/gson/gson/src/main/java/com/google/gson;reflect;IN_ACCESS,IN_ISDIR
2026-09-04T07:38:43.554915Z;/home/runner/work/gson/gson/gson/src/main/java/com/google/gson/reflect;;IN_ACCESS,IN_ISDIR
2026-09-04T07:38:43.555232Z;/home/runner/work/gson/gson/gson/src/main/java/com/google/gson;reflect;IN_ACCESS,IN_ISDIR
2026-09-04T07:38:43.555538Z;/home/runner/work/gson/gson/gson/src/main/java/com/google/gson/reflect;;IN_ACCESS,IN_ISDIR
2026-09-04T07:38:43.555855Z;/home/runner/work/gson/gson/gson/src/main/java/com/google/gson;stream;IN_ACCESS,IN_ISDIR
2026-09-04T07:38:43.556166Z;/home/runner/work/gson/gson/gson/src/main/java/com/google/gson/stream;;IN_ACCESS,IN_ISDIR
2026-09-04T07:38:43.556524Z;/home/runner/work/gson/gson/gson/src/main/java/com/google/gson;stream;IN_ACCESS,IN_ISDIR
2026-09-04T07:38:43.556864Z;/home/runner/work/gson/gson/gson/src/main/java/com/google/gson/stream;;IN_ACCESS,IN_ISDIR
2026-09-04T07:38:43.557181Z;/home/runner/work/gson/gson/gson/target/generated-sources;java-templates;IN_ACCESS,IN_ISDIR
2026-09-04T07:38:43.557500Z;/home/runner/work/gson/gson/gson/target/generated-sources/java-templates;;IN_ACCESS,IN_ISDIR
2026-09-04T07:38:43.557803Z;/home/runner/work/gson/gson/gson/target/generated-sources;java-templates;IN_ACCESS,IN_ISDIR
2026-09-04T07:38:43.558106Z;/home/runner/work/gson/gson/gson/target/generated-sources/java-templates;;IN_ACCESS,IN_ISDIR
2026-09-04T07:38:43.558413Z;/home/runner/work/gson/gson/gson/target/generated-sources/java-templates;com;IN_ACCESS,IN_ISDIR
2026-09-04T07:38:43.558731Z;/home/runner/work/gson/gson/gson/target/generated-sources/java-templates/com;;IN_ACCESS,IN_ISDIR
2026-09-04T07:38:43.559097Z;/home/runner/work/gson/gson/gson/target/generated-sources/java-templates;com;IN_ACCESS,IN_ISDIR
2026-09-04T07:38:43.559441Z;/home/runner/work/gson/gson/gson/target/generated-sources/java-templates/com;;IN_ACCESS,IN_ISDIR
2026-09-04T07:38:43.559779Z;/home/runner/work/gson/gson/gson/target/generated-sources/java-templates/com;google;IN_ACCESS,IN_ISDIR
2026-09-04T07:38:43.560219Z;/home/runner/work/gson/gson/gson/target/generated-sources/java-templates/com/google;;IN_ACCESS,IN_ISDIR
2026-09-04T07:38:43.560538Z;/home/runner/work/gson/gson/gson/target/generated-sources/java-templates/com;google;IN_ACCESS,IN_ISDIR
2026-09-04T07:38:43.560853Z;/home/runner/work/gson/gson/gson/target/generated-sources/java-templates/com/google;;IN_ACCESS,IN_ISDIR
2026-09-04T07:38:43.561470Z;/home/runner/work/gson/gson/gson/target/generated-sources/java-templates/com/google;gson;IN_ACCESS,IN_ISDIR
2026-09-04T07:38:43.561810Z;/home/runner/work/gson/gson/gson/target/generated-sources/java-templates/com/google/gson;;IN_ACCESS,IN_ISDIR
2026-09-04T07:38:43.562110Z;/home/runner/work/gson/gson/gson/target/generated-sources/java-templates/com/google;gson;IN_ACCESS,IN_ISDIR
2026-09-04T07:38:43.562869Z;/home/runner/work/gson/gson/gson/target/generated-sources/java-templates/com/google/gson;;IN_ACCESS,IN_ISDIR
2026-09-04T07:38:43.563174Z;/home/runner/work/gson/gson/gson/target/generated-sources/java-templates/com/google/gson;internal;IN_ACCESS,IN_ISDIR
2026-09-04T07:38:43.563464Z;/home/runner/work/gson/gson/gson/target/generated-sources/java-templates/com/google/gson/internal;;IN_ACCESS,IN_ISDIR
2026-09-04T07:38:43.563774Z;/home/runner/work/gson/gson/gson/target/generated-sources/java-templates/com/google/gson;internal;IN_ACCESS,IN_ISDIR
2026-09-04T07:38:43.564066Z;/home/runner/work/gson/gson/gson/target/generated-sources/java-templates/com/google/gson/internal;;IN_ACCESS,IN_ISDIR
2026-09-04T07:38:43.566846Z;/home/runner/work/gson/gson/gson/src/main;java;IN_ACCESS,IN_ISDIR
2026-09-04T07:38:43.568466Z;/home/runner/work/gson/gson/gson/src/main/java;;IN_ACCESS,IN_ISDIR
2026-09-04T07:38:43.569637Z;/home/runner/work/gson/gson/gson/src/main;java;IN_ACCESS,IN_ISDIR
2026-09-04T07:38:43.570942Z;/home/runner/work/gson/gson/gson/src/main/java;;IN_ACCESS,IN_ISDIR
2026-09-04T07:38:43.572532Z;/home/runner/work/gson/gson/gson/src/main/java;com;IN_ACCESS,IN_ISDIR
2026-09-04T07:38:43.572932Z;/home/runner/work/gson/gson/gson/src/main/java/com;;IN_ACCESS,IN_ISDIR
2026-09-04T07:38:43.573243Z;/home/runner/work/gson/gson/gson/src/main/java;com;IN_ACCESS,IN_ISDIR
2026-09-04T07:38:43.573579Z;/home/runner/work/gson/gson/gson/src/main/java/com;;IN_ACCESS,IN_ISDIR
2026-09-04T07:38:43.573889Z;/home/runner/work/gson/gson/gson/src/main/java/com;google;IN_ACCESS,IN_ISDIR
2026-09-04T07:38:43.574210Z;/home/runner/work/gson/gson/gson/src/main/java/com/google;;IN_ACCESS,IN_ISDIR
2026-09-04T07:38:43.574508Z;/home/runner/work/gson/gson/gson/src/main/java/com;google;IN_ACCESS,IN_ISDIR
2026-09-04T07:38:43.574828Z;/home/runner/work/gson/gson/gson/src/main/java/com/google;;IN_ACCESS,IN_ISDIR
2026-09-04T07:38:43.575163Z;/home/runner/work/gson/gson/gson/src/main/java/com/google;gson;IN_ACCESS,IN_ISDIR
2026-09-04T07:38:43.575498Z;/home/runner/work/gson/gson/gson/src/main/java/com/google/gson;;IN_ACCESS,IN_ISDIR
2026-09-04T07:38:43.575821Z;/home/runner/work/gson/gson/gson/src/main/java/com/google;gson;IN_ACCESS,IN_ISDIR
2026-09-04T07:38:43.576160Z;/home/runner/work/gson/gson/gson/src/main/java/com/google/gson;;IN_ACCESS,IN_ISDIR
2026-09-04T07:38:43.576508Z;/home/runner/work/gson/gson/gson/src/main/java/com/google/gson;annotations;IN_ACCESS,IN_ISDIR
2026-09-04T07:38:43.576819Z;/home/runner/work/gson/gson/gson/src/main/java/com/google/gson/annotations;;IN_ACCESS,IN_ISDIR
2026-09-04T07:38:43.577409Z;/home/runner/work/gson/gson/gson/src/main/java/com/google/gson;annotations;IN_ACCESS,IN_ISDIR
2026-09-04T07:38:43.577728Z;/home/runner/work/gson/gson/gson/src/main/java/com/google/gson/annotations;;IN_ACCESS,IN_ISDIR
2026-09-04T07:38:43.578094Z;/home/runner/work/gson/gson/gson/src/main/java/com/google/gson;internal;IN_ACCESS,IN_ISDIR
2026-09-04T07:38:43.578409Z;/home/runner/work/gson/gson/gson/src/main/java/com/google/gson/internal;;IN_ACCESS,IN_ISDIR
2026-09-04T07:38:43.578721Z;/home/runner/work/gson/gson/gson/src/main/java/com/google/gson;internal;IN_ACCESS,IN_ISDIR
2026-09-04T07:38:43.579044Z;/home/runner/work/gson/gson/gson/src/main/java/com/google/gson/internal;;IN_ACCESS,IN_ISDIR
2026-09-04T07:38:43.579517Z;/home/runner/work/gson/gson/gson/src/main/java/com/google/gson/internal;bind;IN_ACCESS,IN_ISDIR
2026-09-04T07:38:43.579841Z;/home/runner/work/gson/gson/gson/src/main/java/com/google/gson/internal/bind;;IN_ACCESS,IN_ISDIR
2026-09-04T07:38:43.580177Z;/home/runner/work/gson/gson/gson/src/main/java/com/google/gson/internal;bind;IN_ACCESS,IN_ISDIR
2026-09-04T07:38:43.580492Z;/home/runner/work/gson/gson/gson/src/main/java/com/google/gson/internal/bind;;IN_ACCESS,IN_ISDIR
2026-09-04T07:38:43.580800Z;/home/runner/work/gson/gson/gson/src/main/java/com/google/gson/internal/bind;util;IN_ACCESS,IN_ISDIR
2026-09-04T07:38:43.581108Z;/home/runner/work/gson/gson/gson/src/main/java/com/google/gson/internal/bind/util;;IN_ACCESS,IN_ISDIR
2026-09-04T07:38:43.581413Z;/home/runner/work/gson/gson/gson/src/main/java/com/google/gson/internal/bind;util;IN_ACCESS,IN_ISDIR
2026-09-04T07:38:43.581723Z;/home/runner/work/gson/gson/gson/src/main/java/com/google/gson/internal/bind/util;;IN_ACCESS,IN_ISDIR
2026-09-04T07:38:43.583864Z;/home/runner/work/gson/gson/gson/src/main/java/com/google/gson/internal;reflect;IN_ACCESS,IN_ISDIR
2026-09-04T07:38:43.584297Z;/home/runner/work/gson/gson/gson/src/main/java/com/google/gson/internal/reflect;;IN_ACCESS,IN_ISDIR
2026-09-04T07:38:43.584628Z;/home/runner/work/gson/gson/gson/src/main/java/com/google/gson/internal;reflect;IN_ACCESS,IN_ISDIR
2026-09-04T07:38:43.584950Z;/home/runner/work/gson/gson/gson/src/main/java/com/google/gson/internal/reflect;;IN_ACCESS,IN_ISDIR
2026-09-04T07:38:43.585289Z;/home/runner/work/gson/gson/gson/src/main/java/com/google/gson/internal;sql;IN_ACCESS,IN_ISDIR
2026-09-04T07:38:43.585614Z;/home/runner/work/gson/gson/gson/src/main/java/com/google/gson/internal/sql;;IN_ACCESS,IN_ISDIR
2026-09-04T07:38:43.585924Z;/home/runner/work/gson/gson/gson/src/main/java/com/google/gson/internal;sql;IN_ACCESS,IN_ISDIR
2026-09-04T07:38:43.586234Z;/home/runner/work/gson/gson/gson/src/main/java/com/google/gson/internal/sql;;IN_ACCESS,IN_ISDIR
2026-09-04T07:38:43.586541Z;/home/runner/work/gson/gson/gson/src/main/java/com/google/gson;reflect;IN_ACCESS,IN_ISDIR
2026-09-04T07:38:43.586861Z;/home/runner/work/gson/gson/gson/src/main/java/com/google/gson/reflect;;IN_ACCESS,IN_ISDIR
2026-09-04T07:38:43.587185Z;/home/runner/work/gson/gson/gson/src/main/java/com/google/gson;reflect;IN_ACCESS,IN_ISDIR
2026-09-04T07:38:43.587516Z;/home/runner/work/gson/gson/gson/src/main/java/com/google/gson/reflect;;IN_ACCESS,IN_ISDIR
2026-09-04T07:38:43.587846Z;/home/runner/work/gson/gson/gson/src/main/java/com/google/gson;stream;IN_ACCESS,IN_ISDIR
2026-09-04T07:38:43.588168Z;/home/runner/work/gson/gson/gson/src/main/java/com/google/gson/stream;;IN_ACCESS,IN_ISDIR
2026-09-04T07:38:43.590843Z;/home/runner/work/gson/gson/gson/src/main/java/com/google/gson;stream;IN_ACCESS,IN_ISDIR
2026-09-04T07:38:43.591162Z;/home/runner/work/gson/gson/gson/src/main/java/com/google/gson/stream;;IN_ACCESS,IN_ISDIR
2026-09-04T07:38:43.591497Z;/home/runner/work/gson/gson/gson/target/generated-sources;java-templates;IN_ACCESS,IN_ISDIR
2026-09-04T07:38:43.591822Z;/home/runner/work/gson/gson/gson/target/generated-sources/java-templates;;IN_ACCESS,IN_ISDIR
2026-09-04T07:38:43.592109Z;/home/runner/work/gson/gson/gson/target/generated-sources;java-templates;IN_ACCESS,IN_ISDIR
2026-09-04T07:38:43.592431Z;/home/runner/work/gson/gson/gson/target/generated-sources/java-templates;;IN_ACCESS,IN_ISDIR
2026-09-04T07:38:43.592724Z;/home/runner/work/gson/gson/gson/target/generated-sources/java-templates;com;IN_ACCESS,IN_ISDIR
2026-09-04T07:38:43.593016Z;/home/runner/work/gson/gson/gson/target/generated-sources/java-templates/com;;IN_ACCESS,IN_ISDIR
2026-09-04T07:38:43.593310Z;/home/runner/work/gson/gson/gson/target/generated-sources/java-templates;com;IN_ACCESS,IN_ISDIR
2026-09-04T07:38:43.593623Z;/home/runner/work/gson/gson/gson/target/generated-sources/java-templates/com;;IN_ACCESS,IN_ISDIR
2026-09-04T07:38:43.593925Z;/home/runner/work/gson/gson/gson/target/generated-sources/java-templates/com;google;IN_ACCESS,IN_ISDIR
2026-09-04T07:38:43.594348Z;/home/runner/work/gson/gson/gson/target/generated-sources/java-templates/com/google;;IN_ACCESS,IN_ISDIR
2026-09-04T07:38:43.594642Z;/home/runner/work/gson/gson/gson/target/generated-sources/java-templates/com;google;IN_ACCESS,IN_ISDIR
2026-09-04T07:38:43.594942Z;/home/runner/work/gson/gson/gson/target/generated-sources/java-templates/com/google;;IN_ACCESS,IN_ISDIR
2026-09-04T07:38:43.595236Z;/home/runner/work/gson/gson/gson/target/generated-sources/java-templates/com/google;gson;IN_ACCESS,IN_ISDIR
2026-09-04T07:38:43.595517Z;/home/runner/work/gson/gson/gson/target/generated-sources/java-templates/com/google/gson;;IN_ACCESS,IN_ISDIR
2026-09-04T07:38:43.596521Z;/home/runner/work/gson/gson/gson/target/generated-sources/java-templates/com/google;gson;IN_ACCESS,IN_ISDIR
2026-09-04T07:38:43.597004Z;/home/runner/work/gson/gson/gson/target/generated-sources/java-templates/com/google/gson;;IN_ACCESS,IN_ISDIR
2026-09-04T07:38:43.597312Z;/home/runner/work/gson/gson/gson/target/generated-sources/java-templates/com/google/gson;internal;IN_ACCESS,IN_ISDIR
2026-09-04T07:38:43.597629Z;/home/runner/work/gson/gson/gson/target/generated-sources/java-templates/com/google/gson/internal;;IN_ACCESS,IN_ISDIR
2026-09-04T07:38:43.597922Z;/home/runner/work/gson/gson/gson/target/generated-sources/java-templates/com/google/gson;internal;IN_ACCESS,IN_ISDIR
2026-09-04T07:38:43.598221Z;/home/runner/work/gson/gson/gson/target/generated-sources/java-templates/com/google/gson/internal;;IN_ACCESS,IN_ISDIR
2026-09-04T07:38:43.598765Z;/home/runner/work/gson/gson/gson/target;maven-status;IN_CREATE,IN_ISDIR
2026-09-04T07:38:43.599464Z;/home/runner/work/gson/gson/gson/target/generated-sources;annotations;IN_ACCESS,IN_ISDIR
2026-09-04T07:38:43.599807Z;/home/runner/work/gson/gson/gson/target/generated-sources/annotations;;IN_ACCESS,IN_ISDIR
2026-09-04T07:38:43.600120Z;/home/runner/work/gson/gson/gson/target/generated-sources;annotations;IN_ACCESS,IN_ISDIR
2026-09-04T07:38:43.600430Z;/home/runner/work/gson/gson/gson/target/generated-sources/annotations;;IN_ACCESS,IN_ISDIR
2026-09-04T07:38:43.600739Z;/home/runner/work/gson/gson/gson/target/generated-sources/annotations;;IN_IGNORED
2026-09-04T07:38:43.601060Z;/home/runner/work/gson/gson/gson/target/generated-sources;annotations;IN_DELETE,IN_ISDIR
2026-09-04T07:38:43.602073Z;/home/runner/work/gson/gson/gson/target/generated-sources;annotations;IN_CREATE,IN_ISDIR
2026-09-04T07:38:43.602532Z;/home/runner/work/gson/gson/gson/target;classes;IN_ACCESS,IN_ISDIR
2026-09-04T07:38:43.602870Z;/home/runner/work/gson/gson/gson/target/classes;;IN_ACCESS,IN_ISDIR
2026-09-04T07:38:43.603177Z;/home/runner/work/gson/gson/gson/target;classes;IN_ACCESS,IN_ISDIR
2026-09-04T07:38:43.603483Z;/home/runner/work/gson/gson/gson/target/classes;;IN_ACCESS,IN_ISDIR
2026-09-04T07:38:43.603791Z;/home/runner/work/gson/gson/gson/target/classes;META-INF;IN_ACCESS,IN_ISDIR
2026-09-04T07:38:43.604797Z;/home/runner/work/gson/gson/gson/target/classes/META-INF;;IN_ACCESS,IN_ISDIR
2026-09-04T07:38:43.605121Z;/home/runner/work/gson/gson/gson/target/classes;META-INF;IN_ACCESS,IN_ISDIR
2026-09-04T07:38:43.605710Z;/home/runner/work/gson/gson/gson/target/classes/META-INF;;IN_ACCESS,IN_ISDIR
2026-09-04T07:38:43.606015Z;/home/runner/work/gson/gson/gson/target/classes/META-INF;proguard;IN_ACCESS,IN_ISDIR
2026-09-04T07:38:43.606320Z;/home/runner/work/gson/gson/gson/target/classes/META-INF/proguard;;IN_ACCESS,IN_ISDIR
2026-09-04T07:38:43.606627Z;/home/runner/work/gson/gson/gson/target/classes/META-INF;proguard;IN_ACCESS,IN_ISDIR
2026-09-04T07:38:43.606941Z;/home/runner/work/gson/gson/gson/target/classes/META-INF/proguard;;IN_ACCESS,IN_ISDIR
2026-09-04T07:38:43.607272Z;/home/runner/work/gson/gson/gson/target;maven-status;IN_ACCESS,IN_ISDIR
2026-09-04T07:38:43.607603Z;/home/runner/work/gson/gson/gson/target/generated-sources;annotations;IN_ACCESS,IN_ISDIR
2026-09-04T07:38:44.155936Z;/home/runner/work/gson/gson/gson/src/main/java/com/google/gson;ExclusionStrategy.java;IN_ACCESS
2026-09-04T07:38:44.176859Z;/home/runner/work/gson/gson/gson/src/main/java/com/google/gson;FieldAttributes.java;IN_ACCESS
2026-09-04T07:38:44.184662Z;/home/runner/work/gson/gson/gson/src/main/java/com/google/gson;FieldNamingPolicy.java;IN_ACCESS
2026-09-04T07:38:44.193989Z;/home/runner/work/gson/gson/gson/src/main/java/com/google/gson;FieldNamingStrategy.java;IN_ACCESS
2026-09-04T07:38:44.195417Z;/home/runner/work/gson/gson/gson/src/main/java/com/google/gson;FormattingStyle.java;IN_ACCESS
2026-09-04T07:38:44.200719Z;/home/runner/work/gson/gson/gson/src/main/java/com/google/gson;Gson.java;IN_ACCESS
2026-09-04T07:38:44.235828Z;/home/runner/work/gson/gson/gson/src/main/java/com/google/gson;GsonBuilder.java;IN_ACCESS
2026-09-04T07:38:44.253903Z;/home/runner/work/gson/gson/gson/src/main/java/com/google/gson;InstanceCreator.java;IN_ACCESS
2026-09-04T07:38:44.255653Z;/home/runner/work/gson/gson/gson/src/main/java/com/google/gson;JsonArray.java;IN_ACCESS
2026-09-04T07:38:44.259628Z;/home/runner/work/gson/gson/gson/src/main/java/com/google/gson;JsonDeserializationContext.java;IN_ACCESS
2026-09-04T07:38:44.260162Z;/home/runner/work/gson/gson/gson/src/main/java/com/google/gson;JsonDeserializer.java;IN_ACCESS
2026-09-04T07:38:44.260963Z;/home/runner/work/gson/gson/gson/src/main/java/com/google/gson;JsonElement.java;IN_ACCESS
2026-09-04T07:38:44.264753Z;/home/runner/work/gson/gson/gson/src/main/java/com/google/gson;JsonIOException.java;IN_ACCESS
2026-09-04T07:38:44.265368Z;/home/runner/work/gson/gson/gson/src/main/java/com/google/gson;JsonNull.java;IN_ACCESS
2026-09-04T07:38:44.266264Z;/home/runner/work/gson/gson/gson/src/main/java/com/google/gson;JsonObject.java;IN_ACCESS
2026-09-04T07:38:44.268731Z;/home/runner/work/gson/gson/gson/src/main/java/com/google/gson;JsonParseException.java;IN_ACCESS
2026-09-04T07:38:44.269452Z;/home/runner/work/gson/gson/gson/src/main/java/com/google/gson;JsonParser.java;IN_ACCESS
2026-09-04T07:38:44.271369Z;/home/runner/work/gson/gson/gson/src/main/java/com/google/gson;JsonPrimitive.java;IN_ACCESS
2026-09-04T07:38:44.275204Z;/home/runner/work/gson/gson/gson/src/main/java/com/google/gson;JsonSerializationContext.java;IN_ACCESS
2026-09-04T07:38:44.275779Z;/home/runner/work/gson/gson/gson/src/main/java/com/google/gson;JsonSerializer.java;IN_ACCESS
2026-09-04T07:38:44.276809Z;/home/runner/work/gson/gson/gson/src/main/java/com/google/gson;JsonStreamParser.java;IN_ACCESS
2026-09-04T07:38:44.277938Z;/home/runner/work/gson/gson/gson/src/main/java/com/google/gson;JsonSyntaxException.java;IN_ACCESS
2026-09-04T07:38:44.278457Z;/home/runner/work/gson/gson/gson/src/main/java/com/google/gson;LongSerializationPolicy.java;IN_ACCESS
2026-09-04T07:38:44.279361Z;/home/runner/work/gson/gson/gson/src/main/java/com/google/gson;ReflectionAccessFilter.java;IN_ACCESS
2026-09-04T07:38:44.281841Z;/home/runner/work/gson/gson/gson/src/main/java/com/google/gson;Strictness.java;IN_ACCESS
2026-09-04T07:38:44.282168Z;/home/runner/work/gson/gson/gson/src/main/java/com/google/gson;ToNumberPolicy.java;IN_ACCESS
2026-09-04T07:38:44.283293Z;/home/runner/work/gson/gson/gson/src/main/java/com/google/gson;ToNumberStrategy.java;IN_ACCESS
2026-09-04T07:38:44.284843Z;/home/runner/work/gson/gson/gson/src/main/java/com/google/gson;TypeAdapter.java;IN_ACCESS
2026-09-04T07:38:44.286814Z;/home/runner/work/gson/gson/gson/src/main/java/com/google/gson;TypeAdapterFactory.java;IN_ACCESS
2026-09-04T07:38:44.287939Z;/home/runner/work/gson/gson/gson/src/main/java/com/google/gson/annotations;Expose.java;IN_ACCESS
2026-09-04T07:38:44.289826Z;/home/runner/work/gson/gson/gson/src/main/java/com/google/gson/annotations;JsonAdapter.java;IN_ACCESS
2026-09-04T07:38:44.292820Z;/home/runner/work/gson/gson/gson/src/main/java/com/google/gson/annotations;SerializedName.java;IN_ACCESS
2026-09-04T07:38:44.293177Z;/home/runner/work/gson/gson/gson/src/main/java/com/google/gson/annotations;Since.java;IN_ACCESS
2026-09-04T07:38:44.294900Z;/home/runner/work/gson/gson/gson/src/main/java/com/google/gson/annotations;Until.java;IN_ACCESS
2026-09-04T07:38:44.295238Z;/home/runner/work/gson/gson/gson/src/main/java/com/google/gson/annotations;package-info.java;IN_ACCESS
2026-09-04T07:38:44.297680Z;/home/runner/work/gson/gson/gson/src/main/java/com/google/gson/internal;ConstructorConstructor.java;IN_ACCESS
2026-09-04T07:38:44.300098Z;/home/runner/work/gson/gson/gson/src/main/java/com/google/gson/internal;Excluder.java;IN_ACCESS
2026-09-04T07:38:44.304043Z;/home/runner/work/gson/gson/gson/src/main/java/com/google/gson/internal;GsonTypes.java;IN_ACCESS
2026-09-04T07:38:44.313427Z;/home/runner/work/gson/gson/gson/src/main/java/com/google/gson/internal;JavaVersion.java;IN_ACCESS
2026-09-04T07:38:44.314783Z;/home/runner/work/gson/gson/gson/src/main/java/com/google/gson/internal;JsonReaderInternalAccess.java;IN_ACCESS
2026-09-04T07:38:44.315344Z;/home/runner/work/gson/gson/gson/src/main/java/com/google/gson/internal;LazilyParsedNumber.java;IN_ACCESS
2026-09-04T07:38:44.316659Z;/home/runner/work/gson/gson/gson/src/main/java/com/google/gson/internal;LinkedTreeMap.java;IN_ACCESS
2026-09-04T07:38:44.324091Z;/home/runner/work/gson/gson/gson/src/main/java/com/google/gson/internal;NonNullElementWrapperList.java;IN_ACCESS
2026-09-04T07:38:44.325669Z;/home/runner/work/gson/gson/gson/src/main/java/com/google/gson/internal;NumberLimits.java;IN_ACCESS
2026-09-04T07:38:44.326431Z;/home/runner/work/gson/gson/gson/src/main/java/com/google/gson/internal;ObjectConstructor.java;IN_ACCESS
2026-09-04T07:38:44.326940Z;/home/runner/work/gson/gson/gson/src/main/java/com/google/gson/internal;PreJava9DateFormatProvider.java;IN_ACCESS
2026-09-04T07:38:44.328894Z;/home/runner/work/gson/gson/gson/src/main/java/com/google/gson/internal;Primitives.java;IN_ACCESS
2026-09-04T07:38:44.330404Z;/home/runner/work/gson/gson/gson/src/main/java/com/google/gson/internal;ReflectionAccessFilterHelper.java;IN_ACCESS
2026-09-04T07:38:44.331765Z;/home/runner/work/gson/gson/gson/src/main/java/com/google/gson/internal;Streams.java;IN_ACCESS
2026-09-04T07:38:44.333467Z;/home/runner/work/gson/gson/gson/src/main/java/com/google/gson/internal;TroubleshootingGuide.java;IN_ACCESS
2026-09-04T07:38:44.333913Z;/home/runner/work/gson/gson/gson/src/main/java/com/google/gson/internal;UnsafeAllocator.java;IN_ACCESS
2026-09-04T07:38:44.335292Z;/home/runner/work/gson/gson/gson/src/main/java/com/google/gson/internal/bind;ArrayTypeAdapter.java;IN_ACCESS
2026-09-04T07:38:44.336823Z;/home/runner/work/gson/gson/gson/src/main/java/com/google/gson/internal/bind;CollectionTypeAdapterFactory.java;IN_ACCESS
2026-09-04T07:38:44.338090Z;/home/runner/work/gson/gson/gson/src/main/java/com/google/gson/internal/bind;DefaultDateTypeAdapter.java;IN_ACCESS
2026-09-04T07:38:44.340625Z;/home/runner/work/gson/gson/gson/src/main/java/com/google/gson/internal/bind;EnumTypeAdapter.java;IN_ACCESS
2026-09-04T07:38:44.341803Z;/home/runner/work/gson/gson/gson/src/main/java/com/google/gson/internal/bind;IgnoreJRERequirement.java;IN_ACCESS
2026-09-04T07:38:44.343772Z;/home/runner/work/gson/gson/gson/src/main/java/com/google/gson/internal/bind;JavaTimeTypeAdapters.java;IN_ACCESS
2026-09-04T07:38:44.347065Z;/home/runner/work/gson/gson/gson/src/main/java/com/google/gson/internal/bind;JsonAdapterAnnotationTypeAdapterFactory.java;IN_ACCESS
2026-09-04T07:38:44.349064Z;/home/runner/work/gson/gson/gson/src/main/java/com/google/gson/internal/bind;JsonElementTypeAdapter.java;IN_ACCESS
2026-09-04T07:38:44.350541Z;/home/runner/work/gson/gson/gson/src/main/java/com/google/gson/internal/bind;JsonTreeReader.java;IN_ACCESS
2026-09-04T07:38:44.354628Z;/home/runner/work/gson/gson/gson/src/main/java/com/google/gson/internal/bind;JsonTreeWriter.java;IN_ACCESS
2026-09-04T07:38:44.356624Z;/home/runner/work/gson/gson/gson/src/main/java/com/google/gson/internal/bind;MapTypeAdapterFactory.java;IN_ACCESS
2026-09-04T07:38:44.359310Z;/home/runner/work/gson/gson/gson/src/main/java/com/google/gson/internal/bind;NumberTypeAdapter.java;IN_ACCESS
2026-09-04T07:38:44.360241Z;/home/runner/work/gson/gson/gson/src/main/java/com/google/gson/internal/bind;ObjectTypeAdapter.java;IN_ACCESS
2026-09-04T07:38:44.362641Z;/home/runner/work/gson/gson/gson/src/main/java/com/google/gson/internal/bind;ReflectiveTypeAdapterFactory.java;IN_ACCESS
2026-09-04T07:38:44.370630Z;/home/runner/work/gson/gson/gson/src/main/java/com/google/gson/internal/bind;SerializationDelegatingTypeAdapter.java;IN_ACCESS
2026-09-04T07:38:44.371023Z;/home/runner/work/gson/gson/gson/src/main/java/com/google/gson/internal/bind;TreeTypeAdapter.java;IN_ACCESS
2026-09-04T07:38:44.372865Z;/home/runner/work/gson/gson/gson/src/main/java/com/google/gson/internal/bind;TypeAdapterRuntimeTypeWrapper.java;IN_ACCESS
2026-09-04T07:38:44.373996Z;/home/runner/work/gson/gson/gson/src/main/java/com/google/gson/internal/bind;TypeAdapters.java;IN_ACCESS
2026-09-04T07:38:44.385377Z;/home/runner/work/gson/gson/gson/src/main/java/com/google/gson/internal/bind/util;ISO8601Utils.java;IN_ACCESS
2026-09-04T07:38:44.389049Z;/home/runner/work/gson/gson/gson/src/main/java/com/google/gson/internal;package-info.java;IN_ACCESS
2026-09-04T07:38:44.391871Z;/home/runner/work/gson/gson/gson/src/main/java/com/google/gson/internal/reflect;ReflectionHelper.java;IN_ACCESS
2026-09-04T07:38:44.392456Z;/home/runner/work/gson/gson/gson/src/main/java/com/google/gson/internal/sql;SqlDateTypeAdapter.java;IN_ACCESS
2026-09-04T07:38:44.393501Z;/home/runner/work/gson/gson/gson/src/main/java/com/google/gson/internal/sql;SqlTimeTypeAdapter.java;IN_ACCESS
2026-09-04T07:38:44.394289Z;/home/runner/work/gson/gson/gson/src/main/java/com/google/gson/internal/sql;SqlTimestampTypeAdapter.java;IN_ACCESS
2026-09-04T07:38:44.394861Z;/home/runner/work/gson/gson/gson/src/main/java/com/google/gson/internal/sql;SqlTypesSupport.java;IN_ACCESS
2026-09-04T07:38:44.395609Z;/home/runner/work/gson/gson/gson/src/main/java/com/google/gson;package-info.java;IN_ACCESS
2026-09-04T07:38:44.395944Z;/home/runner/work/gson/gson/gson/src/main/java/com/google/gson/reflect;TypeToken.java;IN_ACCESS
2026-09-04T07:38:44.399825Z;/home/runner/work/gson/gson/gson/src/main/java/com/google/gson/reflect;package-info.java;IN_ACCESS
2026-09-04T07:38:44.400232Z;/home/runner/work/gson/gson/gson/src/main/java/com/google/gson/stream;JsonReader.java;IN_ACCESS
2026-09-04T07:38:44.418220Z;/home/runner/work/gson/gson/gson/src/main/java/com/google/gson/stream;JsonScope.java;IN_ACCESS
2026-09-04T07:38:44.419864Z;/home/runner/work/gson/gson/gson/src/main/java/com/google/gson/stream;JsonToken.java;IN_ACCESS
2026-09-04T07:38:44.420413Z;/home/runner/work/gson/gson/gson/src/main/java/com/google/gson/stream;JsonWriter.java;IN_ACCESS
2026-09-04T07:38:44.428755Z;/home/runner/work/gson/gson/gson/src/main/java/com/google/gson/stream;MalformedJsonException.java;IN_ACCESS
2026-09-04T07:38:44.429320Z;/home/runner/work/gson/gson/gson/src/main/java/com/google/gson/stream;package-info.java;IN_ACCESS
2026-09-04T07:38:44.429642Z;/home/runner/work/gson/gson/gson/target/generated-sources/java-templates/com/google/gson/internal;GsonBuildConfig.java;IN_ACCESS
2026-09-04T07:38:44.444592Z;/home/runner/work/gson/gson/gson/src/main/java/com/google;gson;IN_ACCESS,IN_ISDIR
2026-09-04T07:38:44.446147Z;/home/runner/work/gson/gson/gson/src/main/java/com/google/gson;;IN_ACCESS,IN_ISDIR
2026-09-04T07:38:44.446624Z;/home/runner/work/gson/gson/gson/src/main/java/com/google;gson;IN_ACCESS,IN_ISDIR
2026-09-04T07:38:44.447005Z;/home/runner/work/gson/gson/gson/src/main/java/com/google/gson;;IN_ACCESS,IN_ISDIR
2026-09-04T07:38:44.448820Z;/home/runner/work/gson/gson/gson/target/generated-sources/java-templates/com/google;gson;IN_ACCESS,IN_ISDIR
2026-09-04T07:38:44.449141Z;/home/runner/work/gson/gson/gson/target/generated-sources/java-templates/com/google/gson;;IN_ACCESS,IN_ISDIR
2026-09-04T07:38:44.449447Z;/home/runner/work/gson/gson/gson/target/generated-sources/java-templates/com/google;gson;IN_ACCESS,IN_ISDIR
2026-09-04T07:38:44.450807Z;/home/runner/work/gson/gson/gson/target/generated-sources/java-templates/com/google/gson;;IN_ACCESS,IN_ISDIR
2026-09-04T07:38:44.455129Z;/home/runner/work/gson/gson/gson/src/main/java/com/google/gson;annotations;IN_ACCESS,IN_ISDIR
2026-09-04T07:38:44.455994Z;/home/runner/work/gson/gson/gson/src/main/java/com/google/gson/annotations;;IN_ACCESS,IN_ISDIR
2026-09-04T07:38:44.456547Z;/home/runner/work/gson/gson/gson/src/main/java/com/google/gson;annotations;IN_ACCESS,IN_ISDIR
2026-09-04T07:38:44.458898Z;/home/runner/work/gson/gson/gson/src/main/java/com/google/gson/annotations;;IN_ACCESS,IN_ISDIR
2026-09-04T07:38:44.459269Z;/home/runner/work/gson/gson/gson/src/main/java/com/google/gson;internal;IN_ACCESS,IN_ISDIR
2026-09-04T07:38:44.459582Z;/home/runner/work/gson/gson/gson/src/main/java/com/google/gson/internal;;IN_ACCESS,IN_ISDIR
2026-09-04T07:38:44.459884Z;/home/runner/work/gson/gson/gson/src/main/java/com/google/gson;internal;IN_ACCESS,IN_ISDIR
2026-09-04T07:38:44.460181Z;/home/runner/work/gson/gson/gson/src/main/java/com/google/gson/internal;;IN_ACCESS,IN_ISDIR
2026-09-04T07:38:44.460472Z;/home/runner/work/gson/gson/gson/target/generated-sources/java-templates/com/google/gson;internal;IN_ACCESS,IN_ISDIR
2026-09-04T07:38:44.460788Z;/home/runner/work/gson/gson/gson/target/generated-sources/java-templates/com/google/gson/internal;;IN_ACCESS,IN_ISDIR
2026-09-04T07:38:44.461080Z;/home/runner/work/gson/gson/gson/target/generated-sources/java-templates/com/google/gson;internal;IN_ACCESS,IN_ISDIR
2026-09-04T07:38:44.461381Z;/home/runner/work/gson/gson/gson/target/generated-sources/java-templates/com/google/gson/internal;;IN_ACCESS,IN_ISDIR
2026-09-04T07:38:44.461720Z;/home/runner/work/gson/gson/gson/src/main/java/com/google/gson/internal;bind;IN_ACCESS,IN_ISDIR
2026-09-04T07:38:44.462015Z;/home/runner/work/gson/gson/gson/src/main/java/com/google/gson/internal/bind;;IN_ACCESS,IN_ISDIR
2026-09-04T07:38:44.462340Z;/home/runner/work/gson/gson/gson/src/main/java/com/google/gson/internal;bind;IN_ACCESS,IN_ISDIR
2026-09-04T07:38:44.462655Z;/home/runner/work/gson/gson/gson/src/main/java/com/google/gson/internal/bind;;IN_ACCESS,IN_ISDIR
2026-09-04T07:38:44.465345Z;/home/runner/work/gson/gson/gson/src/main/java/com/google/gson/internal/bind;util;IN_ACCESS,IN_ISDIR
2026-09-04T07:38:44.465691Z;/home/runner/work/gson/gson/gson/src/main/java/com/google/gson/internal/bind/util;;IN_ACCESS,IN_ISDIR
2026-09-04T07:38:44.468877Z;/home/runner/work/gson/gson/gson/src/main/java/com/google/gson/internal/bind;util;IN_ACCESS,IN_ISDIR
2026-09-04T07:38:44.469190Z;/home/runner/work/gson/gson/gson/src/main/java/com/google/gson/internal/bind/util;;IN_ACCESS,IN_ISDIR
2026-09-04T07:38:44.469551Z;/home/runner/work/gson/gson/gson/src/main/java/com/google/gson/internal;reflect;IN_ACCESS,IN_ISDIR
2026-09-04T07:38:44.469900Z;/home/runner/work/gson/gson/gson/src/main/java/com/google/gson/internal/reflect;;IN_ACCESS,IN_ISDIR
2026-09-04T07:38:44.470205Z;/home/runner/work/gson/gson/gson/src/main/java/com/google/gson/internal;reflect;IN_ACCESS,IN_ISDIR
2026-09-04T07:38:44.470550Z;/home/runner/work/gson/gson/gson/src/main/java/com/google/gson/internal/reflect;;IN_ACCESS,IN_ISDIR
2026-09-04T07:38:44.470882Z;/home/runner/work/gson/gson/gson/src/main/java/com/google/gson/internal;sql;IN_ACCESS,IN_ISDIR
2026-09-04T07:38:44.471180Z;/home/runner/work/gson/gson/gson/src/main/java/com/google/gson/internal/sql;;IN_ACCESS,IN_ISDIR
2026-09-04T07:38:44.471470Z;/home/runner/work/gson/gson/gson/src/main/java/com/google/gson/internal;sql;IN_ACCESS,IN_ISDIR
2026-09-04T07:38:44.471784Z;/home/runner/work/gson/gson/gson/src/main/java/com/google/gson/internal/sql;;IN_ACCESS,IN_ISDIR
2026-09-04T07:38:44.472104Z;/home/runner/work/gson/gson/gson/src/main/java/com/google/gson;reflect;IN_ACCESS,IN_ISDIR
2026-09-04T07:38:44.472399Z;/home/runner/work/gson/gson/gson/src/main/java/com/google/gson/reflect;;IN_ACCESS,IN_ISDIR
2026-09-04T07:38:44.472723Z;/home/runner/work/gson/gson/gson/src/main/java/com/google/gson;reflect;IN_ACCESS,IN_ISDIR
2026-09-04T07:38:44.473043Z;/home/runner/work/gson/gson/gson/src/main/java/com/google/gson/reflect;;IN_ACCESS,IN_ISDIR
2026-09-04T07:38:44.473372Z;/home/runner/work/gson/gson/gson/src/main/java/com/google/gson;stream;IN_ACCESS,IN_ISDIR
2026-09-04T07:38:44.473712Z;/home/runner/work/gson/gson/gson/src/main/java/com/google/gson/stream;;IN_ACCESS,IN_ISDIR
2026-09-04T07:38:44.474022Z;/home/runner/work/gson/gson/gson/src/main/java/com/google/gson;stream;IN_ACCESS,IN_ISDIR
2026-09-04T07:38:44.474442Z;/home/runner/work/gson/gson/gson/src/main/java/com/google/gson/stream;;IN_ACCESS,IN_ISDIR
2026-09-04T07:38:44.482499Z;/home/runner/work/gson/gson/gson/src/main/java/com;google;IN_ACCESS,IN_ISDIR
2026-09-04T07:38:44.482940Z;/home/runner/work/gson/gson/gson/src/main/java/com/google;;IN_ACCESS,IN_ISDIR
2026-09-04T07:38:44.483267Z;/home/runner/work/gson/gson/gson/src/main/java/com;google;IN_ACCESS,IN_ISDIR
2026-09-04T07:38:44.483808Z;/home/runner/work/gson/gson/gson/src/main/java/com/google;;IN_ACCESS,IN_ISDIR
2026-09-04T07:38:44.484177Z;/home/runner/work/gson/gson/gson/target/generated-sources/java-templates/com;google;IN_ACCESS,IN_ISDIR
2026-09-04T07:38:44.484502Z;/home/runner/work/gson/gson/gson/target/generated-sources/java-templates/com/google;;IN_ACCESS,IN_ISDIR
2026-09-04T07:38:44.484872Z;/home/runner/work/gson/gson/gson/target/generated-sources/java-templates/com;google;IN_ACCESS,IN_ISDIR
2026-09-04T07:38:44.485201Z;/home/runner/work/gson/gson/gson/target/generated-sources/java-templates/com/google;;IN_ACCESS,IN_ISDIR
2026-09-04T07:38:44.485515Z;/home/runner/work/gson/gson/gson/src/main/java;com;IN_ACCESS,IN_ISDIR
2026-09-04T07:38:44.485822Z;/home/runner/work/gson/gson/gson/src/main/java/com;;IN_ACCESS,IN_ISDIR
2026-09-04T07:38:44.486164Z;/home/runner/work/gson/gson/gson/src/main/java;com;IN_ACCESS,IN_ISDIR
2026-09-04T07:38:44.486516Z;/home/runner/work/gson/gson/gson/src/main/java/com;;IN_ACCESS,IN_ISDIR
2026-09-04T07:38:44.486836Z;/home/runner/work/gson/gson/gson/target/generated-sources/java-templates;com;IN_ACCESS,IN_ISDIR
2026-09-04T07:38:44.487152Z;/home/runner/work/gson/gson/gson/target/generated-sources/java-templates/com;;IN_ACCESS,IN_ISDIR
2026-09-04T07:38:44.487495Z;/home/runner/work/gson/gson/gson/target/generated-sources/java-templates;com;IN_ACCESS,IN_ISDIR
2026-09-04T07:38:44.487807Z;/home/runner/work/gson/gson/gson/target/generated-sources/java-templates/com;;IN_ACCESS,IN_ISDIR
2026-09-04T07:38:44.951028Z;/home/runner/work/gson/gson/gson/target/classes;com;IN_CREATE,IN_ISDIR
2026-09-04T07:38:44.951525Z;/home/runner/work/gson/gson/gson/target/classes;com;IN_ACCESS,IN_ISDIR
2026-09-04T07:38:44.952142Z;/home/runner/work/gson/gson/gson/target/classes/com/google/gson;internal;IN_CREATE,IN_ISDIR
2026-09-04T07:38:44.952602Z;/home/runner/work/gson/gson/gson/target/classes/com/google/gson;internal;IN_ACCESS,IN_ISDIR
2026-09-04T07:38:44.953080Z;/home/runner/work/gson/gson/gson/target/classes/com/google/gson;package-info.class;IN_CREATE
2026-09-04T07:38:44.953607Z;/home/runner/work/gson/gson/gson/target/classes/com/google/gson;reflect;IN_CREATE,IN_ISDIR
2026-09-04T07:38:44.953999Z;/home/runner/work/gson/gson/gson/target/classes/com/google/gson;stream;IN_CREATE,IN_ISDIR
2026-09-04T07:38:44.954298Z;/home/runner/work/gson/gson/gson/target/classes/com/google/gson;reflect;IN_ACCESS,IN_ISDIR
2026-09-04T07:38:44.954570Z;/home/runner/work/gson/gson/gson/target/classes/com/google/gson;stream;IN_ACCESS,IN_ISDIR
2026-09-04T07:38:44.959519Z;/home/runner/work/gson/gson/gson/target/classes/com/google/gson;ExclusionStrategy.class;IN_CREATE
2026-09-04T07:38:45.000438Z;/home/runner/work/gson/gson/gson/target/classes/com/google/gson;FieldAttributes.class;IN_CREATE
2026-09-04T07:38:45.040098Z;/home/runner/work/gson/gson/gson/target/classes/com/google/gson;FieldNamingPolicy$1.class;IN_CREATE
2026-09-04T07:38:45.040982Z;/home/runner/work/gson/gson/gson/target/classes/com/google/gson;FieldNamingPolicy$2.class;IN_CREATE
2026-09-04T07:38:45.042052Z;/home/runner/work/gson/gson/gson/target/classes/com/google/gson;FieldNamingPolicy$3.class;IN_CREATE
2026-09-04T07:38:45.043158Z;/home/runner/work/gson/gson/gson/target/classes/com/google/gson;FieldNamingPolicy$4.class;IN_CREATE
2026-09-04T07:38:45.044028Z;/home/runner/work/gson/gson/gson/target/classes/com/google/gson;FieldNamingPolicy$5.class;IN_CREATE
2026-09-04T07:38:45.044849Z;/home/runner/work/gson/gson/gson/target/classes/com/google/gson;FieldNamingPolicy$6.class;IN_CREATE
2026-09-04T07:38:45.046854Z;/home/runner/work/gson/gson/gson/target/classes/com/google/gson;FieldNamingPolicy$7.class;IN_CREATE
2026-09-04T07:38:45.053012Z;/home/runner/work/gson/gson/gson/target/classes/com/google/gson;FieldNamingPolicy.class;IN_CREATE
2026-09-04T07:38:45.055517Z;/home/runner/work/gson/gson/gson/target/classes/com/google/gson;FieldNamingStrategy.class;IN_CREATE
2026-09-04T07:38:45.063008Z;/home/runner/work/gson/gson/gson/target/classes/com/google/gson;FormattingStyle.class;IN_CREATE
2026-09-04T07:38:45.167914Z;/home/runner/work/gson/gson/gson/target/classes/com/google/gson;GsonBuilder.class;IN_CREATE
2026-09-04T07:38:45.251017Z;/home/runner/work/gson/gson/gson/target/classes/com/google/gson;Gson$FutureTypeAdapter.class;IN_CREATE
2026-09-04T07:38:45.262398Z;/home/runner/work/gson/gson/gson/target/classes/com/google/gson;Gson.class;IN_CREATE
2026-09-04T07:38:45.311708Z;/home/runner/work/gson/gson/gson/target/classes/com/google/gson/reflect;TypeToken.class;IN_CREATE
2026-09-04T07:38:45.314816Z;/home/runner/work/gson/gson/gson/target/classes/com/google/gson;TypeAdapter$NullSafeTypeAdapter.class;IN_CREATE
2026-09-04T07:38:45.315314Z;/home/runner/work/gson/gson/gson/target/classes/com/google/gson;TypeAdapter$1.class;IN_CREATE
2026-09-04T07:38:45.318607Z;/home/runner/work/gson/gson/gson/target/classes/com/google/gson;TypeAdapter.class;IN_CREATE
2026-09-04T07:38:45.328653Z;/home/runner/work/gson/gson/gson/target/classes/com/google/gson;ReflectionAccessFilter$FilterResult.class;IN_CREATE
2026-09-04T07:38:45.329517Z;/home/runner/work/gson/gson/gson/target/classes/com/google/gson;ReflectionAccessFilter$1.class;IN_CREATE
2026-09-04T07:38:45.330272Z;/home/runner/work/gson/gson/gson/target/classes/com/google/gson;ReflectionAccessFilter$2.class;IN_CREATE
2026-09-04T07:38:45.331021Z;/home/runner/work/gson/gson/gson/target/classes/com/google/gson;ReflectionAccessFilter$3.class;IN_CREATE
2026-09-04T07:38:45.331841Z;/home/runner/work/gson/gson/gson/target/classes/com/google/gson;ReflectionAccessFilter$4.class;IN_CREATE
2026-09-04T07:38:45.334850Z;/home/runner/work/gson/gson/gson/target/classes/com/google/gson;ReflectionAccessFilter.class;IN_CREATE
2026-09-04T07:38:45.391435Z;/home/runner/work/gson/gson/gson/target/classes/com/google/gson/internal;ConstructorConstructor$ThrowingObjectConstructor.class;IN_CREATE
2026-09-04T07:38:45.392344Z;/home/runner/work/gson/gson/gson/target/classes/com/google/gson/internal;ConstructorConstructor$InstanceCreatorConstructor.class;IN_CREATE
2026-09-04T07:38:45.398550Z;/home/runner/work/gson/gson/gson/target/classes/com/google/gson/internal;ConstructorConstructor.class;IN_CREATE
2026-09-04T07:38:45.414679Z;/home/runner/work/gson/gson/gson/target/classes/com/google/gson/internal;bind;IN_CREATE,IN_ISDIR
2026-09-04T07:38:45.415135Z;/home/runner/work/gson/gson/gson/target/classes/com/google/gson/internal;bind;IN_ACCESS,IN_ISDIR
2026-09-04T07:38:45.415604Z;/home/runner/work/gson/gson/gson/target/classes/com/google/gson/internal/bind;JsonAdapterAnnotationTypeAdapterFactory$DummyTypeAdapterFactory.class;IN_CREATE
2026-09-04T07:38:45.416126Z;/home/runner/work/gson/gson/gson/target/classes/com/google/gson/internal/bind;JsonAdapterAnnotationTypeAdapterFactory$1.class;IN_CREATE
2026-09-04T07:38:45.418716Z;/home/runner/work/gson/gson/gson/target/classes/com/google/gson/internal/bind;JsonAdapterAnnotationTypeAdapterFactory.class;IN_CREATE
2026-09-04T07:38:45.420001Z;/home/runner/work/gson/gson/gson/target/classes/com/google/gson;TypeAdapterFactory.class;IN_CREATE
2026-09-04T07:38:45.446916Z;/home/runner/work/gson/gson/gson/target/classes/com/google/gson/internal;Excluder$1.class;IN_CREATE
2026-09-04T07:38:45.451222Z;/home/runner/work/gson/gson/gson/target/classes/com/google/gson/internal;Excluder.class;IN_CREATE
2026-09-04T07:38:45.452848Z;/home/runner/work/gson/gson/gson/target/classes/com/google/gson;InstanceCreator.class;IN_CREATE
2026-09-04T07:38:45.455649Z;/home/runner/work/gson/gson/gson/target/classes/com/google/gson;Strictness.class;IN_CREATE
2026-09-04T07:38:45.461180Z;/home/runner/work/gson/gson/gson/target/classes/com/google/gson;LongSerializationPolicy$1.class;IN_CREATE
2026-09-04T07:38:45.462029Z;/home/runner/work/gson/gson/gson/target/classes/com/google/gson;LongSerializationPolicy$2.class;IN_CREATE
2026-09-04T07:38:45.463084Z;/home/runner/work/gson/gson/gson/target/classes/com/google/gson;LongSerializationPolicy.class;IN_CREATE
2026-09-04T07:38:45.463946Z;/home/runner/work/gson/gson/gson/target/classes/com/google/gson;ToNumberStrategy.class;IN_CREATE
2026-09-04T07:38:45.473346Z;/home/runner/work/gson/gson/gson/target/classes/com/google/gson;JsonElement.class;IN_CREATE
2026-09-04T07:38:45.476303Z;/home/runner/work/gson/gson/gson/target/classes/com/google/gson;JsonIOException.class;IN_CREATE
2026-09-04T07:38:45.477050Z;/home/runner/work/gson/gson/gson/target/classes/com/google/gson;JsonParseException.class;IN_CREATE
2026-09-04T07:38:45.478257Z;/home/runner/work/gson/gson/gson/target/classes/com/google/gson/stream;JsonScope.class;IN_CREATE
2026-09-04T07:38:45.513336Z;/home/runner/work/gson/gson/gson/target/classes/com/google/gson/stream;JsonWriter.class;IN_CREATE
2026-09-04T07:38:45.573871Z;/home/runner/work/gson/gson/gson/target/classes/com/google/gson/stream;JsonReader$1.class;IN_CREATE
2026-09-04T07:38:45.588240Z;/home/runner/work/gson/gson/gson/target/classes/com/google/gson/stream;JsonReader.class;IN_CREATE
2026-09-04T07:38:45.592598Z;/home/runner/work/gson/gson/gson/target/classes/com/google/gson;JsonSyntaxException.class;IN_CREATE
2026-09-04T07:38:45.596073Z;/home/runner/work/gson/gson/gson/target/classes/com/google/gson/stream;JsonToken.class;IN_CREATE
2026-09-04T07:38:45.597701Z;/home/runner/work/gson/gson/gson/target/classes/com/google/gson/stream;MalformedJsonException.class;IN_CREATE
2026-09-04T07:38:45.607418Z;/home/runner/work/gson/gson/gson/target/classes/com/google/gson;JsonObject.class;IN_CREATE
2026-09-04T07:38:45.633393Z;/home/runner/work/gson/gson/gson/target/classes/com/google/gson;JsonArray.class;IN_CREATE
2026-09-04T07:38:45.648817Z;/home/runner/work/gson/gson/gson/target/classes/com/google/gson;JsonPrimitive.class;IN_CREATE
2026-09-04T07:38:45.651289Z;/home/runner/work/gson/gson/gson/target/classes/com/google/gson;JsonNull.class;IN_CREATE
2026-09-04T07:38:45.701474Z;/home/runner/work/gson/gson/gson/target/classes/com/google/gson/internal;LinkedTreeMap$Node.class;IN_CREATE
2026-09-04T07:38:45.702935Z;/home/runner/work/gson/gson/gson/target/classes/com/google/gson/internal;LinkedTreeMap$LinkedTreeMapIterator.class;IN_CREATE
2026-09-04T07:38:45.704887Z;/home/runner/work/gson/gson/gson/target/classes/com/google/gson/internal;LinkedTreeMap$EntrySet$1.class;IN_CREATE
2026-09-04T07:38:45.705212Z;/home/runner/work/gson/gson/gson/target/classes/com/google/gson/internal;LinkedTreeMap$EntrySet.class;IN_CREATE
2026-09-04T07:38:45.705524Z;/home/runner/work/gson/gson/gson/target/classes/com/google/gson/internal;LinkedTreeMap$KeySet$1.class;IN_CREATE
2026-09-04T07:38:45.705936Z;/home/runner/work/gson/gson/gson/target/classes/com/google/gson/internal;LinkedTreeMap$KeySet.class;IN_CREATE
2026-09-04T07:38:45.709398Z;/home/runner/work/gson/gson/gson/target/classes/com/google/gson/internal;LinkedTreeMap.class;IN_CREATE
2026-09-04T07:38:45.711360Z;/home/runner/work/gson/gson/gson/target/classes/com/google/gson/annotations;Since.class;IN_CREATE
2026-09-04T07:38:45.712161Z;/home/runner/work/gson/gson/gson/target/classes/com/google/gson/annotations;Until.class;IN_CREATE
2026-09-04T07:38:45.713005Z;/home/runner/work/gson/gson/gson/target/classes/com/google/gson/annotations;JsonAdapter.class;IN_CREATE
2026-09-04T07:38:45.713839Z;/home/runner/work/gson/gson/gson/target/classes/com/google/gson/internal;ObjectConstructor.class;IN_CREATE
2026-09-04T07:38:45.714515Z;/home/runner/work/gson/gson/gson/target/classes/com/google/gson/internal/bind;SerializationDelegatingTypeAdapter.class;IN_CREATE
2026-09-04T07:38:45.715730Z;/home/runner/work/gson/gson/gson/target/classes/com/google/gson;JsonDeserializationContext.class;IN_CREATE
2026-09-04T07:38:45.716103Z;/home/runner/work/gson/gson/gson/target/classes/com/google/gson;JsonDeserializer.class;IN_CREATE
2026-09-04T07:38:45.722448Z;/home/runner/work/gson/gson/gson/target/classes/com/google/gson;JsonParser.class;IN_CREATE
2026-09-04T07:38:45.723008Z;/home/runner/work/gson/gson/gson/target/classes/com/google/gson;JsonSerializationContext.class;IN_CREATE
2026-09-04T07:38:45.723809Z;/home/runner/work/gson/gson/gson/target/classes/com/google/gson;JsonSerializer.class;IN_CREATE
2026-09-04T07:38:45.727638Z;/home/runner/work/gson/gson/gson/target/classes/com/google/gson;JsonStreamParser.class;IN_CREATE
2026-09-04T07:38:45.735431Z;/home/runner/work/gson/gson/gson/target/classes/com/google/gson;ToNumberPolicy$1.class;IN_CREATE
2026-09-04T07:38:45.736073Z;/home/runner/work/gson/gson/gson/target/classes/com/google/gson;ToNumberPolicy$2.class;IN_CREATE
2026-09-04T07:38:45.737097Z;/home/runner/work/gson/gson/gson/target/classes/com/google/gson;ToNumberPolicy$3.class;IN_CREATE
2026-09-04T07:38:45.737862Z;/home/runner/work/gson/gson/gson/target/classes/com/google/gson;ToNumberPolicy$4.class;IN_CREATE
2026-09-04T07:38:45.738860Z;/home/runner/work/gson/gson/gson/target/classes/com/google/gson;ToNumberPolicy.class;IN_CREATE
2026-09-04T07:38:45.739534Z;/home/runner/work/gson/gson/gson/target/classes/com/google/gson/annotations;Expose.class;IN_CREATE
2026-09-04T07:38:45.740405Z;/home/runner/work/gson/gson/gson/target/classes/com/google/gson/annotations;SerializedName.class;IN_CREATE
2026-09-04T07:38:45.772513Z;/home/runner/work/gson/gson/gson/target/classes/com/google/gson/internal;GsonTypes$ParameterizedTypeImpl.class;IN_CREATE
2026-09-04T07:38:45.775027Z;/home/runner/work/gson/gson/gson/target/classes/com/google/gson/internal;GsonTypes$GenericArrayTypeImpl.class;IN_CREATE
2026-09-04T07:38:45.775355Z;/home/runner/work/gson/gson/gson/target/classes/com/google/gson/internal;GsonTypes$WildcardTypeImpl.class;IN_CREATE
2026-09-04T07:38:45.778843Z;/home/runner/work/gson/gson/gson/target/classes/com/google/gson/internal;GsonTypes.class;IN_CREATE
2026-09-04T07:38:45.784267Z;/home/runner/work/gson/gson/gson/target/classes/com/google/gson/internal;JavaVersion.class;IN_CREATE
2026-09-04T07:38:45.785769Z;/home/runner/work/gson/gson/gson/target/classes/com/google/gson/internal;JsonReaderInternalAccess.class;IN_CREATE
2026-09-04T07:38:45.788989Z;/home/runner/work/gson/gson/gson/target/classes/com/google/gson/internal;LazilyParsedNumber.class;IN_CREATE
2026-09-04T07:38:45.803223Z;/home/runner/work/gson/gson/gson/target/classes/com/google/gson/internal;NonNullElementWrapperList.class;IN_CREATE
2026-09-04T07:38:45.806847Z;/home/runner/work/gson/gson/gson/target/classes/com/google/gson/internal;NumberLimits.class;IN_CREATE
2026-09-04T07:38:45.809468Z;/home/runner/work/gson/gson/gson/target/classes/com/google/gson/internal;PreJava9DateFormatProvider.class;IN_CREATE
2026-09-04T07:38:45.815296Z;/home/runner/work/gson/gson/gson/target/classes/com/google/gson/internal;Primitives.class;IN_CREATE
2026-09-04T07:38:45.821588Z;/home/runner/work/gson/gson/gson/target/classes/com/google/gson/internal;ReflectionAccessFilterHelper$AccessChecker$1.class;IN_CREATE
2026-09-04T07:38:45.822274Z;/home/runner/work/gson/gson/gson/target/classes/com/google/gson/internal;ReflectionAccessFilterHelper$AccessChecker$2.class;IN_CREATE
2026-09-04T07:38:45.823970Z;/home/runner/work/gson/gson/gson/target/classes/com/google/gson/internal;ReflectionAccessFilterHelper$AccessChecker.class;IN_CREATE
2026-09-04T07:38:45.824355Z;/home/runner/work/gson/gson/gson/target/classes/com/google/gson/internal;ReflectionAccessFilterHelper$1.class;IN_CREATE
2026-09-04T07:38:45.824699Z;/home/runner/work/gson/gson/gson/target/classes/com/google/gson/internal;ReflectionAccessFilterHelper.class;IN_CREATE
2026-09-04T07:38:45.830810Z;/home/runner/work/gson/gson/gson/target/classes/com/google/gson/internal;Streams$AppendableWriter$CurrentWrite.class;IN_CREATE
2026-09-04T07:38:45.831893Z;/home/runner/work/gson/gson/gson/target/classes/com/google/gson/internal;Streams$AppendableWriter.class;IN_CREATE
2026-09-04T07:38:45.832489Z;/home/runner/work/gson/gson/gson/target/classes/com/google/gson/internal;Streams$1.class;IN_CREATE
2026-09-04T07:38:45.833294Z;/home/runner/work/gson/gson/gson/target/classes/com/google/gson/internal;Streams.class;IN_CREATE
2026-09-04T07:38:45.834531Z;/home/runner/work/gson/gson/gson/target/classes/com/google/gson/internal;TroubleshootingGuide.class;IN_CREATE
2026-09-04T07:38:45.841801Z;/home/runner/work/gson/gson/gson/target/classes/com/google/gson/internal;UnsafeAllocator$1.class;IN_CREATE
2026-09-04T07:38:45.842897Z;/home/runner/work/gson/gson/gson/target/classes/com/google/gson/internal;UnsafeAllocator$2.class;IN_CREATE
2026-09-04T07:38:45.843221Z;/home/runner/work/gson/gson/gson/target/classes/com/google/gson/internal;UnsafeAllocator$3.class;IN_CREATE
2026-09-04T07:38:45.843603Z;/home/runner/work/gson/gson/gson/target/classes/com/google/gson/internal;UnsafeAllocator$4.class;IN_CREATE
2026-09-04T07:38:45.844637Z;/home/runner/work/gson/gson/gson/target/classes/com/google/gson/internal;UnsafeAllocator.class;IN_CREATE
2026-09-04T07:38:45.853000Z;/home/runner/work/gson/gson/gson/target/classes/com/google/gson/internal/bind;ArrayTypeAdapter$1.class;IN_CREATE
2026-09-04T07:38:45.853528Z;/home/runner/work/gson/gson/gson/target/classes/com/google/gson/internal/bind;ArrayTypeAdapter.class;IN_CREATE
2026-09-04T07:38:45.857777Z;/home/runner/work/gson/gson/gson/target/classes/com/google/gson/internal/bind;CollectionTypeAdapterFactory$Adapter.class;IN_CREATE
2026-09-04T07:38:45.859051Z;/home/runner/work/gson/gson/gson/target/classes/com/google/gson/internal/bind;CollectionTypeAdapterFactory.class;IN_CREATE
2026-09-04T07:38:45.873113Z;/home/runner/work/gson/gson/gson/target/classes/com/google/gson/internal/bind;DefaultDateTypeAdapter$1.class;IN_CREATE
2026-09-04T07:38:45.873873Z;/home/runner/work/gson/gson/gson/target/classes/com/google/gson/internal/bind;DefaultDateTypeAdapter$DateType$1.class;IN_CREATE
2026-09-04T07:38:45.874240Z;/home/runner/work/gson/gson/gson/target/classes/com/google/gson/internal/bind;DefaultDateTypeAdapter$DateType.class;IN_CREATE
2026-09-04T07:38:45.877057Z;/home/runner/work/gson/gson/gson/target/classes/com/google/gson/internal/bind;DefaultDateTypeAdapter.class;IN_CREATE
2026-09-04T07:38:45.885228Z;/home/runner/work/gson/gson/gson/target/classes/com/google/gson/internal/bind;EnumTypeAdapter$1.class;IN_CREATE
2026-09-04T07:38:45.886896Z;/home/runner/work/gson/gson/gson/target/classes/com/google/gson/internal/bind;EnumTypeAdapter.class;IN_CREATE
2026-09-04T07:38:45.887719Z;/home/runner/work/gson/gson/gson/target/classes/com/google/gson/internal/bind;IgnoreJRERequirement.class;IN_CREATE
2026-09-04T07:38:45.995195Z;/home/runner/work/gson/gson/gson/target/classes/com/google/gson/internal/bind;TypeAdapters$1.class;IN_CREATE
2026-09-04T07:38:45.996483Z;/home/runner/work/gson/gson/gson/target/classes/com/google/gson/internal/bind;TypeAdapters$2.class;IN_CREATE
2026-09-04T07:38:45.997124Z;/home/runner/work/gson/gson/gson/target/classes/com/google/gson/internal/bind;TypeAdapters$3.class;IN_CREATE
2026-09-04T07:38:45.997674Z;/home/runner/work/gson/gson/gson/target/classes/com/google/gson/internal/bind;TypeAdapters$4.class;IN_CREATE
2026-09-04T07:38:45.998435Z;/home/runner/work/gson/gson/gson/target/classes/com/google/gson/internal/bind;TypeAdapters$5.class;IN_CREATE
2026-09-04T07:38:46.000457Z;/home/runner/work/gson/gson/gson/target/classes/com/google/gson/internal/bind;TypeAdapters$6.class;IN_CREATE
2026-09-04T07:38:46.001624Z;/home/runner/work/gson/gson/gson/target/classes/com/google/gson/internal/bind;TypeAdapters$7.class;IN_CREATE
2026-09-04T07:38:46.005746Z;/home/runner/work/gson/gson/gson/target/classes/com/google/gson/internal/bind;TypeAdapters$8.class;IN_CREATE
2026-09-04T07:38:46.006137Z;/home/runner/work/gson/gson/gson/target/classes/com/google/gson/internal/bind;TypeAdapters$9.class;IN_CREATE
2026-09-04T07:38:46.006460Z;/home/runner/work/gson/gson/gson/target/classes/com/google/gson/internal/bind;TypeAdapters$10.class;IN_CREATE
2026-09-04T07:38:46.006786Z;/home/runner/work/gson/gson/gson/target/classes/com/google/gson/internal/bind;TypeAdapters$11.class;IN_CREATE
2026-09-04T07:38:46.007257Z;/home/runner/work/gson/gson/gson/target/classes/com/google/gson/internal/bind;TypeAdapters$12.class;IN_CREATE
2026-09-04T07:38:46.007954Z;/home/runner/work/gson/gson/gson/target/classes/com/google/gson/internal/bind;TypeAdapters$13.class;IN_CREATE
2026-09-04T07:38:46.008922Z;/home/runner/work/gson/gson/gson/target/classes/com/google/gson/internal/bind;TypeAdapters$14.class;IN_CREATE
2026-09-04T07:38:46.009261Z;/home/runner/work/gson/gson/gson/target/classes/com/google/gson/internal/bind;TypeAdapters$FloatAdapter.class;IN_CREATE
2026-09-04T07:38:46.012530Z;/home/runner/work/gson/gson/gson/target/classes/com/google/gson/internal/bind;TypeAdapters$DoubleAdapter.class;IN_CREATE
2026-09-04T07:38:46.012915Z;/home/runner/work/gson/gson/gson/target/classes/com/google/gson/internal/bind;TypeAdapters$15.class;IN_CREATE
2026-09-04T07:38:46.013284Z;/home/runner/work/gson/gson/gson/target/classes/com/google/gson/internal/bind;TypeAdapters$16.class;IN_CREATE
2026-09-04T07:38:46.013625Z;/home/runner/work/gson/gson/gson/target/classes/com/google/gson/internal/bind;TypeAdapters$17.class;IN_CREATE
2026-09-04T07:38:46.013930Z;/home/runner/work/gson/gson/gson/target/classes/com/google/gson/internal/bind;TypeAdapters$18.class;IN_CREATE
2026-09-04T07:38:46.014251Z;/home/runner/work/gson/gson/gson/target/classes/com/google/gson/internal/bind;TypeAdapters$19.class;IN_CREATE
2026-09-04T07:38:46.014859Z;/home/runner/work/gson/gson/gson/target/classes/com/google/gson/internal/bind;TypeAdapters$20.class;IN_CREATE
2026-09-04T07:38:46.015181Z;/home/runner/work/gson/gson/gson/target/classes/com/google/gson/internal/bind;TypeAdapters$21.class;IN_CREATE
2026-09-04T07:38:46.015531Z;/home/runner/work/gson/gson/gson/target/classes/com/google/gson/internal/bind;TypeAdapters$22.class;IN_CREATE
2026-09-04T07:38:46.015962Z;/home/runner/work/gson/gson/gson/target/classes/com/google/gson/internal/bind;TypeAdapters$23.class;IN_CREATE
2026-09-04T07:38:46.016271Z;/home/runner/work/gson/gson/gson/target/classes/com/google/gson/internal/bind;TypeAdapters$24.class;IN_CREATE
2026-09-04T07:38:46.018275Z;/home/runner/work/gson/gson/gson/target/classes/com/google/gson/internal/bind;TypeAdapters$25.class;IN_CREATE
2026-09-04T07:38:46.018782Z;/home/runner/work/gson/gson/gson/target/classes/com/google/gson/internal/bind;TypeAdapters$26.class;IN_CREATE
2026-09-04T07:38:46.019182Z;/home/runner/work/gson/gson/gson/target/classes/com/google/gson/internal/bind;TypeAdapters$IntegerFieldsTypeAdapter.class;IN_CREATE
2026-09-04T07:38:46.019557Z;/home/runner/work/gson/gson/gson/target/classes/com/google/gson/internal/bind;TypeAdapters$27.class;IN_CREATE
2026-09-04T07:38:46.019900Z;/home/runner/work/gson/gson/gson/target/classes/com/google/gson/internal/bind;TypeAdapters$28.class;IN_CREATE
2026-09-04T07:38:46.020235Z;/home/runner/work/gson/gson/gson/target/classes/com/google/gson/internal/bind;TypeAdapters$FactorySupplier.class;IN_CREATE
2026-09-04T07:38:46.020586Z;/home/runner/work/gson/gson/gson/target/classes/com/google/gson/internal/bind;TypeAdapters$29.class;IN_CREATE
2026-09-04T07:38:46.020919Z;/home/runner/work/gson/gson/gson/target/classes/com/google/gson/internal/bind;TypeAdapters$30.class;IN_CREATE
2026-09-04T07:38:46.021211Z;/home/runner/work/gson/gson/gson/target/classes/com/google/gson/internal/bind;TypeAdapters$31.class;IN_CREATE
2026-09-04T07:38:46.021532Z;/home/runner/work/gson/gson/gson/target/classes/com/google/gson/internal/bind;TypeAdapters$32.class;IN_CREATE
2026-09-04T07:38:46.021864Z;/home/runner/work/gson/gson/gson/target/classes/com/google/gson/internal/bind;TypeAdapters$33$1.class;IN_CREATE
2026-09-04T07:38:46.022139Z;/home/runner/work/gson/gson/gson/target/classes/com/google/gson/internal/bind;TypeAdapters$33.class;IN_CREATE
2026-09-04T07:38:46.022484Z;/home/runner/work/gson/gson/gson/target/classes/com/google/gson/internal/bind;TypeAdapters$34.class;IN_CREATE
2026-09-04T07:38:46.022877Z;/home/runner/work/gson/gson/gson/target/classes/com/google/gson/internal/bind;TypeAdapters.class;IN_CREATE
2026-09-04T07:38:46.062732Z;/home/runner/work/gson/gson/gson/target/classes/com/google/gson/internal/bind;JavaTimeTypeAdapters$1.class;IN_CREATE
2026-09-04T07:38:46.063347Z;/home/runner/work/gson/gson/gson/target/classes/com/google/gson/internal/bind;JavaTimeTypeAdapters$2.class;IN_CREATE
2026-09-04T07:38:46.063731Z;/home/runner/work/gson/gson/gson/target/classes/com/google/gson/internal/bind;JavaTimeTypeAdapters$3.class;IN_CREATE
2026-09-04T07:38:46.064089Z;/home/runner/work/gson/gson/gson/target/classes/com/google/gson/internal/bind;JavaTimeTypeAdapters$4.class;IN_CREATE
2026-09-04T07:38:46.064460Z;/home/runner/work/gson/gson/gson/target/classes/com/google/gson/internal/bind;JavaTimeTypeAdapters$5.class;IN_CREATE
2026-09-04T07:38:46.064898Z;/home/runner/work/gson/gson/gson/target/classes/com/google/gson/internal/bind;JavaTimeTypeAdapters$6.class;IN_CREATE
2026-09-04T07:38:46.066203Z;/home/runner/work/gson/gson/gson/target/classes/com/google/gson/internal/bind;JavaTimeTypeAdapters$7.class;IN_CREATE
2026-09-04T07:38:46.066788Z;/home/runner/work/gson/gson/gson/target/classes/com/google/gson/internal/bind;JavaTimeTypeAdapters$8.class;IN_CREATE
2026-09-04T07:38:46.067203Z;/home/runner/work/gson/gson/gson/target/classes/com/google/gson/internal/bind;JavaTimeTypeAdapters$9.class;IN_CREATE
2026-09-04T07:38:46.067571Z;/home/runner/work/gson/gson/gson/target/classes/com/google/gson/internal/bind;JavaTimeTypeAdapters$10.class;IN_CREATE
2026-09-04T07:38:46.067914Z;/home/runner/work/gson/gson/gson/target/classes/com/google/gson/internal/bind;JavaTimeTypeAdapters$11.class;IN_CREATE
2026-09-04T07:38:46.069073Z;/home/runner/work/gson/gson/gson/target/classes/com/google/gson/internal/bind;JavaTimeTypeAdapters$12.class;IN_CREATE
2026-09-04T07:38:46.069417Z;/home/runner/work/gson/gson/gson/target/classes/com/google/gson/internal/bind;JavaTimeTypeAdapters$13.class;IN_CREATE
2026-09-04T07:38:46.069745Z;/home/runner/work/gson/gson/gson/target/classes/com/google/gson/internal/bind;JavaTimeTypeAdapters$14.class;IN_CREATE
2026-09-04T07:38:46.070668Z;/home/runner/work/gson/gson/gson/target/classes/com/google/gson/internal/bind;JavaTimeTypeAdapters.class;IN_CREATE
2026-09-04T07:38:46.076673Z;/home/runner/work/gson/gson/gson/target/classes/com/google/gson/internal/bind;JsonElementTypeAdapter$1.class;IN_CREATE
2026-09-04T07:38:46.078163Z;/home/runner/work/gson/gson/gson/target/classes/com/google/gson/internal/bind;JsonElementTypeAdapter.class;IN_CREATE
2026-09-04T07:38:46.095195Z;/home/runner/work/gson/gson/gson/target/classes/com/google/gson/internal/bind;JsonTreeReader$1.class;IN_CREATE
2026-09-04T07:38:46.096013Z;/home/runner/work/gson/gson/gson/target/classes/com/google/gson/internal/bind;JsonTreeReader$2.class;IN_CREATE
2026-09-04T07:38:46.101039Z;/home/runner/work/gson/gson/gson/target/classes/com/google/gson/internal/bind;JsonTreeReader.class;IN_CREATE
2026-09-04T07:38:46.108337Z;/home/runner/work/gson/gson/gson/target/classes/com/google/gson/internal/bind;JsonTreeWriter$1.class;IN_CREATE
2026-09-04T07:38:46.109931Z;/home/runner/work/gson/gson/gson/target/classes/com/google/gson/internal/bind;JsonTreeWriter.class;IN_CREATE
2026-09-04T07:38:46.121864Z;/home/runner/work/gson/gson/gson/target/classes/com/google/gson/internal/bind;MapTypeAdapterFactory$Adapter.class;IN_CREATE
2026-09-04T07:38:46.122533Z;/home/runner/work/gson/gson/gson/target/classes/com/google/gson/internal/bind;MapTypeAdapterFactory.class;IN_CREATE
2026-09-04T07:38:46.126482Z;/home/runner/work/gson/gson/gson/target/classes/com/google/gson/internal/bind;NumberTypeAdapter$1.class;IN_CREATE
2026-09-04T07:38:46.126902Z;/home/runner/work/gson/gson/gson/target/classes/com/google/gson/internal/bind;NumberTypeAdapter$2.class;IN_CREATE
2026-09-04T07:38:46.127406Z;/home/runner/work/gson/gson/gson/target/classes/com/google/gson/internal/bind;NumberTypeAdapter.class;IN_CREATE
2026-09-04T07:38:46.134203Z;/home/runner/work/gson/gson/gson/target/classes/com/google/gson/internal/bind;ObjectTypeAdapter$1.class;IN_CREATE
2026-09-04T07:38:46.134999Z;/home/runner/work/gson/gson/gson/target/classes/com/google/gson/internal/bind;ObjectTypeAdapter$2.class;IN_CREATE
2026-09-04T07:38:46.135975Z;/home/runner/work/gson/gson/gson/target/classes/com/google/gson/internal/bind;ObjectTypeAdapter.class;IN_CREATE
2026-09-04T07:38:46.166357Z;/home/runner/work/gson/gson/gson/target/classes/com/google/gson/internal/bind;ReflectiveTypeAdapterFactory$1.class;IN_CREATE
2026-09-04T07:38:46.167411Z;/home/runner/work/gson/gson/gson/target/classes/com/google/gson/internal/bind;ReflectiveTypeAdapterFactory$2.class;IN_CREATE
2026-09-04T07:38:46.167842Z;/home/runner/work/gson/gson/gson/target/classes/com/google/gson/internal/bind;ReflectiveTypeAdapterFactory$FieldsData.class;IN_CREATE
2026-09-04T07:38:46.168754Z;/home/runner/work/gson/gson/gson/target/classes/com/google/gson/internal/bind;ReflectiveTypeAdapterFactory$BoundField.class;IN_CREATE
2026-09-04T07:38:46.169353Z;/home/runner/work/gson/gson/gson/target/classes/com/google/gson/internal/bind;ReflectiveTypeAdapterFactory$Adapter.class;IN_CREATE
2026-09-04T07:38:46.170290Z;/home/runner/work/gson/gson/gson/target/classes/com/google/gson/internal/bind;ReflectiveTypeAdapterFactory$FieldReflectionAdapter.class;IN_CREATE
2026-09-04T07:38:46.171288Z;/home/runner/work/gson/gson/gson/target/classes/com/google/gson/internal/bind;ReflectiveTypeAdapterFactory$RecordAdapter.class;IN_CREATE
2026-09-04T07:38:46.173344Z;/home/runner/work/gson/gson/gson/target/classes/com/google/gson/internal/bind;ReflectiveTypeAdapterFactory.class;IN_CREATE
2026-09-04T07:38:46.181423Z;/home/runner/work/gson/gson/gson/target/classes/com/google/gson/internal/bind;TreeTypeAdapter$SingleTypeFactory.class;IN_CREATE
2026-09-04T07:38:46.181906Z;/home/runner/work/gson/gson/gson/target/classes/com/google/gson/internal/bind;TreeTypeAdapter$GsonContextImpl.class;IN_CREATE
2026-09-04T07:38:46.182308Z;/home/runner/work/gson/gson/gson/target/classes/com/google/gson/internal/bind;TreeTypeAdapter$1.class;IN_CREATE
2026-09-04T07:38:46.182862Z;/home/runner/work/gson/gson/gson/target/classes/com/google/gson/internal/bind;TreeTypeAdapter.class;IN_CREATE
2026-09-04T07:38:46.186446Z;/home/runner/work/gson/gson/gson/target/classes/com/google/gson/internal/bind;TypeAdapterRuntimeTypeWrapper.class;IN_CREATE
2026-09-04T07:38:46.203419Z;/home/runner/work/gson/gson/gson/target/classes/com/google/gson/internal/bind;util;IN_CREATE,IN_ISDIR
2026-09-04T07:38:46.203983Z;/home/runner/work/gson/gson/gson/target/classes/com/google/gson/internal/bind;util;IN_ACCESS,IN_ISDIR
2026-09-04T07:38:46.216306Z;/home/runner/work/gson/gson/gson/target/classes/com/google/gson/internal;reflect;IN_CREATE,IN_ISDIR
2026-09-04T07:38:46.216783Z;/home/runner/work/gson/gson/gson/target/classes/com/google/gson/internal;reflect;IN_ACCESS,IN_ISDIR
2026-09-04T07:38:46.217584Z;/home/runner/work/gson/gson/gson/target/classes/com/google/gson/internal/reflect;ReflectionHelper$RecordSupportedHelper.class;IN_CREATE
2026-09-04T07:38:46.218719Z;/home/runner/work/gson/gson/gson/target/classes/com/google/gson/internal/reflect;ReflectionHelper$RecordNotSupportedHelper.class;IN_CREATE
2026-09-04T07:38:46.219082Z;/home/runner/work/gson/gson/gson/target/classes/com/google/gson/internal/reflect;ReflectionHelper$1.class;IN_CREATE
2026-09-04T07:38:46.220752Z;/home/runner/work/gson/gson/gson/target/classes/com/google/gson/internal/reflect;ReflectionHelper.class;IN_CREATE
2026-09-04T07:38:46.225185Z;/home/runner/work/gson/gson/gson/target/classes/com/google/gson/internal;sql;IN_CREATE,IN_ISDIR
2026-09-04T07:38:46.226348Z;/home/runner/work/gson/gson/gson/target/classes/com/google/gson/internal;sql;IN_ACCESS,IN_ISDIR
2026-09-04T07:38:46.227223Z;/home/runner/work/gson/gson/gson/target/classes/com/google/gson/internal/sql;SqlDateTypeAdapter.class;IN_CREATE
2026-09-04T07:38:46.231152Z;/home/runner/work/gson/gson/gson/target/classes/com/google/gson/internal/sql;SqlTimeTypeAdapter$1.class;IN_CREATE
2026-09-04T07:38:46.232065Z;/home/runner/work/gson/gson/gson/target/classes/com/google/gson/internal/sql;SqlTimeTypeAdapter.class;IN_CREATE
2026-09-04T07:38:46.235584Z;/home/runner/work/gson/gson/gson/target/classes/com/google/gson/internal/sql;SqlTimestampTypeAdapter$1.class;IN_CREATE
2026-09-04T07:38:46.236083Z;/home/runner/work/gson/gson/gson/target/classes/com/google/gson/internal/sql;SqlTimestampTypeAdapter.class;IN_CREATE
2026-09-04T07:38:46.241461Z;/home/runner/work/gson/gson/gson/target/classes/com/google/gson/internal/sql;SqlTypesSupport$1.class;IN_CREATE
2026-09-04T07:38:46.242363Z;/home/runner/work/gson/gson/gson/target/classes/com/google/gson/internal/sql;SqlTypesSupport$2.class;IN_CREATE
2026-09-04T07:38:46.242964Z;/home/runner/work/gson/gson/gson/target/classes/com/google/gson/internal/sql;SqlTypesSupport.class;IN_CREATE
2026-09-04T07:38:46.243505Z;/home/runner/work/gson/gson/gson/target/classes/com/google/gson/internal;GsonBuildConfig.class;IN_CREATE
2026-09-04T07:38:46.245540Z;/home/runner/work/gson/gson/gson/target;classes;IN_ACCESS,IN_ISDIR
2026-09-04T07:38:46.245945Z;/home/runner/work/gson/gson/gson/target/classes;;IN_ACCESS,IN_ISDIR
2026-09-04T07:38:46.246379Z;/home/runner/work/gson/gson/gson/target;classes;IN_ACCESS,IN_ISDIR
2026-09-04T07:38:46.246747Z;/home/runner/work/gson/gson/gson/target/classes;;IN_ACCESS,IN_ISDIR
2026-09-04T07:38:46.247353Z;/home/runner/work/gson/gson/gson/target/classes;com;IN_ACCESS,IN_ISDIR
2026-09-04T07:38:46.247687Z;/home/runner/work/gson/gson/gson/target/classes/com;;IN_ACCESS,IN_ISDIR
2026-09-04T07:38:46.248010Z;/home/runner/work/gson/gson/gson/target/classes;com;IN_ACCESS,IN_ISDIR
2026-09-04T07:38:46.248339Z;/home/runner/work/gson/gson/gson/target/classes/com;;IN_ACCESS,IN_ISDIR
2026-09-04T07:38:46.248636Z;/home/runner/work/gson/gson/gson/target/classes/com;google;IN_ACCESS,IN_ISDIR
2026-09-04T07:38:46.249483Z;/home/runner/work/gson/gson/gson/target/classes/com/google;;IN_ACCESS,IN_ISDIR
2026-09-04T07:38:46.249845Z;/home/runner/work/gson/gson/gson/target/classes/com;google;IN_ACCESS,IN_ISDIR
2026-09-04T07:38:46.250506Z;/home/runner/work/gson/gson/gson/target/classes/com/google;;IN_ACCESS,IN_ISDIR
2026-09-04T07:38:46.250835Z;/home/runner/work/gson/gson/gson/target/classes/com/google;gson;IN_ACCESS,IN_ISDIR
2026-09-04T07:38:46.251155Z;/home/runner/work/gson/gson/gson/target/classes/com/google/gson;;IN_ACCESS,IN_ISDIR
2026-09-04T07:38:46.251510Z;/home/runner/work/gson/gson/gson/target/classes/com/google;gson;IN_ACCESS,IN_ISDIR
2026-09-04T07:38:46.251837Z;/home/runner/work/gson/gson/gson/target/classes/com/google/gson;;IN_ACCESS,IN_ISDIR
2026-09-04T07:38:46.252170Z;/home/runner/work/gson/gson/gson/target/classes/com/google/gson;annotations;IN_ACCESS,IN_ISDIR
2026-09-04T07:38:46.252485Z;/home/runner/work/gson/gson/gson/target/classes/com/google/gson/annotations;;IN_ACCESS,IN_ISDIR
2026-09-04T07:38:46.255863Z;/home/runner/work/gson/gson/gson/target/classes/com/google/gson;annotations;IN_ACCESS,IN_ISDIR
2026-09-04T07:38:46.256201Z;/home/runner/work/gson/gson/gson/target/classes/com/google/gson/annotations;;IN_ACCESS,IN_ISDIR
2026-09-04T07:38:46.256508Z;/home/runner/work/gson/gson/gson/target/classes/com/google/gson;internal;IN_ACCESS,IN_ISDIR
2026-09-04T07:38:46.256810Z;/home/runner/work/gson/gson/gson/target/classes/com/google/gson/internal;;IN_ACCESS,IN_ISDIR
2026-09-04T07:38:46.257816Z;/home/runner/work/gson/gson/gson/target/classes/com/google/gson;internal;IN_ACCESS,IN_ISDIR
2026-09-04T07:38:46.258143Z;/home/runner/work/gson/gson/gson/target/classes/com/google/gson/internal;;IN_ACCESS,IN_ISDIR
2026-09-04T07:38:46.258442Z;/home/runner/work/gson/gson/gson/target/classes/com/google/gson/internal;bind;IN_ACCESS,IN_ISDIR
2026-09-04T07:38:46.258755Z;/home/runner/work/gson/gson/gson/target/classes/com/google/gson/internal/bind;;IN_ACCESS,IN_ISDIR
2026-09-04T07:38:46.259055Z;/home/runner/work/gson/gson/gson/target/classes/com/google/gson/internal;bind;IN_ACCESS,IN_ISDIR
2026-09-04T07:38:46.259363Z;/home/runner/work/gson/gson/gson/target/classes/com/google/gson/internal/bind;;IN_ACCESS,IN_ISDIR
2026-09-04T07:38:46.259717Z;/home/runner/work/gson/gson/gson/target/classes/com/google/gson/internal/bind;util;IN_ACCESS,IN_ISDIR
2026-09-04T07:38:46.260050Z;/home/runner/work/gson/gson/gson/target/classes/com/google/gson/internal/bind/util;;IN_ACCESS,IN_ISDIR
2026-09-04T07:38:46.260476Z;/home/runner/work/gson/gson/gson/target/classes/com/google/gson/internal/bind;util;IN_ACCESS,IN_ISDIR
2026-09-04T07:38:46.260799Z;/home/runner/work/gson/gson/gson/target/classes/com/google/gson/internal/bind/util;;IN_ACCESS,IN_ISDIR
2026-09-04T07:38:46.261367Z;/home/runner/work/gson/gson/gson/target/classes/com/google/gson/internal;reflect;IN_ACCESS,IN_ISDIR
2026-09-04T07:38:46.261712Z;/home/runner/work/gson/gson/gson/target/classes/com/google/gson/internal/reflect;;IN_ACCESS,IN_ISDIR
2026-09-04T07:38:46.262029Z;/home/runner/work/gson/gson/gson/target/classes/com/google/gson/internal;reflect;IN_ACCESS,IN_ISDIR
2026-09-04T07:38:46.262342Z;/home/runner/work/gson/gson/gson/target/classes/com/google/gson/internal/reflect;;IN_ACCESS,IN_ISDIR
2026-09-04T07:38:46.262662Z;/home/runner/work/gson/gson/gson/target/classes/com/google/gson/internal;sql;IN_ACCESS,IN_ISDIR
2026-09-04T07:38:46.262974Z;/home/runner/work/gson/gson/gson/target/classes/com/google/gson/internal/sql;;IN_ACCESS,IN_ISDIR
2026-09-04T07:38:46.263279Z;/home/runner/work/gson/gson/gson/target/classes/com/google/gson/internal;sql;IN_ACCESS,IN_ISDIR
2026-09-04T07:38:46.263595Z;/home/runner/work/gson/gson/gson/target/classes/com/google/gson/internal/sql;;IN_ACCESS,IN_ISDIR
2026-09-04T07:38:46.263926Z;/home/runner/work/gson/gson/gson/target/classes/com/google/gson;reflect;IN_ACCESS,IN_ISDIR
2026-09-04T07:38:46.264251Z;/home/runner/work/gson/gson/gson/target/classes/com/google/gson/reflect;;IN_ACCESS,IN_ISDIR
2026-09-04T07:38:46.264549Z;/home/runner/work/gson/gson/gson/target/classes/com/google/gson;reflect;IN_ACCESS,IN_ISDIR
2026-09-04T07:38:46.264858Z;/home/runner/work/gson/gson/gson/target/classes/com/google/gson/reflect;;IN_ACCESS,IN_ISDIR
2026-09-04T07:38:46.265166Z;/home/runner/work/gson/gson/gson/target/classes/com/google/gson;stream;IN_ACCESS,IN_ISDIR
2026-09-04T07:38:46.265483Z;/home/runner/work/gson/gson/gson/target/classes/com/google/gson/stream;;IN_ACCESS,IN_ISDIR
2026-09-04T07:38:46.265804Z;/home/runner/work/gson/gson/gson/target/classes/com/google/gson;stream;IN_ACCESS,IN_ISDIR
2026-09-04T07:38:46.266164Z;/home/runner/work/gson/gson/gson/target/classes/com/google/gson/stream;;IN_ACCESS,IN_ISDIR
2026-09-04T07:38:46.266510Z;/home/runner/work/gson/gson/gson/target/classes;META-INF;IN_ACCESS,IN_ISDIR
2026-09-04T07:38:46.266854Z;/home/runner/work/gson/gson/gson/target/classes/META-INF;;IN_ACCESS,IN_ISDIR
2026-09-04T07:38:46.267191Z;/home/runner/work/gson/gson/gson/target/classes;META-INF;IN_ACCESS,IN_ISDIR
2026-09-04T07:38:46.267530Z;/home/runner/work/gson/gson/gson/target/classes/META-INF;;IN_ACCESS,IN_ISDIR
2026-09-04T07:38:46.267883Z;/home/runner/work/gson/gson/gson/target/classes/META-INF;proguard;IN_ACCESS,IN_ISDIR
2026-09-04T07:38:46.268228Z;/home/runner/work/gson/gson/gson/target/classes/META-INF/proguard;;IN_ACCESS,IN_ISDIR
2026-09-04T07:38:46.268566Z;/home/runner/work/gson/gson/gson/target/classes/META-INF;proguard;IN_ACCESS,IN_ISDIR
2026-09-04T07:38:46.268911Z;/home/runner/work/gson/gson/gson/target/classes/META-INF/proguard;;IN_ACCESS,IN_ISDIR
2026-09-04T07:38:46.269243Z;/home/runner/work/gson/gson/gson/target/maven-status/maven-compiler-plugin/compile/default-compile;createdFiles.lst;IN_CREATE
2026-09-04T07:38:47.878716Z;/home/runner/work/gson/gson/gson/target;classes;IN_ACCESS,IN_ISDIR
2026-09-04T07:38:47.881753Z;/home/runner/work/gson/gson/gson/target/classes;;IN_ACCESS,IN_ISDIR
2026-09-04T07:38:47.882997Z;/home/runner/work/gson/gson/gson/target/classes;com;IN_ACCESS,IN_ISDIR
2026-09-04T07:38:47.883401Z;/home/runner/work/gson/gson/gson/target/classes/com;;IN_ACCESS,IN_ISDIR
2026-09-04T07:38:47.883815Z;/home/runner/work/gson/gson/gson/target/classes/com;google;IN_ACCESS,IN_ISDIR
2026-09-04T07:38:47.885338Z;/home/runner/work/gson/gson/gson/target/classes/com/google;;IN_ACCESS,IN_ISDIR
2026-09-04T07:38:47.885806Z;/home/runner/work/gson/gson/gson/target/classes/com/google;gson;IN_ACCESS,IN_ISDIR
2026-09-04T07:38:47.888850Z;/home/runner/work/gson/gson/gson/target/classes/com/google/gson;;IN_ACCESS,IN_ISDIR
2026-09-04T07:38:47.889346Z;/home/runner/work/gson/gson/gson/target/classes/com/google/gson;annotations;IN_ACCESS,IN_ISDIR
2026-09-04T07:38:47.889725Z;/home/runner/work/gson/gson/gson/target/classes/com/google/gson/annotations;;IN_ACCESS,IN_ISDIR
2026-09-04T07:38:47.890063Z;/home/runner/work/gson/gson/gson/target/classes/com/google/gson;annotations;IN_ACCESS,IN_ISDIR
2026-09-04T07:38:47.890386Z;/home/runner/work/gson/gson/gson/target/classes/com/google/gson/annotations;;IN_ACCESS,IN_ISDIR
2026-09-04T07:38:47.890750Z;/home/runner/work/gson/gson/gson/target/classes/com/google/gson;internal;IN_ACCESS,IN_ISDIR
2026-09-04T07:38:47.891268Z;/home/runner/work/gson/gson/gson/target/classes/com/google/gson/internal;;IN_ACCESS,IN_ISDIR
2026-09-04T07:38:47.891605Z;/home/runner/work/gson/gson/gson/target/classes/com/google/gson/internal;bind;IN_ACCESS,IN_ISDIR
2026-09-04T07:38:47.892082Z;/home/runner/work/gson/gson/gson/target/classes/com/google/gson/internal/bind;;IN_ACCESS,IN_ISDIR
2026-09-04T07:38:47.892403Z;/home/runner/work/gson/gson/gson/target/classes/com/google/gson/internal/bind;util;IN_ACCESS,IN_ISDIR
2026-09-04T07:38:47.892783Z;/home/runner/work/gson/gson/gson/target/classes/com/google/gson/internal/bind/util;;IN_ACCESS,IN_ISDIR
2026-09-04T07:38:47.893162Z;/home/runner/work/gson/gson/gson/target/classes/com/google/gson/internal/bind;util;IN_ACCESS,IN_ISDIR
2026-09-04T07:38:47.893479Z;/home/runner/work/gson/gson/gson/target/classes/com/google/gson/internal/bind/util;;IN_ACCESS,IN_ISDIR
2026-09-04T07:38:47.893805Z;/home/runner/work/gson/gson/gson/target/classes/com/google/gson/internal;bind;IN_ACCESS,IN_ISDIR
2026-09-04T07:38:47.894118Z;/home/runner/work/gson/gson/gson/target/classes/com/google/gson/internal/bind;;IN_ACCESS,IN_ISDIR
2026-09-04T07:38:47.894422Z;/home/runner/work/gson/gson/gson/target/classes/com/google/gson/internal;reflect;IN_ACCESS,IN_ISDIR
2026-09-04T07:38:47.894743Z;/home/runner/work/gson/gson/gson/target/classes/com/google/gson/internal/reflect;;IN_ACCESS,IN_ISDIR
2026-09-04T07:38:47.895068Z;/home/runner/work/gson/gson/gson/target/classes/com/google/gson/internal;reflect;IN_ACCESS,IN_ISDIR
2026-09-04T07:38:47.895389Z;/home/runner/work/gson/gson/gson/target/classes/com/google/gson/internal/reflect;;IN_ACCESS,IN_ISDIR
2026-09-04T07:38:47.895717Z;/home/runner/work/gson/gson/gson/target/classes/com/google/gson/internal;sql;IN_ACCESS,IN_ISDIR
2026-09-04T07:38:47.896048Z;/home/runner/work/gson/gson/gson/target/classes/com/google/gson/internal/sql;;IN_ACCESS,IN_ISDIR
2026-09-04T07:38:47.896370Z;/home/runner/work/gson/gson/gson/target/classes/com/google/gson/internal;sql;IN_ACCESS,IN_ISDIR
2026-09-04T07:38:47.896713Z;/home/runner/work/gson/gson/gson/target/classes/com/google/gson/internal/sql;;IN_ACCESS,IN_ISDIR
2026-09-04T07:38:47.897039Z;/home/runner/work/gson/gson/gson/target/classes/com/google/gson;internal;IN_ACCESS,IN_ISDIR
2026-09-04T07:38:47.897372Z;/home/runner/work/gson/gson/gson/target/classes/com/google/gson/internal;;IN_ACCESS,IN_ISDIR
2026-09-04T07:38:47.899921Z;/home/runner/work/gson/gson/gson/target/classes/com/google/gson;reflect;IN_ACCESS,IN_ISDIR
2026-09-04T07:38:47.900418Z;/home/runner/work/gson/gson/gson/target/classes/com/google/gson/reflect;;IN_ACCESS,IN_ISDIR
2026-09-04T07:38:47.900860Z;/home/runner/work/gson/gson/gson/target/classes/com/google/gson;reflect;IN_ACCESS,IN_ISDIR
2026-09-04T07:38:47.901192Z;/home/runner/work/gson/gson/gson/target/classes/com/google/gson/reflect;;IN_ACCESS,IN_ISDIR
2026-09-04T07:38:47.901558Z;/home/runner/work/gson/gson/gson/target/classes/com/google/gson;stream;IN_ACCESS,IN_ISDIR
2026-09-04T07:38:47.901905Z;/home/runner/work/gson/gson/gson/target/classes/com/google/gson/stream;;IN_ACCESS,IN_ISDIR
2026-09-04T07:38:47.902238Z;/home/runner/work/gson/gson/gson/target/classes/com/google/gson;stream;IN_ACCESS,IN_ISDIR
2026-09-04T07:38:47.902576Z;/home/runner/work/gson/gson/gson/target/classes/com/google/gson/stream;;IN_ACCESS,IN_ISDIR
2026-09-04T07:38:47.902925Z;/home/runner/work/gson/gson/gson/target/classes/com/google;gson;IN_ACCESS,IN_ISDIR
2026-09-04T07:38:47.903261Z;/home/runner/work/gson/gson/gson/target/classes/com/google/gson;;IN_ACCESS,IN_ISDIR
2026-09-04T07:38:47.903724Z;/home/runner/work/gson/gson/gson/target/classes/com;google;IN_ACCESS,IN_ISDIR
2026-09-04T07:38:47.904084Z;/home/runner/work/gson/gson/gson/target/classes/com/google;;IN_ACCESS,IN_ISDIR
2026-09-04T07:38:47.904427Z;/home/runner/work/gson/gson/gson/target/classes;com;IN_ACCESS,IN_ISDIR
2026-09-04T07:38:47.904779Z;/home/runner/work/gson/gson/gson/target/classes/com;;IN_ACCESS,IN_ISDIR
2026-09-04T07:38:47.905117Z;/home/runner/work/gson/gson/gson/target/classes;META-INF;IN_ACCESS,IN_ISDIR
2026-09-04T07:38:47.905459Z;/home/runner/work/gson/gson/gson/target/classes/META-INF;;IN_ACCESS,IN_ISDIR
2026-09-04T07:38:47.905802Z;/home/runner/work/gson/gson/gson/target/classes/META-INF;proguard;IN_ACCESS,IN_ISDIR
2026-09-04T07:38:47.906127Z;/home/runner/work/gson/gson/gson/target/classes/META-INF/proguard;;IN_ACCESS,IN_ISDIR
2026-09-04T07:38:47.906445Z;/home/runner/work/gson/gson/gson/target/classes/META-INF;proguard;IN_ACCESS,IN_ISDIR
2026-09-04T07:38:47.906792Z;/home/runner/work/gson/gson/gson/target/classes/META-INF/proguard;;IN_ACCESS,IN_ISDIR
2026-09-04T07:38:47.907113Z;/home/runner/work/gson/gson/gson/target/classes;META-INF;IN_ACCESS,IN_ISDIR
2026-09-04T07:38:47.907430Z;/home/runner/work/gson/gson/gson/target/classes/META-INF;;IN_ACCESS,IN_ISDIR
2026-09-04T07:38:47.907805Z;/home/runner/work/gson/gson/gson/target;classes;IN_ACCESS,IN_ISDIR
2026-09-04T07:38:47.908133Z;/home/runner/work/gson/gson/gson/target/classes;;IN_ACCESS,IN_ISDIR
2026-09-04T07:38:47.908483Z;/home/runner/work/gson/gson/gson/target;classes;IN_ACCESS,IN_ISDIR
2026-09-04T07:38:47.908843Z;/home/runner/work/gson/gson/gson/target/classes;;IN_ACCESS,IN_ISDIR
2026-09-04T07:38:47.909180Z;/home/runner/work/gson/gson/gson/target/classes;com;IN_ACCESS,IN_ISDIR
2026-09-04T07:38:47.909503Z;/home/runner/work/gson/gson/gson/target/classes/com;;IN_ACCESS,IN_ISDIR
2026-09-04T07:38:47.910630Z;/home/runner/work/gson/gson/gson/target/classes/com;google;IN_ACCESS,IN_ISDIR
2026-09-04T07:38:47.910970Z;/home/runner/work/gson/gson/gson/target/classes/com/google;;IN_ACCESS,IN_ISDIR
2026-09-04T07:38:47.911451Z;/home/runner/work/gson/gson/gson/target/classes/com/google;gson;IN_ACCESS,IN_ISDIR
2026-09-04T07:38:47.911814Z;/home/runner/work/gson/gson/gson/target/classes/com/google/gson;;IN_ACCESS,IN_ISDIR
2026-09-04T07:38:47.912172Z;/home/runner/work/gson/gson/gson/target/classes/com/google/gson;annotations;IN_ACCESS,IN_ISDIR
2026-09-04T07:38:47.912516Z;/home/runner/work/gson/gson/gson/target/classes/com/google/gson/annotations;;IN_ACCESS,IN_ISDIR
2026-09-04T07:38:47.912862Z;/home/runner/work/gson/gson/gson/target/classes/com/google/gson;annotations;IN_ACCESS,IN_ISDIR
2026-09-04T07:38:47.913210Z;/home/runner/work/gson/gson/gson/target/classes/com/google/gson/annotations;;IN_ACCESS,IN_ISDIR
2026-09-04T07:38:47.913557Z;/home/runner/work/gson/gson/gson/target/classes/com/google/gson;internal;IN_ACCESS,IN_ISDIR
2026-09-04T07:38:47.913885Z;/home/runner/work/gson/gson/gson/target/classes/com/google/gson/internal;;IN_ACCESS,IN_ISDIR
2026-09-04T07:38:47.914223Z;/home/runner/work/gson/gson/gson/target/classes/com/google/gson/internal;bind;IN_ACCESS,IN_ISDIR
2026-09-04T07:38:47.914538Z;/home/runner/work/gson/gson/gson/target/classes/com/google/gson/internal/bind;;IN_ACCESS,IN_ISDIR
2026-09-04T07:38:47.914859Z;/home/runner/work/gson/gson/gson/target/classes/com/google/gson/internal/bind;util;IN_ACCESS,IN_ISDIR
2026-09-04T07:38:47.915174Z;/home/runner/work/gson/gson/gson/target/classes/com/google/gson/internal/bind/util;;IN_ACCESS,IN_ISDIR
2026-09-04T07:38:47.916041Z;/home/runner/work/gson/gson/gson/target/classes/com/google/gson/internal/bind;util;IN_ACCESS,IN_ISDIR
2026-09-04T07:38:47.916383Z;/home/runner/work/gson/gson/gson/target/classes/com/google/gson/internal/bind/util;;IN_ACCESS,IN_ISDIR
2026-09-04T07:38:47.916719Z;/home/runner/work/gson/gson/gson/target/classes/com/google/gson/internal;bind;IN_ACCESS,IN_ISDIR
2026-09-04T07:38:47.917055Z;/home/runner/work/gson/gson/gson/target/classes/com/google/gson/internal/bind;;IN_ACCESS,IN_ISDIR
2026-09-04T07:38:47.917495Z;/home/runner/work/gson/gson/gson/target/classes/com/google/gson/internal;reflect;IN_ACCESS,IN_ISDIR
2026-09-04T07:38:47.917925Z;/home/runner/work/gson/gson/gson/target/classes/com/google/gson/internal/reflect;;IN_ACCESS,IN_ISDIR
2026-09-04T07:38:47.918282Z;/home/runner/work/gson/gson/gson/target/classes/com/google/gson/internal;reflect;IN_ACCESS,IN_ISDIR
2026-09-04T07:38:47.918644Z;/home/runner/work/gson/gson/gson/target/classes/com/google/gson/internal/reflect;;IN_ACCESS,IN_ISDIR
2026-09-04T07:38:47.919000Z;/home/runner/work/gson/gson/gson/target/classes/com/google/gson/internal;sql;IN_ACCESS,IN_ISDIR
2026-09-04T07:38:47.919355Z;/home/runner/work/gson/gson/gson/target/classes/com/google/gson/internal/sql;;IN_ACCESS,IN_ISDIR
2026-09-04T07:38:47.919706Z;/home/runner/work/gson/gson/gson/target/classes/com/google/gson/internal;sql;IN_ACCESS,IN_ISDIR
2026-09-04T07:38:47.920029Z;/home/runner/work/gson/gson/gson/target/classes/com/google/gson/internal/sql;;IN_ACCESS,IN_ISDIR
2026-09-04T07:38:47.920388Z;/home/runner/work/gson/gson/gson/target/classes/com/google/gson;internal;IN_ACCESS,IN_ISDIR
2026-09-04T07:38:47.920802Z;/home/runner/work/gson/gson/gson/target/classes/com/google/gson/internal;;IN_ACCESS,IN_ISDIR
2026-09-04T07:38:47.921187Z;/home/runner/work/gson/gson/gson/target/classes/com/google/gson;reflect;IN_ACCESS,IN_ISDIR
2026-09-04T07:38:47.921563Z;/home/runner/work/gson/gson/gson/target/classes/com/google/gson/reflect;;IN_ACCESS,IN_ISDIR
2026-09-04T07:38:47.921922Z;/home/runner/work/gson/gson/gson/target/classes/com/google/gson;reflect;IN_ACCESS,IN_ISDIR
2026-09-04T07:38:47.922287Z;/home/runner/work/gson/gson/gson/target/classes/com/google/gson/reflect;;IN_ACCESS,IN_ISDIR
2026-09-04T07:38:47.922652Z;/home/runner/work/gson/gson/gson/target/classes/com/google/gson;stream;IN_ACCESS,IN_ISDIR
2026-09-04T07:38:47.923001Z;/home/runner/work/gson/gson/gson/target/classes/com/google/gson/stream;;IN_ACCESS,IN_ISDIR
2026-09-04T07:38:47.923354Z;/home/runner/work/gson/gson/gson/target/classes/com/google/gson;stream;IN_ACCESS,IN_ISDIR
2026-09-04T07:38:47.923727Z;/home/runner/work/gson/gson/gson/target/classes/com/google/gson/stream;;IN_ACCESS,IN_ISDIR
2026-09-04T07:38:47.924109Z;/home/runner/work/gson/gson/gson/target/classes/com/google;gson;IN_ACCESS,IN_ISDIR
2026-09-04T07:38:47.924437Z;/home/runner/work/gson/gson/gson/target/classes/com/google/gson;;IN_ACCESS,IN_ISDIR
2026-09-04T07:38:47.924778Z;/home/runner/work/gson/gson/gson/target/classes/com;google;IN_ACCESS,IN_ISDIR
2026-09-04T07:38:47.925106Z;/home/runner/work/gson/gson/gson/target/classes/com/google;;IN_ACCESS,IN_ISDIR
2026-09-04T07:38:47.925422Z;/home/runner/work/gson/gson/gson/target/classes;com;IN_ACCESS,IN_ISDIR
2026-09-04T07:38:47.925749Z;/home/runner/work/gson/gson/gson/target/classes/com;;IN_ACCESS,IN_ISDIR
2026-09-04T07:38:47.926074Z;/home/runner/work/gson/gson/gson/target/classes;META-INF;IN_ACCESS,IN_ISDIR
2026-09-04T07:38:47.926398Z;/home/runner/work/gson/gson/gson/target/classes/META-INF;;IN_ACCESS,IN_ISDIR
2026-09-04T07:38:47.926727Z;/home/runner/work/gson/gson/gson/target/classes/META-INF;proguard;IN_ACCESS,IN_ISDIR
2026-09-04T07:38:47.927038Z;/home/runner/work/gson/gson/gson/target/classes/META-INF/proguard;;IN_ACCESS,IN_ISDIR
2026-09-04T07:38:47.927353Z;/home/runner/work/gson/gson/gson/target/classes/META-INF;proguard;IN_ACCESS,IN_ISDIR
2026-09-04T07:38:47.930732Z;/home/runner/work/gson/gson/gson/target/classes/META-INF/proguard;;IN_ACCESS,IN_ISDIR
2026-09-04T07:38:47.931536Z;/home/runner/work/gson/gson/gson/target/classes;META-INF;IN_ACCESS,IN_ISDIR
2026-09-04T07:38:47.931940Z;/home/runner/work/gson/gson/gson/target/classes/META-INF;;IN_ACCESS,IN_ISDIR
2026-09-04T07:38:47.932303Z;/home/runner/work/gson/gson/gson/target;classes;IN_ACCESS,IN_ISDIR
2026-09-04T07:38:47.932650Z;/home/runner/work/gson/gson/gson/target/classes;;IN_ACCESS,IN_ISDIR
2026-09-04T07:38:47.938468Z;/home/runner/work/gson/gson/gson/target/classes/com/google/gson;package-info.class;IN_ACCESS
2026-09-04T07:38:47.947970Z;/home/runner/work/gson/gson/gson/target/classes/com/google/gson;ExclusionStrategy.class;IN_ACCESS
2026-09-04T07:38:47.954015Z;/home/runner/work/gson/gson/gson/target/classes/com/google/gson;FieldAttributes.class;IN_ACCESS
2026-09-04T07:38:47.961182Z;/home/runner/work/gson/gson/gson/target/classes/com/google/gson;FieldNamingPolicy$1.class;IN_ACCESS
2026-09-04T07:38:47.962461Z;/home/runner/work/gson/gson/gson/target/classes/com/google/gson;FieldNamingPolicy$2.class;IN_ACCESS
2026-09-04T07:38:47.962952Z;/home/runner/work/gson/gson/gson/target/classes/com/google/gson;FieldNamingPolicy$3.class;IN_ACCESS
2026-09-04T07:38:47.963424Z;/home/runner/work/gson/gson/gson/target/classes/com/google/gson;FieldNamingPolicy$4.class;IN_ACCESS
2026-09-04T07:38:47.964643Z;/home/runner/work/gson/gson/gson/target/classes/com/google/gson;FieldNamingPolicy$5.class;IN_ACCESS
2026-09-04T07:38:47.964968Z;/home/runner/work/gson/gson/gson/target/classes/com/google/gson;FieldNamingPolicy$6.class;IN_ACCESS
2026-09-04T07:38:47.965312Z;/home/runner/work/gson/gson/gson/target/classes/com/google/gson;FieldNamingPolicy$7.class;IN_ACCESS
2026-09-04T07:38:47.965641Z;/home/runner/work/gson/gson/gson/target/classes/com/google/gson;FieldNamingPolicy.class;IN_ACCESS
2026-09-04T07:38:47.969748Z;/home/runner/work/gson/gson/gson/target/classes/com/google/gson;FieldNamingStrategy.class;IN_ACCESS
2026-09-04T07:38:47.970119Z;/home/runner/work/gson/gson/gson/target/classes/com/google/gson;FormattingStyle.class;IN_ACCESS
2026-09-04T07:38:47.970452Z;/home/runner/work/gson/gson/gson/target/classes/com/google/gson;Gson$FutureTypeAdapter.class;IN_ACCESS
2026-09-04T07:38:47.971167Z;/home/runner/work/gson/gson/gson/target/classes/com/google/gson;Gson.class;IN_ACCESS
2026-09-04T07:38:47.978649Z;/home/runner/work/gson/gson/gson/target/classes/com/google/gson;GsonBuilder.class;IN_ACCESS
2026-09-04T07:38:47.983799Z;/home/runner/work/gson/gson/gson/target/classes/com/google/gson;InstanceCreator.class;IN_ACCESS
2026-09-04T07:38:47.984184Z;/home/runner/work/gson/gson/gson/target/classes/com/google/gson;JsonArray.class;IN_ACCESS
2026-09-04T07:38:47.985440Z;/home/runner/work/gson/gson/gson/target/classes/com/google/gson;JsonDeserializationContext.class;IN_ACCESS
2026-09-04T07:38:47.986829Z;/home/runner/work/gson/gson/gson/target/classes/com/google/gson;JsonDeserializer.class;IN_ACCESS
2026-09-04T07:38:47.987154Z;/home/runner/work/gson/gson/gson/target/classes/com/google/gson;JsonElement.class;IN_ACCESS
2026-09-04T07:38:47.987462Z;/home/runner/work/gson/gson/gson/target/classes/com/google/gson;JsonIOException.class;IN_ACCESS
2026-09-04T07:38:47.987820Z;/home/runner/work/gson/gson/gson/target/classes/com/google/gson;JsonNull.class;IN_ACCESS
2026-09-04T07:38:47.988153Z;/home/runner/work/gson/gson/gson/target/classes/com/google/gson;JsonObject.class;IN_ACCESS
2026-09-04T07:38:47.989250Z;/home/runner/work/gson/gson/gson/target/classes/com/google/gson;JsonParseException.class;IN_ACCESS
2026-09-04T07:38:47.989613Z;/home/runner/work/gson/gson/gson/target/classes/com/google/gson;JsonParser.class;IN_ACCESS
2026-09-04T07:38:47.991624Z;/home/runner/work/gson/gson/gson/target/classes/com/google/gson;JsonPrimitive.class;IN_ACCESS
2026-09-04T07:38:47.991961Z;/home/runner/work/gson/gson/gson/target/classes/com/google/gson;JsonSerializationContext.class;IN_ACCESS
2026-09-04T07:38:47.992333Z;/home/runner/work/gson/gson/gson/target/classes/com/google/gson;JsonSerializer.class;IN_ACCESS
2026-09-04T07:38:47.995117Z;/home/runner/work/gson/gson/gson/target/classes/com/google/gson;JsonStreamParser.class;IN_ACCESS
2026-09-04T07:38:47.995638Z;/home/runner/work/gson/gson/gson/target/classes/com/google/gson;JsonSyntaxException.class;IN_ACCESS
2026-09-04T07:38:47.995978Z;/home/runner/work/gson/gson/gson/target/classes/com/google/gson;LongSerializationPolicy$1.class;IN_ACCESS
2026-09-04T07:38:47.996335Z;/home/runner/work/gson/gson/gson/target/classes/com/google/gson;LongSerializationPolicy$2.class;IN_ACCESS
2026-09-04T07:38:47.998853Z;/home/runner/work/gson/gson/gson/target/classes/com/google/gson;LongSerializationPolicy.class;IN_ACCESS
2026-09-04T07:38:47.999345Z;/home/runner/work/gson/gson/gson/target/classes/com/google/gson;ReflectionAccessFilter$1.class;IN_ACCESS
2026-09-04T07:38:47.999717Z;/home/runner/work/gson/gson/gson/target/classes/com/google/gson;ReflectionAccessFilter$2.class;IN_ACCESS
2026-09-04T07:38:48.000052Z;/home/runner/work/gson/gson/gson/target/classes/com/google/gson;ReflectionAccessFilter$3.class;IN_ACCESS
2026-09-04T07:38:48.000393Z;/home/runner/work/gson/gson/gson/target/classes/com/google/gson;ReflectionAccessFilter$4.class;IN_ACCESS
2026-09-04T07:38:48.000705Z;/home/runner/work/gson/gson/gson/target/classes/com/google/gson;ReflectionAccessFilter$FilterResult.class;IN_ACCESS
2026-09-04T07:38:48.001047Z;/home/runner/work/gson/gson/gson/target/classes/com/google/gson;ReflectionAccessFilter.class;IN_ACCESS
2026-09-04T07:38:48.001441Z;/home/runner/work/gson/gson/gson/target/classes/com/google/gson;Strictness.class;IN_ACCESS
2026-09-04T07:38:48.001841Z;/home/runner/work/gson/gson/gson/target/classes/com/google/gson;ToNumberPolicy$1.class;IN_ACCESS
2026-09-04T07:38:48.002195Z;/home/runner/work/gson/gson/gson/target/classes/com/google/gson;ToNumberPolicy$2.class;IN_ACCESS
2026-09-04T07:38:48.002533Z;/home/runner/work/gson/gson/gson/target/classes/com/google/gson;ToNumberPolicy$3.class;IN_ACCESS
2026-09-04T07:38:48.002854Z;/home/runner/work/gson/gson/gson/target/classes/com/google/gson;ToNumberPolicy$4.class;IN_ACCESS
2026-09-04T07:38:48.003178Z;/home/runner/work/gson/gson/gson/target/classes/com/google/gson;ToNumberPolicy.class;IN_ACCESS
2026-09-04T07:38:48.003484Z;/home/runner/work/gson/gson/gson/target/classes/com/google/gson;ToNumberStrategy.class;IN_ACCESS
2026-09-04T07:38:48.003817Z;/home/runner/work/gson/gson/gson/target/classes/com/google/gson;TypeAdapter$1.class;IN_ACCESS
2026-09-04T07:38:48.004132Z;/home/runner/work/gson/gson/gson/target/classes/com/google/gson;TypeAdapter$NullSafeTypeAdapter.class;IN_ACCESS
2026-09-04T07:38:48.004447Z;/home/runner/work/gson/gson/gson/target/classes/com/google/gson;TypeAdapter.class;IN_ACCESS
2026-09-04T07:38:48.005805Z;/home/runner/work/gson/gson/gson/target/classes/com/google/gson;TypeAdapterFactory.class;IN_ACCESS
2026-09-04T07:38:48.006111Z;/home/runner/work/gson/gson/gson/target/classes/com/google/gson/annotations;package-info.class;IN_ACCESS
2026-09-04T07:38:48.006415Z;/home/runner/work/gson/gson/gson/target/classes/com/google/gson/annotations;Expose.class;IN_ACCESS
2026-09-04T07:38:48.006909Z;/home/runner/work/gson/gson/gson/target/classes/com/google/gson/annotations;JsonAdapter.class;IN_ACCESS
2026-09-04T07:38:48.007242Z;/home/runner/work/gson/gson/gson/target/classes/com/google/gson/annotations;SerializedName.class;IN_ACCESS
2026-09-04T07:38:48.007549Z;/home/runner/work/gson/gson/gson/target/classes/com/google/gson/annotations;Since.class;IN_ACCESS
2026-09-04T07:38:48.007892Z;/home/runner/work/gson/gson/gson/target/classes/com/google/gson/annotations;Until.class;IN_ACCESS
2026-09-04T07:38:48.008230Z;/home/runner/work/gson/gson/gson/target/classes/com/google/gson/internal;package-info.class;IN_ACCESS
2026-09-04T07:38:48.008589Z;/home/runner/work/gson/gson/gson/target/classes/com/google/gson/internal;ConstructorConstructor$InstanceCreatorConstructor.class;IN_ACCESS
2026-09-04T07:38:48.008889Z;/home/runner/work/gson/gson/gson/target/classes/com/google/gson/internal;ConstructorConstructor$ThrowingObjectConstructor.class;IN_ACCESS
2026-09-04T07:38:48.009360Z;/home/runner/work/gson/gson/gson/target/classes/com/google/gson/internal;ConstructorConstructor.class;IN_ACCESS
2026-09-04T07:38:48.009724Z;/home/runner/work/gson/gson/gson/target/classes/com/google/gson/internal;Excluder$1.class;IN_ACCESS
2026-09-04T07:38:48.010793Z;/home/runner/work/gson/gson/gson/target/classes/com/google/gson/internal;Excluder.class;IN_ACCESS
2026-09-04T07:38:48.011107Z;/home/runner/work/gson/gson/gson/target/classes/com/google/gson/internal;GsonBuildConfig.class;IN_ACCESS
2026-09-04T07:38:48.013848Z;/home/runner/work/gson/gson/gson/target/classes/com/google/gson/internal;GsonTypes$GenericArrayTypeImpl.class;IN_ACCESS
2026-09-04T07:38:48.014339Z;/home/runner/work/gson/gson/gson/target/classes/com/google/gson/internal;GsonTypes$ParameterizedTypeImpl.class;IN_ACCESS
2026-09-04T07:38:48.014893Z;/home/runner/work/gson/gson/gson/target/classes/com/google/gson/internal;GsonTypes$WildcardTypeImpl.class;IN_ACCESS
2026-09-04T07:38:48.016156Z;/home/runner/work/gson/gson/gson/target/classes/com/google/gson/internal;GsonTypes.class;IN_ACCESS
2026-09-04T07:38:48.016532Z;/home/runner/work/gson/gson/gson/target/classes/com/google/gson/internal;JavaVersion.class;IN_ACCESS
2026-09-04T07:38:48.016865Z;/home/runner/work/gson/gson/gson/target/classes/com/google/gson/internal;JsonReaderInternalAccess.class;IN_ACCESS
2026-09-04T07:38:48.017193Z;/home/runner/work/gson/gson/gson/target/classes/com/google/gson/internal;LazilyParsedNumber.class;IN_ACCESS
2026-09-04T07:38:48.017716Z;/home/runner/work/gson/gson/gson/target/classes/com/google/gson/internal;LinkedTreeMap$EntrySet$1.class;IN_ACCESS
2026-09-04T07:38:48.020839Z;/home/runner/work/gson/gson/gson/target/classes/com/google/gson/internal;LinkedTreeMap$EntrySet.class;IN_ACCESS
2026-09-04T07:38:48.021174Z;/home/runner/work/gson/gson/gson/target/classes/com/google/gson/internal;LinkedTreeMap$KeySet$1.class;IN_ACCESS
2026-09-04T07:38:48.021500Z;/home/runner/work/gson/gson/gson/target/classes/com/google/gson/internal;LinkedTreeMap$KeySet.class;IN_ACCESS
2026-09-04T07:38:48.021818Z;/home/runner/work/gson/gson/gson/target/classes/com/google/gson/internal;LinkedTreeMap$LinkedTreeMapIterator.class;IN_ACCESS
2026-09-04T07:38:48.022139Z;/home/runner/work/gson/gson/gson/target/classes/com/google/gson/internal;LinkedTreeMap$Node.class;IN_ACCESS
2026-09-04T07:38:48.022457Z;/home/runner/work/gson/gson/gson/target/classes/com/google/gson/internal;LinkedTreeMap.class;IN_ACCESS
2026-09-04T07:38:48.022835Z;/home/runner/work/gson/gson/gson/target/classes/com/google/gson/internal;NonNullElementWrapperList.class;IN_ACCESS
2026-09-04T07:38:48.023142Z;/home/runner/work/gson/gson/gson/target/classes/com/google/gson/internal;NumberLimits.class;IN_ACCESS
2026-09-04T07:38:48.023448Z;/home/runner/work/gson/gson/gson/target/classes/com/google/gson/internal;ObjectConstructor.class;IN_ACCESS
2026-09-04T07:38:48.023785Z;/home/runner/work/gson/gson/gson/target/classes/com/google/gson/internal;PreJava9DateFormatProvider.class;IN_ACCESS
2026-09-04T07:38:48.024096Z;/home/runner/work/gson/gson/gson/target/classes/com/google/gson/internal;Primitives.class;IN_ACCESS
2026-09-04T07:38:48.024616Z;/home/runner/work/gson/gson/gson/target/classes/com/google/gson/internal;ReflectionAccessFilterHelper$1.class;IN_ACCESS
2026-09-04T07:38:48.025027Z;/home/runner/work/gson/gson/gson/target/classes/com/google/gson/internal;ReflectionAccessFilterHelper$AccessChecker$1.class;IN_ACCESS
2026-09-04T07:38:48.025376Z;/home/runner/work/gson/gson/gson/target/classes/com/google/gson/internal;ReflectionAccessFilterHelper$AccessChecker$2.class;IN_ACCESS
2026-09-04T07:38:48.025697Z;/home/runner/work/gson/gson/gson/target/classes/com/google/gson/internal;ReflectionAccessFilterHelper$AccessChecker.class;IN_ACCESS
2026-09-04T07:38:48.026009Z;/home/runner/work/gson/gson/gson/target/classes/com/google/gson/internal;ReflectionAccessFilterHelper.class;IN_ACCESS
2026-09-04T07:38:48.026313Z;/home/runner/work/gson/gson/gson/target/classes/com/google/gson/internal;Streams$1.class;IN_ACCESS
2026-09-04T07:38:48.026628Z;/home/runner/work/gson/gson/gson/target/classes/com/google/gson/internal;Streams$AppendableWriter$CurrentWrite.class;IN_ACCESS
2026-09-04T07:38:48.026941Z;/home/runner/work/gson/gson/gson/target/classes/com/google/gson/internal;Streams$AppendableWriter.class;IN_ACCESS
2026-09-04T07:38:48.027269Z;/home/runner/work/gson/gson/gson/target/classes/com/google/gson/internal;Streams.class;IN_ACCESS
2026-09-04T07:38:48.027636Z;/home/runner/work/gson/gson/gson/target/classes/com/google/gson/internal;TroubleshootingGuide.class;IN_ACCESS
2026-09-04T07:38:48.028101Z;/home/runner/work/gson/gson/gson/target/classes/com/google/gson/internal;UnsafeAllocator$1.class;IN_ACCESS
2026-09-04T07:38:48.031650Z;/home/runner/work/gson/gson/gson/target/classes/com/google/gson/internal;UnsafeAllocator$2.class;IN_ACCESS
2026-09-04T07:38:48.034088Z;/home/runner/work/gson/gson/gson/target/classes/com/google/gson/internal;UnsafeAllocator$3.class;IN_ACCESS
2026-09-04T07:38:48.034500Z;/home/runner/work/gson/gson/gson/target/classes/com/google/gson/internal;UnsafeAllocator$4.class;IN_ACCESS
2026-09-04T07:38:48.034831Z;/home/runner/work/gson/gson/gson/target/classes/com/google/gson/internal;UnsafeAllocator.class;IN_ACCESS
2026-09-04T07:38:48.035157Z;/home/runner/work/gson/gson/gson/target/classes/com/google/gson/internal/bind;ArrayTypeAdapter$1.class;IN_ACCESS
2026-09-04T07:38:48.036813Z;/home/runner/work/gson/gson/gson/target/classes/com/google/gson/internal/bind;ArrayTypeAdapter.class;IN_ACCESS
2026-09-04T07:38:48.037142Z;/home/runner/work/gson/gson/gson/target/classes/com/google/gson/internal/bind;CollectionTypeAdapterFactory$Adapter.class;IN_ACCESS
2026-09-04T07:38:48.037465Z;/home/runner/work/gson/gson/gson/target/classes/com/google/gson/internal/bind;CollectionTypeAdapterFactory.class;IN_ACCESS
2026-09-04T07:38:48.040628Z;/home/runner/work/gson/gson/gson/target/classes/com/google/gson/internal/bind;DefaultDateTypeAdapter$1.class;IN_ACCESS
2026-09-04T07:38:48.041843Z;/home/runner/work/gson/gson/gson/target/classes/com/google/gson/internal/bind;DefaultDateTypeAdapter$DateType$1.class;IN_ACCESS
2026-09-04T07:38:48.042166Z;/home/runner/work/gson/gson/gson/target/classes/com/google/gson/internal/bind;DefaultDateTypeAdapter$DateType.class;IN_ACCESS
2026-09-04T07:38:48.042501Z;/home/runner/work/gson/gson/gson/target/classes/com/google/gson/internal/bind;DefaultDateTypeAdapter.class;IN_ACCESS
2026-09-04T07:38:48.042814Z;/home/runner/work/gson/gson/gson/target/classes/com/google/gson/internal/bind;EnumTypeAdapter$1.class;IN_ACCESS
2026-09-04T07:38:48.043126Z;/home/runner/work/gson/gson/gson/target/classes/com/google/gson/internal/bind;EnumTypeAdapter.class;IN_ACCESS
2026-09-04T07:38:48.043450Z;/home/runner/work/gson/gson/gson/target/classes/com/google/gson/internal/bind;IgnoreJRERequirement.class;IN_ACCESS
2026-09-04T07:38:48.043774Z;/home/runner/work/gson/gson/gson/target/classes/com/google/gson/internal/bind;JavaTimeTypeAdapters$1.class;IN_ACCESS
2026-09-04T07:38:48.044090Z;/home/runner/work/gson/gson/gson/target/classes/com/google/gson/internal/bind;JavaTimeTypeAdapters$10.class;IN_ACCESS
2026-09-04T07:38:48.044395Z;/home/runner/work/gson/gson/gson/target/classes/com/google/gson/internal/bind;JavaTimeTypeAdapters$11.class;IN_ACCESS
2026-09-04T07:38:48.044747Z;/home/runner/work/gson/gson/gson/target/classes/com/google/gson/internal/bind;JavaTimeTypeAdapters$12.class;IN_ACCESS
2026-09-04T07:38:48.045065Z;/home/runner/work/gson/gson/gson/target/classes/com/google/gson/internal/bind;JavaTimeTypeAdapters$13.class;IN_ACCESS
2026-09-04T07:38:48.045413Z;/home/runner/work/gson/gson/gson/target/classes/com/google/gson/internal/bind;JavaTimeTypeAdapters$14.class;IN_ACCESS
2026-09-04T07:38:48.045733Z;/home/runner/work/gson/gson/gson/target/classes/com/google/gson/internal/bind;JavaTimeTypeAdapters$2.class;IN_ACCESS
2026-09-04T07:38:48.046193Z;/home/runner/work/gson/gson/gson/target/classes/com/google/gson/internal/bind;JavaTimeTypeAdapters$3.class;IN_ACCESS
2026-09-04T07:38:48.047844Z;/home/runner/work/gson/gson/gson/target/classes/com/google/gson/internal/bind;JavaTimeTypeAdapters$4.class;IN_ACCESS
2026-09-04T07:38:48.048160Z;/home/runner/work/gson/gson/gson/target/classes/com/google/gson/internal/bind;JavaTimeTypeAdapters$5.class;IN_ACCESS
2026-09-04T07:38:48.048466Z;/home/runner/work/gson/gson/gson/target/classes/com/google/gson/internal/bind;JavaTimeTypeAdapters$6.class;IN_ACCESS
2026-09-04T07:38:48.048805Z;/home/runner/work/gson/gson/gson/target/classes/com/google/gson/internal/bind;JavaTimeTypeAdapters$7.class;IN_ACCESS
2026-09-04T07:38:48.049281Z;/home/runner/work/gson/gson/gson/target/classes/com/google/gson/internal/bind;JavaTimeTypeAdapters$8.class;IN_ACCESS
2026-09-04T07:38:48.049635Z;/home/runner/work/gson/gson/gson/target/classes/com/google/gson/internal/bind;JavaTimeTypeAdapters$9.class;IN_ACCESS
2026-09-04T07:38:48.050182Z;/home/runner/work/gson/gson/gson/target/classes/com/google/gson/internal/bind;JavaTimeTypeAdapters.class;IN_ACCESS
2026-09-04T07:38:48.050478Z;/home/runner/work/gson/gson/gson/target/classes/com/google/gson/internal/bind;JsonAdapterAnnotationTypeAdapterFactory$1.class;IN_ACCESS
2026-09-04T07:38:48.050807Z;/home/runner/work/gson/gson/gson/target/classes/com/google/gson/internal/bind;JsonAdapterAnnotationTypeAdapterFactory$DummyTypeAdapterFactory.class;IN_ACCESS
2026-09-04T07:38:48.051128Z;/home/runner/work/gson/gson/gson/target/classes/com/google/gson/internal/bind;JsonAdapterAnnotationTypeAdapterFactory.class;IN_ACCESS
2026-09-04T07:38:48.051436Z;/home/runner/work/gson/gson/gson/target/classes/com/google/gson/internal/bind;JsonElementTypeAdapter$1.class;IN_ACCESS
2026-09-04T07:38:48.051974Z;/home/runner/work/gson/gson/gson/target/classes/com/google/gson/internal/bind;JsonElementTypeAdapter.class;IN_ACCESS
2026-09-04T07:38:48.052278Z;/home/runner/work/gson/gson/gson/target/classes/com/google/gson/internal/bind;JsonTreeReader$1.class;IN_ACCESS
2026-09-04T07:38:48.052604Z;/home/runner/work/gson/gson/gson/target/classes/com/google/gson/internal/bind;JsonTreeReader$2.class;IN_ACCESS
2026-09-04T07:38:48.052934Z;/home/runner/work/gson/gson/gson/target/classes/com/google/gson/internal/bind;JsonTreeReader.class;IN_ACCESS
2026-09-04T07:38:48.053253Z;/home/runner/work/gson/gson/gson/target/classes/com/google/gson/internal/bind;JsonTreeWriter$1.class;IN_ACCESS
2026-09-04T07:38:48.053597Z;/home/runner/work/gson/gson/gson/target/classes/com/google/gson/internal/bind;JsonTreeWriter.class;IN_ACCESS
2026-09-04T07:38:48.053929Z;/home/runner/work/gson/gson/gson/target/classes/com/google/gson/internal/bind;MapTypeAdapterFactory$Adapter.class;IN_ACCESS
2026-09-04T07:38:48.054243Z;/home/runner/work/gson/gson/gson/target/classes/com/google/gson/internal/bind;MapTypeAdapterFactory.class;IN_ACCESS
2026-09-04T07:38:48.054609Z;/home/runner/work/gson/gson/gson/target/classes/com/google/gson/internal/bind;NumberTypeAdapter$1.class;IN_ACCESS
2026-09-04T07:38:48.054920Z;/home/runner/work/gson/gson/gson/target/classes/com/google/gson/internal/bind;NumberTypeAdapter$2.class;IN_ACCESS
2026-09-04T07:38:48.055233Z;/home/runner/work/gson/gson/gson/target/classes/com/google/gson/internal/bind;NumberTypeAdapter.class;IN_ACCESS
2026-09-04T07:38:48.055543Z;/home/runner/work/gson/gson/gson/target/classes/com/google/gson/internal/bind;ObjectTypeAdapter$1.class;IN_ACCESS
2026-09-04T07:38:48.055916Z;/home/runner/work/gson/gson/gson/target/classes/com/google/gson/internal/bind;ObjectTypeAdapter$2.class;IN_ACCESS
2026-09-04T07:38:48.056487Z;/home/runner/work/gson/gson/gson/target/classes/com/google/gson/internal/bind;ObjectTypeAdapter.class;IN_ACCESS
2026-09-04T07:38:48.057163Z;/home/runner/work/gson/gson/gson/target/classes/com/google/gson/internal/bind;ReflectiveTypeAdapterFactory$1.class;IN_ACCESS
2026-09-04T07:38:48.057642Z;/home/runner/work/gson/gson/gson/target/classes/com/google/gson/internal/bind;ReflectiveTypeAdapterFactory$2.class;IN_ACCESS
2026-09-04T07:38:48.058066Z;/home/runner/work/gson/gson/gson/target/classes/com/google/gson/internal/bind;ReflectiveTypeAdapterFactory$Adapter.class;IN_ACCESS
2026-09-04T07:38:48.058393Z;/home/runner/work/gson/gson/gson/target/classes/com/google/gson/internal/bind;ReflectiveTypeAdapterFactory$BoundField.class;IN_ACCESS
2026-09-04T07:38:48.058725Z;/home/runner/work/gson/gson/gson/target/classes/com/google/gson/internal/bind;ReflectiveTypeAdapterFactory$FieldReflectionAdapter.class;IN_ACCESS
2026-09-04T07:38:48.059051Z;/home/runner/work/gson/gson/gson/target/classes/com/google/gson/internal/bind;ReflectiveTypeAdapterFactory$FieldsData.class;IN_ACCESS
2026-09-04T07:38:48.059369Z;/home/runner/work/gson/gson/gson/target/classes/com/google/gson/internal/bind;ReflectiveTypeAdapterFactory$RecordAdapter.class;IN_ACCESS
2026-09-04T07:38:48.059717Z;/home/runner/work/gson/gson/gson/target/classes/com/google/gson/internal/bind;ReflectiveTypeAdapterFactory.class;IN_ACCESS
2026-09-04T07:38:48.060227Z;/home/runner/work/gson/gson/gson/target/classes/com/google/gson/internal/bind;SerializationDelegatingTypeAdapter.class;IN_ACCESS
2026-09-04T07:38:48.060573Z;/home/runner/work/gson/gson/gson/target/classes/com/google/gson/internal/bind;TreeTypeAdapter$1.class;IN_ACCESS
2026-09-04T07:38:48.060915Z;/home/runner/work/gson/gson/gson/target/classes/com/google/gson/internal/bind;TreeTypeAdapter$GsonContextImpl.class;IN_ACCESS
2026-09-04T07:38:48.061254Z;/home/runner/work/gson/gson/gson/target/classes/com/google/gson/internal/bind;TreeTypeAdapter$SingleTypeFactory.class;IN_ACCESS
2026-09-04T07:38:48.061595Z;/home/runner/work/gson/gson/gson/target/classes/com/google/gson/internal/bind;TreeTypeAdapter.class;IN_ACCESS
2026-09-04T07:38:48.061936Z;/home/runner/work/gson/gson/gson/target/classes/com/google/gson/internal/bind;TypeAdapterRuntimeTypeWrapper.class;IN_ACCESS
2026-09-04T07:38:48.062287Z;/home/runner/work/gson/gson/gson/target/classes/com/google/gson/internal/bind;TypeAdapters$1.class;IN_ACCESS
2026-09-04T07:38:48.062804Z;/home/runner/work/gson/gson/gson/target/classes/com/google/gson/internal/bind;TypeAdapters$10.class;IN_ACCESS
2026-09-04T07:38:48.063149Z;/home/runner/work/gson/gson/gson/target/classes/com/google/gson/internal/bind;TypeAdapters$11.class;IN_ACCESS
2026-09-04T07:38:48.063477Z;/home/runner/work/gson/gson/gson/target/classes/com/google/gson/internal/bind;TypeAdapters$12.class;IN_ACCESS
2026-09-04T07:38:48.063835Z;/home/runner/work/gson/gson/gson/target/classes/com/google/gson/internal/bind;TypeAdapters$13.class;IN_ACCESS
2026-09-04T07:38:48.064192Z;/home/runner/work/gson/gson/gson/target/classes/com/google/gson/internal/bind;TypeAdapters$14.class;IN_ACCESS
2026-09-04T07:38:48.064547Z;/home/runner/work/gson/gson/gson/target/classes/com/google/gson/internal/bind;TypeAdapters$15.class;IN_ACCESS
2026-09-04T07:38:48.064904Z;/home/runner/work/gson/gson/gson/target/classes/com/google/gson/internal/bind;TypeAdapters$16.class;IN_ACCESS
2026-09-04T07:38:48.065273Z;/home/runner/work/gson/gson/gson/target/classes/com/google/gson/internal/bind;TypeAdapters$17.class;IN_ACCESS
2026-09-04T07:38:48.068623Z;/home/runner/work/gson/gson/gson/target/classes/com/google/gson/internal/bind;TypeAdapters$18.class;IN_ACCESS
2026-09-04T07:38:48.068995Z;/home/runner/work/gson/gson/gson/target/classes/com/google/gson/internal/bind;TypeAdapters$19.class;IN_ACCESS
2026-09-04T07:38:48.069349Z;/home/runner/work/gson/gson/gson/target/classes/com/google/gson/internal/bind;TypeAdapters$2.class;IN_ACCESS
2026-09-04T07:38:48.069708Z;/home/runner/work/gson/gson/gson/target/classes/com/google/gson/internal/bind;TypeAdapters$20.class;IN_ACCESS
2026-09-04T07:38:48.071368Z;/home/runner/work/gson/gson/gson/target/classes/com/google/gson/internal/bind;TypeAdapters$21.class;IN_ACCESS
2026-09-04T07:38:48.071753Z;/home/runner/work/gson/gson/gson/target/classes/com/google/gson/internal/bind;TypeAdapters$22.class;IN_ACCESS
2026-09-04T07:38:48.072217Z;/home/runner/work/gson/gson/gson/target/classes/com/google/gson/internal/bind;TypeAdapters$23.class;IN_ACCESS
2026-09-04T07:38:48.072633Z;/home/runner/work/gson/gson/gson/target/classes/com/google/gson/internal/bind;TypeAdapters$24.class;IN_ACCESS
2026-09-04T07:38:48.072966Z;/home/runner/work/gson/gson/gson/target/classes/com/google/gson/internal/bind;TypeAdapters$25.class;IN_ACCESS
2026-09-04T07:38:48.073256Z;/home/runner/work/gson/gson/gson/target/classes/com/google/gson/internal/bind;TypeAdapters$26.class;IN_ACCESS
2026-09-04T07:38:48.073598Z;/home/runner/work/gson/gson/gson/target/classes/com/google/gson/internal/bind;TypeAdapters$27.class;IN_ACCESS
2026-09-04T07:38:48.073901Z;/home/runner/work/gson/gson/gson/target/classes/com/google/gson/internal/bind;TypeAdapters$28.class;IN_ACCESS
2026-09-04T07:38:48.074182Z;/home/runner/work/gson/gson/gson/target/classes/com/google/gson/internal/bind;TypeAdapters$29.class;IN_ACCESS
2026-09-04T07:38:48.074455Z;/home/runner/work/gson/gson/gson/target/classes/com/google/gson/internal/bind;TypeAdapters$3.class;IN_ACCESS
2026-09-04T07:38:48.074883Z;/home/runner/work/gson/gson/gson/target/classes/com/google/gson/internal/bind;TypeAdapters$30.class;IN_ACCESS
2026-09-04T07:38:48.075204Z;/home/runner/work/gson/gson/gson/target/classes/com/google/gson/internal/bind;TypeAdapters$31.class;IN_ACCESS
2026-09-04T07:38:48.075596Z;/home/runner/work/gson/gson/gson/target/classes/com/google/gson/internal/bind;TypeAdapters$32.class;IN_ACCESS
2026-09-04T07:38:48.075926Z;/home/runner/work/gson/gson/gson/target/classes/com/google/gson/internal/bind;TypeAdapters$33$1.class;IN_ACCESS
2026-09-04T07:38:48.076800Z;/home/runner/work/gson/gson/gson/target/classes/com/google/gson/internal/bind;TypeAdapters$33.class;IN_ACCESS
2026-09-04T07:38:48.077122Z;/home/runner/work/gson/gson/gson/target/classes/com/google/gson/internal/bind;TypeAdapters$34.class;IN_ACCESS
2026-09-04T07:38:48.077418Z;/home/runner/work/gson/gson/gson/target/classes/com/google/gson/internal/bind;TypeAdapters$4.class;IN_ACCESS
2026-09-04T07:38:48.077726Z;/home/runner/work/gson/gson/gson/target/classes/com/google/gson/internal/bind;TypeAdapters$5.class;IN_ACCESS
2026-09-04T07:38:48.078041Z;/home/runner/work/gson/gson/gson/target/classes/com/google/gson/internal/bind;TypeAdapters$6.class;IN_ACCESS
2026-09-04T07:38:48.078357Z;/home/runner/work/gson/gson/gson/target/classes/com/google/gson/internal/bind;TypeAdapters$7.class;IN_ACCESS
2026-09-04T07:38:48.078718Z;/home/runner/work/gson/gson/gson/target/classes/com/google/gson/internal/bind;TypeAdapters$8.class;IN_ACCESS
2026-09-04T07:38:48.079824Z;/home/runner/work/gson/gson/gson/target/classes/com/google/gson/internal/bind;TypeAdapters$9.class;IN_ACCESS
2026-09-04T07:38:48.080313Z;/home/runner/work/gson/gson/gson/target/classes/com/google/gson/internal/bind;TypeAdapters$DoubleAdapter.class;IN_ACCESS
2026-09-04T07:38:48.080612Z;/home/runner/work/gson/gson/gson/target/classes/com/google/gson/internal/bind;TypeAdapters$FactorySupplier.class;IN_ACCESS
2026-09-04T07:38:48.080908Z;/home/runner/work/gson/gson/gson/target/classes/com/google/gson/internal/bind;TypeAdapters$FloatAdapter.class;IN_ACCESS
2026-09-04T07:38:48.081190Z;/home/runner/work/gson/gson/gson/target/classes/com/google/gson/internal/bind;TypeAdapters$IntegerFieldsTypeAdapter.class;IN_ACCESS
2026-09-04T07:38:48.081640Z;/home/runner/work/gson/gson/gson/target/classes/com/google/gson/internal/bind;TypeAdapters.class;IN_ACCESS
2026-09-04T07:38:48.082713Z;/home/runner/work/gson/gson/gson/target/classes/com/google/gson/internal/bind/util;ISO8601Utils.class;IN_ACCESS
2026-09-04T07:38:48.083011Z;/home/runner/work/gson/gson/gson/target/classes/com/google/gson/internal/reflect;ReflectionHelper$1.class;IN_ACCESS
2026-09-04T07:38:48.083279Z;/home/runner/work/gson/gson/gson/target/classes/com/google/gson/internal/reflect;ReflectionHelper$RecordHelper.class;IN_ACCESS
2026-09-04T07:38:48.083756Z;/home/runner/work/gson/gson/gson/target/classes/com/google/gson/internal/reflect;ReflectionHelper$RecordNotSupportedHelper.class;IN_ACCESS
2026-09-04T07:38:48.084036Z;/home/runner/work/gson/gson/gson/target/classes/com/google/gson/internal/reflect;ReflectionHelper$RecordSupportedHelper.class;IN_ACCESS
2026-09-04T07:38:48.084328Z;/home/runner/work/gson/gson/gson/target/classes/com/google/gson/internal/reflect;ReflectionHelper.class;IN_ACCESS
2026-09-04T07:38:48.084649Z;/home/runner/work/gson/gson/gson/target/classes/com/google/gson/internal/sql;SqlDateTypeAdapter$1.class;IN_ACCESS
2026-09-04T07:38:48.084987Z;/home/runner/work/gson/gson/gson/target/classes/com/google/gson/internal/sql;SqlDateTypeAdapter.class;IN_ACCESS
2026-09-04T07:38:48.085785Z;/home/runner/work/gson/gson/gson/target/classes/com/google/gson/internal/sql;SqlTimeTypeAdapter$1.class;IN_ACCESS
2026-09-04T07:38:48.086382Z;/home/runner/work/gson/gson/gson/target/classes/com/google/gson/internal/sql;SqlTimeTypeAdapter.class;IN_ACCESS
2026-09-04T07:38:48.086698Z;/home/runner/work/gson/gson/gson/target/classes/com/google/gson/internal/sql;SqlTimestampTypeAdapter$1.class;IN_ACCESS
2026-09-04T07:38:48.087000Z;/home/runner/work/gson/gson/gson/target/classes/com/google/gson/internal/sql;SqlTimestampTypeAdapter.class;IN_ACCESS
2026-09-04T07:38:48.087385Z;/home/runner/work/gson/gson/gson/target/classes/com/google/gson/internal/sql;SqlTypesSupport$1.class;IN_ACCESS
2026-09-04T07:38:48.087712Z;/home/runner/work/gson/gson/gson/target/classes/com/google/gson/internal/sql;SqlTypesSupport$2.class;IN_ACCESS
2026-09-04T07:38:48.088488Z;/home/runner/work/gson/gson/gson/target/classes/com/google/gson/internal/sql;SqlTypesSupport.class;IN_ACCESS
2026-09-04T07:38:48.088799Z;/home/runner/work/gson/gson/gson/target/classes/com/google/gson/reflect;package-info.class;IN_ACCESS
2026-09-04T07:38:48.089093Z;/home/runner/work/gson/gson/gson/target/classes/com/google/gson/reflect;TypeToken.class;IN_ACCESS
2026-09-04T07:38:48.089384Z;/home/runner/work/gson/gson/gson/target/classes/com/google/gson/stream;package-info.class;IN_ACCESS
2026-09-04T07:38:48.089688Z;/home/runner/work/gson/gson/gson/target/classes/com/google/gson/stream;JsonReader$1.class;IN_ACCESS
2026-09-04T07:38:48.089993Z;/home/runner/work/gson/gson/gson/target/classes/com/google/gson/stream;JsonReader.class;IN_ACCESS
2026-09-04T07:38:48.090286Z;/home/runner/work/gson/gson/gson/target/classes/com/google/gson/stream;JsonScope.class;IN_ACCESS
2026-09-04T07:38:48.090634Z;/home/runner/work/gson/gson/gson/target/classes/com/google/gson/stream;JsonToken.class;IN_ACCESS
2026-09-04T07:38:48.090959Z;/home/runner/work/gson/gson/gson/target/classes/com/google/gson/stream;JsonWriter.class;IN_ACCESS
2026-09-04T07:38:48.091291Z;/home/runner/work/gson/gson/gson/target/classes/com/google/gson/stream;MalformedJsonException.class;IN_ACCESS
2026-09-04T07:38:48.257516Z;/home/runner/work/gson/gson/gson/target/classes/META-INF;MANIFEST.MF;IN_CREATE
2026-09-04T07:38:50.876310Z;/home/runner/work/gson/gson/gson/target;classes;IN_ACCESS,IN_ISDIR
2026-09-04T07:38:50.878652Z;/home/runner/work/gson/gson/gson/target/classes;;IN_ACCESS,IN_ISDIR
2026-09-04T07:38:50.885349Z;/home/runner/work/gson/gson/gson/target;classes;IN_ACCESS,IN_ISDIR
2026-09-04T07:38:50.887891Z;/home/runner/work/gson/gson/gson/target/classes;;IN_ACCESS,IN_ISDIR
2026-09-04T07:38:50.888333Z;/home/runner/work/gson/gson/gson/target/classes;com;IN_ACCESS,IN_ISDIR
2026-09-04T07:38:50.888720Z;/home/runner/work/gson/gson/gson/target/classes/com;;IN_ACCESS,IN_ISDIR
2026-09-04T07:38:50.889270Z;/home/runner/work/gson/gson/gson/target/classes;com;IN_ACCESS,IN_ISDIR
2026-09-04T07:38:50.889656Z;/home/runner/work/gson/gson/gson/target/classes/com;;IN_ACCESS,IN_ISDIR
2026-09-04T07:38:50.890435Z;/home/runner/work/gson/gson/gson/target/classes/com;google;IN_ACCESS,IN_ISDIR
2026-09-04T07:38:50.890824Z;/home/runner/work/gson/gson/gson/target/classes/com/google;;IN_ACCESS,IN_ISDIR
2026-09-04T07:38:50.891188Z;/home/runner/work/gson/gson/gson/target/classes/com;google;IN_ACCESS,IN_ISDIR
2026-09-04T07:38:50.891531Z;/home/runner/work/gson/gson/gson/target/classes/com/google;;IN_ACCESS,IN_ISDIR
2026-09-04T07:38:50.892104Z;/home/runner/work/gson/gson/gson/target/classes/com/google;gson;IN_ACCESS,IN_ISDIR
2026-09-04T07:38:50.892530Z;/home/runner/work/gson/gson/gson/target/classes/com/google/gson;;IN_ACCESS,IN_ISDIR
2026-09-04T07:38:50.892909Z;/home/runner/work/gson/gson/gson/target/classes/com/google;gson;IN_ACCESS,IN_ISDIR
2026-09-04T07:38:50.893243Z;/home/runner/work/gson/gson/gson/target/classes/com/google/gson;;IN_ACCESS,IN_ISDIR
2026-09-04T07:38:50.893558Z;/home/runner/work/gson/gson/gson/target/classes/com/google/gson;annotations;IN_ACCESS,IN_ISDIR
2026-09-04T07:38:50.894294Z;/home/runner/work/gson/gson/gson/target/classes/com/google/gson/annotations;;IN_ACCESS,IN_ISDIR
2026-09-04T07:38:50.894659Z;/home/runner/work/gson/gson/gson/target/classes/com/google/gson;annotations;IN_ACCESS,IN_ISDIR
2026-09-04T07:38:50.895032Z;/home/runner/work/gson/gson/gson/target/classes/com/google/gson/annotations;;IN_ACCESS,IN_ISDIR
2026-09-04T07:38:50.895401Z;/home/runner/work/gson/gson/gson/target/classes/com/google/gson;internal;IN_ACCESS,IN_ISDIR
2026-09-04T07:38:50.895817Z;/home/runner/work/gson/gson/gson/target/classes/com/google/gson/internal;;IN_ACCESS,IN_ISDIR
2026-09-04T07:38:50.896528Z;/home/runner/work/gson/gson/gson/target/classes/com/google/gson;internal;IN_ACCESS,IN_ISDIR
2026-09-04T07:38:50.897193Z;/home/runner/work/gson/gson/gson/target/classes/com/google/gson/internal;;IN_ACCESS,IN_ISDIR
2026-09-04T07:38:50.897646Z;/home/runner/work/gson/gson/gson/target/classes/com/google/gson/internal;bind;IN_ACCESS,IN_ISDIR
2026-09-04T07:38:50.898234Z;/home/runner/work/gson/gson/gson/target/classes/com/google/gson/internal/bind;;IN_ACCESS,IN_ISDIR
2026-09-04T07:38:50.898595Z;/home/runner/work/gson/gson/gson/target/classes/com/google/gson/internal;bind;IN_ACCESS,IN_ISDIR
2026-09-04T07:38:50.898949Z;/home/runner/work/gson/gson/gson/target/classes/com/google/gson/internal/bind;;IN_ACCESS,IN_ISDIR
2026-09-04T07:38:50.899297Z;/home/runner/work/gson/gson/gson/target/classes/com/google/gson/internal/bind;util;IN_ACCESS,IN_ISDIR
2026-09-04T07:38:50.899978Z;/home/runner/work/gson/gson/gson/target/classes/com/google/gson/internal/bind/util;;IN_ACCESS,IN_ISDIR
2026-09-04T07:38:50.900349Z;/home/runner/work/gson/gson/gson/target/classes/com/google/gson/internal/bind;util;IN_ACCESS,IN_ISDIR
2026-09-04T07:38:50.901039Z;/home/runner/work/gson/gson/gson/target/classes/com/google/gson/internal/bind/util;;IN_ACCESS,IN_ISDIR
2026-09-04T07:38:50.901436Z;/home/runner/work/gson/gson/gson/target/classes/com/google/gson/internal;reflect;IN_ACCESS,IN_ISDIR
2026-09-04T07:38:50.901815Z;/home/runner/work/gson/gson/gson/target/classes/com/google/gson/internal/reflect;;IN_ACCESS,IN_ISDIR
2026-09-04T07:38:50.902177Z;/home/runner/work/gson/gson/gson/target/classes/com/google/gson/internal;reflect;IN_ACCESS,IN_ISDIR
2026-09-04T07:38:50.902552Z;/home/runner/work/gson/gson/gson/target/classes/com/google/gson/internal/reflect;;IN_ACCESS,IN_ISDIR
2026-09-04T07:38:50.902905Z;/home/runner/work/gson/gson/gson/target/classes/com/google/gson/internal;sql;IN_ACCESS,IN_ISDIR
2026-09-04T07:38:50.903288Z;/home/runner/work/gson/gson/gson/target/classes/com/google/gson/internal/sql;;IN_ACCESS,IN_ISDIR
2026-09-04T07:38:50.903896Z;/home/runner/work/gson/gson/gson/target/classes/com/google/gson/internal;sql;IN_ACCESS,IN_ISDIR
2026-09-04T07:38:50.904268Z;/home/runner/work/gson/gson/gson/target/classes/com/google/gson/internal/sql;;IN_ACCESS,IN_ISDIR
2026-09-04T07:38:50.904638Z;/home/runner/work/gson/gson/gson/target/classes/com/google/gson;reflect;IN_ACCESS,IN_ISDIR
2026-09-04T07:38:50.905005Z;/home/runner/work/gson/gson/gson/target/classes/com/google/gson/reflect;;IN_ACCESS,IN_ISDIR
2026-09-04T07:38:50.905352Z;/home/runner/work/gson/gson/gson/target/classes/com/google/gson;reflect;IN_ACCESS,IN_ISDIR
2026-09-04T07:38:50.905736Z;/home/runner/work/gson/gson/gson/target/classes/com/google/gson/reflect;;IN_ACCESS,IN_ISDIR
2026-09-04T07:38:50.906344Z;/home/runner/work/gson/gson/gson/target/classes/com/google/gson;stream;IN_ACCESS,IN_ISDIR
2026-09-04T07:38:50.906726Z;/home/runner/work/gson/gson/gson/target/classes/com/google/gson/stream;;IN_ACCESS,IN_ISDIR
2026-09-04T07:38:50.907122Z;/home/runner/work/gson/gson/gson/target/classes/com/google/gson;stream;IN_ACCESS,IN_ISDIR
2026-09-04T07:38:50.907472Z;/home/runner/work/gson/gson/gson/target/classes/com/google/gson/stream;;IN_ACCESS,IN_ISDIR
2026-09-04T07:38:50.907831Z;/home/runner/work/gson/gson/gson/target/classes;META-INF;IN_ACCESS,IN_ISDIR
2026-09-04T07:38:50.908324Z;/home/runner/work/gson/gson/gson/target/classes/META-INF;;IN_ACCESS,IN_ISDIR
2026-09-04T07:38:50.908965Z;/home/runner/work/gson/gson/gson/target/classes;META-INF;IN_ACCESS,IN_ISDIR
2026-09-04T07:38:50.909327Z;/home/runner/work/gson/gson/gson/target/classes/META-INF;;IN_ACCESS,IN_ISDIR
2026-09-04T07:38:50.909668Z;/home/runner/work/gson/gson/gson/target/classes/META-INF;proguard;IN_ACCESS,IN_ISDIR
2026-09-04T07:38:50.910002Z;/home/runner/work/gson/gson/gson/target/classes/META-INF/proguard;;IN_ACCESS,IN_ISDIR
2026-09-04T07:38:50.910344Z;/home/runner/work/gson/gson/gson/target/classes/META-INF;proguard;IN_ACCESS,IN_ISDIR
2026-09-04T07:38:50.911032Z;/home/runner/work/gson/gson/gson/target/classes/META-INF/proguard;;IN_ACCESS,IN_ISDIR
2026-09-04T07:38:50.911517Z;/home/runner/work/gson/gson/gson/target;maven-archiver;IN_CREATE,IN_ISDIR
2026-09-04T07:38:50.911804Z;/home/runner/work/gson/gson/gson/target;maven-archiver;IN_ACCESS,IN_ISDIR
2026-09-04T07:38:50.912111Z;/home/runner/work/gson/gson/gson/target;classes;IN_ACCESS,IN_ISDIR
2026-09-04T07:38:50.912450Z;/home/runner/work/gson/gson/gson/target/classes;;IN_ACCESS,IN_ISDIR
2026-09-04T07:38:50.913643Z;/home/runner/work/gson/gson/gson/target;classes;IN_ACCESS,IN_ISDIR
2026-09-04T07:38:50.914015Z;/home/runner/work/gson/gson/gson/target/classes;;IN_ACCESS,IN_ISDIR
2026-09-04T07:38:50.914352Z;/home/runner/work/gson/gson/gson/target/classes;META-INF;IN_ACCESS,IN_ISDIR
2026-09-04T07:38:50.914715Z;/home/runner/work/gson/gson/gson/target/classes/META-INF;;IN_ACCESS,IN_ISDIR
2026-09-04T07:38:50.915051Z;/home/runner/work/gson/gson/gson/target/classes;META-INF;IN_ACCESS,IN_ISDIR
2026-09-04T07:38:50.915415Z;/home/runner/work/gson/gson/gson/target/classes/META-INF;;IN_ACCESS,IN_ISDIR
2026-09-04T07:38:50.915786Z;/home/runner/work/gson/gson/gson/target/classes/META-INF;proguard;IN_ACCESS,IN_ISDIR
2026-09-04T07:38:50.916144Z;/home/runner/work/gson/gson/gson/target/classes/META-INF/proguard;;IN_ACCESS,IN_ISDIR
2026-09-04T07:38:50.916475Z;/home/runner/work/gson/gson/gson/target/classes/META-INF;proguard;IN_ACCESS,IN_ISDIR
2026-09-04T07:38:50.917287Z;/home/runner/work/gson/gson/gson/target/classes/META-INF/proguard;;IN_ACCESS,IN_ISDIR
2026-09-04T07:38:50.917853Z;/home/runner/work/gson/gson/gson/target/classes;com;IN_ACCESS,IN_ISDIR
2026-09-04T07:38:50.918162Z;/home/runner/work/gson/gson/gson/target/classes/com;;IN_ACCESS,IN_ISDIR
2026-09-04T07:38:50.918457Z;/home/runner/work/gson/gson/gson/target/classes;com;IN_ACCESS,IN_ISDIR
2026-09-04T07:38:50.918947Z;/home/runner/work/gson/gson/gson/target/classes/com;;IN_ACCESS,IN_ISDIR
2026-09-04T07:38:50.919546Z;/home/runner/work/gson/gson/gson/target/classes/com;google;IN_ACCESS,IN_ISDIR
2026-09-04T07:38:50.920089Z;/home/runner/work/gson/gson/gson/target/classes/com/google;;IN_ACCESS,IN_ISDIR
2026-09-04T07:38:50.921155Z;/home/runner/work/gson/gson/gson/target/classes/com;google;IN_ACCESS,IN_ISDIR
2026-09-04T07:38:50.921480Z;/home/runner/work/gson/gson/gson/target/classes/com/google;;IN_ACCESS,IN_ISDIR
2026-09-04T07:38:50.921885Z;/home/runner/work/gson/gson/gson/target/classes/com/google;gson;IN_ACCESS,IN_ISDIR
2026-09-04T07:38:50.922200Z;/home/runner/work/gson/gson/gson/target/classes/com/google/gson;;IN_ACCESS,IN_ISDIR
2026-09-04T07:38:50.922689Z;/home/runner/work/gson/gson/gson/target/classes/com/google;gson;IN_ACCESS,IN_ISDIR
2026-09-04T07:38:50.923828Z;/home/runner/work/gson/gson/gson/target/classes/com/google/gson;;IN_ACCESS,IN_ISDIR
2026-09-04T07:38:50.924136Z;/home/runner/work/gson/gson/gson/target/classes/com/google/gson;annotations;IN_ACCESS,IN_ISDIR
2026-09-04T07:38:50.924435Z;/home/runner/work/gson/gson/gson/target/classes/com/google/gson/annotations;;IN_ACCESS,IN_ISDIR
2026-09-04T07:38:50.924771Z;/home/runner/work/gson/gson/gson/target/classes/com/google/gson;annotations;IN_ACCESS,IN_ISDIR
2026-09-04T07:38:50.925231Z;/home/runner/work/gson/gson/gson/target/classes/com/google/gson/annotations;;IN_ACCESS,IN_ISDIR
2026-09-04T07:38:50.925521Z;/home/runner/work/gson/gson/gson/target/classes/com/google/gson;internal;IN_ACCESS,IN_ISDIR
2026-09-04T07:38:50.925843Z;/home/runner/work/gson/gson/gson/target/classes/com/google/gson/internal;;IN_ACCESS,IN_ISDIR
2026-09-04T07:38:50.926145Z;/home/runner/work/gson/gson/gson/target/classes/com/google/gson;internal;IN_ACCESS,IN_ISDIR
2026-09-04T07:38:50.926427Z;/home/runner/work/gson/gson/gson/target/classes/com/google/gson/internal;;IN_ACCESS,IN_ISDIR
2026-09-04T07:38:50.928367Z;/home/runner/work/gson/gson/gson/target/classes/com/google/gson/internal;bind;IN_ACCESS,IN_ISDIR
2026-09-04T07:38:50.929097Z;/home/runner/work/gson/gson/gson/target/classes/com/google/gson/internal/bind;;IN_ACCESS,IN_ISDIR
2026-09-04T07:38:50.929478Z;/home/runner/work/gson/gson/gson/target/classes/com/google/gson/internal;bind;IN_ACCESS,IN_ISDIR
2026-09-04T07:38:50.929887Z;/home/runner/work/gson/gson/gson/target/classes/com/google/gson/internal/bind;;IN_ACCESS,IN_ISDIR
2026-09-04T07:38:50.930251Z;/home/runner/work/gson/gson/gson/target/classes/com/google/gson/internal/bind;util;IN_ACCESS,IN_ISDIR
2026-09-04T07:38:50.930607Z;/home/runner/work/gson/gson/gson/target/classes/com/google/gson/internal/bind/util;;IN_ACCESS,IN_ISDIR
2026-09-04T07:38:50.930939Z;/home/runner/work/gson/gson/gson/target/classes/com/google/gson/internal/bind;util;IN_ACCESS,IN_ISDIR
2026-09-04T07:38:50.931275Z;/home/runner/work/gson/gson/gson/target/classes/com/google/gson/internal/bind/util;;IN_ACCESS,IN_ISDIR
2026-09-04T07:38:50.931618Z;/home/runner/work/gson/gson/gson/target/classes/com/google/gson/internal;reflect;IN_ACCESS,IN_ISDIR
2026-09-04T07:38:50.931968Z;/home/runner/work/gson/gson/gson/target/classes/com/google/gson/internal/reflect;;IN_ACCESS,IN_ISDIR
2026-09-04T07:38:50.932340Z;/home/runner/work/gson/gson/gson/target/classes/com/google/gson/internal;reflect;IN_ACCESS,IN_ISDIR
2026-09-04T07:38:50.932682Z;/home/runner/work/gson/gson/gson/target/classes/com/google/gson/internal/reflect;;IN_ACCESS,IN_ISDIR
2026-09-04T07:38:50.933033Z;/home/runner/work/gson/gson/gson/target/classes/com/google/gson/internal;sql;IN_ACCESS,IN_ISDIR
2026-09-04T07:38:50.933391Z;/home/runner/work/gson/gson/gson/target/classes/com/google/gson/internal/sql;;IN_ACCESS,IN_ISDIR
2026-09-04T07:38:50.933784Z;/home/runner/work/gson/gson/gson/target/classes/com/google/gson/internal;sql;IN_ACCESS,IN_ISDIR
2026-09-04T07:38:50.934118Z;/home/runner/work/gson/gson/gson/target/classes/com/google/gson/internal/sql;;IN_ACCESS,IN_ISDIR
2026-09-04T07:38:50.934444Z;/home/runner/work/gson/gson/gson/target/classes/com/google/gson;reflect;IN_ACCESS,IN_ISDIR
2026-09-04T07:38:50.934771Z;/home/runner/work/gson/gson/gson/target/classes/com/google/gson/reflect;;IN_ACCESS,IN_ISDIR
2026-09-04T07:38:50.935097Z;/home/runner/work/gson/gson/gson/target/classes/com/google/gson;reflect;IN_ACCESS,IN_ISDIR
2026-09-04T07:38:50.935486Z;/home/runner/work/gson/gson/gson/target/classes/com/google/gson/reflect;;IN_ACCESS,IN_ISDIR
2026-09-04T07:38:50.935816Z;/home/runner/work/gson/gson/gson/target/classes/com/google/gson;stream;IN_ACCESS,IN_ISDIR
2026-09-04T07:38:50.936137Z;/home/runner/work/gson/gson/gson/target/classes/com/google/gson/stream;;IN_ACCESS,IN_ISDIR
2026-09-04T07:38:50.937552Z;/home/runner/work/gson/gson/gson/target/classes/com/google/gson;stream;IN_ACCESS,IN_ISDIR
2026-09-04T07:38:50.937921Z;/home/runner/work/gson/gson/gson/target/classes/com/google/gson/stream;;IN_ACCESS,IN_ISDIR
2026-09-04T07:38:50.938262Z;/home/runner/work/gson/gson/gson/target;gson-2.14.1-SNAPSHOT.jar;IN_CREATE
2026-09-04T07:38:50.941877Z;/home/runner/work/gson/gson/gson/target/classes/META-INF;MANIFEST.MF;IN_ACCESS
2026-09-04T07:38:50.961442Z;/home/runner/work/gson/gson/gson/target/classes/META-INF/proguard;gson.pro;IN_ACCESS
2026-09-04T07:38:50.962891Z;/home/runner/work/gson/gson/gson/target/classes/com/google/gson;ExclusionStrategy.class;IN_ACCESS
2026-09-04T07:38:50.963246Z;/home/runner/work/gson/gson/gson/target/classes/com/google/gson;FieldAttributes.class;IN_ACCESS
2026-09-04T07:38:50.963887Z;/home/runner/work/gson/gson/gson/target/classes/com/google/gson;FieldNamingPolicy$1.class;IN_ACCESS
2026-09-04T07:38:50.971143Z;/home/runner/work/gson/gson/gson/target/classes/com/google/gson;FieldNamingPolicy$2.class;IN_ACCESS
2026-09-04T07:38:50.972410Z;/home/runner/work/gson/gson/gson/target/classes/com/google/gson;FieldNamingPolicy$3.class;IN_ACCESS
2026-09-04T07:38:50.972806Z;/home/runner/work/gson/gson/gson/target/classes/com/google/gson;FieldNamingPolicy$4.class;IN_ACCESS
2026-09-04T07:38:50.973168Z;/home/runner/work/gson/gson/gson/target/classes/com/google/gson;FieldNamingPolicy$5.class;IN_ACCESS
2026-09-04T07:38:50.973529Z;/home/runner/work/gson/gson/gson/target/classes/com/google/gson;FieldNamingPolicy$6.class;IN_ACCESS
2026-09-04T07:38:50.973874Z;/home/runner/work/gson/gson/gson/target/classes/com/google/gson;FieldNamingPolicy$7.class;IN_ACCESS
2026-09-04T07:38:50.974479Z;/home/runner/work/gson/gson/gson/target/classes/com/google/gson;FieldNamingPolicy.class;IN_ACCESS
2026-09-04T07:38:50.977807Z;/home/runner/work/gson/gson/gson/target/classes/com/google/gson;FieldNamingStrategy.class;IN_ACCESS
2026-09-04T07:38:50.978180Z;/home/runner/work/gson/gson/gson/target/classes/com/google/gson;FormattingStyle.class;IN_ACCESS
2026-09-04T07:38:50.978504Z;/home/runner/work/gson/gson/gson/target/classes/com/google/gson;Gson$FutureTypeAdapter.class;IN_ACCESS
2026-09-04T07:38:50.979580Z;/home/runner/work/gson/gson/gson/target/classes/com/google/gson;Gson.class;IN_ACCESS
2026-09-04T07:38:50.984165Z;/home/runner/work/gson/gson/gson/target/classes/com/google/gson;GsonBuilder.class;IN_ACCESS
2026-09-04T07:38:50.984521Z;/home/runner/work/gson/gson/gson/target/classes/com/google/gson;Gson.class;IN_ACCESS
2026-09-04T07:38:50.985806Z;/home/runner/work/gson/gson/gson/target/classes/com/google/gson;GsonBuilder.class;IN_ACCESS
2026-09-04T07:38:50.986804Z;/home/runner/work/gson/gson/gson/target/classes/com/google/gson;Gson.class;IN_ACCESS
2026-09-04T07:38:50.988533Z;/home/runner/work/gson/gson/gson/target/classes/com/google/gson;GsonBuilder.class;IN_ACCESS
2026-09-04T07:38:50.989805Z;/home/runner/work/gson/gson/gson/target/classes/com/google/gson;Gson.class;IN_ACCESS
2026-09-04T07:38:50.992014Z;/home/runner/work/gson/gson/gson/target/classes/com/google/gson;GsonBuilder.class;IN_ACCESS
2026-09-04T07:38:50.992506Z;/home/runner/work/gson/gson/gson/target/classes/com/google/gson;InstanceCreator.class;IN_ACCESS
2026-09-04T07:38:50.992889Z;/home/runner/work/gson/gson/gson/target/classes/com/google/gson;JsonArray.class;IN_ACCESS
2026-09-04T07:38:50.993305Z;/home/runner/work/gson/gson/gson/target/classes/com/google/gson;JsonDeserializationContext.class;IN_ACCESS
2026-09-04T07:38:50.993691Z;/home/runner/work/gson/gson/gson/target/classes/com/google/gson;JsonArray.class;IN_ACCESS
2026-09-04T07:38:50.994109Z;/home/runner/work/gson/gson/gson/target/classes/com/google/gson;JsonDeserializer.class;IN_ACCESS
2026-09-04T07:38:50.994485Z;/home/runner/work/gson/gson/gson/target/classes/com/google/gson;JsonElement.class;IN_ACCESS
2026-09-04T07:38:50.994813Z;/home/runner/work/gson/gson/gson/target/classes/com/google/gson;JsonIOException.class;IN_ACCESS
2026-09-04T07:38:50.995140Z;/home/runner/work/gson/gson/gson/target/classes/com/google/gson;JsonElement.class;IN_ACCESS
2026-09-04T07:38:50.995459Z;/home/runner/work/gson/gson/gson/target/classes/com/google/gson;JsonNull.class;IN_ACCESS
2026-09-04T07:38:50.995848Z;/home/runner/work/gson/gson/gson/target/classes/com/google/gson;JsonObject.class;IN_ACCESS
2026-09-04T07:38:50.998107Z;/home/runner/work/gson/gson/gson/target/classes/com/google/gson;JsonParseException.class;IN_ACCESS
2026-09-04T07:38:50.998453Z;/home/runner/work/gson/gson/gson/target/classes/com/google/gson;JsonObject.class;IN_ACCESS
2026-09-04T07:38:50.998796Z;/home/runner/work/gson/gson/gson/target/classes/com/google/gson;JsonParser.class;IN_ACCESS
2026-09-04T07:38:50.999755Z;/home/runner/work/gson/gson/gson/target/classes/com/google/gson;JsonPrimitive.class;IN_ACCESS
2026-09-04T07:38:51.000070Z;/home/runner/work/gson/gson/gson/target/classes/com/google/gson;JsonSerializationContext.class;IN_ACCESS
2026-09-04T07:38:51.001795Z;/home/runner/work/gson/gson/gson/target/classes/com/google/gson;JsonSerializer.class;IN_ACCESS
2026-09-04T07:38:51.002156Z;/home/runner/work/gson/gson/gson/target/classes/com/google/gson;JsonStreamParser.class;IN_ACCESS
2026-09-04T07:38:51.002467Z;/home/runner/work/gson/gson/gson/target/classes/com/google/gson;JsonSyntaxException.class;IN_ACCESS
2026-09-04T07:38:51.002795Z;/home/runner/work/gson/gson/gson/target/classes/com/google/gson;LongSerializationPolicy$1.class;IN_ACCESS
2026-09-04T07:38:51.004808Z;/home/runner/work/gson/gson/gson/target/classes/com/google/gson;LongSerializationPolicy$2.class;IN_ACCESS
2026-09-04T07:38:51.005137Z;/home/runner/work/gson/gson/gson/target/classes/com/google/gson;LongSerializationPolicy.class;IN_ACCESS
2026-09-04T07:38:51.005594Z;/home/runner/work/gson/gson/gson/target/classes/com/google/gson;ReflectionAccessFilter$1.class;IN_ACCESS
2026-09-04T07:38:51.005919Z;/home/runner/work/gson/gson/gson/target/classes/com/google/gson;ReflectionAccessFilter$2.class;IN_ACCESS
2026-09-04T07:38:51.006221Z;/home/runner/work/gson/gson/gson/target/classes/com/google/gson;ReflectionAccessFilter$3.class;IN_ACCESS
2026-09-04T07:38:51.006536Z;/home/runner/work/gson/gson/gson/target/classes/com/google/gson;ReflectionAccessFilter$4.class;IN_ACCESS
2026-09-04T07:38:51.007766Z;/home/runner/work/gson/gson/gson/target/classes/com/google/gson;ReflectionAccessFilter$FilterResult.class;IN_ACCESS
2026-09-04T07:38:51.008244Z;/home/runner/work/gson/gson/gson/target/classes/com/google/gson;ReflectionAccessFilter.class;IN_ACCESS
2026-09-04T07:38:51.009297Z;/home/runner/work/gson/gson/gson/target/classes/com/google/gson;Strictness.class;IN_ACCESS
2026-09-04T07:38:51.009832Z;/home/runner/work/gson/gson/gson/target/classes/com/google/gson;ToNumberPolicy$1.class;IN_ACCESS
2026-09-04T07:38:51.010208Z;/home/runner/work/gson/gson/gson/target/classes/com/google/gson;ToNumberPolicy$2.class;IN_ACCESS
2026-09-04T07:38:51.010556Z;/home/runner/work/gson/gson/gson/target/classes/com/google/gson;ToNumberPolicy$3.class;IN_ACCESS
2026-09-04T07:38:51.012803Z;/home/runner/work/gson/gson/gson/target/classes/com/google/gson;ToNumberPolicy$4.class;IN_ACCESS
2026-09-04T07:38:51.013136Z;/home/runner/work/gson/gson/gson/target/classes/com/google/gson;ToNumberPolicy.class;IN_ACCESS
2026-09-04T07:38:51.013466Z;/home/runner/work/gson/gson/gson/target/classes/com/google/gson;ToNumberStrategy.class;IN_ACCESS
2026-09-04T07:38:51.013802Z;/home/runner/work/gson/gson/gson/target/classes/com/google/gson;TypeAdapter$1.class;IN_ACCESS
2026-09-04T07:38:51.014118Z;/home/runner/work/gson/gson/gson/target/classes/com/google/gson;TypeAdapter$NullSafeTypeAdapter.class;IN_ACCESS
2026-09-04T07:38:51.014418Z;/home/runner/work/gson/gson/gson/target/classes/com/google/gson;TypeAdapter.class;IN_ACCESS
2026-09-04T07:38:51.014762Z;/home/runner/work/gson/gson/gson/target/classes/com/google/gson;TypeAdapterFactory.class;IN_ACCESS
2026-09-04T07:38:51.015052Z;/home/runner/work/gson/gson/gson/target/classes/com/google/gson/annotations;Expose.class;IN_ACCESS
2026-09-04T07:38:51.015341Z;/home/runner/work/gson/gson/gson/target/classes/com/google/gson/annotations;JsonAdapter.class;IN_ACCESS
2026-09-04T07:38:51.015664Z;/home/runner/work/gson/gson/gson/target/classes/com/google/gson/annotations;SerializedName.class;IN_ACCESS
2026-09-04T07:38:51.016012Z;/home/runner/work/gson/gson/gson/target/classes/com/google/gson/annotations;Since.class;IN_ACCESS
2026-09-04T07:38:51.016390Z;/home/runner/work/gson/gson/gson/target/classes/com/google/gson/annotations;Until.class;IN_ACCESS
2026-09-04T07:38:51.016746Z;/home/runner/work/gson/gson/gson/target/classes/com/google/gson/annotations;package-info.class;IN_ACCESS
2026-09-04T07:38:51.017107Z;/home/runner/work/gson/gson/gson/target/classes/com/google/gson/internal;ConstructorConstructor$InstanceCreatorConstructor.class;IN_ACCESS
2026-09-04T07:38:51.017454Z;/home/runner/work/gson/gson/gson/target/classes/com/google/gson/internal;ConstructorConstructor$ThrowingObjectConstructor.class;IN_ACCESS
2026-09-04T07:38:51.017863Z;/home/runner/work/gson/gson/gson/target/classes/com/google/gson/internal;ConstructorConstructor.class;IN_ACCESS
2026-09-04T07:38:51.018221Z;/home/runner/work/gson/gson/gson/target/classes/com/google/gson/internal;Excluder$1.class;IN_ACCESS
2026-09-04T07:38:51.018568Z;/home/runner/work/gson/gson/gson/target/classes/com/google/gson/internal;Excluder.class;IN_ACCESS
2026-09-04T07:38:51.018906Z;/home/runner/work/gson/gson/gson/target/classes/com/google/gson/internal;ConstructorConstructor.class;IN_ACCESS
2026-09-04T07:38:51.019244Z;/home/runner/work/gson/gson/gson/target/classes/com/google/gson/internal;Excluder.class;IN_ACCESS
2026-09-04T07:38:51.019581Z;/home/runner/work/gson/gson/gson/target/classes/com/google/gson/internal;GsonBuildConfig.class;IN_ACCESS
2026-09-04T07:38:51.020076Z;/home/runner/work/gson/gson/gson/target/classes/com/google/gson/internal;ConstructorConstructor.class;IN_ACCESS
2026-09-04T07:38:51.020423Z;/home/runner/work/gson/gson/gson/target/classes/com/google/gson/internal;GsonTypes$GenericArrayTypeImpl.class;IN_ACCESS
2026-09-04T07:38:51.020751Z;/home/runner/work/gson/gson/gson/target/classes/com/google/gson/internal;ConstructorConstructor.class;IN_ACCESS
2026-09-04T07:38:51.021074Z;/home/runner/work/gson/gson/gson/target/classes/com/google/gson/internal;GsonTypes$ParameterizedTypeImpl.class;IN_ACCESS
2026-09-04T07:38:51.021416Z;/home/runner/work/gson/gson/gson/target/classes/com/google/gson/internal;GsonTypes$WildcardTypeImpl.class;IN_ACCESS
2026-09-04T07:38:51.021745Z;/home/runner/work/gson/gson/gson/target/classes/com/google/gson/internal;GsonTypes.class;IN_ACCESS
2026-09-04T07:38:51.022075Z;/home/runner/work/gson/gson/gson/target/classes/com/google/gson/internal;JavaVersion.class;IN_ACCESS
2026-09-04T07:38:51.022399Z;/home/runner/work/gson/gson/gson/target/classes/com/google/gson/internal;JsonReaderInternalAccess.class;IN_ACCESS
2026-09-04T07:38:51.022877Z;/home/runner/work/gson/gson/gson/target/classes/com/google/gson/internal;GsonTypes.class;IN_ACCESS
2026-09-04T07:38:51.023186Z;/home/runner/work/gson/gson/gson/target/classes/com/google/gson/internal;LazilyParsedNumber.class;IN_ACCESS
2026-09-04T07:38:51.023488Z;/home/runner/work/gson/gson/gson/target/classes/com/google/gson/internal;LinkedTreeMap$EntrySet$1.class;IN_ACCESS
2026-09-04T07:38:51.024026Z;/home/runner/work/gson/gson/gson/target/classes/com/google/gson/internal;GsonTypes.class;IN_ACCESS
2026-09-04T07:38:51.024376Z;/home/runner/work/gson/gson/gson/target/classes/com/google/gson/internal;LinkedTreeMap$EntrySet.class;IN_ACCESS
2026-09-04T07:38:51.024942Z;/home/runner/work/gson/gson/gson/target/classes/com/google/gson/internal;LinkedTreeMap$KeySet$1.class;IN_ACCESS
2026-09-04T07:38:51.025276Z;/home/runner/work/gson/gson/gson/target/classes/com/google/gson/internal;GsonTypes.class;IN_ACCESS
2026-09-04T07:38:51.025653Z;/home/runner/work/gson/gson/gson/target/classes/com/google/gson/internal;LinkedTreeMap$KeySet.class;IN_ACCESS
2026-09-04T07:38:51.027877Z;/home/runner/work/gson/gson/gson/target/classes/com/google/gson/internal;LinkedTreeMap$LinkedTreeMapIterator.class;IN_ACCESS
2026-09-04T07:38:51.028215Z;/home/runner/work/gson/gson/gson/target/classes/com/google/gson/internal;LinkedTreeMap$Node.class;IN_ACCESS
2026-09-04T07:38:51.028553Z;/home/runner/work/gson/gson/gson/target/classes/com/google/gson/internal;LinkedTreeMap.class;IN_ACCESS
2026-09-04T07:38:51.028909Z;/home/runner/work/gson/gson/gson/target/classes/com/google/gson/internal;NonNullElementWrapperList.class;IN_ACCESS
2026-09-04T07:38:51.029254Z;/home/runner/work/gson/gson/gson/target/classes/com/google/gson/internal;LinkedTreeMap.class;IN_ACCESS
2026-09-04T07:38:51.029634Z;/home/runner/work/gson/gson/gson/target/classes/com/google/gson/internal;NumberLimits.class;IN_ACCESS
2026-09-04T07:38:51.029963Z;/home/runner/work/gson/gson/gson/target/classes/com/google/gson/internal;ObjectConstructor.class;IN_ACCESS
2026-09-04T07:38:51.030334Z;/home/runner/work/gson/gson/gson/target/classes/com/google/gson/internal;LinkedTreeMap.class;IN_ACCESS
2026-09-04T07:38:51.030684Z;/home/runner/work/gson/gson/gson/target/classes/com/google/gson/internal;Primitives.class;IN_ACCESS
2026-09-04T07:38:51.031032Z;/home/runner/work/gson/gson/gson/target/classes/com/google/gson/internal;PreJava9DateFormatProvider.class;IN_ACCESS
2026-09-04T07:38:51.031376Z;/home/runner/work/gson/gson/gson/target/classes/com/google/gson/internal;ReflectionAccessFilterHelper$1.class;IN_ACCESS
2026-09-04T07:38:51.031720Z;/home/runner/work/gson/gson/gson/target/classes/com/google/gson/internal;ReflectionAccessFilterHelper$AccessChecker$1.class;IN_ACCESS
2026-09-04T07:38:51.032082Z;/home/runner/work/gson/gson/gson/target/classes/com/google/gson/internal;ReflectionAccessFilterHelper$AccessChecker$2.class;IN_ACCESS
2026-09-04T07:38:51.032439Z;/home/runner/work/gson/gson/gson/target/classes/com/google/gson/internal;ReflectionAccessFilterHelper$AccessChecker.class;IN_ACCESS
2026-09-04T07:38:51.032863Z;/home/runner/work/gson/gson/gson/target/classes/com/google/gson/internal;Streams$1.class;IN_ACCESS
2026-09-04T07:38:51.033178Z;/home/runner/work/gson/gson/gson/target/classes/com/google/gson/internal;ReflectionAccessFilterHelper.class;IN_ACCESS
2026-09-04T07:38:51.033492Z;/home/runner/work/gson/gson/gson/target/classes/com/google/gson/internal;Streams$AppendableWriter$CurrentWrite.class;IN_ACCESS
2026-09-04T07:38:51.033812Z;/home/runner/work/gson/gson/gson/target/classes/com/google/gson/internal;Streams$AppendableWriter.class;IN_ACCESS
2026-09-04T07:38:51.034159Z;/home/runner/work/gson/gson/gson/target/classes/com/google/gson/internal;Streams.class;IN_ACCESS
2026-09-04T07:38:51.034478Z;/home/runner/work/gson/gson/gson/target/classes/com/google/gson/internal;UnsafeAllocator$1.class;IN_ACCESS
2026-09-04T07:38:51.034762Z;/home/runner/work/gson/gson/gson/target/classes/com/google/gson/internal;UnsafeAllocator$2.class;IN_ACCESS
2026-09-04T07:38:51.035174Z;/home/runner/work/gson/gson/gson/target/classes/com/google/gson/internal;UnsafeAllocator$3.class;IN_ACCESS
2026-09-04T07:38:51.035449Z;/home/runner/work/gson/gson/gson/target/classes/com/google/gson/internal;UnsafeAllocator$4.class;IN_ACCESS
2026-09-04T07:38:51.035722Z;/home/runner/work/gson/gson/gson/target/classes/com/google/gson/internal;UnsafeAllocator.class;IN_ACCESS
2026-09-04T07:38:51.035993Z;/home/runner/work/gson/gson/gson/target/classes/com/google/gson/internal/bind;ArrayTypeAdapter$1.class;IN_ACCESS
2026-09-04T07:38:51.036261Z;/home/runner/work/gson/gson/gson/target/classes/com/google/gson/internal/bind;ArrayTypeAdapter.class;IN_ACCESS
2026-09-04T07:38:51.036527Z;/home/runner/work/gson/gson/gson/target/classes/com/google/gson/internal/bind;CollectionTypeAdapterFactory$Adapter.class;IN_ACCESS
2026-09-04T07:38:51.036800Z;/home/runner/work/gson/gson/gson/target/classes/com/google/gson/internal/bind;CollectionTypeAdapterFactory.class;IN_ACCESS
2026-09-04T07:38:51.037067Z;/home/runner/work/gson/gson/gson/target/classes/com/google/gson/internal/bind;DefaultDateTypeAdapter$1.class;IN_ACCESS
2026-09-04T07:38:51.037330Z;/home/runner/work/gson/gson/gson/target/classes/com/google/gson/internal/bind;DefaultDateTypeAdapter$DateType$1.class;IN_ACCESS
2026-09-04T07:38:51.037599Z;/home/runner/work/gson/gson/gson/target/classes/com/google/gson/internal;TroubleshootingGuide.class;IN_ACCESS
2026-09-04T07:38:51.037862Z;/home/runner/work/gson/gson/gson/target/classes/com/google/gson/internal/bind;DefaultDateTypeAdapter$DateType.class;IN_ACCESS
2026-09-04T07:38:51.038122Z;/home/runner/work/gson/gson/gson/target/classes/com/google/gson/internal/bind;DefaultDateTypeAdapter.class;IN_ACCESS
2026-09-04T07:38:51.038381Z;/home/runner/work/gson/gson/gson/target/classes/com/google/gson/internal/bind;EnumTypeAdapter$1.class;IN_ACCESS
2026-09-04T07:38:51.038633Z;/home/runner/work/gson/gson/gson/target/classes/com/google/gson/internal/bind;EnumTypeAdapter.class;IN_ACCESS
2026-09-04T07:38:51.038888Z;/home/runner/work/gson/gson/gson/target/classes/com/google/gson/internal/bind;IgnoreJRERequirement.class;IN_ACCESS
2026-09-04T07:38:51.039137Z;/home/runner/work/gson/gson/gson/target/classes/com/google/gson/internal/bind;EnumTypeAdapter.class;IN_ACCESS
2026-09-04T07:38:51.039655Z;/home/runner/work/gson/gson/gson/target/classes/com/google/gson/internal/bind;JavaTimeTypeAdapters$1.class;IN_ACCESS
2026-09-04T07:38:51.040044Z;/home/runner/work/gson/gson/gson/target/classes/com/google/gson/internal/bind;JavaTimeTypeAdapters$10.class;IN_ACCESS
2026-09-04T07:38:51.040332Z;/home/runner/work/gson/gson/gson/target/classes/com/google/gson/internal/bind;JavaTimeTypeAdapters$11.class;IN_ACCESS
2026-09-04T07:38:51.040614Z;/home/runner/work/gson/gson/gson/target/classes/com/google/gson/internal/bind;JavaTimeTypeAdapters$12.class;IN_ACCESS
2026-09-04T07:38:51.040952Z;/home/runner/work/gson/gson/gson/target/classes/com/google/gson/internal/bind;JavaTimeTypeAdapters$2.class;IN_ACCESS
2026-09-04T07:38:51.041363Z;/home/runner/work/gson/gson/gson/target/classes/com/google/gson/internal/bind;JavaTimeTypeAdapters$13.class;IN_ACCESS
2026-09-04T07:38:51.041639Z;/home/runner/work/gson/gson/gson/target/classes/com/google/gson/internal/bind;JavaTimeTypeAdapters$3.class;IN_ACCESS
2026-09-04T07:38:51.041913Z;/home/runner/work/gson/gson/gson/target/classes/com/google/gson/internal/bind;JavaTimeTypeAdapters$4.class;IN_ACCESS
2026-09-04T07:38:51.042352Z;/home/runner/work/gson/gson/gson/target/classes/com/google/gson/internal/bind;JavaTimeTypeAdapters$5.class;IN_ACCESS
2026-09-04T07:38:51.042618Z;/home/runner/work/gson/gson/gson/target/classes/com/google/gson/internal/bind;JavaTimeTypeAdapters$6.class;IN_ACCESS
2026-09-04T07:38:51.042892Z;/home/runner/work/gson/gson/gson/target/classes/com/google/gson/internal/bind;JavaTimeTypeAdapters$7.class;IN_ACCESS
2026-09-04T07:38:51.043179Z;/home/runner/work/gson/gson/gson/target/classes/com/google/gson/internal/bind;JavaTimeTypeAdapters$9.class;IN_ACCESS
2026-09-04T07:38:51.043442Z;/home/runner/work/gson/gson/gson/target/classes/com/google/gson/internal/bind;JavaTimeTypeAdapters.class;IN_ACCESS
2026-09-04T07:38:51.043706Z;/home/runner/work/gson/gson/gson/target/classes/com/google/gson/internal/bind;JsonAdapterAnnotationTypeAdapterFactory$1.class;IN_ACCESS
2026-09-04T07:38:51.043969Z;/home/runner/work/gson/gson/gson/target/classes/com/google/gson/internal/bind;JavaTimeTypeAdapters.class;IN_ACCESS
2026-09-04T07:38:51.044234Z;/home/runner/work/gson/gson/gson/target/classes/com/google/gson/internal/bind;JavaTimeTypeAdapters$14.class;IN_ACCESS
2026-09-04T07:38:51.044790Z;/home/runner/work/gson/gson/gson/target/classes/com/google/gson/internal/bind;JsonAdapterAnnotationTypeAdapterFactory.class;IN_ACCESS
2026-09-04T07:38:51.045095Z;/home/runner/work/gson/gson/gson/target/classes/com/google/gson/internal/bind;JsonAdapterAnnotationTypeAdapterFactory$DummyTypeAdapterFactory.class;IN_ACCESS
2026-09-04T07:38:51.045367Z;/home/runner/work/gson/gson/gson/target/classes/com/google/gson/internal/bind;JsonAdapterAnnotationTypeAdapterFactory.class;IN_ACCESS
2026-09-04T07:38:51.045661Z;/home/runner/work/gson/gson/gson/target/classes/com/google/gson/internal/bind;JsonElementTypeAdapter$1.class;IN_ACCESS
2026-09-04T07:38:51.048640Z;/home/runner/work/gson/gson/gson/target/classes/com/google/gson/internal/bind;JsonElementTypeAdapter.class;IN_ACCESS
2026-09-04T07:38:51.048976Z;/home/runner/work/gson/gson/gson/target/classes/com/google/gson/internal/bind;JsonTreeReader$1.class;IN_ACCESS
2026-09-04T07:38:51.049248Z;/home/runner/work/gson/gson/gson/target/classes/com/google/gson/internal/bind;JsonTreeReader$2.class;IN_ACCESS
2026-09-04T07:38:51.049521Z;/home/runner/work/gson/gson/gson/target/classes/com/google/gson/internal/bind;JsonTreeReader.class;IN_ACCESS
2026-09-04T07:38:51.049837Z;/home/runner/work/gson/gson/gson/target/classes/com/google/gson/internal/bind;JsonTreeWriter$1.class;IN_ACCESS
2026-09-04T07:38:51.050149Z;/home/runner/work/gson/gson/gson/target/classes/com/google/gson/internal/bind;JsonTreeReader.class;IN_ACCESS
2026-09-04T07:38:51.050447Z;/home/runner/work/gson/gson/gson/target/classes/com/google/gson/internal/bind;JsonTreeWriter.class;IN_ACCESS
2026-09-04T07:38:51.050765Z;/home/runner/work/gson/gson/gson/target/classes/com/google/gson/internal/bind;JsonTreeReader.class;IN_ACCESS
2026-09-04T07:38:51.051060Z;/home/runner/work/gson/gson/gson/target/classes/com/google/gson/internal/bind;MapTypeAdapterFactory$Adapter.class;IN_ACCESS
2026-09-04T07:38:51.051357Z;/home/runner/work/gson/gson/gson/target/classes/com/google/gson/internal/bind;MapTypeAdapterFactory.class;IN_ACCESS
2026-09-04T07:38:51.051682Z;/home/runner/work/gson/gson/gson/target/classes/com/google/gson/internal/bind;MapTypeAdapterFactory$Adapter.class;IN_ACCESS
2026-09-04T07:38:51.051976Z;/home/runner/work/gson/gson/gson/target/classes/com/google/gson/internal/bind;NumberTypeAdapter$1.class;IN_ACCESS
2026-09-04T07:38:51.052269Z;/home/runner/work/gson/gson/gson/target/classes/com/google/gson/internal/bind;NumberTypeAdapter$2.class;IN_ACCESS
2026-09-04T07:38:51.052703Z;/home/runner/work/gson/gson/gson/target/classes/com/google/gson/internal/bind;NumberTypeAdapter.class;IN_ACCESS
2026-09-04T07:38:51.052999Z;/home/runner/work/gson/gson/gson/target/classes/com/google/gson/internal/bind;ObjectTypeAdapter$1.class;IN_ACCESS
2026-09-04T07:38:51.053437Z;/home/runner/work/gson/gson/gson/target/classes/com/google/gson/internal/bind;ObjectTypeAdapter$2.class;IN_ACCESS
2026-09-04T07:38:51.053767Z;/home/runner/work/gson/gson/gson/target/classes/com/google/gson/internal/bind;ObjectTypeAdapter.class;IN_ACCESS
2026-09-04T07:38:51.054072Z;/home/runner/work/gson/gson/gson/target/classes/com/google/gson/internal/bind;ReflectiveTypeAdapterFactory$1.class;IN_ACCESS
2026-09-04T07:38:51.054381Z;/home/runner/work/gson/gson/gson/target/classes/com/google/gson/internal/bind;ObjectTypeAdapter.class;IN_ACCESS
2026-09-04T07:38:51.054692Z;/home/runner/work/gson/gson/gson/target/classes/com/google/gson/internal/bind;ReflectiveTypeAdapterFactory$2.class;IN_ACCESS
2026-09-04T07:38:51.055031Z;/home/runner/work/gson/gson/gson/target/classes/com/google/gson/internal/bind;ReflectiveTypeAdapterFactory$Adapter.class;IN_ACCESS
2026-09-04T07:38:51.055367Z;/home/runner/work/gson/gson/gson/target/classes/com/google/gson/internal/bind;JavaTimeTypeAdapters$8.class;IN_ACCESS
2026-09-04T07:38:51.055971Z;/home/runner/work/gson/gson/gson/target/classes/com/google/gson/internal/bind;ReflectiveTypeAdapterFactory$BoundField.class;IN_ACCESS
2026-09-04T07:38:51.056618Z;/home/runner/work/gson/gson/gson/target/classes/com/google/gson/internal/bind;ReflectiveTypeAdapterFactory$FieldReflectionAdapter.class;IN_ACCESS
2026-09-04T07:38:51.057373Z;/home/runner/work/gson/gson/gson/target/classes/com/google/gson/internal/bind;ReflectiveTypeAdapterFactory$FieldsData.class;IN_ACCESS
2026-09-04T07:38:51.057822Z;/home/runner/work/gson/gson/gson/target/classes/com/google/gson/internal/bind;ReflectiveTypeAdapterFactory$RecordAdapter.class;IN_ACCESS
2026-09-04T07:38:51.058188Z;/home/runner/work/gson/gson/gson/target/classes/com/google/gson/internal/bind;ReflectiveTypeAdapterFactory.class;IN_ACCESS
2026-09-04T07:38:51.058549Z;/home/runner/work/gson/gson/gson/target/classes/com/google/gson/internal/bind;ReflectiveTypeAdapterFactory$RecordAdapter.class;IN_ACCESS
2026-09-04T07:38:51.058899Z;/home/runner/work/gson/gson/gson/target/classes/com/google/gson/internal/bind;ReflectiveTypeAdapterFactory.class;IN_ACCESS
2026-09-04T07:38:51.059208Z;/home/runner/work/gson/gson/gson/target/classes/com/google/gson/internal/bind;SerializationDelegatingTypeAdapter.class;IN_ACCESS
2026-09-04T07:38:51.059504Z;/home/runner/work/gson/gson/gson/target/classes/com/google/gson/internal/bind;ReflectiveTypeAdapterFactory.class;IN_ACCESS
2026-09-04T07:38:51.059808Z;/home/runner/work/gson/gson/gson/target/classes/com/google/gson/internal/bind;TreeTypeAdapter$1.class;IN_ACCESS
2026-09-04T07:38:51.060116Z;/home/runner/work/gson/gson/gson/target/classes/com/google/gson/internal/bind;TreeTypeAdapter$GsonContextImpl.class;IN_ACCESS
2026-09-04T07:38:51.060486Z;/home/runner/work/gson/gson/gson/target/classes/com/google/gson/internal/bind;TreeTypeAdapter$SingleTypeFactory.class;IN_ACCESS
2026-09-04T07:38:51.060815Z;/home/runner/work/gson/gson/gson/target/classes/com/google/gson/internal/bind;TreeTypeAdapter.class;IN_ACCESS
2026-09-04T07:38:51.061138Z;/home/runner/work/gson/gson/gson/target/classes/com/google/gson/internal/bind;TypeAdapterRuntimeTypeWrapper.class;IN_ACCESS
2026-09-04T07:38:51.061520Z;/home/runner/work/gson/gson/gson/target/classes/com/google/gson/internal/bind;TreeTypeAdapter.class;IN_ACCESS
2026-09-04T07:38:51.061850Z;/home/runner/work/gson/gson/gson/target/classes/com/google/gson/internal/bind;TypeAdapters$1.class;IN_ACCESS
2026-09-04T07:38:51.062174Z;/home/runner/work/gson/gson/gson/target/classes/com/google/gson/internal/bind;TypeAdapters$10.class;IN_ACCESS
2026-09-04T07:38:51.062501Z;/home/runner/work/gson/gson/gson/target/classes/com/google/gson/internal/bind;TypeAdapters$11.class;IN_ACCESS
2026-09-04T07:38:51.062840Z;/home/runner/work/gson/gson/gson/target/classes/com/google/gson/internal/bind;TypeAdapters$12.class;IN_ACCESS
2026-09-04T07:38:51.063293Z;/home/runner/work/gson/gson/gson/target/classes/com/google/gson/internal/bind;TypeAdapters$13.class;IN_ACCESS
2026-09-04T07:38:51.063634Z;/home/runner/work/gson/gson/gson/target/classes/com/google/gson/internal/bind;TypeAdapters$14.class;IN_ACCESS
2026-09-04T07:38:51.063957Z;/home/runner/work/gson/gson/gson/target/classes/com/google/gson/internal/bind;TypeAdapters$15.class;IN_ACCESS
2026-09-04T07:38:51.064340Z;/home/runner/work/gson/gson/gson/target/classes/com/google/gson/internal/bind;TypeAdapters$16.class;IN_ACCESS
2026-09-04T07:38:51.064670Z;/home/runner/work/gson/gson/gson/target/classes/com/google/gson/internal/bind;TypeAdapters$17.class;IN_ACCESS
2026-09-04T07:38:51.064989Z;/home/runner/work/gson/gson/gson/target/classes/com/google/gson/internal/bind;TypeAdapters$19.class;IN_ACCESS
2026-09-04T07:38:51.065360Z;/home/runner/work/gson/gson/gson/target/classes/com/google/gson/internal/bind;TypeAdapters$18.class;IN_ACCESS
2026-09-04T07:38:51.065711Z;/home/runner/work/gson/gson/gson/target/classes/com/google/gson/internal/bind;TypeAdapters$2.class;IN_ACCESS
2026-09-04T07:38:51.066052Z;/home/runner/work/gson/gson/gson/target/classes/com/google/gson/internal/bind;TypeAdapters$20.class;IN_ACCESS
2026-09-04T07:38:51.066387Z;/home/runner/work/gson/gson/gson/target/classes/com/google/gson/internal/bind;TypeAdapters$21.class;IN_ACCESS
2026-09-04T07:38:51.066712Z;/home/runner/work/gson/gson/gson/target/classes/com/google/gson/internal/bind;TypeAdapters$22.class;IN_ACCESS
2026-09-04T07:38:51.067074Z;/home/runner/work/gson/gson/gson/target/classes/com/google/gson/internal/bind;TypeAdapters$23.class;IN_ACCESS
2026-09-04T07:38:51.067445Z;/home/runner/work/gson/gson/gson/target/classes/com/google/gson/internal/bind;TypeAdapters$24.class;IN_ACCESS
2026-09-04T07:38:51.067797Z;/home/runner/work/gson/gson/gson/target/classes/com/google/gson/internal/bind;TypeAdapters$25.class;IN_ACCESS
2026-09-04T07:38:51.068154Z;/home/runner/work/gson/gson/gson/target/classes/com/google/gson/internal/bind;ReflectiveTypeAdapterFactory$Adapter.class;IN_ACCESS
2026-09-04T07:38:51.068478Z;/home/runner/work/gson/gson/gson/target/classes/com/google/gson/internal/bind;TypeAdapters$26.class;IN_ACCESS
2026-09-04T07:38:51.068818Z;/home/runner/work/gson/gson/gson/target/classes/com/google/gson/internal/bind;TypeAdapters$27.class;IN_ACCESS
2026-09-04T07:38:51.070306Z;/home/runner/work/gson/gson/gson/target/classes/com/google/gson/internal/bind;TypeAdapters$28.class;IN_ACCESS
2026-09-04T07:38:51.070660Z;/home/runner/work/gson/gson/gson/target/classes/com/google/gson/internal/bind;TypeAdapters$29.class;IN_ACCESS
2026-09-04T07:38:51.070943Z;/home/runner/work/gson/gson/gson/target/classes/com/google/gson/internal/bind;TypeAdapters$3.class;IN_ACCESS
2026-09-04T07:38:51.071233Z;/home/runner/work/gson/gson/gson/target/classes/com/google/gson/internal/bind;TypeAdapters$30.class;IN_ACCESS
2026-09-04T07:38:51.071537Z;/home/runner/work/gson/gson/gson/target/classes/com/google/gson/internal/bind;TypeAdapters$31.class;IN_ACCESS
2026-09-04T07:38:51.072177Z;/home/runner/work/gson/gson/gson/target/classes/com/google/gson/internal/bind;TypeAdapters$32.class;IN_ACCESS
2026-09-04T07:38:51.072583Z;/home/runner/work/gson/gson/gson/target/classes/com/google/gson/internal/bind;TypeAdapters$33$1.class;IN_ACCESS
2026-09-04T07:38:51.072895Z;/home/runner/work/gson/gson/gson/target/classes/com/google/gson/internal/bind;TypeAdapters$33.class;IN_ACCESS
2026-09-04T07:38:51.073205Z;/home/runner/work/gson/gson/gson/target/classes/com/google/gson/internal/bind;TypeAdapters$34.class;IN_ACCESS
2026-09-04T07:38:51.073514Z;/home/runner/work/gson/gson/gson/target/classes/com/google/gson/internal/bind;TypeAdapters$4.class;IN_ACCESS
2026-09-04T07:38:51.073861Z;/home/runner/work/gson/gson/gson/target/classes/com/google/gson/internal/bind;TypeAdapters$5.class;IN_ACCESS
2026-09-04T07:38:51.074183Z;/home/runner/work/gson/gson/gson/target/classes/com/google/gson/internal/bind;TypeAdapters$6.class;IN_ACCESS
2026-09-04T07:38:51.074611Z;/home/runner/work/gson/gson/gson/target/classes/com/google/gson/internal/bind;TypeAdapters$7.class;IN_ACCESS
2026-09-04T07:38:51.074916Z;/home/runner/work/gson/gson/gson/target/classes/com/google/gson/internal/bind;TypeAdapters$8.class;IN_ACCESS
2026-09-04T07:38:51.075218Z;/home/runner/work/gson/gson/gson/target/classes/com/google/gson/internal/bind;TypeAdapters$9.class;IN_ACCESS
2026-09-04T07:38:51.075506Z;/home/runner/work/gson/gson/gson/target/classes/com/google/gson/internal/bind;TypeAdapters$DoubleAdapter.class;IN_ACCESS
2026-09-04T07:38:51.075805Z;/home/runner/work/gson/gson/gson/target/classes/com/google/gson/internal/bind;TypeAdapters$FactorySupplier.class;IN_ACCESS
2026-09-04T07:38:51.076092Z;/home/runner/work/gson/gson/gson/target/classes/com/google/gson/internal/bind;TypeAdapters$FloatAdapter.class;IN_ACCESS
2026-09-04T07:38:51.076370Z;/home/runner/work/gson/gson/gson/target/classes/com/google/gson/internal/bind;TypeAdapters$IntegerFieldsTypeAdapter.class;IN_ACCESS
2026-09-04T07:38:51.076695Z;/home/runner/work/gson/gson/gson/target/classes/com/google/gson/internal/bind/util;ISO8601Utils.class;IN_ACCESS
2026-09-04T07:38:51.076996Z;/home/runner/work/gson/gson/gson/target/classes/com/google/gson/internal;package-info.class;IN_ACCESS
2026-09-04T07:38:51.077288Z;/home/runner/work/gson/gson/gson/target/classes/com/google/gson/internal/reflect;ReflectionHelper$1.class;IN_ACCESS
2026-09-04T07:38:51.077605Z;/home/runner/work/gson/gson/gson/target/classes/com/google/gson/internal/reflect;ReflectionHelper$RecordHelper.class;IN_ACCESS
2026-09-04T07:38:51.077945Z;/home/runner/work/gson/gson/gson/target/classes/com/google/gson/internal/reflect;ReflectionHelper$RecordNotSupportedHelper.class;IN_ACCESS
2026-09-04T07:38:51.078279Z;/home/runner/work/gson/gson/gson/target/classes/com/google/gson/internal/reflect;ReflectionHelper$RecordSupportedHelper.class;IN_ACCESS
2026-09-04T07:38:51.078590Z;/home/runner/work/gson/gson/gson/target/classes/com/google/gson/internal/reflect;ReflectionHelper.class;IN_ACCESS
2026-09-04T07:38:51.079045Z;/home/runner/work/gson/gson/gson/target/classes/com/google/gson/internal/bind;TypeAdapters.class;IN_ACCESS
2026-09-04T07:38:51.079378Z;/home/runner/work/gson/gson/gson/target/classes/com/google/gson/internal/sql;SqlDateTypeAdapter$1.class;IN_ACCESS
2026-09-04T07:38:51.079705Z;/home/runner/work/gson/gson/gson/target/classes/com/google/gson/internal/bind;TypeAdapters.class;IN_ACCESS
2026-09-04T07:38:51.080030Z;/home/runner/work/gson/gson/gson/target/classes/com/google/gson/internal/sql;SqlDateTypeAdapter.class;IN_ACCESS
2026-09-04T07:38:51.080346Z;/home/runner/work/gson/gson/gson/target/classes/com/google/gson/internal/bind;TypeAdapters.class;IN_ACCESS
2026-09-04T07:38:51.080680Z;/home/runner/work/gson/gson/gson/target/classes/com/google/gson/internal/sql;SqlTimeTypeAdapter$1.class;IN_ACCESS
2026-09-04T07:38:51.081002Z;/home/runner/work/gson/gson/gson/target/classes/com/google/gson/internal/sql;SqlTimeTypeAdapter.class;IN_ACCESS
2026-09-04T07:38:51.081311Z;/home/runner/work/gson/gson/gson/target/classes/com/google/gson/internal/sql;SqlTimestampTypeAdapter$1.class;IN_ACCESS
2026-09-04T07:38:51.081656Z;/home/runner/work/gson/gson/gson/target/classes/com/google/gson/internal/sql;SqlTypesSupport$1.class;IN_ACCESS
2026-09-04T07:38:51.081989Z;/home/runner/work/gson/gson/gson/target/classes/com/google/gson/internal/sql;SqlTimestampTypeAdapter.class;IN_ACCESS
2026-09-04T07:38:51.082309Z;/home/runner/work/gson/gson/gson/target/classes/com/google/gson/internal/sql;SqlTypesSupport$2.class;IN_ACCESS
2026-09-04T07:38:51.082624Z;/home/runner/work/gson/gson/gson/target/classes/com/google/gson/internal/sql;SqlTypesSupport.class;IN_ACCESS
2026-09-04T07:38:51.082945Z;/home/runner/work/gson/gson/gson/target/classes/com/google/gson;package-info.class;IN_ACCESS
2026-09-04T07:38:51.083713Z;/home/runner/work/gson/gson/gson/target/classes/com/google/gson/reflect;TypeToken.class;IN_ACCESS
2026-09-04T07:38:51.084067Z;/home/runner/work/gson/gson/gson/target/classes/com/google/gson/reflect;package-info.class;IN_ACCESS
2026-09-04T07:38:51.084512Z;/home/runner/work/gson/gson/gson/target/classes/com/google/gson/reflect;TypeToken.class;IN_ACCESS
2026-09-04T07:38:51.084818Z;/home/runner/work/gson/gson/gson/target/classes/com/google/gson/stream;JsonReader$1.class;IN_ACCESS
2026-09-04T07:38:51.085125Z;/home/runner/work/gson/gson/gson/target/classes/com/google/gson/stream;JsonReader.class;IN_ACCESS
2026-09-04T07:38:51.085423Z;/home/runner/work/gson/gson/gson/target/classes/com/google/gson/stream;JsonScope.class;IN_ACCESS
2026-09-04T07:38:51.085712Z;/home/runner/work/gson/gson/gson/target/classes/com/google/gson/stream;JsonReader.class;IN_ACCESS
2026-09-04T07:38:51.086001Z;/home/runner/work/gson/gson/gson/target/classes/com/google/gson/stream;JsonToken.class;IN_ACCESS
2026-09-04T07:38:51.086289Z;/home/runner/work/gson/gson/gson/target/classes/com/google/gson/stream;JsonReader.class;IN_ACCESS
2026-09-04T07:38:51.086582Z;/home/runner/work/gson/gson/gson/target/classes/com/google/gson/stream;JsonWriter.class;IN_ACCESS
2026-09-04T07:38:51.086870Z;/home/runner/work/gson/gson/gson/target/classes/com/google/gson/stream;JsonReader.class;IN_ACCESS
2026-09-04T07:38:51.087154Z;/home/runner/work/gson/gson/gson/target/classes/com/google/gson/stream;JsonWriter.class;IN_ACCESS
2026-09-04T07:38:51.088810Z;/home/runner/work/gson/gson/gson/target/classes/com/google/gson/stream;MalformedJsonException.class;IN_ACCESS
2026-09-04T07:38:51.089195Z;/home/runner/work/gson/gson/gson/target/classes/com/google/gson/stream;package-info.class;IN_ACCESS
2026-09-04T07:38:51.089494Z;/home/runner/work/gson/gson/gson/target/classes/com/google/gson/stream;JsonReader.class;IN_ACCESS
2026-09-04T07:38:51.089798Z;/home/runner/work/gson/gson/gson;pom.xml;IN_ACCESS
2026-09-04T07:38:51.090113Z;/home/runner/work/gson/gson/gson/target/maven-archiver;pom.properties;IN_ACCESS
2026-09-04T07:38:51.589774Z;/home/runner/work/gson/gson/gson/target;moditect;IN_CREATE,IN_ISDIR
2026-09-04T07:38:51.590914Z;/home/runner/work/gson/gson/gson/target;modules;IN_CREATE,IN_ISDIR
2026-09-04T07:38:51.591628Z;/home/runner/work/gson/gson/gson/target;moditect;IN_ACCESS,IN_ISDIR
2026-09-04T07:38:51.591973Z;/home/runner/work/gson/gson/gson/target;modules;IN_ACCESS,IN_ISDIR
2026-09-04T07:38:51.592279Z;/home/runner/work/gson/gson/gson/target;gson-2.14.1-SNAPSHOT.jar;IN_ACCESS
2026-09-04T07:38:51.592583Z;/home/runner/work/gson/gson/gson/target;modules;IN_ACCESS,IN_ISDIR
2026-09-04T07:38:51.592888Z;/home/runner/work/gson/gson/gson/target;gson-2.14.1-SNAPSHOT.jar;IN_ACCESS
2026-09-04T07:38:51.593286Z;/home/runner/work/gson/gson/gson/src/main/java;module-info.java;IN_ACCESS
2026-09-04T07:38:51.757772Z;/home/runner/work/gson/gson/gson/target;gson-2.14.1-SNAPSHOT.jar;IN_ACCESS
2026-09-04T07:38:51.758355Z;/home/runner/work/gson/gson/gson/target;gson-2.14.1-SNAPSHOT.jar;IN_ACCESS
2026-09-04T07:38:51.759151Z;/home/runner/work/gson/gson/gson/target;gson-2.14.1-SNAPSHOT.jar;IN_ACCESS
2026-09-04T07:38:51.759461Z;/home/runner/work/gson/gson/gson/target;gson-2.14.1-SNAPSHOT.jar;IN_ACCESS
2026-09-04T07:38:51.759770Z;/home/runner/work/gson/gson/gson/target;gson-2.14.1-SNAPSHOT.jar;IN_ACCESS
2026-09-04T07:38:51.760178Z;/home/runner/work/gson/gson/gson/target;gson-2.14.1-SNAPSHOT.jar;IN_ACCESS
2026-09-04T07:38:51.760494Z;/home/runner/work/gson/gson/gson/target;gson-2.14.1-SNAPSHOT.jar;IN_ACCESS
2026-09-04T07:38:51.761878Z;/home/runner/work/gson/gson/gson/target;gson-2.14.1-SNAPSHOT.jar;IN_ACCESS
2026-09-04T07:38:51.762237Z;/home/runner/work/gson/gson/gson/target;gson-2.14.1-SNAPSHOT.jar;IN_ACCESS
2026-09-04T07:38:51.762536Z;/home/runner/work/gson/gson/gson/target;gson-2.14.1-SNAPSHOT.jar;IN_ACCESS
2026-09-04T07:38:51.762891Z;/home/runner/work/gson/gson/gson/target;gson-2.14.1-SNAPSHOT.jar;IN_ACCESS
2026-09-04T07:38:51.763203Z;/home/runner/work/gson/gson/gson/target;gson-2.14.1-SNAPSHOT.jar;IN_ACCESS
2026-09-04T07:38:51.763556Z;/home/runner/work/gson/gson/gson/target;gson-2.14.1-SNAPSHOT.jar;IN_ACCESS
2026-09-04T07:38:51.763907Z;/home/runner/work/gson/gson/gson/target;gson-2.14.1-SNAPSHOT.jar;IN_ACCESS
2026-09-04T07:38:51.764440Z;/home/runner/work/gson/gson/gson/target;gson-2.14.1-SNAPSHOT.jar;IN_ACCESS
2026-09-04T07:38:51.765097Z;/home/runner/work/gson/gson/gson/target;gson-2.14.1-SNAPSHOT.jar;IN_ACCESS
2026-09-04T07:38:51.766071Z;/home/runner/work/gson/gson/gson/target;gson-2.14.1-SNAPSHOT.jar;IN_ACCESS
2026-09-04T07:38:51.766375Z;/home/runner/work/gson/gson/gson/target;gson-2.14.1-SNAPSHOT.jar;IN_ACCESS
2026-09-04T07:38:51.766725Z;/home/runner/work/gson/gson/gson/target;gson-2.14.1-SNAPSHOT.jar;IN_ACCESS
2026-09-04T07:38:51.767048Z;/home/runner/work/gson/gson/gson/target;gson-2.14.1-SNAPSHOT.jar;IN_ACCESS
2026-09-04T07:38:51.767445Z;/home/runner/work/gson/gson/gson/target;gson-2.14.1-SNAPSHOT.jar;IN_ACCESS
2026-09-04T07:38:51.767804Z;/home/runner/work/gson/gson/gson/target;gson-2.14.1-SNAPSHOT.jar;IN_ACCESS
2026-09-04T07:38:51.768151Z;/home/runner/work/gson/gson/gson/target;gson-2.14.1-SNAPSHOT.jar;IN_ACCESS
2026-09-04T07:38:51.768464Z;/home/runner/work/gson/gson/gson/target;gson-2.14.1-SNAPSHOT.jar;IN_ACCESS
2026-09-04T07:38:51.768770Z;/home/runner/work/gson/gson/gson/target;gson-2.14.1-SNAPSHOT.jar;IN_ACCESS
2026-09-04T07:38:51.769074Z;/home/runner/work/gson/gson/gson/target;gson-2.14.1-SNAPSHOT.jar;IN_ACCESS
2026-09-04T07:38:51.769378Z;/home/runner/work/gson/gson/gson/target;gson-2.14.1-SNAPSHOT.jar;IN_ACCESS
2026-09-04T07:38:51.769724Z;/home/runner/work/gson/gson/gson/target;gson-2.14.1-SNAPSHOT.jar;IN_ACCESS
2026-09-04T07:38:51.770225Z;/home/runner/work/gson/gson/gson/target;gson-2.14.1-SNAPSHOT.jar;IN_ACCESS
2026-09-04T07:38:51.770582Z;/home/runner/work/gson/gson/gson/target;gson-2.14.1-SNAPSHOT.jar;IN_ACCESS
2026-09-04T07:38:51.770908Z;/home/runner/work/gson/gson/gson/target;gson-2.14.1-SNAPSHOT.jar;IN_ACCESS
2026-09-04T07:38:51.771228Z;/home/runner/work/gson/gson/gson/target;gson-2.14.1-SNAPSHOT.jar;IN_ACCESS
2026-09-04T07:38:51.771529Z;/home/runner/work/gson/gson/gson/target;gson-2.14.1-SNAPSHOT.jar;IN_ACCESS
2026-09-04T07:38:51.771843Z;/home/runner/work/gson/gson/gson/target;gson-2.14.1-SNAPSHOT.jar;IN_ACCESS
2026-09-04T07:38:51.772204Z;/home/runner/work/gson/gson/gson/target;gson-2.14.1-SNAPSHOT.jar;IN_ACCESS
2026-09-04T07:38:51.772551Z;/home/runner/work/gson/gson/gson/target;gson-2.14.1-SNAPSHOT.jar;IN_ACCESS
2026-09-04T07:38:51.772904Z;/home/runner/work/gson/gson/gson/target;gson-2.14.1-SNAPSHOT.jar;IN_ACCESS
2026-09-04T07:38:51.773243Z;/home/runner/work/gson/gson/gson/target;gson-2.14.1-SNAPSHOT.jar;IN_ACCESS
2026-09-04T07:38:51.773567Z;/home/runner/work/gson/gson/gson/target;gson-2.14.1-SNAPSHOT.jar;IN_ACCESS
2026-09-04T07:38:51.775044Z;/home/runner/work/gson/gson/gson/target;gson-2.14.1-SNAPSHOT.jar;IN_ACCESS
2026-09-04T07:38:51.775385Z;/home/runner/work/gson/gson/gson/target;gson-2.14.1-SNAPSHOT.jar;IN_ACCESS
2026-09-04T07:38:51.775980Z;/home/runner/work/gson/gson/gson/target;gson-2.14.1-SNAPSHOT.jar;IN_ACCESS
2026-09-04T07:38:51.776335Z;/home/runner/work/gson/gson/gson/target;gson-2.14.1-SNAPSHOT.jar;IN_ACCESS
2026-09-04T07:38:51.776717Z;/home/runner/work/gson/gson/gson/target;gson-2.14.1-SNAPSHOT.jar;IN_ACCESS
2026-09-04T07:38:51.777040Z;/home/runner/work/gson/gson/gson/target;gson-2.14.1-SNAPSHOT.jar;IN_ACCESS
2026-09-04T07:38:51.777358Z;/home/runner/work/gson/gson/gson/target;gson-2.14.1-SNAPSHOT.jar;IN_ACCESS
2026-09-04T07:38:51.777674Z;/home/runner/work/gson/gson/gson/target;gson-2.14.1-SNAPSHOT.jar;IN_ACCESS
2026-09-04T07:38:51.778319Z;/home/runner/work/gson/gson/gson/target;gson-2.14.1-SNAPSHOT.jar;IN_ACCESS
2026-09-04T07:38:51.778655Z;/home/runner/work/gson/gson/gson/target;gson-2.14.1-SNAPSHOT.jar;IN_ACCESS
2026-09-04T07:38:51.778976Z;/home/runner/work/gson/gson/gson/target;gson-2.14.1-SNAPSHOT.jar;IN_ACCESS
2026-09-04T07:38:51.779309Z;/home/runner/work/gson/gson/gson/target;gson-2.14.1-SNAPSHOT.jar;IN_ACCESS
2026-09-04T07:38:51.779701Z;/home/runner/work/gson/gson/gson/target;gson-2.14.1-SNAPSHOT.jar;IN_ACCESS
2026-09-04T07:38:51.780030Z;/home/runner/work/gson/gson/gson/target;gson-2.14.1-SNAPSHOT.jar;IN_ACCESS
2026-09-04T07:38:51.780359Z;/home/runner/work/gson/gson/gson/target;gson-2.14.1-SNAPSHOT.jar;IN_ACCESS
2026-09-04T07:38:51.780804Z;/home/runner/work/gson/gson/gson/target;gson-2.14.1-SNAPSHOT.jar;IN_ACCESS
2026-09-04T07:38:51.781133Z;/home/runner/work/gson/gson/gson/target;gson-2.14.1-SNAPSHOT.jar;IN_ACCESS
2026-09-04T07:38:51.781448Z;/home/runner/work/gson/gson/gson/target;gson-2.14.1-SNAPSHOT.jar;IN_ACCESS
2026-09-04T07:38:51.781762Z;/home/runner/work/gson/gson/gson/target;gson-2.14.1-SNAPSHOT.jar;IN_ACCESS
2026-09-04T07:38:51.782077Z;/home/runner/work/gson/gson/gson/target;gson-2.14.1-SNAPSHOT.jar;IN_ACCESS
2026-09-04T07:38:51.782387Z;/home/runner/work/gson/gson/gson/target;gson-2.14.1-SNAPSHOT.jar;IN_ACCESS
2026-09-04T07:38:51.782693Z;/home/runner/work/gson/gson/gson/target;gson-2.14.1-SNAPSHOT.jar;IN_ACCESS
2026-09-04T07:38:51.783220Z;/home/runner/work/gson/gson/gson/target;gson-2.14.1-SNAPSHOT.jar;IN_ACCESS
2026-09-04T07:38:51.783571Z;/home/runner/work/gson/gson/gson/target;gson-2.14.1-SNAPSHOT.jar;IN_ACCESS
2026-09-04T07:38:51.783954Z;/home/runner/work/gson/gson/gson/target;gson-2.14.1-SNAPSHOT.jar;IN_ACCESS
2026-09-04T07:38:51.784280Z;/home/runner/work/gson/gson/gson/target;gson-2.14.1-SNAPSHOT.jar;IN_ACCESS
2026-09-04T07:38:51.784722Z;/home/runner/work/gson/gson/gson/target;gson-2.14.1-SNAPSHOT.jar;IN_ACCESS
2026-09-04T07:38:51.785067Z;/home/runner/work/gson/gson/gson/target;gson-2.14.1-SNAPSHOT.jar;IN_ACCESS
2026-09-04T07:38:51.785418Z;/home/runner/work/gson/gson/gson/target;gson-2.14.1-SNAPSHOT.jar;IN_ACCESS
2026-09-04T07:38:51.785768Z;/home/runner/work/gson/gson/gson/target;gson-2.14.1-SNAPSHOT.jar;IN_ACCESS
2026-09-04T07:38:51.786099Z;/home/runner/work/gson/gson/gson/target;gson-2.14.1-SNAPSHOT.jar;IN_ACCESS
2026-09-04T07:38:51.786423Z;/home/runner/work/gson/gson/gson/target;gson-2.14.1-SNAPSHOT.jar;IN_ACCESS
2026-09-04T07:38:51.786730Z;/home/runner/work/gson/gson/gson/target;gson-2.14.1-SNAPSHOT.jar;IN_ACCESS
2026-09-04T07:38:51.787041Z;/home/runner/work/gson/gson/gson/target;gson-2.14.1-SNAPSHOT.jar;IN_ACCESS
2026-09-04T07:38:51.787500Z;/home/runner/work/gson/gson/gson/target;gson-2.14.1-SNAPSHOT.jar;IN_ACCESS
2026-09-04T07:38:51.787807Z;/home/runner/work/gson/gson/gson/target;gson-2.14.1-SNAPSHOT.jar;IN_ACCESS
2026-09-04T07:38:51.788112Z;/home/runner/work/gson/gson/gson/target;gson-2.14.1-SNAPSHOT.jar;IN_ACCESS
2026-09-04T07:38:51.788428Z;/home/runner/work/gson/gson/gson/target;gson-2.14.1-SNAPSHOT.jar;IN_ACCESS
2026-09-04T07:38:51.788772Z;/home/runner/work/gson/gson/gson/target;gson-2.14.1-SNAPSHOT.jar;IN_ACCESS
2026-09-04T07:38:51.789132Z;/home/runner/work/gson/gson/gson/target;gson-2.14.1-SNAPSHOT.jar;IN_ACCESS
2026-09-04T07:38:51.789450Z;/home/runner/work/gson/gson/gson/target;gson-2.14.1-SNAPSHOT.jar;IN_ACCESS
2026-09-04T07:38:51.789752Z;/home/runner/work/gson/gson/gson/target;gson-2.14.1-SNAPSHOT.jar;IN_ACCESS
2026-09-04T07:38:51.790045Z;/home/runner/work/gson/gson/gson/target;gson-2.14.1-SNAPSHOT.jar;IN_ACCESS
2026-09-04T07:38:51.790350Z;/home/runner/work/gson/gson/gson/target;gson-2.14.1-SNAPSHOT.jar;IN_ACCESS
2026-09-04T07:38:51.790649Z;/home/runner/work/gson/gson/gson/target;gson-2.14.1-SNAPSHOT.jar;IN_ACCESS
2026-09-04T07:38:51.790965Z;/home/runner/work/gson/gson/gson/target;gson-2.14.1-SNAPSHOT.jar;IN_ACCESS
2026-09-04T07:38:51.791268Z;/home/runner/work/gson/gson/gson/target;gson-2.14.1-SNAPSHOT.jar;IN_ACCESS
2026-09-04T07:38:51.791570Z;/home/runner/work/gson/gson/gson/target;gson-2.14.1-SNAPSHOT.jar;IN_ACCESS
2026-09-04T07:38:51.791963Z;/home/runner/work/gson/gson/gson/target;gson-2.14.1-SNAPSHOT.jar;IN_ACCESS
2026-09-04T07:38:51.792301Z;/home/runner/work/gson/gson/gson/target;gson-2.14.1-SNAPSHOT.jar;IN_ACCESS
2026-09-04T07:38:51.792745Z;/home/runner/work/gson/gson/gson/target;gson-2.14.1-SNAPSHOT.jar;IN_ACCESS
2026-09-04T07:38:51.793062Z;/home/runner/work/gson/gson/gson/target;gson-2.14.1-SNAPSHOT.jar;IN_ACCESS
2026-09-04T07:38:51.793376Z;/home/runner/work/gson/gson/gson/target;gson-2.14.1-SNAPSHOT.jar;IN_ACCESS
2026-09-04T07:38:51.793702Z;/home/runner/work/gson/gson/gson/target;gson-2.14.1-SNAPSHOT.jar;IN_ACCESS
2026-09-04T07:38:51.794066Z;/home/runner/work/gson/gson/gson/target;gson-2.14.1-SNAPSHOT.jar;IN_ACCESS
2026-09-04T07:38:51.796856Z;/home/runner/work/gson/gson/gson/target;gson-2.14.1-SNAPSHOT.jar;IN_ACCESS
2026-09-04T07:38:51.797197Z;/home/runner/work/gson/gson/gson/target;gson-2.14.1-SNAPSHOT.jar;IN_ACCESS
2026-09-04T07:38:51.797533Z;/home/runner/work/gson/gson/gson/target;gson-2.14.1-SNAPSHOT.jar;IN_ACCESS
2026-09-04T07:38:51.797877Z;/home/runner/work/gson/gson/gson/target;gson-2.14.1-SNAPSHOT.jar;IN_ACCESS
2026-09-04T07:38:51.798208Z;/home/runner/work/gson/gson/gson/target;gson-2.14.1-SNAPSHOT.jar;IN_ACCESS
2026-09-04T07:38:51.798541Z;/home/runner/work/gson/gson/gson/target;gson-2.14.1-SNAPSHOT.jar;IN_ACCESS
2026-09-04T07:38:51.799013Z;/home/runner/work/gson/gson/gson/target;gson-2.14.1-SNAPSHOT.jar;IN_ACCESS
2026-09-04T07:38:51.799714Z;/home/runner/work/gson/gson/gson/target;gson-2.14.1-SNAPSHOT.jar;IN_ACCESS
2026-09-04T07:38:51.800054Z;/home/runner/work/gson/gson/gson/target;gson-2.14.1-SNAPSHOT.jar;IN_ACCESS
2026-09-04T07:38:51.800411Z;/home/runner/work/gson/gson/gson/target;gson-2.14.1-SNAPSHOT.jar;IN_ACCESS
2026-09-04T07:38:51.800762Z;/home/runner/work/gson/gson/gson/target;gson-2.14.1-SNAPSHOT.jar;IN_ACCESS
2026-09-04T07:38:51.801124Z;/home/runner/work/gson/gson/gson/target;gson-2.14.1-SNAPSHOT.jar;IN_ACCESS
2026-09-04T07:38:51.801471Z;/home/runner/work/gson/gson/gson/target;gson-2.14.1-SNAPSHOT.jar;IN_ACCESS
2026-09-04T07:38:51.801818Z;/home/runner/work/gson/gson/gson/target;gson-2.14.1-SNAPSHOT.jar;IN_ACCESS
2026-09-04T07:38:51.802179Z;/home/runner/work/gson/gson/gson/target;gson-2.14.1-SNAPSHOT.jar;IN_ACCESS
2026-09-04T07:38:51.802518Z;/home/runner/work/gson/gson/gson/target;gson-2.14.1-SNAPSHOT.jar;IN_ACCESS
2026-09-04T07:38:51.802835Z;/home/runner/work/gson/gson/gson/target;gson-2.14.1-SNAPSHOT.jar;IN_ACCESS
2026-09-04T07:38:51.803156Z;/home/runner/work/gson/gson/gson/target;gson-2.14.1-SNAPSHOT.jar;IN_ACCESS
2026-09-04T07:38:51.803508Z;/home/runner/work/gson/gson/gson/target;gson-2.14.1-SNAPSHOT.jar;IN_ACCESS
2026-09-04T07:38:51.803870Z;/home/runner/work/gson/gson/gson/target;gson-2.14.1-SNAPSHOT.jar;IN_ACCESS
2026-09-04T07:38:51.804236Z;/home/runner/work/gson/gson/gson/target;gson-2.14.1-SNAPSHOT.jar;IN_ACCESS
2026-09-04T07:38:51.804587Z;/home/runner/work/gson/gson/gson/target;gson-2.14.1-SNAPSHOT.jar;IN_ACCESS
2026-09-04T07:38:51.804920Z;/home/runner/work/gson/gson/gson/target;gson-2.14.1-SNAPSHOT.jar;IN_ACCESS
2026-09-04T07:38:51.805240Z;/home/runner/work/gson/gson/gson/target;gson-2.14.1-SNAPSHOT.jar;IN_ACCESS
2026-09-04T07:38:51.805563Z;/home/runner/work/gson/gson/gson/target;gson-2.14.1-SNAPSHOT.jar;IN_ACCESS
2026-09-04T07:38:51.805886Z;/home/runner/work/gson/gson/gson/target;gson-2.14.1-SNAPSHOT.jar;IN_ACCESS
2026-09-04T07:38:51.806204Z;/home/runner/work/gson/gson/gson/target;gson-2.14.1-SNAPSHOT.jar;IN_ACCESS
2026-09-04T07:38:51.806518Z;/home/runner/work/gson/gson/gson/target;gson-2.14.1-SNAPSHOT.jar;IN_ACCESS
2026-09-04T07:38:51.806826Z;/home/runner/work/gson/gson/gson/target;gson-2.14.1-SNAPSHOT.jar;IN_ACCESS
2026-09-04T07:38:51.807216Z;/home/runner/work/gson/gson/gson/target;gson-2.14.1-SNAPSHOT.jar;IN_ACCESS
2026-09-04T07:38:51.807547Z;/home/runner/work/gson/gson/gson/target;gson-2.14.1-SNAPSHOT.jar;IN_ACCESS
2026-09-04T07:38:51.807885Z;/home/runner/work/gson/gson/gson/target;gson-2.14.1-SNAPSHOT.jar;IN_ACCESS
2026-09-04T07:38:51.808216Z;/home/runner/work/gson/gson/gson/target;gson-2.14.1-SNAPSHOT.jar;IN_ACCESS
2026-09-04T07:38:51.808545Z;/home/runner/work/gson/gson/gson/target;gson-2.14.1-SNAPSHOT.jar;IN_ACCESS
2026-09-04T07:38:51.808871Z;/home/runner/work/gson/gson/gson/target;gson-2.14.1-SNAPSHOT.jar;IN_ACCESS
2026-09-04T07:38:51.809194Z;/home/runner/work/gson/gson/gson/target;gson-2.14.1-SNAPSHOT.jar;IN_ACCESS
2026-09-04T07:38:51.809507Z;/home/runner/work/gson/gson/gson/target;gson-2.14.1-SNAPSHOT.jar;IN_ACCESS
2026-09-04T07:38:51.809818Z;/home/runner/work/gson/gson/gson/target;gson-2.14.1-SNAPSHOT.jar;IN_ACCESS
2026-09-04T07:38:51.810134Z;/home/runner/work/gson/gson/gson/target;gson-2.14.1-SNAPSHOT.jar;IN_ACCESS
2026-09-04T07:38:51.810689Z;/home/runner/work/gson/gson/gson/target;gson-2.14.1-SNAPSHOT.jar;IN_ACCESS
2026-09-04T07:38:51.811164Z;/home/runner/work/gson/gson/gson/target;gson-2.14.1-SNAPSHOT.jar;IN_ACCESS
2026-09-04T07:38:51.811496Z;/home/runner/work/gson/gson/gson/target;gson-2.14.1-SNAPSHOT.jar;IN_ACCESS
2026-09-04T07:38:51.811834Z;/home/runner/work/gson/gson/gson/target;gson-2.14.1-SNAPSHOT.jar;IN_ACCESS
2026-09-04T07:38:51.812161Z;/home/runner/work/gson/gson/gson/target;gson-2.14.1-SNAPSHOT.jar;IN_ACCESS
2026-09-04T07:38:51.812488Z;/home/runner/work/gson/gson/gson/target;gson-2.14.1-SNAPSHOT.jar;IN_ACCESS
2026-09-04T07:38:51.812813Z;/home/runner/work/gson/gson/gson/target;gson-2.14.1-SNAPSHOT.jar;IN_ACCESS
2026-09-04T07:38:51.813138Z;/home/runner/work/gson/gson/gson/target;gson-2.14.1-SNAPSHOT.jar;IN_ACCESS
2026-09-04T07:38:51.813459Z;/home/runner/work/gson/gson/gson/target;gson-2.14.1-SNAPSHOT.jar;IN_ACCESS
2026-09-04T07:38:51.813777Z;/home/runner/work/gson/gson/gson/target;gson-2.14.1-SNAPSHOT.jar;IN_ACCESS
2026-09-04T07:38:51.814113Z;/home/runner/work/gson/gson/gson/target;gson-2.14.1-SNAPSHOT.jar;IN_ACCESS
2026-09-04T07:38:51.814615Z;/home/runner/work/gson/gson/gson/target;gson-2.14.1-SNAPSHOT.jar;IN_ACCESS
2026-09-04T07:38:51.814993Z;/home/runner/work/gson/gson/gson/target;gson-2.14.1-SNAPSHOT.jar;IN_ACCESS
2026-09-04T07:38:51.815491Z;/home/runner/work/gson/gson/gson/target;gson-2.14.1-SNAPSHOT.jar;IN_ACCESS
2026-09-04T07:38:51.815827Z;/home/runner/work/gson/gson/gson/target;gson-2.14.1-SNAPSHOT.jar;IN_ACCESS
2026-09-04T07:38:51.816155Z;/home/runner/work/gson/gson/gson/target;gson-2.14.1-SNAPSHOT.jar;IN_ACCESS
2026-09-04T07:38:51.817327Z;/home/runner/work/gson/gson/gson/target;gson-2.14.1-SNAPSHOT.jar;IN_ACCESS
2026-09-04T07:38:51.817674Z;/home/runner/work/gson/gson/gson/target;gson-2.14.1-SNAPSHOT.jar;IN_ACCESS
2026-09-04T07:38:51.818006Z;/home/runner/work/gson/gson/gson/target;gson-2.14.1-SNAPSHOT.jar;IN_ACCESS
2026-09-04T07:38:51.818406Z;/home/runner/work/gson/gson/gson/target;gson-2.14.1-SNAPSHOT.jar;IN_ACCESS
2026-09-04T07:38:51.818741Z;/home/runner/work/gson/gson/gson/target;gson-2.14.1-SNAPSHOT.jar;IN_ACCESS
2026-09-04T07:38:51.819073Z;/home/runner/work/gson/gson/gson/target;gson-2.14.1-SNAPSHOT.jar;IN_ACCESS
2026-09-04T07:38:51.819589Z;/home/runner/work/gson/gson/gson/target;gson-2.14.1-SNAPSHOT.jar;IN_ACCESS
2026-09-04T07:38:51.819932Z;/home/runner/work/gson/gson/gson/target;gson-2.14.1-SNAPSHOT.jar;IN_ACCESS
2026-09-04T07:38:51.839217Z;/home/runner/work/gson/gson/gson/target;gson-2.14.1-SNAPSHOT.jar;IN_DELETE
2026-09-04T07:38:51.839728Z;/home/runner/work/gson/gson/gson/target;gson-2.14.1-SNAPSHOT.jar;IN_CREATE
2026-09-04T07:38:51.840063Z;/home/runner/work/gson/gson/gson/target/modules;gson-2.14.1-SNAPSHOT.jar;IN_ACCESS
2026-09-04T07:38:51.898729Z;/home/runner/work/gson/gson;gson;IN_ACCESS,IN_ISDIR
2026-09-04T07:38:51.899201Z;/home/runner/work/gson/gson/gson;;IN_ACCESS,IN_ISDIR
2026-09-04T07:38:51.901800Z;/home/runner/work/gson/gson;gson;IN_ACCESS,IN_ISDIR
2026-09-04T07:38:51.902105Z;/home/runner/work/gson/gson/gson;;IN_ACCESS,IN_ISDIR
2026-09-04T07:38:51.902436Z;/home/runner/work/gson/gson/.git;HEAD;IN_ACCESS
2026-09-04T07:38:51.902717Z;/home/runner/work/gson/gson/.git;config;IN_ACCESS
2026-09-04T07:38:51.903007Z;/home/runner/work/gson/gson;gson;IN_ACCESS,IN_ISDIR
2026-09-04T07:38:51.903706Z;/home/runner/work/gson/gson/gson;;IN_ACCESS,IN_ISDIR
2026-09-04T07:38:51.904049Z;/home/runner/work/gson/gson;gson;IN_ACCESS,IN_ISDIR
2026-09-04T07:38:51.904398Z;/home/runner/work/gson/gson/gson;;IN_ACCESS,IN_ISDIR
2026-09-04T07:38:51.904716Z;/home/runner/work/gson/gson/gson;src;IN_ACCESS,IN_ISDIR
2026-09-04T07:38:51.905013Z;/home/runner/work/gson/gson/gson/src;;IN_ACCESS,IN_ISDIR
2026-09-04T07:38:51.905312Z;/home/runner/work/gson/gson/gson;src;IN_ACCESS,IN_ISDIR
2026-09-04T07:38:51.905637Z;/home/runner/work/gson/gson/gson/src;;IN_ACCESS,IN_ISDIR
2026-09-04T07:38:51.905939Z;/home/runner/work/gson/gson/gson/src;main;IN_ACCESS,IN_ISDIR
2026-09-04T07:38:51.906238Z;/home/runner/work/gson/gson/gson/src/main;;IN_ACCESS,IN_ISDIR
2026-09-04T07:38:51.906657Z;/home/runner/work/gson/gson/gson/src;main;IN_ACCESS,IN_ISDIR
2026-09-04T07:38:51.906973Z;/home/runner/work/gson/gson/gson/src/main;;IN_ACCESS,IN_ISDIR
2026-09-04T07:38:51.907293Z;/home/runner/work/gson/gson/gson/src/main;java;IN_ACCESS,IN_ISDIR
2026-09-04T07:38:51.907630Z;/home/runner/work/gson/gson/gson/src/main/java;;IN_ACCESS,IN_ISDIR
2026-09-04T07:38:51.907973Z;/home/runner/work/gson/gson/gson/src/main;java;IN_ACCESS,IN_ISDIR
2026-09-04T07:38:51.908277Z;/home/runner/work/gson/gson/gson/src/main/java;;IN_ACCESS,IN_ISDIR
2026-09-04T07:38:51.908597Z;/home/runner/work/gson/gson/gson/src/main/java;com;IN_ACCESS,IN_ISDIR
2026-09-04T07:38:51.908891Z;/home/runner/work/gson/gson/gson/src/main/java/com;;IN_ACCESS,IN_ISDIR
2026-09-04T07:38:51.909358Z;/home/runner/work/gson/gson/gson/src/main/java;com;IN_ACCESS,IN_ISDIR
2026-09-04T07:38:51.910077Z;/home/runner/work/gson/gson/gson/src/main/java/com;;IN_ACCESS,IN_ISDIR
2026-09-04T07:38:51.910408Z;/home/runner/work/gson/gson/gson/src/main/java/com;google;IN_ACCESS,IN_ISDIR
2026-09-04T07:38:51.910768Z;/home/runner/work/gson/gson/gson/src/main/java/com/google;;IN_ACCESS,IN_ISDIR
2026-09-04T07:38:51.911081Z;/home/runner/work/gson/gson/gson/src/main/java/com;google;IN_ACCESS,IN_ISDIR
2026-09-04T07:38:51.911380Z;/home/runner/work/gson/gson/gson/src/main/java/com/google;;IN_ACCESS,IN_ISDIR
2026-09-04T07:38:51.911695Z;/home/runner/work/gson/gson/gson/src/main/java/com/google;gson;IN_ACCESS,IN_ISDIR
2026-09-04T07:38:51.912265Z;/home/runner/work/gson/gson/gson/src/main/java/com/google/gson;;IN_ACCESS,IN_ISDIR
2026-09-04T07:38:51.913002Z;/home/runner/work/gson/gson/gson/src/main/java/com/google;gson;IN_ACCESS,IN_ISDIR
2026-09-04T07:38:51.913292Z;/home/runner/work/gson/gson/gson/src/main/java/com/google/gson;;IN_ACCESS,IN_ISDIR
2026-09-04T07:38:51.913624Z;/home/runner/work/gson/gson/gson/src/main/java/com/google/gson;annotations;IN_ACCESS,IN_ISDIR
2026-09-04T07:38:51.913937Z;/home/runner/work/gson/gson/gson/src/main/java/com/google/gson/annotations;;IN_ACCESS,IN_ISDIR
2026-09-04T07:38:51.914233Z;/home/runner/work/gson/gson/gson/src/main/java/com/google/gson;annotations;IN_ACCESS,IN_ISDIR
2026-09-04T07:38:51.914528Z;/home/runner/work/gson/gson/gson/src/main/java/com/google/gson/annotations;;IN_ACCESS,IN_ISDIR
2026-09-04T07:38:51.914846Z;/home/runner/work/gson/gson/gson/src/main/java/com/google/gson;internal;IN_ACCESS,IN_ISDIR
2026-09-04T07:38:51.915144Z;/home/runner/work/gson/gson/gson/src/main/java/com/google/gson/internal;;IN_ACCESS,IN_ISDIR
2026-09-04T07:38:51.915437Z;/home/runner/work/gson/gson/gson/src/main/java/com/google/gson;internal;IN_ACCESS,IN_ISDIR
2026-09-04T07:38:51.915729Z;/home/runner/work/gson/gson/gson/src/main/java/com/google/gson/internal;;IN_ACCESS,IN_ISDIR
2026-09-04T07:38:51.916021Z;/home/runner/work/gson/gson/gson/src/main/java/com/google/gson/internal;bind;IN_ACCESS,IN_ISDIR
2026-09-04T07:38:51.916314Z;/home/runner/work/gson/gson/gson/src/main/java/com/google/gson/internal/bind;;IN_ACCESS,IN_ISDIR
2026-09-04T07:38:51.916622Z;/home/runner/work/gson/gson/gson/src/main/java/com/google/gson/internal;bind;IN_ACCESS,IN_ISDIR
2026-09-04T07:38:51.916919Z;/home/runner/work/gson/gson/gson/src/main/java/com/google/gson/internal/bind;;IN_ACCESS,IN_ISDIR
2026-09-04T07:38:51.918871Z;/home/runner/work/gson/gson/gson/src/main/java/com/google/gson/internal/bind;util;IN_ACCESS,IN_ISDIR
2026-09-04T07:38:51.919205Z;/home/runner/work/gson/gson/gson/src/main/java/com/google/gson/internal/bind/util;;IN_ACCESS,IN_ISDIR
2026-09-04T07:38:51.919519Z;/home/runner/work/gson/gson/gson/src/main/java/com/google/gson/internal/bind;util;IN_ACCESS,IN_ISDIR
2026-09-04T07:38:51.919862Z;/home/runner/work/gson/gson/gson/src/main/java/com/google/gson/internal/bind/util;;IN_ACCESS,IN_ISDIR
2026-09-04T07:38:51.920184Z;/home/runner/work/gson/gson/gson/src/main/java/com/google/gson/internal;reflect;IN_ACCESS,IN_ISDIR
2026-09-04T07:38:51.920510Z;/home/runner/work/gson/gson/gson/src/main/java/com/google/gson/internal/reflect;;IN_ACCESS,IN_ISDIR
2026-09-04T07:38:51.920840Z;/home/runner/work/gson/gson/gson/src/main/java/com/google/gson/internal;reflect;IN_ACCESS,IN_ISDIR
2026-09-04T07:38:51.921268Z;/home/runner/work/gson/gson/gson/src/main/java/com/google/gson/internal/reflect;;IN_ACCESS,IN_ISDIR
2026-09-04T07:38:51.921722Z;/home/runner/work/gson/gson/gson/src/main/java/com/google/gson/internal;sql;IN_ACCESS,IN_ISDIR
2026-09-04T07:38:51.922038Z;/home/runner/work/gson/gson/gson/src/main/java/com/google/gson/internal/sql;;IN_ACCESS,IN_ISDIR
2026-09-04T07:38:51.922354Z;/home/runner/work/gson/gson/gson/src/main/java/com/google/gson/internal;sql;IN_ACCESS,IN_ISDIR
2026-09-04T07:38:51.922667Z;/home/runner/work/gson/gson/gson/src/main/java/com/google/gson/internal/sql;;IN_ACCESS,IN_ISDIR
2026-09-04T07:38:51.923014Z;/home/runner/work/gson/gson/gson/src/main/java/com/google/gson;reflect;IN_ACCESS,IN_ISDIR
2026-09-04T07:38:51.923316Z;/home/runner/work/gson/gson/gson/src/main/java/com/google/gson/reflect;;IN_ACCESS,IN_ISDIR
2026-09-04T07:38:51.923650Z;/home/runner/work/gson/gson/gson/src/main/java/com/google/gson;reflect;IN_ACCESS,IN_ISDIR
2026-09-04T07:38:51.923955Z;/home/runner/work/gson/gson/gson/src/main/java/com/google/gson/reflect;;IN_ACCESS,IN_ISDIR
2026-09-04T07:38:51.924253Z;/home/runner/work/gson/gson/gson/src/main/java/com/google/gson;stream;IN_ACCESS,IN_ISDIR
2026-09-04T07:38:51.924563Z;/home/runner/work/gson/gson/gson/src/main/java/com/google/gson/stream;;IN_ACCESS,IN_ISDIR
2026-09-04T07:38:51.924888Z;/home/runner/work/gson/gson/gson/src/main/java/com/google/gson;stream;IN_ACCESS,IN_ISDIR
2026-09-04T07:38:51.925569Z;/home/runner/work/gson/gson/gson/src/main/java/com/google/gson/stream;;IN_ACCESS,IN_ISDIR
2026-09-04T07:38:51.925896Z;/home/runner/work/gson/gson/gson/src;test;IN_ACCESS,IN_ISDIR
2026-09-04T07:38:51.926216Z;/home/runner/work/gson/gson/gson/src/test;;IN_ACCESS,IN_ISDIR
2026-09-04T07:38:51.926527Z;/home/runner/work/gson/gson/gson/src;test;IN_ACCESS,IN_ISDIR
2026-09-04T07:38:51.926839Z;/home/runner/work/gson/gson/gson/src/test;;IN_ACCESS,IN_ISDIR
2026-09-04T07:38:51.927143Z;/home/runner/work/gson/gson/gson/src/test;java;IN_ACCESS,IN_ISDIR
2026-09-04T07:38:51.927452Z;/home/runner/work/gson/gson/gson/src/test/java;;IN_ACCESS,IN_ISDIR
2026-09-04T07:38:51.927832Z;/home/runner/work/gson/gson/gson/src/test;java;IN_ACCESS,IN_ISDIR
2026-09-04T07:38:51.928199Z;/home/runner/work/gson/gson/gson/src/test/java;;IN_ACCESS,IN_ISDIR
2026-09-04T07:38:51.928536Z;/home/runner/work/gson/gson/gson/src/test/java;com;IN_ACCESS,IN_ISDIR
2026-09-04T07:38:51.928874Z;/home/runner/work/gson/gson/gson/src/test/java/com;;IN_ACCESS,IN_ISDIR
2026-09-04T07:38:51.929220Z;/home/runner/work/gson/gson/gson/src/test/java;com;IN_ACCESS,IN_ISDIR
2026-09-04T07:38:51.929550Z;/home/runner/work/gson/gson/gson/src/test/java/com;;IN_ACCESS,IN_ISDIR
2026-09-04T07:38:51.930012Z;/home/runner/work/gson/gson/gson/src/test/java/com;google;IN_ACCESS,IN_ISDIR
2026-09-04T07:38:51.930348Z;/home/runner/work/gson/gson/gson/src/test/java/com/google;;IN_ACCESS,IN_ISDIR
2026-09-04T07:38:51.930669Z;/home/runner/work/gson/gson/gson/src/test/java/com;google;IN_ACCESS,IN_ISDIR
2026-09-04T07:38:51.930993Z;/home/runner/work/gson/gson/gson/src/test/java/com/google;;IN_ACCESS,IN_ISDIR
2026-09-04T07:38:51.931304Z;/home/runner/work/gson/gson/gson/src/test/java/com/google;gson;IN_ACCESS,IN_ISDIR
2026-09-04T07:38:51.931642Z;/home/runner/work/gson/gson/gson/src/test/java/com/google/gson;;IN_ACCESS,IN_ISDIR
2026-09-04T07:38:51.932786Z;/home/runner/work/gson/gson/gson/src/test/java/com/google;gson;IN_ACCESS,IN_ISDIR
2026-09-04T07:38:51.933146Z;/home/runner/work/gson/gson/gson/src/test/java/com/google/gson;;IN_ACCESS,IN_ISDIR
2026-09-04T07:38:51.933486Z;/home/runner/work/gson/gson/gson/src/test/java/com/google/gson;functional;IN_ACCESS,IN_ISDIR
2026-09-04T07:38:51.933820Z;/home/runner/work/gson/gson/gson/src/test/java/com/google/gson/functional;;IN_ACCESS,IN_ISDIR
2026-09-04T07:38:51.935012Z;/home/runner/work/gson/gson/gson/src/test/java/com/google/gson;functional;IN_ACCESS,IN_ISDIR
2026-09-04T07:38:51.935349Z;/home/runner/work/gson/gson/gson/src/test/java/com/google/gson/functional;;IN_ACCESS,IN_ISDIR
2026-09-04T07:38:51.935846Z;/home/runner/work/gson/gson/gson/src/test/java/com/google/gson;internal;IN_ACCESS,IN_ISDIR
2026-09-04T07:38:51.936214Z;/home/runner/work/gson/gson/gson/src/test/java/com/google/gson/internal;;IN_ACCESS,IN_ISDIR
2026-09-04T07:38:51.936567Z;/home/runner/work/gson/gson/gson/src/test/java/com/google/gson;internal;IN_ACCESS,IN_ISDIR
2026-09-04T07:38:51.936909Z;/home/runner/work/gson/gson/gson/src/test/java/com/google/gson/internal;;IN_ACCESS,IN_ISDIR
2026-09-04T07:38:51.937240Z;/home/runner/work/gson/gson/gson/src/test/java/com/google/gson/internal;bind;IN_ACCESS,IN_ISDIR
2026-09-04T07:38:51.937576Z;/home/runner/work/gson/gson/gson/src/test/java/com/google/gson/internal/bind;;IN_ACCESS,IN_ISDIR
2026-09-04T07:38:51.937919Z;/home/runner/work/gson/gson/gson/src/test/java/com/google/gson/internal;bind;IN_ACCESS,IN_ISDIR
2026-09-04T07:38:51.938253Z;/home/runner/work/gson/gson/gson/src/test/java/com/google/gson/internal/bind;;IN_ACCESS,IN_ISDIR
2026-09-04T07:38:51.938593Z;/home/runner/work/gson/gson/gson/src/test/java/com/google/gson/internal/bind;util;IN_ACCESS,IN_ISDIR
2026-09-04T07:38:51.938920Z;/home/runner/work/gson/gson/gson/src/test/java/com/google/gson/internal/bind/util;;IN_ACCESS,IN_ISDIR
2026-09-04T07:38:51.939238Z;/home/runner/work/gson/gson/gson/src/test/java/com/google/gson/internal/bind;util;IN_ACCESS,IN_ISDIR
2026-09-04T07:38:51.939552Z;/home/runner/work/gson/gson/gson/src/test/java/com/google/gson/internal/bind/util;;IN_ACCESS,IN_ISDIR
2026-09-04T07:38:51.939878Z;/home/runner/work/gson/gson/gson/src/test/java/com/google/gson/internal;reflect;IN_ACCESS,IN_ISDIR
2026-09-04T07:38:51.940191Z;/home/runner/work/gson/gson/gson/src/test/java/com/google/gson/internal/reflect;;IN_ACCESS,IN_ISDIR
2026-09-04T07:38:51.940783Z;/home/runner/work/gson/gson/gson/src/test/java/com/google/gson/internal;reflect;IN_ACCESS,IN_ISDIR
2026-09-04T07:38:51.941194Z;/home/runner/work/gson/gson/gson/src/test/java/com/google/gson/internal/reflect;;IN_ACCESS,IN_ISDIR
2026-09-04T07:38:51.941529Z;/home/runner/work/gson/gson/gson/src/test/java/com/google/gson/internal;sql;IN_ACCESS,IN_ISDIR
2026-09-04T07:38:51.941901Z;/home/runner/work/gson/gson/gson/src/test/java/com/google/gson/internal/sql;;IN_ACCESS,IN_ISDIR
2026-09-04T07:38:51.942258Z;/home/runner/work/gson/gson/gson/src/test/java/com/google/gson/internal;sql;IN_ACCESS,IN_ISDIR
2026-09-04T07:38:51.942592Z;/home/runner/work/gson/gson/gson/src/test/java/com/google/gson/internal/sql;;IN_ACCESS,IN_ISDIR
2026-09-04T07:38:51.942923Z;/home/runner/work/gson/gson/gson/src/test/java/com/google/gson;integration;IN_ACCESS,IN_ISDIR
2026-09-04T07:38:51.943297Z;/home/runner/work/gson/gson/gson/src/test/java/com/google/gson/integration;;IN_ACCESS,IN_ISDIR
2026-09-04T07:38:51.943647Z;/home/runner/work/gson/gson/gson/src/test/java/com/google/gson;integration;IN_ACCESS,IN_ISDIR
2026-09-04T07:38:51.943998Z;/home/runner/work/gson/gson/gson/src/test/java/com/google/gson/integration;;IN_ACCESS,IN_ISDIR
2026-09-04T07:38:51.944340Z;/home/runner/work/gson/gson/gson/src/test/java/com/google/gson;metrics;IN_ACCESS,IN_ISDIR
2026-09-04T07:38:51.944689Z;/home/runner/work/gson/gson/gson/src/test/java/com/google/gson/metrics;;IN_ACCESS,IN_ISDIR
2026-09-04T07:38:51.945027Z;/home/runner/work/gson/gson/gson/src/test/java/com/google/gson;metrics;IN_ACCESS,IN_ISDIR
2026-09-04T07:38:51.945355Z;/home/runner/work/gson/gson/gson/src/test/java/com/google/gson/metrics;;IN_ACCESS,IN_ISDIR
2026-09-04T07:38:51.945696Z;/home/runner/work/gson/gson/gson/src/test/java/com/google/gson;reflect;IN_ACCESS,IN_ISDIR
2026-09-04T07:38:51.946044Z;/home/runner/work/gson/gson/gson/src/test/java/com/google/gson/reflect;;IN_ACCESS,IN_ISDIR
2026-09-04T07:38:51.946413Z;/home/runner/work/gson/gson/gson/src/test/java/com/google/gson;reflect;IN_ACCESS,IN_ISDIR
2026-09-04T07:38:51.946756Z;/home/runner/work/gson/gson/gson/src/test/java/com/google/gson/reflect;;IN_ACCESS,IN_ISDIR
2026-09-04T07:38:51.947101Z;/home/runner/work/gson/gson/gson/src/test/java/com/google/gson;stream;IN_ACCESS,IN_ISDIR
2026-09-04T07:38:51.947432Z;/home/runner/work/gson/gson/gson/src/test/java/com/google/gson/stream;;IN_ACCESS,IN_ISDIR
2026-09-04T07:38:51.947916Z;/home/runner/work/gson/gson/gson/src/test/java/com/google/gson;stream;IN_ACCESS,IN_ISDIR
2026-09-04T07:38:51.948253Z;/home/runner/work/gson/gson/gson/src/test/java/com/google/gson/stream;;IN_ACCESS,IN_ISDIR
2026-09-04T07:38:51.948570Z;/home/runner/work/gson/gson/gson/src/test/java/com/google/gson;common;IN_ACCESS,IN_ISDIR
2026-09-04T07:38:51.948902Z;/home/runner/work/gson/gson/gson/src/test/java/com/google/gson/common;;IN_ACCESS,IN_ISDIR
2026-09-04T07:38:51.951124Z;/home/runner/work/gson/gson/gson/src/test/java/com/google/gson;common;IN_ACCESS,IN_ISDIR
2026-09-04T07:38:51.951486Z;/home/runner/work/gson/gson/gson/src/test/java/com/google/gson/common;;IN_ACCESS,IN_ISDIR
2026-09-04T07:38:51.951907Z;/home/runner/work/gson/gson/.git;HEAD;IN_ACCESS
2026-09-04T07:38:51.952252Z;/home/runner/work/gson/gson/.git;config;IN_ACCESS
2026-09-04T07:38:51.952599Z;/home/runner/work/gson/gson;gson;IN_ACCESS,IN_ISDIR
2026-09-04T07:38:51.952924Z;/home/runner/work/gson/gson/gson;;IN_ACCESS,IN_ISDIR
2026-09-04T07:38:51.953247Z;/home/runner/work/gson/gson;gson;IN_ACCESS,IN_ISDIR
2026-09-04T07:38:51.953559Z;/home/runner/work/gson/gson/gson;;IN_ACCESS,IN_ISDIR
2026-09-04T07:38:51.953861Z;/home/runner/work/gson/gson/gson;pom.xml;IN_ACCESS
2026-09-04T07:38:51.954163Z;/home/runner/work/gson/gson/gson;README.md;IN_ACCESS
2026-09-04T07:38:51.954490Z;/home/runner/work/gson/gson;gson;IN_ACCESS,IN_ISDIR
2026-09-04T07:38:51.954805Z;/home/runner/work/gson/gson/gson;;IN_ACCESS,IN_ISDIR
2026-09-04T07:38:51.955117Z;/home/runner/work/gson/gson;gson;IN_ACCESS,IN_ISDIR
2026-09-04T07:38:51.955416Z;/home/runner/work/gson/gson/gson;;IN_ACCESS,IN_ISDIR
2026-09-04T07:38:51.955735Z;/home/runner/work/gson/gson/gson;src;IN_ACCESS,IN_ISDIR
2026-09-04T07:38:51.956048Z;/home/runner/work/gson/gson/gson/src;;IN_ACCESS,IN_ISDIR
2026-09-04T07:38:51.956479Z;/home/runner/work/gson/gson/gson;src;IN_ACCESS,IN_ISDIR
2026-09-04T07:38:51.956813Z;/home/runner/work/gson/gson/gson/src;;IN_ACCESS,IN_ISDIR
2026-09-04T07:38:51.957357Z;/home/runner/work/gson/gson/gson/src;main;IN_ACCESS,IN_ISDIR
2026-09-04T07:38:51.957653Z;/home/runner/work/gson/gson/gson/src/main;;IN_ACCESS,IN_ISDIR
2026-09-04T07:38:51.957991Z;/home/runner/work/gson/gson/gson/src;main;IN_ACCESS,IN_ISDIR
2026-09-04T07:38:51.958292Z;/home/runner/work/gson/gson/gson/src/main;;IN_ACCESS,IN_ISDIR
2026-09-04T07:38:51.958600Z;/home/runner/work/gson/gson/gson/src/main;java;IN_ACCESS,IN_ISDIR
2026-09-04T07:38:51.959483Z;/home/runner/work/gson/gson/gson/src/main/java;;IN_ACCESS,IN_ISDIR
2026-09-04T07:38:51.959806Z;/home/runner/work/gson/gson/gson/src/main;java;IN_ACCESS,IN_ISDIR
2026-09-04T07:38:51.960182Z;/home/runner/work/gson/gson/gson/src/main/java;;IN_ACCESS,IN_ISDIR
2026-09-04T07:38:51.960586Z;/home/runner/work/gson/gson/gson/src/main/java;com;IN_ACCESS,IN_ISDIR
2026-09-04T07:38:51.963842Z;/home/runner/work/gson/gson/gson/src/main/java/com;;IN_ACCESS,IN_ISDIR
2026-09-04T07:38:51.964157Z;/home/runner/work/gson/gson/gson/src/main/java;com;IN_ACCESS,IN_ISDIR
2026-09-04T07:38:51.964450Z;/home/runner/work/gson/gson/gson/src/main/java/com;;IN_ACCESS,IN_ISDIR
2026-09-04T07:38:51.964779Z;/home/runner/work/gson/gson/gson/src/main/java/com;google;IN_ACCESS,IN_ISDIR
2026-09-04T07:38:51.965106Z;/home/runner/work/gson/gson/gson/src/main/java/com/google;;IN_ACCESS,IN_ISDIR
2026-09-04T07:38:51.965414Z;/home/runner/work/gson/gson/gson/src/main/java/com;google;IN_ACCESS,IN_ISDIR
2026-09-04T07:38:51.965715Z;/home/runner/work/gson/gson/gson/src/main/java/com/google;;IN_ACCESS,IN_ISDIR
2026-09-04T07:38:51.966035Z;/home/runner/work/gson/gson/gson/src/main/java/com/google;gson;IN_ACCESS,IN_ISDIR
2026-09-04T07:38:51.966345Z;/home/runner/work/gson/gson/gson/src/main/java/com/google/gson;;IN_ACCESS,IN_ISDIR
2026-09-04T07:38:51.966642Z;/home/runner/work/gson/gson/gson/src/main/java/com/google;gson;IN_ACCESS,IN_ISDIR
2026-09-04T07:38:51.966947Z;/home/runner/work/gson/gson/gson/src/main/java/com/google/gson;;IN_ACCESS,IN_ISDIR
2026-09-04T07:38:51.967395Z;/home/runner/work/gson/gson/gson/src/main/java/com/google/gson;annotations;IN_ACCESS,IN_ISDIR
2026-09-04T07:38:51.967724Z;/home/runner/work/gson/gson/gson/src/main/java/com/google/gson/annotations;;IN_ACCESS,IN_ISDIR
2026-09-04T07:38:51.968027Z;/home/runner/work/gson/gson/gson/src/main/java/com/google/gson;annotations;IN_ACCESS,IN_ISDIR
2026-09-04T07:38:51.968346Z;/home/runner/work/gson/gson/gson/src/main/java/com/google/gson/annotations;;IN_ACCESS,IN_ISDIR
2026-09-04T07:38:51.968713Z;/home/runner/work/gson/gson/gson/src/main/java/com/google/gson;internal;IN_ACCESS,IN_ISDIR
2026-09-04T07:38:51.969661Z;/home/runner/work/gson/gson/gson/src/main/java/com/google/gson/internal;;IN_ACCESS,IN_ISDIR
2026-09-04T07:38:51.971711Z;/home/runner/work/gson/gson/gson/src/main/java/com/google/gson;internal;IN_ACCESS,IN_ISDIR
2026-09-04T07:38:51.973227Z;/home/runner/work/gson/gson/gson/src/main/java/com/google/gson/internal;;IN_ACCESS,IN_ISDIR
2026-09-04T07:38:51.973731Z;/home/runner/work/gson/gson/gson/src/main/java/com/google/gson/internal;bind;IN_ACCESS,IN_ISDIR
2026-09-04T07:38:51.974809Z;/home/runner/work/gson/gson/gson/src/main/java/com/google/gson/internal/bind;;IN_ACCESS,IN_ISDIR
2026-09-04T07:38:51.975824Z;/home/runner/work/gson/gson/gson/src/main/java/com/google/gson/internal;bind;IN_ACCESS,IN_ISDIR
2026-09-04T07:38:51.976257Z;/home/runner/work/gson/gson/gson/src/main/java/com/google/gson/internal/bind;;IN_ACCESS,IN_ISDIR
2026-09-04T07:38:51.976614Z;/home/runner/work/gson/gson/gson/src/main/java/com/google/gson/internal/bind;util;IN_ACCESS,IN_ISDIR
2026-09-04T07:38:51.977036Z;/home/runner/work/gson/gson/gson/src/main/java/com/google/gson/internal/bind/util;;IN_ACCESS,IN_ISDIR
2026-09-04T07:38:51.977354Z;/home/runner/work/gson/gson/gson/src/main/java/com/google/gson/internal/bind;util;IN_ACCESS,IN_ISDIR
2026-09-04T07:38:51.979837Z;/home/runner/work/gson/gson/gson/src/main/java/com/google/gson/internal/bind/util;;IN_ACCESS,IN_ISDIR
2026-09-04T07:38:51.980196Z;/home/runner/work/gson/gson/gson/src/main/java/com/google/gson/internal;reflect;IN_ACCESS,IN_ISDIR
2026-09-04T07:38:51.980531Z;/home/runner/work/gson/gson/gson/src/main/java/com/google/gson/internal/reflect;;IN_ACCESS,IN_ISDIR
2026-09-04T07:38:51.980857Z;/home/runner/work/gson/gson/gson/src/main/java/com/google/gson/internal;reflect;IN_ACCESS,IN_ISDIR
2026-09-04T07:38:51.981143Z;/home/runner/work/gson/gson/gson/src/main/java/com/google/gson/internal/reflect;;IN_ACCESS,IN_ISDIR
2026-09-04T07:38:51.981426Z;/home/runner/work/gson/gson/gson/src/main/java/com/google/gson/internal;sql;IN_ACCESS,IN_ISDIR
2026-09-04T07:38:51.981722Z;/home/runner/work/gson/gson/gson/src/main/java/com/google/gson/internal/sql;;IN_ACCESS,IN_ISDIR
2026-09-04T07:38:51.982013Z;/home/runner/work/gson/gson/gson/src/main/java/com/google/gson/internal;sql;IN_ACCESS,IN_ISDIR
2026-09-04T07:38:51.982303Z;/home/runner/work/gson/gson/gson/src/main/java/com/google/gson/internal/sql;;IN_ACCESS,IN_ISDIR
2026-09-04T07:38:51.982625Z;/home/runner/work/gson/gson/gson/src/main/java/com/google/gson;reflect;IN_ACCESS,IN_ISDIR
2026-09-04T07:38:51.982928Z;/home/runner/work/gson/gson/gson/src/main/java/com/google/gson/reflect;;IN_ACCESS,IN_ISDIR
2026-09-04T07:38:51.983218Z;/home/runner/work/gson/gson/gson/src/main/java/com/google/gson;reflect;IN_ACCESS,IN_ISDIR
2026-09-04T07:38:51.983527Z;/home/runner/work/gson/gson/gson/src/main/java/com/google/gson/reflect;;IN_ACCESS,IN_ISDIR
2026-09-04T07:38:51.983859Z;/home/runner/work/gson/gson/gson/src/main/java/com/google/gson;stream;IN_ACCESS,IN_ISDIR
2026-09-04T07:38:51.984173Z;/home/runner/work/gson/gson/gson/src/main/java/com/google/gson/stream;;IN_ACCESS,IN_ISDIR
2026-09-04T07:38:51.984475Z;/home/runner/work/gson/gson/gson/src/main/java/com/google/gson;stream;IN_ACCESS,IN_ISDIR
2026-09-04T07:38:51.984784Z;/home/runner/work/gson/gson/gson/src/main/java/com/google/gson/stream;;IN_ACCESS,IN_ISDIR
2026-09-04T07:38:51.985101Z;/home/runner/work/gson/gson/gson/src;test;IN_ACCESS,IN_ISDIR
2026-09-04T07:38:51.985432Z;/home/runner/work/gson/gson/gson/src/test;;IN_ACCESS,IN_ISDIR
2026-09-04T07:38:51.989862Z;/home/runner/work/gson/gson/gson/src;test;IN_ACCESS,IN_ISDIR
2026-09-04T07:38:51.990223Z;/home/runner/work/gson/gson/gson/src/test;;IN_ACCESS,IN_ISDIR
2026-09-04T07:38:51.990603Z;/home/runner/work/gson/gson/gson/src/test;java;IN_ACCESS,IN_ISDIR
2026-09-04T07:38:51.990957Z;/home/runner/work/gson/gson/gson/src/test/java;;IN_ACCESS,IN_ISDIR
2026-09-04T07:38:51.991261Z;/home/runner/work/gson/gson/gson/src/test;java;IN_ACCESS,IN_ISDIR
2026-09-04T07:38:51.991605Z;/home/runner/work/gson/gson/gson/src/test/java;;IN_ACCESS,IN_ISDIR
2026-09-04T07:38:51.991919Z;/home/runner/work/gson/gson/gson/src/test/java;com;IN_ACCESS,IN_ISDIR
2026-09-04T07:38:51.992219Z;/home/runner/work/gson/gson/gson/src/test/java/com;;IN_ACCESS,IN_ISDIR
2026-09-04T07:38:51.992534Z;/home/runner/work/gson/gson/gson/src/test/java;com;IN_ACCESS,IN_ISDIR
2026-09-04T07:38:51.992864Z;/home/runner/work/gson/gson/gson/src/test/java/com;;IN_ACCESS,IN_ISDIR
2026-09-04T07:38:51.993172Z;/home/runner/work/gson/gson/gson/src/test/java/com;google;IN_ACCESS,IN_ISDIR
2026-09-04T07:38:51.993475Z;/home/runner/work/gson/gson/gson/src/test/java/com/google;;IN_ACCESS,IN_ISDIR
2026-09-04T07:38:51.993807Z;/home/runner/work/gson/gson/gson/src/test/java/com;google;IN_ACCESS,IN_ISDIR
2026-09-04T07:38:51.994108Z;/home/runner/work/gson/gson/gson/src/test/java/com/google;;IN_ACCESS,IN_ISDIR
2026-09-04T07:38:51.994459Z;/home/runner/work/gson/gson/gson/src/test/java/com/google;gson;IN_ACCESS,IN_ISDIR
2026-09-04T07:38:51.994782Z;/home/runner/work/gson/gson/gson/src/test/java/com/google/gson;;IN_ACCESS,IN_ISDIR
2026-09-04T07:38:51.995085Z;/home/runner/work/gson/gson/gson/src/test/java/com/google;gson;IN_ACCESS,IN_ISDIR
2026-09-04T07:38:51.996634Z;/home/runner/work/gson/gson/gson/src/test/java/com/google/gson;;IN_ACCESS,IN_ISDIR
2026-09-04T07:38:51.996972Z;/home/runner/work/gson/gson/gson/src/test/java/com/google/gson;functional;IN_ACCESS,IN_ISDIR
2026-09-04T07:38:51.997308Z;/home/runner/work/gson/gson/gson/src/test/java/com/google/gson/functional;;IN_ACCESS,IN_ISDIR
2026-09-04T07:38:51.997636Z;/home/runner/work/gson/gson/gson/src/test/java/com/google/gson;functional;IN_ACCESS,IN_ISDIR
2026-09-04T07:38:51.997958Z;/home/runner/work/gson/gson/gson/src/test/java/com/google/gson/functional;;IN_ACCESS,IN_ISDIR
2026-09-04T07:38:51.998275Z;/home/runner/work/gson/gson/gson/src/test/java/com/google/gson;internal;IN_ACCESS,IN_ISDIR
2026-09-04T07:38:51.998603Z;/home/runner/work/gson/gson/gson/src/test/java/com/google/gson/internal;;IN_ACCESS,IN_ISDIR
2026-09-04T07:38:51.998918Z;/home/runner/work/gson/gson/gson/src/test/java/com/google/gson;internal;IN_ACCESS,IN_ISDIR
2026-09-04T07:38:51.999232Z;/home/runner/work/gson/gson/gson/src/test/java/com/google/gson/internal;;IN_ACCESS,IN_ISDIR
2026-09-04T07:38:52.000809Z;/home/runner/work/gson/gson/gson/src/test/java/com/google/gson/internal;bind;IN_ACCESS,IN_ISDIR
2026-09-04T07:38:52.001160Z;/home/runner/work/gson/gson/gson/src/test/java/com/google/gson/internal/bind;;IN_ACCESS,IN_ISDIR
2026-09-04T07:38:52.001478Z;/home/runner/work/gson/gson/gson/src/test/java/com/google/gson/internal;bind;IN_ACCESS,IN_ISDIR
2026-09-04T07:38:52.001808Z;/home/runner/work/gson/gson/gson/src/test/java/com/google/gson/internal/bind;;IN_ACCESS,IN_ISDIR
2026-09-04T07:38:52.002118Z;/home/runner/work/gson/gson/gson/src/test/java/com/google/gson/internal/bind;util;IN_ACCESS,IN_ISDIR
2026-09-04T07:38:52.002409Z;/home/runner/work/gson/gson/gson/src/test/java/com/google/gson/internal/bind/util;;IN_ACCESS,IN_ISDIR
2026-09-04T07:38:52.002690Z;/home/runner/work/gson/gson/gson/src/test/java/com/google/gson/internal/bind;util;IN_ACCESS,IN_ISDIR
2026-09-04T07:38:52.002966Z;/home/runner/work/gson/gson/gson/src/test/java/com/google/gson/internal/bind/util;;IN_ACCESS,IN_ISDIR
2026-09-04T07:38:52.003380Z;/home/runner/work/gson/gson/gson/src/test/java/com/google/gson/internal;reflect;IN_ACCESS,IN_ISDIR
2026-09-04T07:38:52.003712Z;/home/runner/work/gson/gson/gson/src/test/java/com/google/gson/internal/reflect;;IN_ACCESS,IN_ISDIR
2026-09-04T07:38:52.004009Z;/home/runner/work/gson/gson/gson/src/test/java/com/google/gson/internal;reflect;IN_ACCESS,IN_ISDIR
2026-09-04T07:38:52.004448Z;/home/runner/work/gson/gson/gson/src/test/java/com/google/gson/internal/reflect;;IN_ACCESS,IN_ISDIR
2026-09-04T07:38:52.009623Z;/home/runner/work/gson/gson/gson/src/test/java/com/google/gson/internal;sql;IN_ACCESS,IN_ISDIR
2026-09-04T07:38:52.009961Z;/home/runner/work/gson/gson/gson/src/test/java/com/google/gson/internal/sql;;IN_ACCESS,IN_ISDIR
2026-09-04T07:38:52.010267Z;/home/runner/work/gson/gson/gson/src/test/java/com/google/gson/internal;sql;IN_ACCESS,IN_ISDIR
2026-09-04T07:38:52.010590Z;/home/runner/work/gson/gson/gson/src/test/java/com/google/gson/internal/sql;;IN_ACCESS,IN_ISDIR
2026-09-04T07:38:52.010905Z;/home/runner/work/gson/gson/gson/src/test/java/com/google/gson;integration;IN_ACCESS,IN_ISDIR
2026-09-04T07:38:52.011204Z;/home/runner/work/gson/gson/gson/src/test/java/com/google/gson/integration;;IN_ACCESS,IN_ISDIR
2026-09-04T07:38:52.011494Z;/home/runner/work/gson/gson/gson/src/test/java/com/google/gson;integration;IN_ACCESS,IN_ISDIR
2026-09-04T07:38:52.011785Z;/home/runner/work/gson/gson/gson/src/test/java/com/google/gson/integration;;IN_ACCESS,IN_ISDIR
2026-09-04T07:38:52.012093Z;/home/runner/work/gson/gson/gson/src/test/java/com/google/gson;metrics;IN_ACCESS,IN_ISDIR
2026-09-04T07:38:52.012389Z;/home/runner/work/gson/gson/gson/src/test/java/com/google/gson/metrics;;IN_ACCESS,IN_ISDIR
2026-09-04T07:38:52.012968Z;/home/runner/work/gson/gson/gson/src/test/java/com/google/gson;metrics;IN_ACCESS,IN_ISDIR
2026-09-04T07:38:52.013293Z;/home/runner/work/gson/gson/gson/src/test/java/com/google/gson/metrics;;IN_ACCESS,IN_ISDIR
2026-09-04T07:38:52.013631Z;/home/runner/work/gson/gson/gson/src/test/java/com/google/gson;reflect;IN_ACCESS,IN_ISDIR
2026-09-04T07:38:52.013994Z;/home/runner/work/gson/gson/gson/src/test/java/com/google/gson/reflect;;IN_ACCESS,IN_ISDIR
2026-09-04T07:38:52.014298Z;/home/runner/work/gson/gson/gson/src/test/java/com/google/gson;reflect;IN_ACCESS,IN_ISDIR
2026-09-04T07:38:52.015054Z;/home/runner/work/gson/gson/gson/src/test/java/com/google/gson/reflect;;IN_ACCESS,IN_ISDIR
2026-09-04T07:38:52.015375Z;/home/runner/work/gson/gson/gson/src/test/java/com/google/gson;stream;IN_ACCESS,IN_ISDIR
2026-09-04T07:38:52.015705Z;/home/runner/work/gson/gson/gson/src/test/java/com/google/gson/stream;;IN_ACCESS,IN_ISDIR
2026-09-04T07:38:52.016059Z;/home/runner/work/gson/gson/gson/src/test/java/com/google/gson;stream;IN_ACCESS,IN_ISDIR
2026-09-04T07:38:52.016376Z;/home/runner/work/gson/gson/gson/src/test/java/com/google/gson/stream;;IN_ACCESS,IN_ISDIR
2026-09-04T07:38:52.016709Z;/home/runner/work/gson/gson/gson/src/test/java/com/google/gson;common;IN_ACCESS,IN_ISDIR
2026-09-04T07:38:52.017818Z;/home/runner/work/gson/gson/gson/src/test/java/com/google/gson/common;;IN_ACCESS,IN_ISDIR
2026-09-04T07:38:52.018122Z;/home/runner/work/gson/gson/gson/src/test/java/com/google/gson;common;IN_ACCESS,IN_ISDIR
2026-09-04T07:38:52.018415Z;/home/runner/work/gson/gson/gson/src/test/java/com/google/gson/common;;IN_ACCESS,IN_ISDIR
2026-09-04T07:38:52.018701Z;/home/runner/work/gson/gson/gson/src/main/java/com/google/gson;ToNumberPolicy.java;IN_ACCESS
2026-09-04T07:38:52.223267Z;/home/runner/work/gson/gson/gson/src/main/java/com/google/gson;FieldNamingStrategy.java;IN_ACCESS
2026-09-04T07:38:52.248075Z;/home/runner/work/gson/gson/gson/src/main/java/com/google/gson;JsonNull.java;IN_ACCESS
2026-09-04T07:38:52.272534Z;/home/runner/work/gson/gson/gson/src/main/java/com/google/gson;JsonDeserializationContext.java;IN_ACCESS
2026-09-04T07:38:52.281124Z;/home/runner/work/gson/gson/gson/src/main/java/com/google/gson;JsonPrimitive.java;IN_ACCESS
2026-09-04T07:38:52.401697Z;/home/runner/work/gson/gson/gson/src/main/java/com/google/gson;Gson.java;IN_ACCESS
2026-09-04T07:38:52.770190Z;/home/runner/work/gson/gson/gson/src/main/java/com/google/gson;JsonSerializer.java;IN_ACCESS
2026-09-04T07:38:52.788680Z;/home/runner/work/gson/gson/gson/src/main/java/com/google/gson;JsonDeserializer.java;IN_ACCESS
2026-09-04T07:38:52.804451Z;/home/runner/work/gson/gson/gson/src/main/java/com/google/gson/annotations;Expose.java;IN_ACCESS
2026-09-04T07:38:52.819599Z;/home/runner/work/gson/gson/gson/src/main/java/com/google/gson/annotations;JsonAdapter.java;IN_ACCESS
2026-09-04T07:38:52.843685Z;/home/runner/work/gson/gson/gson/src/main/java/com/google/gson/annotations;Since.java;IN_ACCESS
2026-09-04T07:38:52.856668Z;/home/runner/work/gson/gson/gson/src/main/java/com/google/gson/annotations;SerializedName.java;IN_ACCESS
2026-09-04T07:38:52.872696Z;/home/runner/work/gson/gson/gson/src/main/java/com/google/gson/annotations;Until.java;IN_ACCESS
2026-09-04T07:38:52.884948Z;/home/runner/work/gson/gson/gson/src/main/java/com/google/gson/annotations;package-info.java;IN_ACCESS
2026-09-04T07:38:52.888647Z;/home/runner/work/gson/gson/gson/src/main/java/com/google/gson;FormattingStyle.java;IN_ACCESS
2026-09-04T07:38:52.917880Z;/home/runner/work/gson/gson/gson/src/main/java/com/google/gson;InstanceCreator.java;IN_ACCESS
2026-09-04T07:38:52.925545Z;/home/runner/work/gson/gson/gson/src/main/java/com/google/gson;ExclusionStrategy.java;IN_ACCESS
2026-09-04T07:38:52.933465Z;/home/runner/work/gson/gson/gson/src/main/java/com/google/gson;JsonParser.java;IN_ACCESS
2026-09-04T07:38:52.963705Z;/home/runner/work/gson/gson/gson/src/main/java/com/google/gson;TypeAdapter.java;IN_ACCESS
2026-09-04T07:38:53.016025Z;/home/runner/work/gson/gson/gson/src/main/java/com/google/gson/internal/bind;TypeAdapterRuntimeTypeWrapper.java;IN_ACCESS
2026-09-04T07:38:53.043707Z;/home/runner/work/gson/gson/gson/src/main/java/com/google/gson/internal/bind;ReflectiveTypeAdapterFactory.java;IN_ACCESS
2026-09-04T07:38:53.172405Z;/home/runner/work/gson/gson/gson/src/main/java/com/google/gson/internal/bind;JsonTreeWriter.java;IN_ACCESS
2026-09-04T07:38:53.236967Z;/home/runner/work/gson/gson/gson/src/main/java/com/google/gson/internal/bind;JavaTimeTypeAdapters.java;IN_ACCESS
2026-09-04T07:38:53.334703Z;/home/runner/work/gson/gson/gson/src/main/java/com/google/gson/internal/bind;MapTypeAdapterFactory.java;IN_ACCESS
2026-09-04T07:38:53.358021Z;/home/runner/work/gson/gson/gson/src/main/java/com/google/gson/internal/bind;ObjectTypeAdapter.java;IN_ACCESS
2026-09-04T07:38:53.372138Z;/home/runner/work/gson/gson/gson/src/main/java/com/google/gson/internal/bind;IgnoreJRERequirement.java;IN_ACCESS
2026-09-04T07:38:53.375769Z;/home/runner/work/gson/gson/gson/src/main/java/com/google/gson/internal/bind/util;ISO8601Utils.java;IN_ACCESS
2026-09-04T07:38:53.431452Z;/home/runner/work/gson/gson/gson/src/main/java/com/google/gson/internal/bind;JsonElementTypeAdapter.java;IN_ACCESS
2026-09-04T07:38:53.442405Z;/home/runner/work/gson/gson/gson/src/main/java/com/google/gson/internal/bind;EnumTypeAdapter.java;IN_ACCESS
2026-09-04T07:38:53.453789Z;/home/runner/work/gson/gson/gson/src/main/java/com/google/gson/internal/bind;SerializationDelegatingTypeAdapter.java;IN_ACCESS
2026-09-04T07:38:53.458651Z;/home/runner/work/gson/gson/gson/src/main/java/com/google/gson/internal/bind;TreeTypeAdapter.java;IN_ACCESS
2026-09-04T07:38:53.487110Z;/home/runner/work/gson/gson/gson/src/main/java/com/google/gson/internal/bind;CollectionTypeAdapterFactory.java;IN_ACCESS
2026-09-04T07:38:53.503419Z;/home/runner/work/gson/gson/gson/src/main/java/com/google/gson/internal/bind;NumberTypeAdapter.java;IN_ACCESS
2026-09-04T07:38:53.510709Z;/home/runner/work/gson/gson/gson/src/main/java/com/google/gson/internal/bind;JsonAdapterAnnotationTypeAdapterFactory.java;IN_ACCESS
2026-09-04T07:38:53.541684Z;/home/runner/work/gson/gson/gson/src/main/java/com/google/gson/internal/bind;JsonTreeReader.java;IN_ACCESS
2026-09-04T07:38:53.614081Z;/home/runner/work/gson/gson/gson/src/main/java/com/google/gson/internal/bind;TypeAdapters.java;IN_ACCESS
2026-09-04T07:38:53.770358Z;/home/runner/work/gson/gson/gson/src/main/java/com/google/gson/internal/bind;ArrayTypeAdapter.java;IN_ACCESS
2026-09-04T07:38:53.791914Z;/home/runner/work/gson/gson/gson/src/main/java/com/google/gson/internal/bind;DefaultDateTypeAdapter.java;IN_ACCESS
2026-09-04T07:38:53.824355Z;/home/runner/work/gson/gson/gson/src/main/java/com/google/gson/internal;Primitives.java;IN_ACCESS
2026-09-04T07:38:53.843824Z;/home/runner/work/gson/gson/gson/src/main/java/com/google/gson/internal;GsonTypes.java;IN_ACCESS
2026-09-04T07:38:53.936713Z;/home/runner/work/gson/gson/gson/src/main/java/com/google/gson/internal;NumberLimits.java;IN_ACCESS
2026-09-04T07:38:53.943664Z;/home/runner/work/gson/gson/gson/src/main/java/com/google/gson/internal;NonNullElementWrapperList.java;IN_ACCESS
2026-09-04T07:38:53.949767Z;/home/runner/work/gson/gson/gson/src/main/java/com/google/gson/internal;LinkedTreeMap.java;IN_ACCESS
2026-09-04T07:38:54.031638Z;/home/runner/work/gson/gson/gson/src/main/java/com/google/gson/internal;Streams.java;IN_ACCESS
2026-09-04T07:38:54.043035Z;/home/runner/work/gson/gson/gson/src/main/java/com/google/gson/internal;ObjectConstructor.java;IN_ACCESS
2026-09-04T07:38:54.050252Z;/home/runner/work/gson/gson/gson/src/main/java/com/google/gson/internal/reflect;ReflectionHelper.java;IN_ACCESS
2026-09-04T07:38:54.094871Z;/home/runner/work/gson/gson/gson/src/main/java/com/google/gson/internal;ReflectionAccessFilterHelper.java;IN_ACCESS
2026-09-04T07:38:54.114137Z;/home/runner/work/gson/gson/gson/src/main/java/com/google/gson/internal;TroubleshootingGuide.java;IN_ACCESS
2026-09-04T07:38:54.118167Z;/home/runner/work/gson/gson/gson/src/main/java/com/google/gson/internal;LazilyParsedNumber.java;IN_ACCESS
2026-09-04T07:38:54.124345Z;/home/runner/work/gson/gson/gson/src/main/java/com/google/gson/internal;Excluder.java;IN_ACCESS
2026-09-04T07:38:54.158098Z;/home/runner/work/gson/gson/gson/src/main/java/com/google/gson/internal;JavaVersion.java;IN_ACCESS
2026-09-04T07:38:54.164935Z;/home/runner/work/gson/gson/gson/src/main/java/com/google/gson/internal;UnsafeAllocator.java;IN_ACCESS
2026-09-04T07:38:54.174673Z;/home/runner/work/gson/gson/gson/src/main/java/com/google/gson/internal;ConstructorConstructor.java;IN_ACCESS
2026-09-04T07:38:54.219661Z;/home/runner/work/gson/gson/gson/src/main/java/com/google/gson/internal;PreJava9DateFormatProvider.java;IN_ACCESS
2026-09-04T07:38:54.225055Z;/home/runner/work/gson/gson/gson/src/main/java/com/google/gson/internal/sql;SqlTimeTypeAdapter.java;IN_ACCESS
2026-09-04T07:38:54.231448Z;/home/runner/work/gson/gson/gson/src/main/java/com/google/gson/internal/sql;SqlTimestampTypeAdapter.java;IN_ACCESS
2026-09-04T07:38:54.236224Z;/home/runner/work/gson/gson/gson/src/main/java/com/google/gson/internal/sql;SqlDateTypeAdapter.java;IN_ACCESS
2026-09-04T07:38:54.242710Z;/home/runner/work/gson/gson/gson/src/main/java/com/google/gson/internal/sql;SqlTypesSupport.java;IN_ACCESS
2026-09-04T07:38:54.256066Z;/home/runner/work/gson/gson/gson/src/main/java/com/google/gson/internal;package-info.java;IN_ACCESS
2026-09-04T07:38:54.258731Z;/home/runner/work/gson/gson/gson/src/main/java/com/google/gson/internal;JsonReaderInternalAccess.java;IN_ACCESS
2026-09-04T07:38:54.261909Z;/home/runner/work/gson/gson/gson/src/main/java/com/google/gson;JsonParseException.java;IN_ACCESS
2026-09-04T07:38:54.271709Z;/home/runner/work/gson/gson/gson/src/main/java/com/google/gson;TypeAdapterFactory.java;IN_ACCESS
2026-09-04T07:38:54.287282Z;/home/runner/work/gson/gson/gson/src/main/java/com/google/gson;FieldAttributes.java;IN_ACCESS
2026-09-04T07:38:54.294308Z;/home/runner/work/gson/gson/gson/src/main/java/com/google/gson;JsonStreamParser.java;IN_ACCESS
2026-09-04T07:38:54.308445Z;/home/runner/work/gson/gson/gson/src/main/java/com/google/gson;GsonBuilder.java;IN_ACCESS
2026-09-04T07:38:54.427883Z;/home/runner/work/gson/gson/gson/src/main/java/com/google/gson;JsonArray.java;IN_ACCESS
2026-09-04T07:38:54.473200Z;/home/runner/work/gson/gson/gson/src/main/java/com/google/gson;ToNumberStrategy.java;IN_ACCESS
2026-09-04T07:38:54.485860Z;/home/runner/work/gson/gson/gson/src/main/java/com/google/gson;JsonObject.java;IN_ACCESS
2026-09-04T07:38:54.512941Z;/home/runner/work/gson/gson/gson/src/main/java/com/google/gson/reflect;TypeToken.java;IN_ACCESS
2026-09-04T07:38:54.561218Z;/home/runner/work/gson/gson/gson/src/main/java/com/google/gson/reflect;package-info.java;IN_ACCESS
2026-09-04T07:38:54.564121Z;/home/runner/work/gson/gson/gson/src/main/java/com/google/gson;JsonElement.java;IN_ACCESS
2026-09-04T07:38:54.603204Z;/home/runner/work/gson/gson/gson/src/main/java/com/google/gson;JsonSerializationContext.java;IN_ACCESS
2026-09-04T07:38:54.611464Z;/home/runner/work/gson/gson/gson/src/main/java/com/google/gson;ReflectionAccessFilter.java;IN_ACCESS
2026-09-04T07:38:54.637091Z;/home/runner/work/gson/gson/gson/src/main/java/com/google/gson;JsonSyntaxException.java;IN_ACCESS
2026-09-04T07:38:54.640902Z;/home/runner/work/gson/gson/gson/src/main/java/com/google/gson;Strictness.java;IN_ACCESS
2026-09-04T07:38:54.648691Z;/home/runner/work/gson/gson/gson/src/main/java/com/google/gson/stream;JsonScope.java;IN_ACCESS
2026-09-04T07:38:54.653019Z;/home/runner/work/gson/gson/gson/src/main/java/com/google/gson/stream;JsonToken.java;IN_ACCESS
2026-09-04T07:38:54.657287Z;/home/runner/work/gson/gson/gson/src/main/java/com/google/gson/stream;JsonReader.java;IN_ACCESS
2026-09-04T07:38:54.850478Z;/home/runner/work/gson/gson/gson/src/main/java/com/google/gson/stream;JsonWriter.java;IN_ACCESS
2026-09-04T07:38:54.930440Z;/home/runner/work/gson/gson/gson/src/main/java/com/google/gson/stream;MalformedJsonException.java;IN_ACCESS
2026-09-04T07:38:54.938224Z;/home/runner/work/gson/gson/gson/src/main/java/com/google/gson/stream;package-info.java;IN_ACCESS
2026-09-04T07:38:54.940363Z;/home/runner/work/gson/gson/gson/src/main/java/com/google/gson;package-info.java;IN_ACCESS
2026-09-04T07:38:54.943035Z;/home/runner/work/gson/gson/gson/src/main/java/com/google/gson;JsonIOException.java;IN_ACCESS
2026-09-04T07:38:54.946438Z;/home/runner/work/gson/gson/gson/src/main/java/com/google/gson;FieldNamingPolicy.java;IN_ACCESS
2026-09-04T07:38:54.969185Z;/home/runner/work/gson/gson/gson/src/main/java/com/google/gson;LongSerializationPolicy.java;IN_ACCESS
2026-09-04T07:38:54.974349Z;/home/runner/work/gson/gson/gson/src/main/java;module-info.java;IN_ACCESS
2026-09-04T07:38:54.978629Z;/home/runner/work/gson/gson/gson/src/test/java/com/google/gson;JsonObjectAsMapSuiteTest.java;IN_ACCESS
2026-09-04T07:38:54.985537Z;/home/runner/work/gson/gson/gson/src/test/java/com/google/gson;GenericArrayTypeTest.java;IN_ACCESS
2026-09-04T07:38:54.990586Z;/home/runner/work/gson/gson/gson/src/test/java/com/google/gson;DefaultInetAddressTypeAdapterTest.java;IN_ACCESS
2026-09-04T07:38:54.997159Z;/home/runner/work/gson/gson/gson/src/test/java/com/google/gson;GsonTest.java;IN_ACCESS
2026-09-04T07:38:55.073470Z;/home/runner/work/gson/gson/gson/src/test/java/com/google/gson;OverrideCoreTypeAdaptersTest.java;IN_ACCESS
2026-09-04T07:38:55.090720Z;/home/runner/work/gson/gson/gson/src/test/java/com/google/gson/functional;InterfaceTest.java;IN_ACCESS
2026-09-04T07:38:55.094766Z;/home/runner/work/gson/gson/gson/src/test/java/com/google/gson/functional;CircularReferenceTest.java;IN_ACCESS
2026-09-04T07:38:55.103625Z;/home/runner/work/gson/gson/gson/src/test/java/com/google/gson/functional;PrimitiveTest.java;IN_ACCESS
2026-09-04T07:38:55.259251Z;/home/runner/work/gson/gson/gson/src/test/java/com/google/gson/functional;RuntimeTypeAdapterFactoryFunctionalTest.java;IN_ACCESS
2026-09-04T07:38:55.272393Z;/home/runner/work/gson/gson/gson/src/test/java/com/google/gson/functional;InheritanceTest.java;IN_ACCESS
2026-09-04T07:38:55.308785Z;/home/runner/work/gson/gson/gson/src/test/java/com/google/gson/functional;PrimitiveCharacterTest.java;IN_ACCESS
2026-09-04T07:38:55.315673Z;/home/runner/work/gson/gson/gson/src/test/java/com/google/gson/functional;Java17RecordTest.java;IN_ACCESS
2026-09-04T07:38:55.375532Z;/home/runner/work/gson/gson/gson/src/test/java/com/google/gson/functional;MapAsArrayTypeAdapterTest.java;IN_ACCESS
2026-09-04T07:38:55.392697Z;/home/runner/work/gson/gson/gson/src/test/java/com/google/gson/functional;PrintFormattingTest.java;IN_ACCESS
2026-09-04T07:38:55.398470Z;/home/runner/work/gson/gson/gson/src/test/java/com/google/gson/functional;TypeAdapterPrecedenceTest.java;IN_ACCESS
2026-09-04T07:38:55.410859Z;/home/runner/work/gson/gson/gson/src/test/java/com/google/gson/functional;ExposeFieldsTest.java;IN_ACCESS
2026-09-04T07:38:55.420436Z;/home/runner/work/gson/gson/gson/src/test/java/com/google/gson/functional;CustomTypeAdaptersTest.java;IN_ACCESS
2026-09-04T07:38:55.491733Z;/home/runner/work/gson/gson/gson/src/test/java/com/google/gson/functional;JavaUtilConcurrentAtomicTest.java;IN_ACCESS
2026-09-04T07:38:55.500170Z;/home/runner/work/gson/gson/gson/src/test/java/com/google/gson/functional;MapTest.java;IN_ACCESS
2026-09-04T07:38:55.609086Z;/home/runner/work/gson/gson/gson/src/test/java/com/google/gson/functional;ExclusionStrategyFunctionalTest.java;IN_ACCESS
2026-09-04T07:38:55.637743Z;/home/runner/work/gson/gson/gson/src/test/java/com/google/gson/functional;InstanceCreatorTest.java;IN_ACCESS
2026-09-04T07:38:55.645707Z;/home/runner/work/gson/gson/gson/src/test/java/com/google/gson/functional;EnumWithObfuscatedTest.java;IN_ACCESS
2026-09-04T07:38:55.650537Z;/home/runner/work/gson/gson/gson/src/test/java/com/google/gson/functional;ObjectTest.java;IN_ACCESS
2026-09-04T07:38:55.734127Z;/home/runner/work/gson/gson/gson/src/test/java/com/google/gson/functional;DefaultTypeAdaptersTest.java;IN_ACCESS
2026-09-04T07:38:55.903696Z;/home/runner/work/gson/gson/gson/src/test/java/com/google/gson/functional;NamingPolicyTest.java;IN_ACCESS
2026-09-04T07:38:55.947113Z;/home/runner/work/gson/gson/gson/src/test/java/com/google/gson/functional;StringTest.java;IN_ACCESS
2026-09-04T07:38:55.958116Z;/home/runner/work/gson/gson/gson/src/test/java/com/google/gson/functional;SerializedNameTest.java;IN_ACCESS
2026-09-04T07:38:55.963529Z;/home/runner/work/gson/gson/gson/src/test/java/com/google/gson/functional;InternationalizationTest.java;IN_ACCESS
2026-09-04T07:38:55.969606Z;/home/runner/work/gson/gson/gson/src/test/java/com/google/gson/functional;EnumTest.java;IN_ACCESS
2026-09-04T07:38:56.012272Z;/home/runner/work/gson/gson/gson/src/test/java/com/google/gson/functional;TreeTypeAdaptersTest.java;IN_ACCESS
2026-09-04T07:38:56.024140Z;/home/runner/work/gson/gson/gson/src/test/java/com/google/gson/functional;TypeVariableTest.java;IN_ACCESS
2026-09-04T07:38:56.033759Z;/home/runner/work/gson/gson/gson/src/test/java/com/google/gson/functional;LeniencyTest.java;IN_ACCESS
2026-09-04T07:38:56.037771Z;/home/runner/work/gson/gson/gson/src/test/java/com/google/gson/functional;JsonParserTest.java;IN_ACCESS
2026-09-04T07:38:56.047448Z;/home/runner/work/gson/gson/gson/src/test/java/com/google/gson/functional;ReadersWritersTest.java;IN_ACCESS
2026-09-04T07:38:56.060837Z;/home/runner/work/gson/gson/gson/src/test/java/com/google/gson/functional;CustomDeserializerTest.java;IN_ACCESS
2026-09-04T07:38:56.072958Z;/home/runner/work/gson/gson/gson/src/test/java/com/google/gson/functional;StreamingTypeAdaptersTest.java;IN_ACCESS
2026-09-04T07:38:56.117908Z;/home/runner/work/gson/gson/gson/src/test/java/com/google/gson/functional;VersioningTest.java;IN_ACCESS
2026-09-04T07:38:56.130721Z;/home/runner/work/gson/gson/gson/src/test/java/com/google/gson/functional;ToNumberPolicyFunctionalTest.java;IN_ACCESS
2026-09-04T07:38:56.142787Z;/home/runner/work/gson/gson/gson/src/test/java/com/google/gson/functional;MoreSpecificTypeSerializationTest.java;IN_ACCESS
2026-09-04T07:38:56.168525Z;/home/runner/work/gson/gson/gson/src/test/java/com/google/gson/functional;FieldExclusionTest.java;IN_ACCESS
2026-09-04T07:38:56.175997Z;/home/runner/work/gson/gson/gson/src/test/java/com/google/gson/functional;PrettyPrintingTest.java;IN_ACCESS
2026-09-04T07:38:56.187122Z;/home/runner/work/gson/gson/gson/src/test/java/com/google/gson/functional;JavaUtilTest.java;IN_ACCESS
2026-09-04T07:38:56.191958Z;/home/runner/work/gson/gson/gson/src/test/java/com/google/gson/functional;JsonTreeTest.java;IN_ACCESS
2026-09-04T07:38:56.200277Z;/home/runner/work/gson/gson/gson/src/test/java/com/google/gson/functional;CollectionTest.java;IN_ACCESS
2026-09-04T07:38:56.231426Z;/home/runner/work/gson/gson/gson/src/test/java/com/google/gson/functional;NullObjectAndFieldTest.java;IN_ACCESS
2026-09-04T07:38:56.262288Z;/home/runner/work/gson/gson/gson/src/test/java/com/google/gson/functional;ReusedTypeVariablesFullyResolveTest.java;IN_ACCESS
2026-09-04T07:38:56.272010Z;/home/runner/work/gson/gson/gson/src/test/java/com/google/gson/functional;TypeAdapterRuntimeTypeWrapperTest.java;IN_ACCESS
2026-09-04T07:38:56.293626Z;/home/runner/work/gson/gson/gson/src/test/java/com/google/gson/functional;ArrayTest.java;IN_ACCESS
2026-09-04T07:38:56.311635Z;/home/runner/work/gson/gson/gson/src/test/java/com/google/gson/functional;ReflectionAccessFilterTest.java;IN_ACCESS
2026-09-04T07:38:56.358076Z;/home/runner/work/gson/gson/gson/src/test/java/com/google/gson/functional;JsonAdapterSerializerDeserializerTest.java;IN_ACCESS
2026-09-04T07:38:56.384040Z;/home/runner/work/gson/gson/gson/src/test/java/com/google/gson/functional;RawSerializationTest.java;IN_ACCESS
2026-09-04T07:38:56.390303Z;/home/runner/work/gson/gson/gson/src/test/java/com/google/gson/functional;FormattingStyleTest.java;IN_ACCESS
2026-09-04T07:38:56.417833Z;/home/runner/work/gson/gson/gson/src/test/java/com/google/gson/functional;JsonAdapterAnnotationOnClassesTest.java;IN_ACCESS
2026-09-04T07:38:56.505665Z;/home/runner/work/gson/gson/gson/src/test/java/com/google/gson/functional;FieldNamingTest.java;IN_ACCESS
2026-09-04T07:38:56.512281Z;/home/runner/work/gson/gson/gson/src/test/java/com/google/gson/functional;EscapingTest.java;IN_ACCESS
2026-09-04T07:38:56.525760Z;/home/runner/work/gson/gson/gson/src/test/java/com/google/gson/functional;TypeHierarchyAdapterTest.java;IN_ACCESS
2026-09-04T07:38:56.550140Z;/home/runner/work/gson/gson/gson/src/test/java/com/google/gson/functional;UncategorizedTest.java;IN_ACCESS
2026-09-04T07:38:56.557931Z;/home/runner/work/gson/gson/gson/src/test/java/com/google/gson/functional;ConcurrencyTest.java;IN_ACCESS
2026-09-04T07:38:56.566239Z;/home/runner/work/gson/gson/gson/src/test/java/com/google/gson/functional;JsonAdapterAnnotationOnFieldsTest.java;IN_ACCESS
2026-09-04T07:38:56.638638Z;/home/runner/work/gson/gson/gson/src/test/java/com/google/gson/functional;GsonVersionDiagnosticsTest.java;IN_ACCESS
2026-09-04T07:38:56.645115Z;/home/runner/work/gson/gson/gson/src/test/java/com/google/gson/functional;SecurityTest.java;IN_ACCESS
2026-09-04T07:38:56.651213Z;/home/runner/work/gson/gson/gson/src/test/java/com/google/gson/functional;DelegateTypeAdapterTest.java;IN_ACCESS
2026-09-04T07:38:56.657306Z;/home/runner/work/gson/gson/gson/src/test/java/com/google/gson/functional;NumberLimitsTest.java;IN_ACCESS
2026-09-04T07:38:56.684154Z;/home/runner/work/gson/gson/gson/src/test/java/com/google/gson/functional;ReflectionAccessTest.java;IN_ACCESS
2026-09-04T07:38:56.703211Z;/home/runner/work/gson/gson/gson/src/test/java/com/google/gson/functional;ParameterizedTypesTest.java;IN_ACCESS
2026-09-04T07:38:56.761528Z;/home/runner/work/gson/gson/gson/src/test/java/com/google/gson/functional;CustomSerializerTest.java;IN_ACCESS
2026-09-04T07:38:56.775240Z;/home/runner/work/gson/gson/gson/src/test/java/com/google/gson;VersionExclusionStrategyTest.java;IN_ACCESS
2026-09-04T07:38:56.782103Z;/home/runner/work/gson/gson/gson/src/test/java/com/google/gson;JsonStreamParserTest.java;IN_ACCESS
2026-09-04T07:38:56.788469Z;/home/runner/work/gson/gson/gson/src/test/java/com/google/gson;JavaSerializationTest.java;IN_ACCESS
2026-09-04T07:38:56.793809Z;/home/runner/work/gson/gson/gson/src/test/java/com/google/gson;JsonArrayAsListSuiteTest.java;IN_ACCESS
2026-09-04T07:38:56.803696Z;/home/runner/work/gson/gson/gson/src/test/java/com/google/gson;JsonObjectTest.java;IN_ACCESS
2026-09-04T07:38:56.842502Z;/home/runner/work/gson/gson/gson/src/test/java/com/google/gson;JsonArrayAsListTest.java;IN_ACCESS
2026-09-04T07:38:56.861391Z;/home/runner/work/gson/gson/gson/src/test/java/com/google/gson/internal/bind;JsonElementReaderTest.java;IN_ACCESS
2026-09-04T07:38:56.877169Z;/home/runner/work/gson/gson/gson/src/test/java/com/google/gson/internal/bind;Java17ReflectiveTypeAdapterFactoryTest.java;IN_ACCESS
2026-09-04T07:38:56.882850Z;/home/runner/work/gson/gson/gson/src/test/java/com/google/gson/internal/bind;DefaultDateTypeAdapterTest.java;IN_ACCESS
2026-09-04T07:38:56.909507Z;/home/runner/work/gson/gson/gson/src/test/java/com/google/gson/internal/bind;JsonTreeReaderTest.java;IN_ACCESS
2026-09-04T07:38:56.943177Z;/home/runner/work/gson/gson/gson/src/test/java/com/google/gson/internal/bind/util;ISO8601UtilsTest.java;IN_ACCESS
2026-09-04T07:38:56.949927Z;/home/runner/work/gson/gson/gson/src/test/java/com/google/gson/internal/bind;RecursiveTypesResolveTest.java;IN_ACCESS
2026-09-04T07:38:56.961507Z;/home/runner/work/gson/gson/gson/src/test/java/com/google/gson/internal/bind;JsonTreeWriterTest.java;IN_ACCESS
2026-09-04T07:38:56.997926Z;/home/runner/work/gson/gson/gson/src/test/java/com/google/gson/internal;JavaVersionTest.java;IN_ACCESS
2026-09-04T07:38:57.012762Z;/home/runner/work/gson/gson/gson/src/test/java/com/google/gson/internal;LinkedTreeMapTest.java;IN_ACCESS
2026-09-04T07:38:57.026740Z;/home/runner/work/gson/gson/gson/src/test/java/com/google/gson/internal;StreamsTest.java;IN_ACCESS
2026-09-04T07:38:57.032767Z;/home/runner/work/gson/gson/gson/src/test/java/com/google/gson/internal;UnsafeAllocatorInstantiationTest.java;IN_ACCESS
2026-09-04T07:38:57.036675Z;/home/runner/work/gson/gson/gson/src/test/java/com/google/gson/internal;LinkedTreeMapSuiteTest.java;IN_ACCESS
2026-09-04T07:38:57.041949Z;/home/runner/work/gson/gson/gson/src/test/java/com/google/gson/internal;ConstructorConstructorTest.java;IN_ACCESS
2026-09-04T07:38:57.067738Z;/home/runner/work/gson/gson/gson/src/test/java/com/google/gson/internal/reflect;Java17ReflectionHelperTest.java;IN_ACCESS
2026-09-04T07:38:57.073771Z;/home/runner/work/gson/gson/gson/src/test/java/com/google/gson/internal;GsonBuildConfigTest.java;IN_ACCESS
2026-09-04T07:38:57.076276Z;/home/runner/work/gson/gson/gson/src/test/java/com/google/gson/internal;LazilyParsedNumberTest.java;IN_ACCESS
2026-09-04T07:38:57.080595Z;/home/runner/work/gson/gson/gson/src/test/java/com/google/gson/internal/sql;SqlTypesGsonTest.java;IN_ACCESS
2026-09-04T07:38:57.089047Z;/home/runner/work/gson/gson/gson/src/test/java/com/google/gson/internal/sql;SqlTypesSupportTest.java;IN_ACCESS
2026-09-04T07:38:57.091494Z;/home/runner/work/gson/gson/gson/src/test/java/com/google/gson/internal;GsonTypesTest.java;IN_ACCESS
2026-09-04T07:38:57.109616Z;/home/runner/work/gson/gson/gson/src/test/java/com/google/gson;ToNumberPolicyTest.java;IN_ACCESS
2026-09-04T07:38:57.127803Z;/home/runner/work/gson/gson/gson/src/test/java/com/google/gson;JsonObjectAsMapTest.java;IN_ACCESS
2026-09-04T07:38:57.142687Z;/home/runner/work/gson/gson/gson/src/test/java/com/google/gson;FieldNamingPolicyTest.java;IN_ACCESS
2026-09-04T07:38:57.149764Z;/home/runner/work/gson/gson/gson/src/test/java/com/google/gson;TypeAdapterTest.java;IN_ACCESS
2026-09-04T07:38:57.155921Z;/home/runner/work/gson/gson/gson/src/test/java/com/google/gson;ObjectTypeAdapterParameterizedTest.java;IN_ACCESS
2026-09-04T07:38:57.162825Z;/home/runner/work/gson/gson/gson/src/test/java/com/google/gson;GsonBuilderTest.java;IN_ACCESS
2026-09-04T07:38:57.201278Z;/home/runner/work/gson/gson/gson/src/test/java/com/google/gson/integration;OSGiManifestIT.java;IN_ACCESS
2026-09-04T07:38:57.225482Z;/home/runner/work/gson/gson/gson/src/test/java/com/google/gson;DefaultMapJsonSerializerTest.java;IN_ACCESS
2026-09-04T07:38:57.229588Z;/home/runner/work/gson/gson/gson/src/test/java/com/google/gson;JsonParserTest.java;IN_ACCESS
2026-09-04T07:38:57.239492Z;/home/runner/work/gson/gson/gson/src/test/java/com/google/gson;PrimitiveTypeAdapter.java;IN_ACCESS
2026-09-04T07:38:57.243354Z;/home/runner/work/gson/gson/gson/src/test/java/com/google/gson;JsonNullTest.java;IN_ACCESS
2026-09-04T07:38:57.248062Z;/home/runner/work/gson/gson/gson/src/test/java/com/google/gson;ExposeAnnotationExclusionStrategyTest.java;IN_ACCESS
2026-09-04T07:38:57.253035Z;/home/runner/work/gson/gson/gson/src/test/java/com/google/gson;FieldAttributesTest.java;IN_ACCESS
2026-09-04T07:38:57.256896Z;/home/runner/work/gson/gson/gson/src/test/java/com/google/gson/metrics;PerformanceTest.java;IN_ACCESS
2026-09-04T07:38:57.291072Z;/home/runner/work/gson/gson/gson/src/test/java/com/google/gson/reflect;TypeTokenTest.java;IN_ACCESS
2026-09-04T07:38:57.333845Z;/home/runner/work/gson/gson/gson/src/test/java/com/google/gson;ObjectTypeAdapterTest.java;IN_ACCESS
2026-09-04T07:38:57.341098Z;/home/runner/work/gson/gson/gson/src/test/java/com/google/gson;JsonArrayTest.java;IN_ACCESS
2026-09-04T07:38:57.373744Z;/home/runner/work/gson/gson/gson/src/test/java/com/google/gson;GsonTypeAdapterTest.java;IN_ACCESS
2026-09-04T07:38:57.389965Z;/home/runner/work/gson/gson/gson/src/test/java/com/google/gson;CommentsTest.java;IN_ACCESS
2026-09-04T07:38:57.392700Z;/home/runner/work/gson/gson/gson/src/test/java/com/google/gson;SubsetTest.java;IN_ACCESS
2026-09-04T07:38:57.395461Z;/home/runner/work/gson/gson/gson/src/test/java/com/google/gson;ParameterizedTypeTest.java;IN_ACCESS
2026-09-04T07:38:57.398778Z;/home/runner/work/gson/gson/gson/src/test/java/com/google/gson;MixedStreamTest.java;IN_ACCESS
2026-09-04T07:38:57.422767Z;/home/runner/work/gson/gson/gson/src/test/java/com/google/gson/stream;JsonReaderTest.java;IN_ACCESS
2026-09-04T07:38:57.678696Z;/home/runner/work/gson/gson/gson/src/test/java/com/google/gson/stream;JsonWriterTest.java;IN_ACCESS
2026-09-04T07:38:57.715666Z;/home/runner/work/gson/gson/gson/src/test/java/com/google/gson/stream;JsonReaderPathTest.java;IN_ACCESS
2026-09-04T07:38:57.737435Z;/home/runner/work/gson/gson/gson/src/test/java/com/google/gson;InnerClassExclusionStrategyTest.java;IN_ACCESS
2026-09-04T07:38:57.741900Z;/home/runner/work/gson/gson/gson/src/test/java/com/google/gson;JsonParserParameterizedTest.java;IN_ACCESS
2026-09-04T07:38:57.748133Z;/home/runner/work/gson/gson/gson/src/test/java/com/google/gson;JsonPrimitiveTest.java;IN_ACCESS
2026-09-04T07:38:57.789677Z;/home/runner/work/gson/gson/gson/src/test/java/com/google/gson/common;TestTypes.java;IN_ACCESS
2026-09-04T07:38:57.824315Z;/home/runner/work/gson/gson/gson/src/test/java/com/google/gson/common;MoreAsserts.java;IN_ACCESS
2026-09-04T07:38:57.830113Z;/home/runner/work/gson/gson/gson/src/test/java/com/google/gson;ParameterizedTypeFixtures.java;IN_ACCESS
2026-09-04T07:38:57.838330Z;/home/runner/work/gson/gson/gson/src/test/java/com/google/gson;LongSerializationPolicyTest.java;IN_ACCESS
2026-09-04T07:38:57.843961Z;/home/runner/work/gson/gson/gson/target;spotless-index;IN_CREATE
2026-09-04T07:38:57.854149Z;/home/runner/work/gson/gson/gson;pom.xml;IN_ACCESS
2026-09-04T07:38:57.854847Z;/home/runner/work/gson/gson/gson/target;gson-2.14.1-SNAPSHOT.jar;IN_ACCESS
2026-09-04T07:38:57.855209Z;/home/runner/work/gson/gson/gson/target;gson-2.14.1-SNAPSHOT.jar;IN_ACCESS
2026-09-04T07:38:57.855713Z;/home/runner/work/gson/gson/gson/target;gson-2.14.1-SNAPSHOT.jar;IN_ACCESS
2026-09-04T07:38:58.082632Z;/home/runner/work/gson/gson/extras;target;IN_CREATE,IN_ISDIR
2026-09-04T07:38:58.083393Z;/home/runner/work/gson/gson/extras;target;IN_ACCESS,IN_ISDIR
2026-09-04T07:38:58.085128Z;/home/runner/work/gson/gson/extras/src/main;java;IN_ACCESS,IN_ISDIR
2026-09-04T07:38:58.087093Z;/home/runner/work/gson/gson/extras/src/main/java;;IN_ACCESS,IN_ISDIR
2026-09-04T07:38:58.087522Z;/home/runner/work/gson/gson/extras/src/main;java;IN_ACCESS,IN_ISDIR
2026-09-04T07:38:58.087897Z;/home/runner/work/gson/gson/extras/src/main/java;;IN_ACCESS,IN_ISDIR
2026-09-04T07:38:58.088312Z;/home/runner/work/gson/gson/extras/src/main/java;com;IN_ACCESS,IN_ISDIR
2026-09-04T07:38:58.088657Z;/home/runner/work/gson/gson/extras/src/main/java/com;;IN_ACCESS,IN_ISDIR
2026-09-04T07:38:58.088999Z;/home/runner/work/gson/gson/extras/src/main/java;com;IN_ACCESS,IN_ISDIR
2026-09-04T07:38:58.089341Z;/home/runner/work/gson/gson/extras/src/main/java/com;;IN_ACCESS,IN_ISDIR
2026-09-04T07:38:58.089777Z;/home/runner/work/gson/gson/extras/src/main/java/com;google;IN_ACCESS,IN_ISDIR
2026-09-04T07:38:58.091095Z;/home/runner/work/gson/gson/extras/src/main/java/com/google;;IN_ACCESS,IN_ISDIR
2026-09-04T07:38:58.091491Z;/home/runner/work/gson/gson/extras/src/main/java/com;google;IN_ACCESS,IN_ISDIR
2026-09-04T07:38:58.091906Z;/home/runner/work/gson/gson/extras/src/main/java/com/google;;IN_ACCESS,IN_ISDIR
2026-09-04T07:38:58.092240Z;/home/runner/work/gson/gson/extras/src/main/java/com/google;gson;IN_ACCESS,IN_ISDIR
2026-09-04T07:38:58.092701Z;/home/runner/work/gson/gson/extras/src/main/java/com/google/gson;;IN_ACCESS,IN_ISDIR
2026-09-04T07:38:58.093052Z;/home/runner/work/gson/gson/extras/src/main/java/com/google;gson;IN_ACCESS,IN_ISDIR
2026-09-04T07:38:58.093459Z;/home/runner/work/gson/gson/extras/src/main/java/com/google/gson;;IN_ACCESS,IN_ISDIR
2026-09-04T07:38:58.093798Z;/home/runner/work/gson/gson/extras/src/main/java/com/google/gson;typeadapters;IN_ACCESS,IN_ISDIR
2026-09-04T07:38:58.094132Z;/home/runner/work/gson/gson/extras/src/main/java/com/google/gson/typeadapters;;IN_ACCESS,IN_ISDIR
2026-09-04T07:38:58.094471Z;/home/runner/work/gson/gson/extras/src/main/java/com/google/gson;typeadapters;IN_ACCESS,IN_ISDIR
2026-09-04T07:38:58.094827Z;/home/runner/work/gson/gson/extras/src/main/java/com/google/gson/typeadapters;;IN_ACCESS,IN_ISDIR
2026-09-04T07:38:58.095215Z;/home/runner/work/gson/gson/extras/src/main/java/com/google/gson;extras;IN_ACCESS,IN_ISDIR
2026-09-04T07:38:58.095548Z;/home/runner/work/gson/gson/extras/src/main/java/com/google/gson/extras;;IN_ACCESS,IN_ISDIR
2026-09-04T07:38:58.096124Z;/home/runner/work/gson/gson/extras/src/main/java/com/google/gson;extras;IN_ACCESS,IN_ISDIR
2026-09-04T07:38:58.096459Z;/home/runner/work/gson/gson/extras/src/main/java/com/google/gson/extras;;IN_ACCESS,IN_ISDIR
2026-09-04T07:38:58.096840Z;/home/runner/work/gson/gson/extras/src/main/java/com/google/gson/extras;examples;IN_ACCESS,IN_ISDIR
2026-09-04T07:38:58.097199Z;/home/runner/work/gson/gson/extras/src/main/java/com/google/gson/extras/examples;;IN_ACCESS,IN_ISDIR
2026-09-04T07:38:58.097594Z;/home/runner/work/gson/gson/extras/src/main/java/com/google/gson/extras;examples;IN_ACCESS,IN_ISDIR
2026-09-04T07:38:58.097958Z;/home/runner/work/gson/gson/extras/src/main/java/com/google/gson/extras/examples;;IN_ACCESS,IN_ISDIR
2026-09-04T07:38:58.098303Z;/home/runner/work/gson/gson/extras/src/main/java/com/google/gson/extras/examples;rawcollections;IN_ACCESS,IN_ISDIR
2026-09-04T07:38:58.099039Z;/home/runner/work/gson/gson/extras/src/main/java/com/google/gson/extras/examples/rawcollections;;IN_ACCESS,IN_ISDIR
2026-09-04T07:38:58.099571Z;/home/runner/work/gson/gson/extras/src/main/java/com/google/gson/extras/examples;rawcollections;IN_ACCESS,IN_ISDIR
2026-09-04T07:38:58.099919Z;/home/runner/work/gson/gson/extras/src/main/java/com/google/gson/extras/examples/rawcollections;;IN_ACCESS,IN_ISDIR
2026-09-04T07:38:58.100238Z;/home/runner/work/gson/gson/extras/src/main/java/com/google/gson;interceptors;IN_ACCESS,IN_ISDIR
2026-09-04T07:38:58.100551Z;/home/runner/work/gson/gson/extras/src/main/java/com/google/gson/interceptors;;IN_ACCESS,IN_ISDIR
2026-09-04T07:38:58.100882Z;/home/runner/work/gson/gson/extras/src/main/java/com/google/gson;interceptors;IN_ACCESS,IN_ISDIR
2026-09-04T07:38:58.101204Z;/home/runner/work/gson/gson/extras/src/main/java/com/google/gson/interceptors;;IN_ACCESS,IN_ISDIR
2026-09-04T07:38:58.101570Z;/home/runner/work/gson/gson/extras/src/main;java;IN_ACCESS,IN_ISDIR
2026-09-04T07:38:58.101938Z;/home/runner/work/gson/gson/extras/src/main/java;;IN_ACCESS,IN_ISDIR
2026-09-04T07:38:58.102267Z;/home/runner/work/gson/gson/extras/src/main;java;IN_ACCESS,IN_ISDIR
2026-09-04T07:38:58.102600Z;/home/runner/work/gson/gson/extras/src/main/java;;IN_ACCESS,IN_ISDIR
2026-09-04T07:38:58.102939Z;/home/runner/work/gson/gson/extras/src/main/java;com;IN_ACCESS,IN_ISDIR
2026-09-04T07:38:58.103277Z;/home/runner/work/gson/gson/extras/src/main/java/com;;IN_ACCESS,IN_ISDIR
2026-09-04T07:38:58.103612Z;/home/runner/work/gson/gson/extras/src/main/java;com;IN_ACCESS,IN_ISDIR
2026-09-04T07:38:58.103960Z;/home/runner/work/gson/gson/extras/src/main/java/com;;IN_ACCESS,IN_ISDIR
2026-09-04T07:38:58.104299Z;/home/runner/work/gson/gson/extras/src/main/java/com;google;IN_ACCESS,IN_ISDIR
2026-09-04T07:38:58.104650Z;/home/runner/work/gson/gson/extras/src/main/java/com/google;;IN_ACCESS,IN_ISDIR
2026-09-04T07:38:58.105025Z;/home/runner/work/gson/gson/extras/src/main/java/com;google;IN_ACCESS,IN_ISDIR
2026-09-04T07:38:58.105464Z;/home/runner/work/gson/gson/extras/src/main/java/com/google;;IN_ACCESS,IN_ISDIR
2026-09-04T07:38:58.105806Z;/home/runner/work/gson/gson/extras/src/main/java/com/google;gson;IN_ACCESS,IN_ISDIR
2026-09-04T07:38:58.106135Z;/home/runner/work/gson/gson/extras/src/main/java/com/google/gson;;IN_ACCESS,IN_ISDIR
2026-09-04T07:38:58.106464Z;/home/runner/work/gson/gson/extras/src/main/java/com/google;gson;IN_ACCESS,IN_ISDIR
2026-09-04T07:38:58.106795Z;/home/runner/work/gson/gson/extras/src/main/java/com/google/gson;;IN_ACCESS,IN_ISDIR
2026-09-04T07:38:58.107125Z;/home/runner/work/gson/gson/extras/src/main/java/com/google/gson;typeadapters;IN_ACCESS,IN_ISDIR
2026-09-04T07:38:58.107446Z;/home/runner/work/gson/gson/extras/src/main/java/com/google/gson/typeadapters;;IN_ACCESS,IN_ISDIR
2026-09-04T07:38:58.107782Z;/home/runner/work/gson/gson/extras/src/main/java/com/google/gson;typeadapters;IN_ACCESS,IN_ISDIR
2026-09-04T07:38:58.108115Z;/home/runner/work/gson/gson/extras/src/main/java/com/google/gson/typeadapters;;IN_ACCESS,IN_ISDIR
2026-09-04T07:38:58.108447Z;/home/runner/work/gson/gson/extras/src/main/java/com/google/gson;extras;IN_ACCESS,IN_ISDIR
2026-09-04T07:38:58.108773Z;/home/runner/work/gson/gson/extras/src/main/java/com/google/gson/extras;;IN_ACCESS,IN_ISDIR
2026-09-04T07:38:58.109099Z;/home/runner/work/gson/gson/extras/src/main/java/com/google/gson;extras;IN_ACCESS,IN_ISDIR
2026-09-04T07:38:58.109453Z;/home/runner/work/gson/gson/extras/src/main/java/com/google/gson/extras;;IN_ACCESS,IN_ISDIR
2026-09-04T07:38:58.109802Z;/home/runner/work/gson/gson/extras/src/main/java/com/google/gson/extras;examples;IN_ACCESS,IN_ISDIR
2026-09-04T07:38:58.110138Z;/home/runner/work/gson/gson/extras/src/main/java/com/google/gson/extras/examples;;IN_ACCESS,IN_ISDIR
2026-09-04T07:38:58.110475Z;/home/runner/work/gson/gson/extras/src/main/java/com/google/gson/extras;examples;IN_ACCESS,IN_ISDIR
2026-09-04T07:38:58.110812Z;/home/runner/work/gson/gson/extras/src/main/java/com/google/gson/extras/examples;;IN_ACCESS,IN_ISDIR
2026-09-04T07:38:58.111159Z;/home/runner/work/gson/gson/extras/src/main/java/com/google/gson/extras/examples;rawcollections;IN_ACCESS,IN_ISDIR
2026-09-04T07:38:58.111520Z;/home/runner/work/gson/gson/extras/src/main/java/com/google/gson/extras/examples/rawcollections;;IN_ACCESS,IN_ISDIR
2026-09-04T07:38:58.111943Z;/home/runner/work/gson/gson/extras/src/main/java/com/google/gson/extras/examples;rawcollections;IN_ACCESS,IN_ISDIR
2026-09-04T07:38:58.112316Z;/home/runner/work/gson/gson/extras/src/main/java/com/google/gson/extras/examples/rawcollections;;IN_ACCESS,IN_ISDIR
2026-09-04T07:38:58.114909Z;/home/runner/work/gson/gson/extras/src/main/java/com/google/gson;interceptors;IN_ACCESS,IN_ISDIR
2026-09-04T07:38:58.115268Z;/home/runner/work/gson/gson/extras/src/main/java/com/google/gson/interceptors;;IN_ACCESS,IN_ISDIR
2026-09-04T07:38:58.116543Z;/home/runner/work/gson/gson/extras/src/main/java/com/google/gson;interceptors;IN_ACCESS,IN_ISDIR
2026-09-04T07:38:58.116923Z;/home/runner/work/gson/gson/extras/src/main/java/com/google/gson/interceptors;;IN_ACCESS,IN_ISDIR
2026-09-04T07:38:58.117539Z;/home/runner/work/gson/gson/extras/target;maven-status;IN_CREATE,IN_ISDIR
2026-09-04T07:38:58.117909Z;/home/runner/work/gson/gson/extras/target/generated-sources;annotations;IN_ACCESS,IN_ISDIR
2026-09-04T07:38:58.118221Z;/home/runner/work/gson/gson/extras/target/generated-sources/annotations;;IN_ACCESS,IN_ISDIR
2026-09-04T07:38:58.118518Z;/home/runner/work/gson/gson/extras/target/generated-sources;annotations;IN_ACCESS,IN_ISDIR
2026-09-04T07:38:58.118837Z;/home/runner/work/gson/gson/extras/target/generated-sources/annotations;;IN_ACCESS,IN_ISDIR
2026-09-04T07:38:58.119185Z;/home/runner/work/gson/gson/extras/target/generated-sources/annotations;;IN_IGNORED
2026-09-04T07:38:58.119552Z;/home/runner/work/gson/gson/extras/target/generated-sources;annotations;IN_DELETE,IN_ISDIR
2026-09-04T07:38:58.120877Z;/home/runner/work/gson/gson/extras/target/generated-sources;annotations;IN_CREATE,IN_ISDIR
2026-09-04T07:38:58.121260Z;/home/runner/work/gson/gson/extras/target;classes;IN_CREATE,IN_ISDIR
2026-09-04T07:38:58.121695Z;/home/runner/work/gson/gson/gson/target;gson-2.14.1-SNAPSHOT.jar;IN_ACCESS
2026-09-04T07:38:58.122017Z;/home/runner/work/gson/gson/extras/target;maven-status;IN_ACCESS,IN_ISDIR
2026-09-04T07:38:58.122354Z;/home/runner/work/gson/gson/extras/src/main/java/com/google/gson/extras/examples/rawcollections;RawCollectionsExample.java;IN_ACCESS
2026-09-04T07:38:58.122668Z;/home/runner/work/gson/gson/extras/src/main/java/com/google/gson/interceptors;Intercept.java;IN_ACCESS
2026-09-04T07:38:58.122976Z;/home/runner/work/gson/gson/extras/src/main/java/com/google/gson/interceptors;InterceptorFactory.java;IN_ACCESS
2026-09-04T07:38:58.123288Z;/home/runner/work/gson/gson/extras/target/generated-sources;annotations;IN_ACCESS,IN_ISDIR
2026-09-04T07:38:58.123597Z;/home/runner/work/gson/gson/extras/src/main/java/com/google/gson/interceptors;JsonPostDeserializer.java;IN_ACCESS
2026-09-04T07:38:58.124441Z;/home/runner/work/gson/gson/extras/src/main/java/com/google/gson/typeadapters;PostConstructAdapterFactory.java;IN_ACCESS
2026-09-04T07:38:58.124760Z;/home/runner/work/gson/gson/extras/target;classes;IN_ACCESS,IN_ISDIR
2026-09-04T07:38:58.125050Z;/home/runner/work/gson/gson/extras/src/main/java/com/google/gson/typeadapters;RuntimeTypeAdapterFactory.java;IN_ACCESS
2026-09-04T07:38:58.125358Z;/home/runner/work/gson/gson/extras/src/main/java/com/google/gson/typeadapters;UtcDateTypeAdapter.java;IN_ACCESS
2026-09-04T07:38:58.125716Z;/home/runner/work/gson/gson/gson/target;gson-2.14.1-SNAPSHOT.jar;IN_ACCESS
2026-09-04T07:38:58.126019Z;/home/runner/work/gson/gson/gson/target;gson-2.14.1-SNAPSHOT.jar;IN_ACCESS
2026-09-04T07:38:58.128641Z;/home/runner/work/gson/gson/extras/src/main/java/com/google/gson/extras/examples;rawcollections;IN_ACCESS,IN_ISDIR
2026-09-04T07:38:58.128992Z;/home/runner/work/gson/gson/extras/src/main/java/com/google/gson/extras/examples/rawcollections;;IN_ACCESS,IN_ISDIR
2026-09-04T07:38:58.129327Z;/home/runner/work/gson/gson/extras/src/main/java/com/google/gson/extras/examples;rawcollections;IN_ACCESS,IN_ISDIR
2026-09-04T07:38:58.129642Z;/home/runner/work/gson/gson/extras/src/main/java/com/google/gson/extras/examples/rawcollections;;IN_ACCESS,IN_ISDIR
2026-09-04T07:38:58.132284Z;/home/runner/work/gson/gson/extras/src/main/java/com/google/gson;interceptors;IN_ACCESS,IN_ISDIR
2026-09-04T07:38:58.132661Z;/home/runner/work/gson/gson/extras/src/main/java/com/google/gson/interceptors;;IN_ACCESS,IN_ISDIR
2026-09-04T07:38:58.133006Z;/home/runner/work/gson/gson/extras/src/main/java/com/google/gson;interceptors;IN_ACCESS,IN_ISDIR
2026-09-04T07:38:58.133339Z;/home/runner/work/gson/gson/extras/src/main/java/com/google/gson/interceptors;;IN_ACCESS,IN_ISDIR
2026-09-04T07:38:58.134054Z;/home/runner/work/gson/gson/extras/src/main/java/com/google/gson;typeadapters;IN_ACCESS,IN_ISDIR
2026-09-04T07:38:58.136221Z;/home/runner/work/gson/gson/extras/src/main/java/com/google/gson/typeadapters;;IN_ACCESS,IN_ISDIR
2026-09-04T07:38:58.137190Z;/home/runner/work/gson/gson/extras/src/main/java/com/google/gson;typeadapters;IN_ACCESS,IN_ISDIR
2026-09-04T07:38:58.137488Z;/home/runner/work/gson/gson/extras/src/main/java/com/google/gson/typeadapters;;IN_ACCESS,IN_ISDIR
2026-09-04T07:38:58.137801Z;/home/runner/work/gson/gson/extras/src/main/java/com/google/gson/extras;examples;IN_ACCESS,IN_ISDIR
2026-09-04T07:38:58.138110Z;/home/runner/work/gson/gson/extras/src/main/java/com/google/gson/extras/examples;;IN_ACCESS,IN_ISDIR
2026-09-04T07:38:58.138394Z;/home/runner/work/gson/gson/extras/src/main/java/com/google/gson/extras;examples;IN_ACCESS,IN_ISDIR
2026-09-04T07:38:58.138694Z;/home/runner/work/gson/gson/extras/src/main/java/com/google/gson/extras/examples;;IN_ACCESS,IN_ISDIR
2026-09-04T07:38:58.138998Z;/home/runner/work/gson/gson/extras/src/main/java/com/google/gson;extras;IN_ACCESS,IN_ISDIR
2026-09-04T07:38:58.139277Z;/home/runner/work/gson/gson/extras/src/main/java/com/google/gson/extras;;IN_ACCESS,IN_ISDIR
2026-09-04T07:38:58.139590Z;/home/runner/work/gson/gson/extras/src/main/java/com/google/gson;extras;IN_ACCESS,IN_ISDIR
2026-09-04T07:38:58.140039Z;/home/runner/work/gson/gson/extras/src/main/java/com/google/gson/extras;;IN_ACCESS,IN_ISDIR
2026-09-04T07:38:58.142017Z;/home/runner/work/gson/gson/extras/src/main/java/com/google;gson;IN_ACCESS,IN_ISDIR
2026-09-04T07:38:58.142321Z;/home/runner/work/gson/gson/extras/src/main/java/com/google/gson;;IN_ACCESS,IN_ISDIR
2026-09-04T07:38:58.142627Z;/home/runner/work/gson/gson/extras/src/main/java/com/google;gson;IN_ACCESS,IN_ISDIR
2026-09-04T07:38:58.142924Z;/home/runner/work/gson/gson/extras/src/main/java/com/google/gson;;IN_ACCESS,IN_ISDIR
2026-09-04T07:38:58.143219Z;/home/runner/work/gson/gson/extras/src/main/java/com;google;IN_ACCESS,IN_ISDIR
2026-09-04T07:38:58.143502Z;/home/runner/work/gson/gson/extras/src/main/java/com/google;;IN_ACCESS,IN_ISDIR
2026-09-04T07:38:58.143784Z;/home/runner/work/gson/gson/extras/src/main/java/com;google;IN_ACCESS,IN_ISDIR
2026-09-04T07:38:58.144080Z;/home/runner/work/gson/gson/extras/src/main/java/com/google;;IN_ACCESS,IN_ISDIR
2026-09-04T07:38:58.144408Z;/home/runner/work/gson/gson/extras/src/main/java;com;IN_ACCESS,IN_ISDIR
2026-09-04T07:38:58.144688Z;/home/runner/work/gson/gson/extras/src/main/java/com;;IN_ACCESS,IN_ISDIR
2026-09-04T07:38:58.144972Z;/home/runner/work/gson/gson/extras/src/main/java;com;IN_ACCESS,IN_ISDIR
2026-09-04T07:38:58.145244Z;/home/runner/work/gson/gson/extras/src/main/java/com;;IN_ACCESS,IN_ISDIR
2026-09-04T07:38:58.145535Z;/home/runner/work/gson/gson/gson/target;gson-2.14.1-SNAPSHOT.jar;IN_ACCESS
2026-09-04T07:38:58.151434Z;/home/runner/work/gson/gson/gson/target;gson-2.14.1-SNAPSHOT.jar;IN_ACCESS
2026-09-04T07:38:58.170800Z;/home/runner/work/gson/gson/gson/target;gson-2.14.1-SNAPSHOT.jar;IN_ACCESS
2026-09-04T07:38:58.171285Z;/home/runner/work/gson/gson/gson/target;gson-2.14.1-SNAPSHOT.jar;IN_ACCESS
2026-09-04T07:38:58.172106Z;/home/runner/work/gson/gson/gson/target;gson-2.14.1-SNAPSHOT.jar;IN_ACCESS
2026-09-04T07:38:58.172933Z;/home/runner/work/gson/gson/gson/target;gson-2.14.1-SNAPSHOT.jar;IN_ACCESS
2026-09-04T07:38:58.174767Z;/home/runner/work/gson/gson/gson/target;gson-2.14.1-SNAPSHOT.jar;IN_ACCESS
2026-09-04T07:38:58.175522Z;/home/runner/work/gson/gson/gson/target;gson-2.14.1-SNAPSHOT.jar;IN_ACCESS
2026-09-04T07:38:58.213692Z;/home/runner/work/gson/gson/gson/target;gson-2.14.1-SNAPSHOT.jar;IN_ACCESS
2026-09-04T07:38:58.215177Z;/home/runner/work/gson/gson/gson/target;gson-2.14.1-SNAPSHOT.jar;IN_ACCESS
2026-09-04T07:38:58.230008Z;/home/runner/work/gson/gson/gson/target;gson-2.14.1-SNAPSHOT.jar;IN_ACCESS
2026-09-04T07:38:58.231239Z;/home/runner/work/gson/gson/gson/target;gson-2.14.1-SNAPSHOT.jar;IN_ACCESS
2026-09-04T07:38:58.239633Z;/home/runner/work/gson/gson/extras/target/classes;com;IN_CREATE,IN_ISDIR
2026-09-04T07:38:58.241928Z;/home/runner/work/gson/gson/extras/target/classes;com;IN_ACCESS,IN_ISDIR
2026-09-04T07:38:58.242244Z;/home/runner/work/gson/gson/extras/target/classes/com/google/gson/extras/examples/rawcollections;RawCollectionsExample$1.class;IN_CREATE
2026-09-04T07:38:58.242593Z;/home/runner/work/gson/gson/extras/target/classes/com/google/gson/extras/examples/rawcollections;RawCollectionsExample.class;IN_CREATE
2026-09-04T07:38:58.243366Z;/home/runner/work/gson/gson/extras/target/classes/com/google/gson;interceptors;IN_CREATE,IN_ISDIR
2026-09-04T07:38:58.243732Z;/home/runner/work/gson/gson/extras/target/classes/com/google/gson;interceptors;IN_ACCESS,IN_ISDIR
2026-09-04T07:38:58.244089Z;/home/runner/work/gson/gson/extras/target/classes/com/google/gson/interceptors;JsonPostDeserializer.class;IN_CREATE
2026-09-04T07:38:58.249099Z;/home/runner/work/gson/gson/extras/target/classes/com/google/gson/interceptors;InterceptorFactory$InterceptorAdapter.class;IN_CREATE
2026-09-04T07:38:58.249599Z;/home/runner/work/gson/gson/extras/target/classes/com/google/gson/interceptors;InterceptorFactory.class;IN_CREATE
2026-09-04T07:38:58.253892Z;/home/runner/work/gson/gson/extras/target/classes/com/google/gson;typeadapters;IN_CREATE,IN_ISDIR
2026-09-04T07:38:58.254321Z;/home/runner/work/gson/gson/extras/target/classes/com/google/gson;typeadapters;IN_ACCESS,IN_ISDIR
2026-09-04T07:38:58.254831Z;/home/runner/work/gson/gson/extras/target/classes/com/google/gson/typeadapters;PostConstructAdapterFactory.class;IN_CREATE
2026-09-04T07:38:58.271305Z;/home/runner/work/gson/gson/extras/target/classes/com/google/gson/typeadapters;RuntimeTypeAdapterFactory$1.class;IN_CREATE
2026-09-04T07:38:58.274519Z;/home/runner/work/gson/gson/extras/target/classes/com/google/gson/typeadapters;RuntimeTypeAdapterFactory.class;IN_CREATE
2026-09-04T07:38:58.307073Z;/home/runner/work/gson/gson/extras/target/classes/com/google/gson/typeadapters;UtcDateTypeAdapter.class;IN_CREATE
2026-09-04T07:38:58.311859Z;/home/runner/work/gson/gson/extras/target;classes;IN_ACCESS,IN_ISDIR
2026-09-04T07:38:58.312189Z;/home/runner/work/gson/gson/extras/target/classes;;IN_ACCESS,IN_ISDIR
2026-09-04T07:38:58.312490Z;/home/runner/work/gson/gson/extras/target;classes;IN_ACCESS,IN_ISDIR
2026-09-04T07:38:58.315684Z;/home/runner/work/gson/gson/extras/target/classes;;IN_ACCESS,IN_ISDIR
2026-09-04T07:38:58.316069Z;/home/runner/work/gson/gson/extras/target/classes;com;IN_ACCESS,IN_ISDIR
2026-09-04T07:38:58.316540Z;/home/runner/work/gson/gson/extras/target/classes/com;;IN_ACCESS,IN_ISDIR
2026-09-04T07:38:58.316893Z;/home/runner/work/gson/gson/extras/target/classes;com;IN_ACCESS,IN_ISDIR
2026-09-04T07:38:58.317154Z;/home/runner/work/gson/gson/extras/target/classes/com;;IN_ACCESS,IN_ISDIR
2026-09-04T07:38:58.317412Z;/home/runner/work/gson/gson/extras/target/classes/com;google;IN_ACCESS,IN_ISDIR
2026-09-04T07:38:58.317682Z;/home/runner/work/gson/gson/extras/target/classes/com/google;;IN_ACCESS,IN_ISDIR
2026-09-04T07:38:58.318067Z;/home/runner/work/gson/gson/extras/target/classes/com;google;IN_ACCESS,IN_ISDIR
2026-09-04T07:38:58.318522Z;/home/runner/work/gson/gson/extras/target/classes/com/google;;IN_ACCESS,IN_ISDIR
2026-09-04T07:38:58.318867Z;/home/runner/work/gson/gson/extras/target/classes/com/google;gson;IN_ACCESS,IN_ISDIR
2026-09-04T07:38:58.319212Z;/home/runner/work/gson/gson/extras/target/classes/com/google/gson;;IN_ACCESS,IN_ISDIR
2026-09-04T07:38:58.319558Z;/home/runner/work/gson/gson/extras/target/classes/com/google;gson;IN_ACCESS,IN_ISDIR
2026-09-04T07:38:58.319881Z;/home/runner/work/gson/gson/extras/target/classes/com/google/gson;;IN_ACCESS,IN_ISDIR
2026-09-04T07:38:58.320220Z;/home/runner/work/gson/gson/extras/target/classes/com/google/gson;typeadapters;IN_ACCESS,IN_ISDIR
2026-09-04T07:38:58.320560Z;/home/runner/work/gson/gson/extras/target/classes/com/google/gson/typeadapters;;IN_ACCESS,IN_ISDIR
2026-09-04T07:38:58.320884Z;/home/runner/work/gson/gson/extras/target/classes/com/google/gson;typeadapters;IN_ACCESS,IN_ISDIR
2026-09-04T07:38:58.321205Z;/home/runner/work/gson/gson/extras/target/classes/com/google/gson/typeadapters;;IN_ACCESS,IN_ISDIR
2026-09-04T07:38:58.321522Z;/home/runner/work/gson/gson/extras/target/classes/com/google/gson;extras;IN_ACCESS,IN_ISDIR
2026-09-04T07:38:58.321846Z;/home/runner/work/gson/gson/extras/target/classes/com/google/gson/extras;;IN_ACCESS,IN_ISDIR
2026-09-04T07:38:58.322186Z;/home/runner/work/gson/gson/extras/target/classes/com/google/gson;extras;IN_ACCESS,IN_ISDIR
2026-09-04T07:38:58.322517Z;/home/runner/work/gson/gson/extras/target/classes/com/google/gson/extras;;IN_ACCESS,IN_ISDIR
2026-09-04T07:38:58.322859Z;/home/runner/work/gson/gson/extras/target/classes/com/google/gson/extras;examples;IN_ACCESS,IN_ISDIR
2026-09-04T07:38:58.323280Z;/home/runner/work/gson/gson/extras/target/classes/com/google/gson/extras/examples;;IN_ACCESS,IN_ISDIR
2026-09-04T07:38:58.323688Z;/home/runner/work/gson/gson/extras/target/classes/com/google/gson/extras;examples;IN_ACCESS,IN_ISDIR
2026-09-04T07:38:58.324007Z;/home/runner/work/gson/gson/extras/target/classes/com/google/gson/extras/examples;;IN_ACCESS,IN_ISDIR
2026-09-04T07:38:58.324319Z;/home/runner/work/gson/gson/extras/target/classes/com/google/gson/extras/examples;rawcollections;IN_ACCESS,IN_ISDIR
2026-09-04T07:38:58.324636Z;/home/runner/work/gson/gson/extras/target/classes/com/google/gson/extras/examples/rawcollections;;IN_ACCESS,IN_ISDIR
2026-09-04T07:38:58.325049Z;/home/runner/work/gson/gson/extras/target/classes/com/google/gson/extras/examples;rawcollections;IN_ACCESS,IN_ISDIR
2026-09-04T07:38:58.325368Z;/home/runner/work/gson/gson/extras/target/classes/com/google/gson/extras/examples/rawcollections;;IN_ACCESS,IN_ISDIR
2026-09-04T07:38:58.325713Z;/home/runner/work/gson/gson/extras/target/classes/com/google/gson;interceptors;IN_ACCESS,IN_ISDIR
2026-09-04T07:38:58.326041Z;/home/runner/work/gson/gson/extras/target/classes/com/google/gson/interceptors;;IN_ACCESS,IN_ISDIR
2026-09-04T07:38:58.326363Z;/home/runner/work/gson/gson/extras/target/classes/com/google/gson;interceptors;IN_ACCESS,IN_ISDIR
2026-09-04T07:38:58.326693Z;/home/runner/work/gson/gson/extras/target/classes/com/google/gson/interceptors;;IN_ACCESS,IN_ISDIR
2026-09-04T07:38:58.327013Z;/home/runner/work/gson/gson/extras/target/maven-status/maven-compiler-plugin/compile/default-compile;createdFiles.lst;IN_CREATE
2026-09-04T07:38:58.485719Z;/home/runner/work/gson/gson/extras/target;classes;IN_ACCESS,IN_ISDIR
2026-09-04T07:38:58.486299Z;/home/runner/work/gson/gson/extras/target/classes;;IN_ACCESS,IN_ISDIR
2026-09-04T07:38:58.486682Z;/home/runner/work/gson/gson/extras/target;classes;IN_ACCESS,IN_ISDIR
2026-09-04T07:38:58.487019Z;/home/runner/work/gson/gson/extras/target/classes;;IN_ACCESS,IN_ISDIR
2026-09-04T07:38:58.487318Z;/home/runner/work/gson/gson/extras/target/classes;com;IN_ACCESS,IN_ISDIR
2026-09-04T07:38:58.487638Z;/home/runner/work/gson/gson/extras/target/classes/com;;IN_ACCESS,IN_ISDIR
2026-09-04T07:38:58.488797Z;/home/runner/work/gson/gson/extras/target/classes;com;IN_ACCESS,IN_ISDIR
2026-09-04T07:38:58.489128Z;/home/runner/work/gson/gson/extras/target/classes/com;;IN_ACCESS,IN_ISDIR
2026-09-04T07:38:58.489443Z;/home/runner/work/gson/gson/extras/target/classes/com;google;IN_ACCESS,IN_ISDIR
2026-09-04T07:38:58.489778Z;/home/runner/work/gson/gson/extras/target/classes/com/google;;IN_ACCESS,IN_ISDIR
2026-09-04T07:38:58.490085Z;/home/runner/work/gson/gson/extras/target/classes/com;google;IN_ACCESS,IN_ISDIR
2026-09-04T07:38:58.490370Z;/home/runner/work/gson/gson/extras/target/classes/com/google;;IN_ACCESS,IN_ISDIR
2026-09-04T07:38:58.490687Z;/home/runner/work/gson/gson/extras/target/classes/com/google;gson;IN_ACCESS,IN_ISDIR
2026-09-04T07:38:58.490977Z;/home/runner/work/gson/gson/extras/target/classes/com/google/gson;;IN_ACCESS,IN_ISDIR
2026-09-04T07:38:58.492183Z;/home/runner/work/gson/gson/extras/target/classes/com/google;gson;IN_ACCESS,IN_ISDIR
2026-09-04T07:38:58.493651Z;/home/runner/work/gson/gson/extras/target/classes/com/google/gson;;IN_ACCESS,IN_ISDIR
2026-09-04T07:38:58.494007Z;/home/runner/work/gson/gson/extras/target/classes/com/google/gson;typeadapters;IN_ACCESS,IN_ISDIR
2026-09-04T07:38:58.494289Z;/home/runner/work/gson/gson/extras/target/classes/com/google/gson/typeadapters;;IN_ACCESS,IN_ISDIR
2026-09-04T07:38:58.494597Z;/home/runner/work/gson/gson/extras/target/classes/com/google/gson;typeadapters;IN_ACCESS,IN_ISDIR
2026-09-04T07:38:58.494894Z;/home/runner/work/gson/gson/extras/target/classes/com/google/gson/typeadapters;;IN_ACCESS,IN_ISDIR
2026-09-04T07:38:58.495165Z;/home/runner/work/gson/gson/extras/target/classes/com/google/gson;extras;IN_ACCESS,IN_ISDIR
2026-09-04T07:38:58.495426Z;/home/runner/work/gson/gson/extras/target/classes/com/google/gson/extras;;IN_ACCESS,IN_ISDIR
2026-09-04T07:38:58.496708Z;/home/runner/work/gson/gson/extras/target/classes/com/google/gson;extras;IN_ACCESS,IN_ISDIR
2026-09-04T07:38:58.497011Z;/home/runner/work/gson/gson/extras/target/classes/com/google/gson/extras;;IN_ACCESS,IN_ISDIR
2026-09-04T07:38:58.497310Z;/home/runner/work/gson/gson/extras/target/classes/com/google/gson/extras;examples;IN_ACCESS,IN_ISDIR
2026-09-04T07:38:58.497832Z;/home/runner/work/gson/gson/extras/target/classes/com/google/gson/extras/examples;;IN_ACCESS,IN_ISDIR
2026-09-04T07:38:58.498821Z;/home/runner/work/gson/gson/extras/target/classes/com/google/gson/extras;examples;IN_ACCESS,IN_ISDIR
2026-09-04T07:38:58.499805Z;/home/runner/work/gson/gson/extras/target/classes/com/google/gson/extras/examples;;IN_ACCESS,IN_ISDIR
2026-09-04T07:38:58.501834Z;/home/runner/work/gson/gson/extras/target/classes/com/google/gson/extras/examples;rawcollections;IN_ACCESS,IN_ISDIR
2026-09-04T07:38:58.502218Z;/home/runner/work/gson/gson/extras/target/classes/com/google/gson/extras/examples/rawcollections;;IN_ACCESS,IN_ISDIR
2026-09-04T07:38:58.503824Z;/home/runner/work/gson/gson/extras/target/classes/com/google/gson/extras/examples;rawcollections;IN_ACCESS,IN_ISDIR
2026-09-04T07:38:58.504830Z;/home/runner/work/gson/gson/extras/target/classes/com/google/gson/extras/examples/rawcollections;;IN_ACCESS,IN_ISDIR
2026-09-04T07:38:58.507865Z;/home/runner/work/gson/gson/extras/target/classes/com/google/gson;interceptors;IN_ACCESS,IN_ISDIR
2026-09-04T07:38:58.508300Z;/home/runner/work/gson/gson/extras/target/classes/com/google/gson/interceptors;;IN_ACCESS,IN_ISDIR
2026-09-04T07:38:58.509863Z;/home/runner/work/gson/gson/extras/target/classes/com/google/gson;interceptors;IN_ACCESS,IN_ISDIR
2026-09-04T07:38:58.510266Z;/home/runner/work/gson/gson/extras/target/classes/com/google/gson/interceptors;;IN_ACCESS,IN_ISDIR
2026-09-04T07:38:58.511947Z;/home/runner/work/gson/gson/extras/target;maven-archiver;IN_CREATE,IN_ISDIR
2026-09-04T07:38:58.512829Z;/home/runner/work/gson/gson/extras/target;classes;IN_ACCESS,IN_ISDIR
2026-09-04T07:38:58.513154Z;/home/runner/work/gson/gson/extras/target/classes;;IN_ACCESS,IN_ISDIR
2026-09-04T07:38:58.513471Z;/home/runner/work/gson/gson/extras/target;classes;IN_ACCESS,IN_ISDIR
2026-09-04T07:38:58.513799Z;/home/runner/work/gson/gson/extras/target/classes;;IN_ACCESS,IN_ISDIR
2026-09-04T07:38:58.514130Z;/home/runner/work/gson/gson/extras/target/classes;com;IN_ACCESS,IN_ISDIR
2026-09-04T07:38:58.515841Z;/home/runner/work/gson/gson/extras/target/classes/com;;IN_ACCESS,IN_ISDIR
2026-09-04T07:38:58.516160Z;/home/runner/work/gson/gson/extras/target/classes;com;IN_ACCESS,IN_ISDIR
2026-09-04T07:38:58.516463Z;/home/runner/work/gson/gson/extras/target/classes/com;;IN_ACCESS,IN_ISDIR
2026-09-04T07:38:58.516817Z;/home/runner/work/gson/gson/extras/target/classes/com;google;IN_ACCESS,IN_ISDIR
2026-09-04T07:38:58.517123Z;/home/runner/work/gson/gson/extras/target/classes/com/google;;IN_ACCESS,IN_ISDIR
2026-09-04T07:38:58.517425Z;/home/runner/work/gson/gson/extras/target/classes/com;google;IN_ACCESS,IN_ISDIR
2026-09-04T07:38:58.517740Z;/home/runner/work/gson/gson/extras/target/classes/com/google;;IN_ACCESS,IN_ISDIR
2026-09-04T07:38:58.518049Z;/home/runner/work/gson/gson/extras/target/classes/com/google;gson;IN_ACCESS,IN_ISDIR
2026-09-04T07:38:58.518346Z;/home/runner/work/gson/gson/extras/target/classes/com/google/gson;;IN_ACCESS,IN_ISDIR
2026-09-04T07:38:58.518647Z;/home/runner/work/gson/gson/extras/target/classes/com/google;gson;IN_ACCESS,IN_ISDIR
2026-09-04T07:38:58.518963Z;/home/runner/work/gson/gson/extras/target/classes/com/google/gson;;IN_ACCESS,IN_ISDIR
2026-09-04T07:38:58.519285Z;/home/runner/work/gson/gson/extras/target/classes/com/google/gson;extras;IN_ACCESS,IN_ISDIR
2026-09-04T07:38:58.519639Z;/home/runner/work/gson/gson/extras/target/classes/com/google/gson/extras;;IN_ACCESS,IN_ISDIR
2026-09-04T07:38:58.519975Z;/home/runner/work/gson/gson/extras/target/classes/com/google/gson;extras;IN_ACCESS,IN_ISDIR
2026-09-04T07:38:58.520298Z;/home/runner/work/gson/gson/extras/target/classes/com/google/gson/extras;;IN_ACCESS,IN_ISDIR
2026-09-04T07:38:58.520645Z;/home/runner/work/gson/gson/extras/target/classes/com/google/gson/extras;examples;IN_ACCESS,IN_ISDIR
2026-09-04T07:38:58.520969Z;/home/runner/work/gson/gson/extras/target/classes/com/google/gson/extras/examples;;IN_ACCESS,IN_ISDIR
2026-09-04T07:38:58.521308Z;/home/runner/work/gson/gson/extras/target/classes/com/google/gson/extras;examples;IN_ACCESS,IN_ISDIR
2026-09-04T07:38:58.521649Z;/home/runner/work/gson/gson/extras/target/classes/com/google/gson/extras/examples;;IN_ACCESS,IN_ISDIR
2026-09-04T07:38:58.521969Z;/home/runner/work/gson/gson/extras/target/classes/com/google/gson/extras/examples;rawcollections;IN_ACCESS,IN_ISDIR
2026-09-04T07:38:58.522397Z;/home/runner/work/gson/gson/extras/target/classes/com/google/gson/extras/examples/rawcollections;;IN_ACCESS,IN_ISDIR
2026-09-04T07:38:58.522727Z;/home/runner/work/gson/gson/extras/target/classes/com/google/gson/extras/examples;rawcollections;IN_ACCESS,IN_ISDIR
2026-09-04T07:38:58.523041Z;/home/runner/work/gson/gson/extras/target/classes/com/google/gson/extras/examples/rawcollections;;IN_ACCESS,IN_ISDIR
2026-09-04T07:38:58.523356Z;/home/runner/work/gson/gson/extras/target/classes/com/google/gson;interceptors;IN_ACCESS,IN_ISDIR
2026-09-04T07:38:58.523880Z;/home/runner/work/gson/gson/extras/target/classes/com/google/gson/interceptors;;IN_ACCESS,IN_ISDIR
2026-09-04T07:38:58.524286Z;/home/runner/work/gson/gson/extras/target/classes/com/google/gson;interceptors;IN_ACCESS,IN_ISDIR
2026-09-04T07:38:58.524589Z;/home/runner/work/gson/gson/extras/target/classes/com/google/gson/interceptors;;IN_ACCESS,IN_ISDIR
2026-09-04T07:38:58.524895Z;/home/runner/work/gson/gson/extras/target/classes/com/google/gson;typeadapters;IN_ACCESS,IN_ISDIR
2026-09-04T07:38:58.525197Z;/home/runner/work/gson/gson/extras/target/classes/com/google/gson/typeadapters;;IN_ACCESS,IN_ISDIR
2026-09-04T07:38:58.525501Z;/home/runner/work/gson/gson/extras/target/classes/com/google/gson;typeadapters;IN_ACCESS,IN_ISDIR
2026-09-04T07:38:58.525807Z;/home/runner/work/gson/gson/extras/target/classes/com/google/gson/typeadapters;;IN_ACCESS,IN_ISDIR
2026-09-04T07:38:58.526134Z;/home/runner/work/gson/gson/extras/target;maven-archiver;IN_ACCESS,IN_ISDIR
2026-09-04T07:38:58.526432Z;/home/runner/work/gson/gson/extras/target;gson-extras-2.14.1-SNAPSHOT.jar;IN_CREATE
2026-09-04T07:38:58.538047Z;/home/runner/work/gson/gson/extras/target/classes/com/google/gson/extras/examples/rawcollections;RawCollectionsExample$1.class;IN_ACCESS
2026-09-04T07:38:58.541638Z;/home/runner/work/gson/gson/extras/target/classes/com/google/gson/extras/examples/rawcollections;RawCollectionsExample$Event.class;IN_ACCESS
2026-09-04T07:38:58.542052Z;/home/runner/work/gson/gson/extras/target/classes/com/google/gson/extras/examples/rawcollections;RawCollectionsExample.class;IN_ACCESS
2026-09-04T07:38:58.542406Z;/home/runner/work/gson/gson/extras/target/classes/com/google/gson/interceptors;Intercept.class;IN_ACCESS
2026-09-04T07:38:58.542808Z;/home/runner/work/gson/gson/extras/target/classes/com/google/gson/interceptors;InterceptorFactory.class;IN_ACCESS
2026-09-04T07:38:58.547868Z;/home/runner/work/gson/gson/extras/target/classes/com/google/gson/interceptors;InterceptorFactory$InterceptorAdapter.class;IN_ACCESS
2026-09-04T07:38:58.550877Z;/home/runner/work/gson/gson/extras/target/classes/com/google/gson/interceptors;JsonPostDeserializer.class;IN_ACCESS
2026-09-04T07:38:58.551265Z;/home/runner/work/gson/gson/extras/target/classes/com/google/gson/typeadapters;PostConstructAdapterFactory$PostConstructAdapter.class;IN_ACCESS
2026-09-04T07:38:58.551774Z;/home/runner/work/gson/gson/extras/target/classes/com/google/gson/typeadapters;PostConstructAdapterFactory.class;IN_ACCESS
2026-09-04T07:38:58.552241Z;/home/runner/work/gson/gson/extras/target/classes/com/google/gson/typeadapters;RuntimeTypeAdapterFactory$1.class;IN_ACCESS
2026-09-04T07:38:58.552615Z;/home/runner/work/gson/gson/extras/target/classes/com/google/gson/typeadapters;RuntimeTypeAdapterFactory.class;IN_ACCESS
2026-09-04T07:38:58.552961Z;/home/runner/work/gson/gson/extras/target/classes/com/google/gson/typeadapters;RuntimeTypeAdapterFactory$1.class;IN_ACCESS
2026-09-04T07:38:58.554837Z;/home/runner/work/gson/gson/extras;pom.xml;IN_ACCESS
2026-09-04T07:38:58.555288Z;/home/runner/work/gson/gson/extras/target/classes/com/google/gson/typeadapters;UtcDateTypeAdapter.class;IN_ACCESS
2026-09-04T07:38:58.556265Z;/home/runner/work/gson/gson/extras/target/maven-archiver;pom.properties;IN_ACCESS
2026-09-04T07:38:58.635164Z;/home/runner/work/gson/gson;extras;IN_ACCESS,IN_ISDIR
2026-09-04T07:38:58.635719Z;/home/runner/work/gson/gson/extras;;IN_ACCESS,IN_ISDIR
2026-09-04T07:38:58.636059Z;/home/runner/work/gson/gson;extras;IN_ACCESS,IN_ISDIR
2026-09-04T07:38:58.636497Z;/home/runner/work/gson/gson/extras;;IN_ACCESS,IN_ISDIR
2026-09-04T07:38:58.689436Z;/home/runner/work/gson/gson/.git;HEAD;IN_ACCESS
2026-09-04T07:38:58.690335Z;/home/runner/work/gson/gson/.git;config;IN_ACCESS
2026-09-04T07:38:58.698737Z;/home/runner/work/gson/gson;extras;IN_ACCESS,IN_ISDIR
2026-09-04T07:38:58.699139Z;/home/runner/work/gson/gson/extras;;IN_ACCESS,IN_ISDIR
2026-09-04T07:38:58.699459Z;/home/runner/work/gson/gson;extras;IN_ACCESS,IN_ISDIR
2026-09-04T07:38:58.700823Z;/home/runner/work/gson/gson/extras;;IN_ACCESS,IN_ISDIR
2026-09-04T07:38:58.701199Z;/home/runner/work/gson/gson/extras;src;IN_ACCESS,IN_ISDIR
2026-09-04T07:38:58.701546Z;/home/runner/work/gson/gson/extras/src;;IN_ACCESS,IN_ISDIR
2026-09-04T07:38:58.701908Z;/home/runner/work/gson/gson/extras;src;IN_ACCESS,IN_ISDIR
2026-09-04T07:38:58.702251Z;/home/runner/work/gson/gson/extras/src;;IN_ACCESS,IN_ISDIR
2026-09-04T07:38:58.702551Z;/home/runner/work/gson/gson/extras/src;main;IN_ACCESS,IN_ISDIR
2026-09-04T07:38:58.702877Z;/home/runner/work/gson/gson/extras/src/main;;IN_ACCESS,IN_ISDIR
2026-09-04T07:38:58.703174Z;/home/runner/work/gson/gson/extras/src;main;IN_ACCESS,IN_ISDIR
2026-09-04T07:38:58.703470Z;/home/runner/work/gson/gson/extras/src/main;;IN_ACCESS,IN_ISDIR
2026-09-04T07:38:58.704417Z;/home/runner/work/gson/gson/extras/src/main;java;IN_ACCESS,IN_ISDIR
2026-09-04T07:38:58.704789Z;/home/runner/work/gson/gson/extras/src/main/java;;IN_ACCESS,IN_ISDIR
2026-09-04T07:38:58.705124Z;/home/runner/work/gson/gson/extras/src/main;java;IN_ACCESS,IN_ISDIR
2026-09-04T07:38:58.705444Z;/home/runner/work/gson/gson/extras/src/main/java;;IN_ACCESS,IN_ISDIR
2026-09-04T07:38:58.705760Z;/home/runner/work/gson/gson/extras/src/main/java;com;IN_ACCESS,IN_ISDIR
2026-09-04T07:38:58.706082Z;/home/runner/work/gson/gson/extras/src/main/java/com;;IN_ACCESS,IN_ISDIR
2026-09-04T07:38:58.706390Z;/home/runner/work/gson/gson/extras/src/main/java;com;IN_ACCESS,IN_ISDIR
2026-09-04T07:38:58.706710Z;/home/runner/work/gson/gson/extras/src/main/java/com;;IN_ACCESS,IN_ISDIR
2026-09-04T07:38:58.707000Z;/home/runner/work/gson/gson/extras/src/main/java/com;google;IN_ACCESS,IN_ISDIR
2026-09-04T07:38:58.707291Z;/home/runner/work/gson/gson/extras/src/main/java/com/google;;IN_ACCESS,IN_ISDIR
2026-09-04T07:38:58.707629Z;/home/runner/work/gson/gson/extras/src/main/java/com;google;IN_ACCESS,IN_ISDIR
2026-09-04T07:38:58.707954Z;/home/runner/work/gson/gson/extras/src/main/java/com/google;;IN_ACCESS,IN_ISDIR
2026-09-04T07:38:58.708273Z;/home/runner/work/gson/gson/extras/src/main/java/com/google;gson;IN_ACCESS,IN_ISDIR
2026-09-04T07:38:58.708599Z;/home/runner/work/gson/gson/extras/src/main/java/com/google/gson;;IN_ACCESS,IN_ISDIR
2026-09-04T07:38:58.709124Z;/home/runner/work/gson/gson/extras/src/main/java/com/google;gson;IN_ACCESS,IN_ISDIR
2026-09-04T07:38:58.709440Z;/home/runner/work/gson/gson/extras/src/main/java/com/google/gson;;IN_ACCESS,IN_ISDIR
2026-09-04T07:38:58.709797Z;/home/runner/work/gson/gson/extras/src/main/java/com/google/gson;typeadapters;IN_ACCESS,IN_ISDIR
2026-09-04T07:38:58.710152Z;/home/runner/work/gson/gson/extras/src/main/java/com/google/gson/typeadapters;;IN_ACCESS,IN_ISDIR
2026-09-04T07:38:58.710480Z;/home/runner/work/gson/gson/extras/src/main/java/com/google/gson;typeadapters;IN_ACCESS,IN_ISDIR
2026-09-04T07:38:58.710807Z;/home/runner/work/gson/gson/extras/src/main/java/com/google/gson/typeadapters;;IN_ACCESS,IN_ISDIR
2026-09-04T07:38:58.711124Z;/home/runner/work/gson/gson/extras/src/main/java/com/google/gson;extras;IN_ACCESS,IN_ISDIR
2026-09-04T07:38:58.711434Z;/home/runner/work/gson/gson/extras/src/main/java/com/google/gson/extras;;IN_ACCESS,IN_ISDIR
2026-09-04T07:38:58.711739Z;/home/runner/work/gson/gson/extras/src/main/java/com/google/gson;extras;IN_ACCESS,IN_ISDIR
2026-09-04T07:38:58.712041Z;/home/runner/work/gson/gson/extras/src/main/java/com/google/gson/extras;;IN_ACCESS,IN_ISDIR
2026-09-04T07:38:58.712341Z;/home/runner/work/gson/gson/extras/src/main/java/com/google/gson/extras;examples;IN_ACCESS,IN_ISDIR
2026-09-04T07:38:58.712635Z;/home/runner/work/gson/gson/extras/src/main/java/com/google/gson/extras/examples;;IN_ACCESS,IN_ISDIR
2026-09-04T07:38:58.713054Z;/home/runner/work/gson/gson/extras/src/main/java/com/google/gson/extras;examples;IN_ACCESS,IN_ISDIR
2026-09-04T07:38:58.713350Z;/home/runner/work/gson/gson/extras/src/main/java/com/google/gson/extras/examples;;IN_ACCESS,IN_ISDIR
2026-09-04T07:38:58.715301Z;/home/runner/work/gson/gson/extras/src/main/java/com/google/gson/extras/examples;rawcollections;IN_ACCESS,IN_ISDIR
2026-09-04T07:38:58.715789Z;/home/runner/work/gson/gson/extras/src/main/java/com/google/gson/extras/examples/rawcollections;;IN_ACCESS,IN_ISDIR
2026-09-04T07:38:58.716193Z;/home/runner/work/gson/gson/extras/src/main/java/com/google/gson/extras/examples;rawcollections;IN_ACCESS,IN_ISDIR
2026-09-04T07:38:58.716546Z;/home/runner/work/gson/gson/extras/src/main/java/com/google/gson/extras/examples/rawcollections;;IN_ACCESS,IN_ISDIR
2026-09-04T07:38:58.716863Z;/home/runner/work/gson/gson/extras/src/main/java/com/google/gson;interceptors;IN_ACCESS,IN_ISDIR
2026-09-04T07:38:58.717179Z;/home/runner/work/gson/gson/extras/src/main/java/com/google/gson/interceptors;;IN_ACCESS,IN_ISDIR
2026-09-04T07:38:58.717541Z;/home/runner/work/gson/gson/extras/src/main/java/com/google/gson;interceptors;IN_ACCESS,IN_ISDIR
2026-09-04T07:38:58.717894Z;/home/runner/work/gson/gson/extras/src/main/java/com/google/gson/interceptors;;IN_ACCESS,IN_ISDIR
2026-09-04T07:38:58.718276Z;/home/runner/work/gson/gson/extras/src;test;IN_ACCESS,IN_ISDIR
2026-09-04T07:38:58.718640Z;/home/runner/work/gson/gson/extras/src/test;;IN_ACCESS,IN_ISDIR
2026-09-04T07:38:58.719017Z;/home/runner/work/gson/gson/extras/src;test;IN_ACCESS,IN_ISDIR
2026-09-04T07:38:58.719346Z;/home/runner/work/gson/gson/extras/src/test;;IN_ACCESS,IN_ISDIR
2026-09-04T07:38:58.719673Z;/home/runner/work/gson/gson/extras/src/test;java;IN_ACCESS,IN_ISDIR
2026-09-04T07:38:58.719992Z;/home/runner/work/gson/gson/extras/src/test/java;;IN_ACCESS,IN_ISDIR
2026-09-04T07:38:58.720300Z;/home/runner/work/gson/gson/extras/src/test;java;IN_ACCESS,IN_ISDIR
2026-09-04T07:38:58.721086Z;/home/runner/work/gson/gson/extras/src/test/java;;IN_ACCESS,IN_ISDIR
2026-09-04T07:38:58.721427Z;/home/runner/work/gson/gson/extras/src/test/java;com;IN_ACCESS,IN_ISDIR
2026-09-04T07:38:58.721741Z;/home/runner/work/gson/gson/extras/src/test/java/com;;IN_ACCESS,IN_ISDIR
2026-09-04T07:38:58.722063Z;/home/runner/work/gson/gson/extras/src/test/java;com;IN_ACCESS,IN_ISDIR
2026-09-04T07:38:58.723008Z;/home/runner/work/gson/gson/extras/src/test/java/com;;IN_ACCESS,IN_ISDIR
2026-09-04T07:38:58.723345Z;/home/runner/work/gson/gson/extras/src/test/java/com;google;IN_ACCESS,IN_ISDIR
2026-09-04T07:38:58.723679Z;/home/runner/work/gson/gson/extras/src/test/java/com/google;;IN_ACCESS,IN_ISDIR
2026-09-04T07:38:58.724016Z;/home/runner/work/gson/gson/extras/src/test/java/com;google;IN_ACCESS,IN_ISDIR
2026-09-04T07:38:58.724337Z;/home/runner/work/gson/gson/extras/src/test/java/com/google;;IN_ACCESS,IN_ISDIR
2026-09-04T07:38:58.724686Z;/home/runner/work/gson/gson/extras/src/test/java/com/google;gson;IN_ACCESS,IN_ISDIR
2026-09-04T07:38:58.725052Z;/home/runner/work/gson/gson/extras/src/test/java/com/google/gson;;IN_ACCESS,IN_ISDIR
2026-09-04T07:38:58.725420Z;/home/runner/work/gson/gson/extras/src/test/java/com/google;gson;IN_ACCESS,IN_ISDIR
2026-09-04T07:38:58.725756Z;/home/runner/work/gson/gson/extras/src/test/java/com/google/gson;;IN_ACCESS,IN_ISDIR
2026-09-04T07:38:58.726239Z;/home/runner/work/gson/gson/extras/src/test/java/com/google/gson;typeadapters;IN_ACCESS,IN_ISDIR
2026-09-04T07:38:58.727149Z;/home/runner/work/gson/gson/extras/src/test/java/com/google/gson/typeadapters;;IN_ACCESS,IN_ISDIR
2026-09-04T07:38:58.727986Z;/home/runner/work/gson/gson/extras/src/test/java/com/google/gson;typeadapters;IN_ACCESS,IN_ISDIR
2026-09-04T07:38:58.728313Z;/home/runner/work/gson/gson/extras/src/test/java/com/google/gson/typeadapters;;IN_ACCESS,IN_ISDIR
2026-09-04T07:38:58.728642Z;/home/runner/work/gson/gson/extras/src/test/java/com/google/gson;interceptors;IN_ACCESS,IN_ISDIR
2026-09-04T07:38:58.729082Z;/home/runner/work/gson/gson/extras/src/test/java/com/google/gson/interceptors;;IN_ACCESS,IN_ISDIR
2026-09-04T07:38:58.729485Z;/home/runner/work/gson/gson/extras/src/test/java/com/google/gson;interceptors;IN_ACCESS,IN_ISDIR
2026-09-04T07:38:58.729820Z;/home/runner/work/gson/gson/extras/src/test/java/com/google/gson/interceptors;;IN_ACCESS,IN_ISDIR
2026-09-04T07:38:58.730134Z;/home/runner/work/gson/gson/.git;HEAD;IN_ACCESS
2026-09-04T07:38:58.730454Z;/home/runner/work/gson/gson/.git;config;IN_ACCESS
2026-09-04T07:38:58.730817Z;/home/runner/work/gson/gson;extras;IN_ACCESS,IN_ISDIR
2026-09-04T07:38:58.731313Z;/home/runner/work/gson/gson/extras;;IN_ACCESS,IN_ISDIR
2026-09-04T07:38:58.731608Z;/home/runner/work/gson/gson;extras;IN_ACCESS,IN_ISDIR
2026-09-04T07:38:58.731946Z;/home/runner/work/gson/gson/extras;;IN_ACCESS,IN_ISDIR
2026-09-04T07:38:58.732287Z;/home/runner/work/gson/gson/extras;pom.xml;IN_ACCESS
2026-09-04T07:38:58.732635Z;/home/runner/work/gson/gson/extras;README.md;IN_ACCESS
2026-09-04T07:38:58.732966Z;/home/runner/work/gson/gson;extras;IN_ACCESS,IN_ISDIR
2026-09-04T07:38:58.733286Z;/home/runner/work/gson/gson/extras;;IN_ACCESS,IN_ISDIR
2026-09-04T07:38:58.733611Z;/home/runner/work/gson/gson;extras;IN_ACCESS,IN_ISDIR
2026-09-04T07:38:58.733936Z;/home/runner/work/gson/gson/extras;;IN_ACCESS,IN_ISDIR
2026-09-04T07:38:58.734258Z;/home/runner/work/gson/gson/extras;src;IN_ACCESS,IN_ISDIR
2026-09-04T07:38:58.734577Z;/home/runner/work/gson/gson/extras/src;;IN_ACCESS,IN_ISDIR
2026-09-04T07:38:58.734900Z;/home/runner/work/gson/gson/extras;src;IN_ACCESS,IN_ISDIR
2026-09-04T07:38:58.735217Z;/home/runner/work/gson/gson/extras/src;;IN_ACCESS,IN_ISDIR
2026-09-04T07:38:58.735529Z;/home/runner/work/gson/gson/extras/src;main;IN_ACCESS,IN_ISDIR
2026-09-04T07:38:58.735848Z;/home/runner/work/gson/gson/extras/src/main;;IN_ACCESS,IN_ISDIR
2026-09-04T07:38:58.736167Z;/home/runner/work/gson/gson/extras/src;main;IN_ACCESS,IN_ISDIR
2026-09-04T07:38:58.736486Z;/home/runner/work/gson/gson/extras/src/main;;IN_ACCESS,IN_ISDIR
2026-09-04T07:38:58.736811Z;/home/runner/work/gson/gson/extras/src/main;java;IN_ACCESS,IN_ISDIR
2026-09-04T07:38:58.737131Z;/home/runner/work/gson/gson/extras/src/main/java;;IN_ACCESS,IN_ISDIR
2026-09-04T07:38:58.737446Z;/home/runner/work/gson/gson/extras/src/main;java;IN_ACCESS,IN_ISDIR
2026-09-04T07:38:58.737767Z;/home/runner/work/gson/gson/extras/src/main/java;;IN_ACCESS,IN_ISDIR
2026-09-04T07:38:58.738090Z;/home/runner/work/gson/gson/extras/src/main/java;com;IN_ACCESS,IN_ISDIR
2026-09-04T07:38:58.738406Z;/home/runner/work/gson/gson/extras/src/main/java/com;;IN_ACCESS,IN_ISDIR
2026-09-04T07:38:58.738724Z;/home/runner/work/gson/gson/extras/src/main/java;com;IN_ACCESS,IN_ISDIR
2026-09-04T07:38:58.739076Z;/home/runner/work/gson/gson/extras/src/main/java/com;;IN_ACCESS,IN_ISDIR
2026-09-04T07:38:58.739414Z;/home/runner/work/gson/gson/extras/src/main/java/com;google;IN_ACCESS,IN_ISDIR
2026-09-04T07:38:58.739732Z;/home/runner/work/gson/gson/extras/src/main/java/com/google;;IN_ACCESS,IN_ISDIR
2026-09-04T07:38:58.740053Z;/home/runner/work/gson/gson/extras/src/main/java/com;google;IN_ACCESS,IN_ISDIR
2026-09-04T07:38:58.740372Z;/home/runner/work/gson/gson/extras/src/main/java/com/google;;IN_ACCESS,IN_ISDIR
2026-09-04T07:38:58.740710Z;/home/runner/work/gson/gson/extras/src/main/java/com/google;gson;IN_ACCESS,IN_ISDIR
2026-09-04T07:38:58.741027Z;/home/runner/work/gson/gson/extras/src/main/java/com/google/gson;;IN_ACCESS,IN_ISDIR
2026-09-04T07:38:58.741342Z;/home/runner/work/gson/gson/extras/src/main/java/com/google;gson;IN_ACCESS,IN_ISDIR
2026-09-04T07:38:58.741665Z;/home/runner/work/gson/gson/extras/src/main/java/com/google/gson;;IN_ACCESS,IN_ISDIR
2026-09-04T07:38:58.741992Z;/home/runner/work/gson/gson/extras/src/main/java/com/google/gson;typeadapters;IN_ACCESS,IN_ISDIR
2026-09-04T07:38:58.742314Z;/home/runner/work/gson/gson/extras/src/main/java/com/google/gson/typeadapters;;IN_ACCESS,IN_ISDIR
2026-09-04T07:38:58.742638Z;/home/runner/work/gson/gson/extras/src/main/java/com/google/gson;typeadapters;IN_ACCESS,IN_ISDIR
2026-09-04T07:38:58.743076Z;/home/runner/work/gson/gson/extras/src/main/java/com/google/gson/typeadapters;;IN_ACCESS,IN_ISDIR
2026-09-04T07:38:58.743380Z;/home/runner/work/gson/gson/extras/src/main/java/com/google/gson;extras;IN_ACCESS,IN_ISDIR
2026-09-04T07:38:58.743711Z;/home/runner/work/gson/gson/extras/src/main/java/com/google/gson/extras;;IN_ACCESS,IN_ISDIR
2026-09-04T07:38:58.744020Z;/home/runner/work/gson/gson/extras/src/main/java/com/google/gson;extras;IN_ACCESS,IN_ISDIR
2026-09-04T07:38:58.744321Z;/home/runner/work/gson/gson/extras/src/main/java/com/google/gson/extras;;IN_ACCESS,IN_ISDIR
2026-09-04T07:38:58.744682Z;/home/runner/work/gson/gson/extras/src/main/java/com/google/gson/extras;examples;IN_ACCESS,IN_ISDIR
2026-09-04T07:38:58.745001Z;/home/runner/work/gson/gson/extras/src/main/java/com/google/gson/extras/examples;;IN_ACCESS,IN_ISDIR
2026-09-04T07:38:58.745375Z;/home/runner/work/gson/gson/extras/src/main/java/com/google/gson/extras;examples;IN_ACCESS,IN_ISDIR
2026-09-04T07:38:58.745716Z;/home/runner/work/gson/gson/extras/src/main/java/com/google/gson/extras/examples;;IN_ACCESS,IN_ISDIR
2026-09-04T07:38:58.746037Z;/home/runner/work/gson/gson/extras/src/main/java/com/google/gson/extras/examples;rawcollections;IN_ACCESS,IN_ISDIR
2026-09-04T07:38:58.746355Z;/home/runner/work/gson/gson/extras/src/main/java/com/google/gson/extras/examples/rawcollections;;IN_ACCESS,IN_ISDIR
2026-09-04T07:38:58.746658Z;/home/runner/work/gson/gson/extras/src/main/java/com/google/gson/extras/examples;rawcollections;IN_ACCESS,IN_ISDIR
2026-09-04T07:38:58.746957Z;/home/runner/work/gson/gson/extras/src/main/java/com/google/gson/extras/examples/rawcollections;;IN_ACCESS,IN_ISDIR
2026-09-04T07:38:58.747255Z;/home/runner/work/gson/gson/extras/src/main/java/com/google/gson;interceptors;IN_ACCESS,IN_ISDIR
2026-09-04T07:38:58.747555Z;/home/runner/work/gson/gson/extras/src/main/java/com/google/gson/interceptors;;IN_ACCESS,IN_ISDIR
2026-09-04T07:38:58.747918Z;/home/runner/work/gson/gson/extras/src/main/java/com/google/gson;interceptors;IN_ACCESS,IN_ISDIR
2026-09-04T07:38:58.748251Z;/home/runner/work/gson/gson/extras/src/main/java/com/google/gson/interceptors;;IN_ACCESS,IN_ISDIR
2026-09-04T07:38:58.748573Z;/home/runner/work/gson/gson/extras/src;test;IN_ACCESS,IN_ISDIR
2026-09-04T07:38:58.748884Z;/home/runner/work/gson/gson/extras/src/test;;IN_ACCESS,IN_ISDIR
2026-09-04T07:38:58.749191Z;/home/runner/work/gson/gson/extras/src;test;IN_ACCESS,IN_ISDIR
2026-09-04T07:38:58.749505Z;/home/runner/work/gson/gson/extras/src/test;;IN_ACCESS,IN_ISDIR
2026-09-04T07:38:58.749820Z;/home/runner/work/gson/gson/extras/src/test;java;IN_ACCESS,IN_ISDIR
2026-09-04T07:38:58.750135Z;/home/runner/work/gson/gson/extras/src/test/java;;IN_ACCESS,IN_ISDIR
2026-09-04T07:38:58.750447Z;/home/runner/work/gson/gson/extras/src/test;java;IN_ACCESS,IN_ISDIR
2026-09-04T07:38:58.750765Z;/home/runner/work/gson/gson/extras/src/test/java;;IN_ACCESS,IN_ISDIR
2026-09-04T07:38:58.751075Z;/home/runner/work/gson/gson/extras/src/test/java;com;IN_ACCESS,IN_ISDIR
2026-09-04T07:38:58.751383Z;/home/runner/work/gson/gson/extras/src/test/java/com;;IN_ACCESS,IN_ISDIR
2026-09-04T07:38:58.751698Z;/home/runner/work/gson/gson/extras/src/test/java;com;IN_ACCESS,IN_ISDIR
2026-09-04T07:38:58.752033Z;/home/runner/work/gson/gson/extras/src/test/java/com;;IN_ACCESS,IN_ISDIR
2026-09-04T07:38:58.752360Z;/home/runner/work/gson/gson/extras/src/test/java/com;google;IN_ACCESS,IN_ISDIR
2026-09-04T07:38:58.752680Z;/home/runner/work/gson/gson/extras/src/test/java/com/google;;IN_ACCESS,IN_ISDIR
2026-09-04T07:38:58.753027Z;/home/runner/work/gson/gson/extras/src/test/java/com;google;IN_ACCESS,IN_ISDIR
2026-09-04T07:38:58.753351Z;/home/runner/work/gson/gson/extras/src/test/java/com/google;;IN_ACCESS,IN_ISDIR
2026-09-04T07:38:58.753673Z;/home/runner/work/gson/gson/extras/src/test/java/com/google;gson;IN_ACCESS,IN_ISDIR
2026-09-04T07:38:58.753989Z;/home/runner/work/gson/gson/extras/src/test/java/com/google/gson;;IN_ACCESS,IN_ISDIR
2026-09-04T07:38:58.754304Z;/home/runner/work/gson/gson/extras/src/test/java/com/google;gson;IN_ACCESS,IN_ISDIR
2026-09-04T07:38:58.754746Z;/home/runner/work/gson/gson/extras/src/test/java/com/google/gson;;IN_ACCESS,IN_ISDIR
2026-09-04T07:38:58.755060Z;/home/runner/work/gson/gson/extras/src/test/java/com/google/gson;typeadapters;IN_ACCESS,IN_ISDIR
2026-09-04T07:38:58.755421Z;/home/runner/work/gson/gson/extras/src/test/java/com/google/gson/typeadapters;;IN_ACCESS,IN_ISDIR
2026-09-04T07:38:58.755980Z;/home/runner/work/gson/gson/extras/src/test/java/com/google/gson;typeadapters;IN_ACCESS,IN_ISDIR
2026-09-04T07:38:58.756284Z;/home/runner/work/gson/gson/extras/src/test/java/com/google/gson/typeadapters;;IN_ACCESS,IN_ISDIR
2026-09-04T07:38:58.756850Z;/home/runner/work/gson/gson/extras/src/test/java/com/google/gson;interceptors;IN_ACCESS,IN_ISDIR
2026-09-04T07:38:58.757170Z;/home/runner/work/gson/gson/extras/src/test/java/com/google/gson/interceptors;;IN_ACCESS,IN_ISDIR
2026-09-04T07:38:58.757480Z;/home/runner/work/gson/gson/extras/src/test/java/com/google/gson;interceptors;IN_ACCESS,IN_ISDIR
2026-09-04T07:38:58.757807Z;/home/runner/work/gson/gson/extras/src/test/java/com/google/gson/interceptors;;IN_ACCESS,IN_ISDIR
2026-09-04T07:38:58.758124Z;/home/runner/work/gson/gson/extras/src/main/java/com/google/gson/typeadapters;PostConstructAdapterFactory.java;IN_ACCESS
2026-09-04T07:38:58.878682Z;/home/runner/work/gson/gson/extras/src/main/java/com/google/gson/typeadapters;UtcDateTypeAdapter.java;IN_ACCESS
2026-09-04T07:38:59.009599Z;/home/runner/work/gson/gson/extras/src/main/java/com/google/gson/typeadapters;RuntimeTypeAdapterFactory.java;IN_ACCESS
2026-09-04T07:38:59.074445Z;/home/runner/work/gson/gson/extras/src/main/java/com/google/gson/extras/examples/rawcollections;RawCollectionsExample.java;IN_ACCESS
2026-09-04T07:38:59.083774Z;/home/runner/work/gson/gson/extras/src/main/java/com/google/gson/interceptors;JsonPostDeserializer.java;IN_ACCESS
2026-09-04T07:38:59.087222Z;/home/runner/work/gson/gson/extras/src/main/java/com/google/gson/interceptors;InterceptorFactory.java;IN_ACCESS
2026-09-04T07:38:59.095285Z;/home/runner/work/gson/gson/extras/src/main/java/com/google/gson/interceptors;Intercept.java;IN_ACCESS
2026-09-04T07:38:59.099823Z;/home/runner/work/gson/gson/extras/src/test/java/com/google/gson/typeadapters;RuntimeTypeAdapterFactoryTest.java;IN_ACCESS
2026-09-04T07:38:59.128034Z;/home/runner/work/gson/gson/extras/src/test/java/com/google/gson/typeadapters;UtcDateTypeAdapterTest.java;IN_ACCESS
2026-09-04T07:38:59.140421Z;/home/runner/work/gson/gson/extras/src/test/java/com/google/gson/typeadapters;PostConstructAdapterFactoryTest.java;IN_ACCESS
2026-09-04T07:38:59.153689Z;/home/runner/work/gson/gson/extras/src/test/java/com/google/gson/interceptors;InterceptorTest.java;IN_ACCESS
2026-09-04T07:38:59.178698Z;/home/runner/work/gson/gson/extras/target;spotless-index;IN_CREATE
2026-09-04T07:38:59.338805Z;/home/runner/work/gson/gson/extras;pom.xml;IN_ACCESS
2026-09-04T07:38:59.339346Z;/home/runner/work/gson/gson/extras/target;gson-extras-2.14.1-SNAPSHOT.jar;IN_ACCESS
2026-09-04T07:38:59.339720Z;/home/runner/work/gson/gson/extras/target;gson-extras-2.14.1-SNAPSHOT.jar;IN_ACCESS
2026-09-04T07:38:59.808204Z;/home/runner/work/gson/gson/proto;target;IN_CREATE,IN_ISDIR
2026-09-04T07:38:59.809790Z;/home/runner/work/gson/gson/proto;target;IN_ACCESS,IN_ISDIR
2026-09-04T07:38:59.810317Z;/home/runner/work/gson/gson/proto/src/main;java;IN_ACCESS,IN_ISDIR
2026-09-04T07:38:59.810999Z;/home/runner/work/gson/gson/proto/src/main/java;;IN_ACCESS,IN_ISDIR
2026-09-04T07:38:59.811391Z;/home/runner/work/gson/gson/proto/src/main;java;IN_ACCESS,IN_ISDIR
2026-09-04T07:38:59.811858Z;/home/runner/work/gson/gson/proto/src/main/java;;IN_ACCESS,IN_ISDIR
2026-09-04T07:38:59.812179Z;/home/runner/work/gson/gson/proto/src/main/java;com;IN_ACCESS,IN_ISDIR
2026-09-04T07:38:59.812491Z;/home/runner/work/gson/gson/proto/src/main/java/com;;IN_ACCESS,IN_ISDIR
2026-09-04T07:38:59.812830Z;/home/runner/work/gson/gson/proto/src/main/java;com;IN_ACCESS,IN_ISDIR
2026-09-04T07:38:59.813192Z;/home/runner/work/gson/gson/proto/src/main/java/com;;IN_ACCESS,IN_ISDIR
2026-09-04T07:38:59.813641Z;/home/runner/work/gson/gson/proto/src/main/java/com;google;IN_ACCESS,IN_ISDIR
2026-09-04T07:38:59.814713Z;/home/runner/work/gson/gson/proto/src/main/java/com/google;;IN_ACCESS,IN_ISDIR
2026-09-04T07:38:59.815077Z;/home/runner/work/gson/gson/proto/src/main/java/com;google;IN_ACCESS,IN_ISDIR
2026-09-04T07:38:59.815420Z;/home/runner/work/gson/gson/proto/src/main/java/com/google;;IN_ACCESS,IN_ISDIR
2026-09-04T07:38:59.815772Z;/home/runner/work/gson/gson/proto/src/main/java/com/google;gson;IN_ACCESS,IN_ISDIR
2026-09-04T07:38:59.816104Z;/home/runner/work/gson/gson/proto/src/main/java/com/google/gson;;IN_ACCESS,IN_ISDIR
2026-09-04T07:38:59.816458Z;/home/runner/work/gson/gson/proto/src/main/java/com/google;gson;IN_ACCESS,IN_ISDIR
2026-09-04T07:38:59.816838Z;/home/runner/work/gson/gson/proto/src/main/java/com/google/gson;;IN_ACCESS,IN_ISDIR
2026-09-04T07:38:59.817237Z;/home/runner/work/gson/gson/proto/src/main/java/com/google/gson;protobuf;IN_ACCESS,IN_ISDIR
2026-09-04T07:38:59.817568Z;/home/runner/work/gson/gson/proto/src/main/java/com/google/gson/protobuf;;IN_ACCESS,IN_ISDIR
2026-09-04T07:38:59.817897Z;/home/runner/work/gson/gson/proto/src/main/java/com/google/gson;protobuf;IN_ACCESS,IN_ISDIR
2026-09-04T07:38:59.818242Z;/home/runner/work/gson/gson/proto/src/main/java/com/google/gson/protobuf;;IN_ACCESS,IN_ISDIR
2026-09-04T07:38:59.818568Z;/home/runner/work/gson/gson/proto/src/main;java;IN_ACCESS,IN_ISDIR
2026-09-04T07:38:59.818922Z;/home/runner/work/gson/gson/proto/src/main/java;;IN_ACCESS,IN_ISDIR
2026-09-04T07:38:59.819208Z;/home/runner/work/gson/gson/proto/src/main;java;IN_ACCESS,IN_ISDIR
2026-09-04T07:38:59.820667Z;/home/runner/work/gson/gson/proto/src/main/java;;IN_ACCESS,IN_ISDIR
2026-09-04T07:38:59.821194Z;/home/runner/work/gson/gson/proto/src/main/java;com;IN_ACCESS,IN_ISDIR
2026-09-04T07:38:59.821642Z;/home/runner/work/gson/gson/proto/src/main/java/com;;IN_ACCESS,IN_ISDIR
2026-09-04T07:38:59.822034Z;/home/runner/work/gson/gson/proto/src/main/java;com;IN_ACCESS,IN_ISDIR
2026-09-04T07:38:59.822350Z;/home/runner/work/gson/gson/proto/src/main/java/com;;IN_ACCESS,IN_ISDIR
2026-09-04T07:38:59.822692Z;/home/runner/work/gson/gson/proto/src/main/java/com;google;IN_ACCESS,IN_ISDIR
2026-09-04T07:38:59.822999Z;/home/runner/work/gson/gson/proto/src/main/java/com/google;;IN_ACCESS,IN_ISDIR
2026-09-04T07:38:59.823310Z;/home/runner/work/gson/gson/proto/src/main/java/com;google;IN_ACCESS,IN_ISDIR
2026-09-04T07:38:59.823629Z;/home/runner/work/gson/gson/proto/src/main/java/com/google;;IN_ACCESS,IN_ISDIR
2026-09-04T07:38:59.823990Z;/home/runner/work/gson/gson/proto/src/main/java/com/google;gson;IN_ACCESS,IN_ISDIR
2026-09-04T07:38:59.824326Z;/home/runner/work/gson/gson/proto/src/main/java/com/google/gson;;IN_ACCESS,IN_ISDIR
2026-09-04T07:38:59.826611Z;/home/runner/work/gson/gson/proto/src/main/java/com/google;gson;IN_ACCESS,IN_ISDIR
2026-09-04T07:38:59.826968Z;/home/runner/work/gson/gson/proto/src/main/java/com/google/gson;;IN_ACCESS,IN_ISDIR
2026-09-04T07:38:59.827318Z;/home/runner/work/gson/gson/proto/src/main/java/com/google/gson;protobuf;IN_ACCESS,IN_ISDIR
2026-09-04T07:38:59.827639Z;/home/runner/work/gson/gson/proto/src/main/java/com/google/gson/protobuf;;IN_ACCESS,IN_ISDIR
2026-09-04T07:38:59.827971Z;/home/runner/work/gson/gson/proto/src/main/java/com/google/gson;protobuf;IN_ACCESS,IN_ISDIR
2026-09-04T07:38:59.828289Z;/home/runner/work/gson/gson/proto/src/main/java/com/google/gson/protobuf;;IN_ACCESS,IN_ISDIR
2026-09-04T07:38:59.828820Z;/home/runner/work/gson/gson/proto/target;maven-status;IN_CREATE,IN_ISDIR
2026-09-04T07:38:59.829185Z;/home/runner/work/gson/gson/proto/target/generated-sources;annotations;IN_ACCESS,IN_ISDIR
2026-09-04T07:38:59.830830Z;/home/runner/work/gson/gson/proto/target/generated-sources/annotations;;IN_ACCESS,IN_ISDIR
2026-09-04T07:38:59.831172Z;/home/runner/work/gson/gson/proto/target/generated-sources;annotations;IN_ACCESS,IN_ISDIR
2026-09-04T07:38:59.831515Z;/home/runner/work/gson/gson/proto/target/generated-sources/annotations;;IN_ACCESS,IN_ISDIR
2026-09-04T07:38:59.832598Z;/home/runner/work/gson/gson/proto/target/generated-sources/annotations;;IN_IGNORED
2026-09-04T07:38:59.833185Z;/home/runner/work/gson/gson/proto/target/generated-sources;annotations;IN_DELETE,IN_ISDIR
2026-09-04T07:38:59.833645Z;/home/runner/work/gson/gson/proto/target/generated-sources;annotations;IN_CREATE,IN_ISDIR
2026-09-04T07:38:59.834071Z;/home/runner/work/gson/gson/proto/target;classes;IN_CREATE,IN_ISDIR
2026-09-04T07:38:59.834484Z;/home/runner/work/gson/gson/gson/target;gson-2.14.1-SNAPSHOT.jar;IN_ACCESS
2026-09-04T07:38:59.834861Z;/home/runner/work/gson/gson/proto/target;maven-status;IN_ACCESS,IN_ISDIR
2026-09-04T07:38:59.835276Z;/home/runner/work/gson/gson/gson/target;gson-2.14.1-SNAPSHOT.jar;IN_ACCESS
2026-09-04T07:38:59.836136Z;/home/runner/work/gson/gson/proto/src/main/java/com/google/gson/protobuf;LegacyProtoTypeAdapterFactory.java;IN_ACCESS
2026-09-04T07:38:59.836562Z;/home/runner/work/gson/gson/proto/target/generated-sources;annotations;IN_ACCESS,IN_ISDIR
2026-09-04T07:38:59.836928Z;/home/runner/work/gson/gson/proto/target;classes;IN_ACCESS,IN_ISDIR
2026-09-04T07:38:59.837283Z;/home/runner/work/gson/gson/proto/src/main/java/com/google/gson/protobuf;ProtoTypeAdapter.java;IN_ACCESS
2026-09-04T07:38:59.838161Z;/home/runner/work/gson/gson/proto/src/main/java/com/google/gson/protobuf;StructTypeAdapter.java;IN_ACCESS
2026-09-04T07:38:59.840075Z;/home/runner/work/gson/gson/gson/target;gson-2.14.1-SNAPSHOT.jar;IN_ACCESS
2026-09-04T07:38:59.840467Z;/home/runner/work/gson/gson/gson/target;gson-2.14.1-SNAPSHOT.jar;IN_ACCESS
2026-09-04T07:38:59.852741Z;/home/runner/work/gson/gson/proto/src/main/java/com/google/gson;protobuf;IN_ACCESS,IN_ISDIR
2026-09-04T07:38:59.853249Z;/home/runner/work/gson/gson/proto/src/main/java/com/google/gson/protobuf;;IN_ACCESS,IN_ISDIR
2026-09-04T07:38:59.853656Z;/home/runner/work/gson/gson/proto/src/main/java/com/google/gson;protobuf;IN_ACCESS,IN_ISDIR
2026-09-04T07:38:59.854008Z;/home/runner/work/gson/gson/proto/src/main/java/com/google/gson/protobuf;;IN_ACCESS,IN_ISDIR
2026-09-04T07:38:59.857820Z;/home/runner/work/gson/gson/proto/src/main/java/com/google;gson;IN_ACCESS,IN_ISDIR
2026-09-04T07:38:59.858166Z;/home/runner/work/gson/gson/proto/src/main/java/com/google/gson;;IN_ACCESS,IN_ISDIR
2026-09-04T07:38:59.858594Z;/home/runner/work/gson/gson/proto/src/main/java/com/google;gson;IN_ACCESS,IN_ISDIR
2026-09-04T07:38:59.858925Z;/home/runner/work/gson/gson/proto/src/main/java/com/google/gson;;IN_ACCESS,IN_ISDIR
2026-09-04T07:38:59.861195Z;/home/runner/work/gson/gson/proto/src/main/java/com;google;IN_ACCESS,IN_ISDIR
2026-09-04T07:38:59.861581Z;/home/runner/work/gson/gson/proto/src/main/java/com/google;;IN_ACCESS,IN_ISDIR
2026-09-04T07:38:59.861891Z;/home/runner/work/gson/gson/proto/src/main/java/com;google;IN_ACCESS,IN_ISDIR
2026-09-04T07:38:59.862264Z;/home/runner/work/gson/gson/proto/src/main/java/com/google;;IN_ACCESS,IN_ISDIR
2026-09-04T07:38:59.862657Z;/home/runner/work/gson/gson/proto/src/main/java;com;IN_ACCESS,IN_ISDIR
2026-09-04T07:38:59.862999Z;/home/runner/work/gson/gson/proto/src/main/java/com;;IN_ACCESS,IN_ISDIR
2026-09-04T07:38:59.863356Z;/home/runner/work/gson/gson/proto/src/main/java;com;IN_ACCESS,IN_ISDIR
2026-09-04T07:38:59.864688Z;/home/runner/work/gson/gson/proto/src/main/java/com;;IN_ACCESS,IN_ISDIR
2026-09-04T07:38:59.883170Z;/home/runner/work/gson/gson/gson/target;gson-2.14.1-SNAPSHOT.jar;IN_ACCESS
2026-09-04T07:38:59.883664Z;/home/runner/work/gson/gson/gson/target;gson-2.14.1-SNAPSHOT.jar;IN_ACCESS
2026-09-04T07:38:59.884014Z;/home/runner/work/gson/gson/gson/target;gson-2.14.1-SNAPSHOT.jar;IN_ACCESS
2026-09-04T07:38:59.884347Z;/home/runner/work/gson/gson/gson/target;gson-2.14.1-SNAPSHOT.jar;IN_ACCESS
2026-09-04T07:38:59.885648Z;/home/runner/work/gson/gson/gson/target;gson-2.14.1-SNAPSHOT.jar;IN_ACCESS
2026-09-04T07:38:59.887009Z;/home/runner/work/gson/gson/gson/target;gson-2.14.1-SNAPSHOT.jar;IN_ACCESS
2026-09-04T07:38:59.887430Z;/home/runner/work/gson/gson/gson/target;gson-2.14.1-SNAPSHOT.jar;IN_ACCESS
2026-09-04T07:38:59.887769Z;/home/runner/work/gson/gson/gson/target;gson-2.14.1-SNAPSHOT.jar;IN_ACCESS
2026-09-04T07:38:59.919760Z;/home/runner/work/gson/gson/gson/target;gson-2.14.1-SNAPSHOT.jar;IN_ACCESS
2026-09-04T07:38:59.921543Z;/home/runner/work/gson/gson/gson/target;gson-2.14.1-SNAPSHOT.jar;IN_ACCESS
2026-09-04T07:38:59.930900Z;/home/runner/work/gson/gson/gson/target;gson-2.14.1-SNAPSHOT.jar;IN_ACCESS
2026-09-04T07:38:59.940976Z;/home/runner/work/gson/gson/gson/target;gson-2.14.1-SNAPSHOT.jar;IN_ACCESS
2026-09-04T07:38:59.962630Z;/home/runner/work/gson/gson/gson/target;gson-2.14.1-SNAPSHOT.jar;IN_ACCESS
2026-09-04T07:38:59.997456Z;/home/runner/work/gson/gson/proto/target/classes;com;IN_CREATE,IN_ISDIR
2026-09-04T07:38:59.997979Z;/home/runner/work/gson/gson/proto/target/classes;com;IN_ACCESS,IN_ISDIR
2026-09-04T07:39:00.004951Z;/home/runner/work/gson/gson/proto/target/classes/com/google/gson/protobuf;LegacyProtoTypeAdapterFactory$Adapter.class;IN_CREATE
2026-09-04T07:39:00.006289Z;/home/runner/work/gson/gson/proto/target/classes/com/google/gson/protobuf;LegacyProtoTypeAdapterFactory$DynamicAdapter.class;IN_CREATE
2026-09-04T07:39:00.007959Z;/home/runner/work/gson/gson/proto/target/classes/com/google/gson/protobuf;LegacyProtoTypeAdapterFactory$1.class;IN_CREATE
2026-09-04T07:39:00.008368Z;/home/runner/work/gson/gson/proto/target/classes/com/google/gson/protobuf;LegacyProtoTypeAdapterFactory.class;IN_CREATE
2026-09-04T07:39:00.032206Z;/home/runner/work/gson/gson/proto/target/classes/com/google/gson/protobuf;ProtoTypeAdapter$EnumSerialization.class;IN_CREATE
2026-09-04T07:39:00.032683Z;/home/runner/work/gson/gson/proto/target/classes/com/google/gson/protobuf;ProtoTypeAdapter$Builder.class;IN_CREATE
2026-09-04T07:39:00.033044Z;/home/runner/work/gson/gson/proto/target/classes/com/google/gson/protobuf;ProtoTypeAdapter$1.class;IN_CREATE
2026-09-04T07:39:00.034864Z;/home/runner/work/gson/gson/proto/target/classes/com/google/gson/protobuf;ProtoTypeAdapter.class;IN_CREATE
2026-09-04T07:39:00.040149Z;/home/runner/work/gson/gson/proto/target/classes/com/google/gson/protobuf;StructTypeAdapter$1.class;IN_CREATE
2026-09-04T07:39:00.041178Z;/home/runner/work/gson/gson/proto/target/classes/com/google/gson/protobuf;StructTypeAdapter.class;IN_CREATE
2026-09-04T07:39:00.042622Z;/home/runner/work/gson/gson/proto/target;classes;IN_ACCESS,IN_ISDIR
2026-09-04T07:39:00.043168Z;/home/runner/work/gson/gson/proto/target/classes;;IN_ACCESS,IN_ISDIR
2026-09-04T07:39:00.043483Z;/home/runner/work/gson/gson/proto/target;classes;IN_ACCESS,IN_ISDIR
2026-09-04T07:39:00.043804Z;/home/runner/work/gson/gson/proto/target/classes;;IN_ACCESS,IN_ISDIR
2026-09-04T07:39:00.044211Z;/home/runner/work/gson/gson/proto/target/classes;com;IN_ACCESS,IN_ISDIR
2026-09-04T07:39:00.044553Z;/home/runner/work/gson/gson/proto/target/classes/com;;IN_ACCESS,IN_ISDIR
2026-09-04T07:39:00.045381Z;/home/runner/work/gson/gson/proto/target/classes;com;IN_ACCESS,IN_ISDIR
2026-09-04T07:39:00.045712Z;/home/runner/work/gson/gson/proto/target/classes/com;;IN_ACCESS,IN_ISDIR
2026-09-04T07:39:00.046079Z;/home/runner/work/gson/gson/proto/target/classes/com;google;IN_ACCESS,IN_ISDIR
2026-09-04T07:39:00.046389Z;/home/runner/work/gson/gson/proto/target/classes/com/google;;IN_ACCESS,IN_ISDIR
2026-09-04T07:39:00.046712Z;/home/runner/work/gson/gson/proto/target/classes/com;google;IN_ACCESS,IN_ISDIR
2026-09-04T07:39:00.047015Z;/home/runner/work/gson/gson/proto/target/classes/com/google;;IN_ACCESS,IN_ISDIR
2026-09-04T07:39:00.047309Z;/home/runner/work/gson/gson/proto/target/classes/com/google;gson;IN_ACCESS,IN_ISDIR
2026-09-04T07:39:00.047630Z;/home/runner/work/gson/gson/proto/target/classes/com/google/gson;;IN_ACCESS,IN_ISDIR
2026-09-04T07:39:00.047925Z;/home/runner/work/gson/gson/proto/target/classes/com/google;gson;IN_ACCESS,IN_ISDIR
2026-09-04T07:39:00.048214Z;/home/runner/work/gson/gson/proto/target/classes/com/google/gson;;IN_ACCESS,IN_ISDIR
2026-09-04T07:39:00.048500Z;/home/runner/work/gson/gson/proto/target/classes/com/google/gson;protobuf;IN_ACCESS,IN_ISDIR
2026-09-04T07:39:00.048806Z;/home/runner/work/gson/gson/proto/target/classes/com/google/gson/protobuf;;IN_ACCESS,IN_ISDIR
2026-09-04T07:39:00.049239Z;/home/runner/work/gson/gson/proto/target/classes/com/google/gson;protobuf;IN_ACCESS,IN_ISDIR
2026-09-04T07:39:00.049547Z;/home/runner/work/gson/gson/proto/target/classes/com/google/gson/protobuf;;IN_ACCESS,IN_ISDIR
2026-09-04T07:39:00.049877Z;/home/runner/work/gson/gson/proto/target/maven-status/maven-compiler-plugin/compile/default-compile;createdFiles.lst;IN_CREATE
2026-09-04T07:39:00.441442Z;/home/runner/work/gson/gson/proto/target;classes;IN_ACCESS,IN_ISDIR
2026-09-04T07:39:00.442010Z;/home/runner/work/gson/gson/proto/target/classes;;IN_ACCESS,IN_ISDIR
2026-09-04T07:39:00.442634Z;/home/runner/work/gson/gson/proto/target;classes;IN_ACCESS,IN_ISDIR
2026-09-04T07:39:00.445631Z;/home/runner/work/gson/gson/proto/target/classes;;IN_ACCESS,IN_ISDIR
2026-09-04T07:39:00.446046Z;/home/runner/work/gson/gson/proto/target/classes;com;IN_ACCESS,IN_ISDIR
2026-09-04T07:39:00.446469Z;/home/runner/work/gson/gson/proto/target/classes/com;;IN_ACCESS,IN_ISDIR
2026-09-04T07:39:00.446935Z;/home/runner/work/gson/gson/proto/target/classes;com;IN_ACCESS,IN_ISDIR
2026-09-04T07:39:00.447368Z;/home/runner/work/gson/gson/proto/target/classes/com;;IN_ACCESS,IN_ISDIR
2026-09-04T07:39:00.447782Z;/home/runner/work/gson/gson/proto/target/classes/com;google;IN_ACCESS,IN_ISDIR
2026-09-04T07:39:00.448419Z;/home/runner/work/gson/gson/proto/target/classes/com/google;;IN_ACCESS,IN_ISDIR
2026-09-04T07:39:00.449380Z;/home/runner/work/gson/gson/proto/target/classes/com;google;IN_ACCESS,IN_ISDIR
2026-09-04T07:39:00.451813Z;/home/runner/work/gson/gson/proto/target/classes/com/google;;IN_ACCESS,IN_ISDIR
2026-09-04T07:39:00.452192Z;/home/runner/work/gson/gson/proto/target/classes/com/google;gson;IN_ACCESS,IN_ISDIR
2026-09-04T07:39:00.453019Z;/home/runner/work/gson/gson/proto/target/classes/com/google/gson;;IN_ACCESS,IN_ISDIR
2026-09-04T07:39:00.453780Z;/home/runner/work/gson/gson/proto/target/classes/com/google;gson;IN_ACCESS,IN_ISDIR
2026-09-04T07:39:00.454919Z;/home/runner/work/gson/gson/proto/target/classes/com/google/gson;;IN_ACCESS,IN_ISDIR
2026-09-04T07:39:00.455801Z;/home/runner/work/gson/gson/proto/target/classes/com/google/gson;protobuf;IN_ACCESS,IN_ISDIR
2026-09-04T07:39:00.456135Z;/home/runner/work/gson/gson/proto/target/classes/com/google/gson/protobuf;;IN_ACCESS,IN_ISDIR
2026-09-04T07:39:00.457009Z;/home/runner/work/gson/gson/proto/target/classes/com/google/gson;protobuf;IN_ACCESS,IN_ISDIR
2026-09-04T07:39:00.461473Z;/home/runner/work/gson/gson/proto/target/classes/com/google/gson/protobuf;;IN_ACCESS,IN_ISDIR
2026-09-04T07:39:00.462006Z;/home/runner/work/gson/gson/proto/target;maven-archiver;IN_CREATE,IN_ISDIR
2026-09-04T07:39:00.462368Z;/home/runner/work/gson/gson/proto/target;classes;IN_ACCESS,IN_ISDIR
2026-09-04T07:39:00.462752Z;/home/runner/work/gson/gson/proto/target/classes;;IN_ACCESS,IN_ISDIR
2026-09-04T07:39:00.463124Z;/home/runner/work/gson/gson/proto/target;classes;IN_ACCESS,IN_ISDIR
2026-09-04T07:39:00.464646Z;/home/runner/work/gson/gson/proto/target/classes;;IN_ACCESS,IN_ISDIR
2026-09-04T07:39:00.466041Z;/home/runner/work/gson/gson/proto/target/classes;com;IN_ACCESS,IN_ISDIR
2026-09-04T07:39:00.466422Z;/home/runner/work/gson/gson/proto/target/classes/com;;IN_ACCESS,IN_ISDIR
2026-09-04T07:39:00.466772Z;/home/runner/work/gson/gson/proto/target/classes;com;IN_ACCESS,IN_ISDIR
2026-09-04T07:39:00.467101Z;/home/runner/work/gson/gson/proto/target/classes/com;;IN_ACCESS,IN_ISDIR
2026-09-04T07:39:00.467427Z;/home/runner/work/gson/gson/proto/target/classes/com;google;IN_ACCESS,IN_ISDIR
2026-09-04T07:39:00.467748Z;/home/runner/work/gson/gson/proto/target/classes/com/google;;IN_ACCESS,IN_ISDIR
2026-09-04T07:39:00.468065Z;/home/runner/work/gson/gson/proto/target/classes/com;google;IN_ACCESS,IN_ISDIR
2026-09-04T07:39:00.468382Z;/home/runner/work/gson/gson/proto/target/classes/com/google;;IN_ACCESS,IN_ISDIR
2026-09-04T07:39:00.468711Z;/home/runner/work/gson/gson/proto/target/classes/com/google;gson;IN_ACCESS,IN_ISDIR
2026-09-04T07:39:00.469028Z;/home/runner/work/gson/gson/proto/target/classes/com/google/gson;;IN_ACCESS,IN_ISDIR
2026-09-04T07:39:00.470626Z;/home/runner/work/gson/gson/proto/target/classes/com/google;gson;IN_ACCESS,IN_ISDIR
2026-09-04T07:39:00.471000Z;/home/runner/work/gson/gson/proto/target/classes/com/google/gson;;IN_ACCESS,IN_ISDIR
2026-09-04T07:39:00.471345Z;/home/runner/work/gson/gson/proto/target/classes/com/google/gson;protobuf;IN_ACCESS,IN_ISDIR
2026-09-04T07:39:00.471675Z;/home/runner/work/gson/gson/proto/target/classes/com/google/gson/protobuf;;IN_ACCESS,IN_ISDIR
2026-09-04T07:39:00.472003Z;/home/runner/work/gson/gson/proto/target/classes/com/google/gson;protobuf;IN_ACCESS,IN_ISDIR
2026-09-04T07:39:00.472342Z;/home/runner/work/gson/gson/proto/target/classes/com/google/gson/protobuf;;IN_ACCESS,IN_ISDIR
2026-09-04T07:39:00.472655Z;/home/runner/work/gson/gson/proto/target;gson-proto.jar;IN_CREATE
2026-09-04T07:39:00.472990Z;/home/runner/work/gson/gson/proto/target/classes/com/google/gson/protobuf;LegacyProtoTypeAdapterFactory$1.class;IN_ACCESS
2026-09-04T07:39:00.473326Z;/home/runner/work/gson/gson/proto/target/classes/com/google/gson/protobuf;LegacyProtoTypeAdapterFactory$Adapter$1.class;IN_ACCESS
2026-09-04T07:39:00.473632Z;/home/runner/work/gson/gson/proto/target/classes/com/google/gson/protobuf;LegacyProtoTypeAdapterFactory$Adapter.class;IN_ACCESS
2026-09-04T07:39:00.473920Z;/home/runner/work/gson/gson/proto/target/classes/com/google/gson/protobuf;LegacyProtoTypeAdapterFactory.class;IN_ACCESS
2026-09-04T07:39:00.474199Z;/home/runner/work/gson/gson/proto/target/classes/com/google/gson/protobuf;LegacyProtoTypeAdapterFactory$Adapter.class;IN_ACCESS
2026-09-04T07:39:00.477024Z;/home/runner/work/gson/gson/proto/target/classes/com/google/gson/protobuf;ProtoTypeAdapter$1.class;IN_ACCESS
2026-09-04T07:39:00.477344Z;/home/runner/work/gson/gson/proto/target/classes/com/google/gson/protobuf;LegacyProtoTypeAdapterFactory$Adapter.class;IN_ACCESS
2026-09-04T07:39:00.477645Z;/home/runner/work/gson/gson/proto/target/classes/com/google/gson/protobuf;ProtoTypeAdapter$Builder.class;IN_ACCESS
2026-09-04T07:39:00.477963Z;/home/runner/work/gson/gson/proto/target/classes/com/google/gson/protobuf;LegacyProtoTypeAdapterFactory$Adapter.class;IN_ACCESS
2026-09-04T07:39:00.478240Z;/home/runner/work/gson/gson/proto/target/classes/com/google/gson/protobuf;ProtoTypeAdapter$Builder.class;IN_ACCESS
2026-09-04T07:39:00.478591Z;/home/runner/work/gson/gson/proto/target/classes/com/google/gson/protobuf;LegacyProtoTypeAdapterFactory$Adapter.class;IN_ACCESS
2026-09-04T07:39:00.478898Z;/home/runner/work/gson/gson/proto/target/classes/com/google/gson/protobuf;ProtoTypeAdapter$EnumSerialization.class;IN_ACCESS
2026-09-04T07:39:00.479169Z;/home/runner/work/gson/gson/proto/target/classes/com/google/gson/protobuf;ProtoTypeAdapter.class;IN_ACCESS
2026-09-04T07:39:00.479434Z;/home/runner/work/gson/gson/proto/target/classes/com/google/gson/protobuf;StructTypeAdapter$1.class;IN_ACCESS
2026-09-04T07:39:00.479706Z;/home/runner/work/gson/gson/proto/target/classes/com/google/gson/protobuf;ProtoTypeAdapter.class;IN_ACCESS
2026-09-04T07:39:00.479989Z;/home/runner/work/gson/gson/proto/target/classes/com/google/gson/protobuf;StructTypeAdapter.class;IN_ACCESS
2026-09-04T07:39:00.480272Z;/home/runner/work/gson/gson/proto/target/classes/com/google/gson/protobuf;LegacyProtoTypeAdapterFactory$DynamicAdapter.class;IN_ACCESS
2026-09-04T07:39:00.480551Z;/home/runner/work/gson/gson/proto;pom.xml;IN_ACCESS
2026-09-04T07:39:00.480871Z;/home/runner/work/gson/gson;proto;IN_ACCESS,IN_ISDIR
2026-09-04T07:39:00.481153Z;/home/runner/work/gson/gson/proto;;IN_ACCESS,IN_ISDIR
2026-09-04T07:39:00.481415Z;/home/runner/work/gson/gson;proto;IN_ACCESS,IN_ISDIR
2026-09-04T07:39:00.481713Z;/home/runner/work/gson/gson/proto;;IN_ACCESS,IN_ISDIR
2026-09-04T07:39:00.481998Z;/home/runner/work/gson/gson/.git;HEAD;IN_ACCESS
2026-09-04T07:39:00.482285Z;/home/runner/work/gson/gson/.git;config;IN_ACCESS
2026-09-04T07:39:00.482549Z;/home/runner/work/gson/gson/proto/target;maven-archiver;IN_ACCESS,IN_ISDIR
2026-09-04T07:39:00.482834Z;/home/runner/work/gson/gson;proto;IN_ACCESS,IN_ISDIR
2026-09-04T07:39:00.484796Z;/home/runner/work/gson/gson/proto;;IN_ACCESS,IN_ISDIR
2026-09-04T07:39:00.486445Z;/home/runner/work/gson/gson;proto;IN_ACCESS,IN_ISDIR
2026-09-04T07:39:00.486785Z;/home/runner/work/gson/gson/proto;;IN_ACCESS,IN_ISDIR
2026-09-04T07:39:00.487067Z;/home/runner/work/gson/gson/proto;src;IN_ACCESS,IN_ISDIR
2026-09-04T07:39:00.487334Z;/home/runner/work/gson/gson/proto/src;;IN_ACCESS,IN_ISDIR
2026-09-04T07:39:00.487623Z;/home/runner/work/gson/gson/proto;src;IN_ACCESS,IN_ISDIR
2026-09-04T07:39:00.487907Z;/home/runner/work/gson/gson/proto/src;;IN_ACCESS,IN_ISDIR
2026-09-04T07:39:00.488177Z;/home/runner/work/gson/gson/proto/src;main;IN_ACCESS,IN_ISDIR
2026-09-04T07:39:00.488442Z;/home/runner/work/gson/gson/proto/src/main;;IN_ACCESS,IN_ISDIR
2026-09-04T07:39:00.488741Z;/home/runner/work/gson/gson/proto/src;main;IN_ACCESS,IN_ISDIR
2026-09-04T07:39:00.489132Z;/home/runner/work/gson/gson/proto/src/main;;IN_ACCESS,IN_ISDIR
2026-09-04T07:39:00.489545Z;/home/runner/work/gson/gson/proto/src/main;java;IN_ACCESS,IN_ISDIR
2026-09-04T07:39:00.489931Z;/home/runner/work/gson/gson/proto/src/main/java;;IN_ACCESS,IN_ISDIR
2026-09-04T07:39:00.490269Z;/home/runner/work/gson/gson/proto/src/main;java;IN_ACCESS,IN_ISDIR
2026-09-04T07:39:00.490628Z;/home/runner/work/gson/gson/proto/src/main/java;;IN_ACCESS,IN_ISDIR
2026-09-04T07:39:00.490960Z;/home/runner/work/gson/gson/proto/src/main/java;com;IN_ACCESS,IN_ISDIR
2026-09-04T07:39:00.491835Z;/home/runner/work/gson/gson/proto/src/main/java/com;;IN_ACCESS,IN_ISDIR
2026-09-04T07:39:00.492186Z;/home/runner/work/gson/gson/proto/src/main/java;com;IN_ACCESS,IN_ISDIR
2026-09-04T07:39:00.492531Z;/home/runner/work/gson/gson/proto/src/main/java/com;;IN_ACCESS,IN_ISDIR
2026-09-04T07:39:00.492883Z;/home/runner/work/gson/gson/proto/src/main/java/com;google;IN_ACCESS,IN_ISDIR
2026-09-04T07:39:00.493214Z;/home/runner/work/gson/gson/proto/src/main/java/com/google;;IN_ACCESS,IN_ISDIR
2026-09-04T07:39:00.493551Z;/home/runner/work/gson/gson/proto/src/main/java/com;google;IN_ACCESS,IN_ISDIR
2026-09-04T07:39:00.493899Z;/home/runner/work/gson/gson/proto/src/main/java/com/google;;IN_ACCESS,IN_ISDIR
2026-09-04T07:39:00.494220Z;/home/runner/work/gson/gson/proto/src/main/java/com/google;gson;IN_ACCESS,IN_ISDIR
2026-09-04T07:39:00.494541Z;/home/runner/work/gson/gson/proto/src/main/java/com/google/gson;;IN_ACCESS,IN_ISDIR
2026-09-04T07:39:00.494887Z;/home/runner/work/gson/gson/proto/src/main/java/com/google;gson;IN_ACCESS,IN_ISDIR
2026-09-04T07:39:00.495221Z;/home/runner/work/gson/gson/proto/src/main/java/com/google/gson;;IN_ACCESS,IN_ISDIR
2026-09-04T07:39:00.495582Z;/home/runner/work/gson/gson/proto/src/main/java/com/google/gson;protobuf;IN_ACCESS,IN_ISDIR
2026-09-04T07:39:00.495970Z;/home/runner/work/gson/gson/proto/src/main/java/com/google/gson/protobuf;;IN_ACCESS,IN_ISDIR
2026-09-04T07:39:00.496302Z;/home/runner/work/gson/gson/proto/src/main/java/com/google/gson;protobuf;IN_ACCESS,IN_ISDIR
2026-09-04T07:39:00.496638Z;/home/runner/work/gson/gson/proto/src/main/java/com/google/gson/protobuf;;IN_ACCESS,IN_ISDIR
2026-09-04T07:39:00.496977Z;/home/runner/work/gson/gson/proto/src;test;IN_ACCESS,IN_ISDIR
2026-09-04T07:39:00.497305Z;/home/runner/work/gson/gson/proto/src/test;;IN_ACCESS,IN_ISDIR
2026-09-04T07:39:00.497631Z;/home/runner/work/gson/gson/proto/src;test;IN_ACCESS,IN_ISDIR
2026-09-04T07:39:00.497956Z;/home/runner/work/gson/gson/proto/src/test;;IN_ACCESS,IN_ISDIR
2026-09-04T07:39:00.498292Z;/home/runner/work/gson/gson/proto/src/test;java;IN_ACCESS,IN_ISDIR
2026-09-04T07:39:00.498631Z;/home/runner/work/gson/gson/proto/src/test/java;;IN_ACCESS,IN_ISDIR
2026-09-04T07:39:00.498984Z;/home/runner/work/gson/gson/proto/src/test;java;IN_ACCESS,IN_ISDIR
2026-09-04T07:39:00.499331Z;/home/runner/work/gson/gson/proto/src/test/java;;IN_ACCESS,IN_ISDIR
2026-09-04T07:39:00.499693Z;/home/runner/work/gson/gson/proto/src/test/java;com;IN_ACCESS,IN_ISDIR
2026-09-04T07:39:00.500042Z;/home/runner/work/gson/gson/proto/src/test/java/com;;IN_ACCESS,IN_ISDIR
2026-09-04T07:39:00.500385Z;/home/runner/work/gson/gson/proto/src/test/java;com;IN_ACCESS,IN_ISDIR
2026-09-04T07:39:00.501064Z;/home/runner/work/gson/gson/proto/src/test/java/com;;IN_ACCESS,IN_ISDIR
2026-09-04T07:39:00.501445Z;/home/runner/work/gson/gson/proto/src/test/java/com;google;IN_ACCESS,IN_ISDIR
2026-09-04T07:39:00.501835Z;/home/runner/work/gson/gson/proto/src/test/java/com/google;;IN_ACCESS,IN_ISDIR
2026-09-04T07:39:00.502176Z;/home/runner/work/gson/gson/proto/src/test/java/com;google;IN_ACCESS,IN_ISDIR
2026-09-04T07:39:00.502502Z;/home/runner/work/gson/gson/proto/src/test/java/com/google;;IN_ACCESS,IN_ISDIR
2026-09-04T07:39:00.502831Z;/home/runner/work/gson/gson/proto/src/test/java/com/google;gson;IN_ACCESS,IN_ISDIR
2026-09-04T07:39:00.503163Z;/home/runner/work/gson/gson/proto/src/test/java/com/google/gson;;IN_ACCESS,IN_ISDIR
2026-09-04T07:39:00.503489Z;/home/runner/work/gson/gson/proto/src/test/java/com/google;gson;IN_ACCESS,IN_ISDIR
2026-09-04T07:39:00.503834Z;/home/runner/work/gson/gson/proto/src/test/java/com/google/gson;;IN_ACCESS,IN_ISDIR
2026-09-04T07:39:00.504162Z;/home/runner/work/gson/gson/proto/src/test/java/com/google/gson;protobuf;IN_ACCESS,IN_ISDIR
2026-09-04T07:39:00.504492Z;/home/runner/work/gson/gson/proto/src/test/java/com/google/gson/protobuf;;IN_ACCESS,IN_ISDIR
2026-09-04T07:39:00.504852Z;/home/runner/work/gson/gson/proto/src/test/java/com/google/gson;protobuf;IN_ACCESS,IN_ISDIR
2026-09-04T07:39:00.505183Z;/home/runner/work/gson/gson/proto/src/test/java/com/google/gson/protobuf;;IN_ACCESS,IN_ISDIR
2026-09-04T07:39:00.505583Z;/home/runner/work/gson/gson/proto/src/test/java/com/google/gson/protobuf;functional;IN_ACCESS,IN_ISDIR
2026-09-04T07:39:00.505914Z;/home/runner/work/gson/gson/proto/src/test/java/com/google/gson/protobuf/functional;;IN_ACCESS,IN_ISDIR
2026-09-04T07:39:00.506241Z;/home/runner/work/gson/gson/proto/src/test/java/com/google/gson/protobuf;functional;IN_ACCESS,IN_ISDIR
2026-09-04T07:39:00.506569Z;/home/runner/work/gson/gson/proto/src/test/java/com/google/gson/protobuf/functional;;IN_ACCESS,IN_ISDIR
2026-09-04T07:39:00.506890Z;/home/runner/work/gson/gson/.git;HEAD;IN_ACCESS
2026-09-04T07:39:00.507212Z;/home/runner/work/gson/gson/.git;config;IN_ACCESS
2026-09-04T07:39:00.507531Z;/home/runner/work/gson/gson;proto;IN_ACCESS,IN_ISDIR
2026-09-04T07:39:00.507868Z;/home/runner/work/gson/gson/proto;;IN_ACCESS,IN_ISDIR
2026-09-04T07:39:00.508191Z;/home/runner/work/gson/gson;proto;IN_ACCESS,IN_ISDIR
2026-09-04T07:39:00.508494Z;/home/runner/work/gson/gson/proto;;IN_ACCESS,IN_ISDIR
2026-09-04T07:39:00.508793Z;/home/runner/work/gson/gson/proto;pom.xml;IN_ACCESS
2026-09-04T07:39:00.509093Z;/home/runner/work/gson/gson/proto;README.md;IN_ACCESS
2026-09-04T07:39:00.509411Z;/home/runner/work/gson/gson;proto;IN_ACCESS,IN_ISDIR
2026-09-04T07:39:00.509743Z;/home/runner/work/gson/gson/proto;;IN_ACCESS,IN_ISDIR
2026-09-04T07:39:00.510076Z;/home/runner/work/gson/gson;proto;IN_ACCESS,IN_ISDIR
2026-09-04T07:39:00.510413Z;/home/runner/work/gson/gson/proto;;IN_ACCESS,IN_ISDIR
2026-09-04T07:39:00.510754Z;/home/runner/work/gson/gson/proto;src;IN_ACCESS,IN_ISDIR
2026-09-04T07:39:00.511111Z;/home/runner/work/gson/gson/proto/src;;IN_ACCESS,IN_ISDIR
2026-09-04T07:39:00.511444Z;/home/runner/work/gson/gson/proto;src;IN_ACCESS,IN_ISDIR
2026-09-04T07:39:00.511803Z;/home/runner/work/gson/gson/proto/src;;IN_ACCESS,IN_ISDIR
2026-09-04T07:39:00.512135Z;/home/runner/work/gson/gson/proto/src;main;IN_ACCESS,IN_ISDIR
2026-09-04T07:39:00.512518Z;/home/runner/work/gson/gson/proto/src/main;;IN_ACCESS,IN_ISDIR
2026-09-04T07:39:00.512846Z;/home/runner/work/gson/gson/proto/src;main;IN_ACCESS,IN_ISDIR
2026-09-04T07:39:00.513165Z;/home/runner/work/gson/gson/proto/src/main;;IN_ACCESS,IN_ISDIR
2026-09-04T07:39:00.513490Z;/home/runner/work/gson/gson/proto/src/main;java;IN_ACCESS,IN_ISDIR
2026-09-04T07:39:00.513834Z;/home/runner/work/gson/gson/proto/src/main/java;;IN_ACCESS,IN_ISDIR
2026-09-04T07:39:00.514188Z;/home/runner/work/gson/gson/proto/src/main;java;IN_ACCESS,IN_ISDIR
2026-09-04T07:39:00.514539Z;/home/runner/work/gson/gson/proto/src/main/java;;IN_ACCESS,IN_ISDIR
2026-09-04T07:39:00.514866Z;/home/runner/work/gson/gson/proto/src/main/java;com;IN_ACCESS,IN_ISDIR
2026-09-04T07:39:00.515290Z;/home/runner/work/gson/gson/proto/src/main/java/com;;IN_ACCESS,IN_ISDIR
2026-09-04T07:39:00.515644Z;/home/runner/work/gson/gson/proto/src/main/java;com;IN_ACCESS,IN_ISDIR
2026-09-04T07:39:00.515967Z;/home/runner/work/gson/gson/proto/src/main/java/com;;IN_ACCESS,IN_ISDIR
2026-09-04T07:39:00.516274Z;/home/runner/work/gson/gson/proto/src/main/java/com;google;IN_ACCESS,IN_ISDIR
2026-09-04T07:39:00.516793Z;/home/runner/work/gson/gson/proto/src/main/java/com/google;;IN_ACCESS,IN_ISDIR
2026-09-04T07:39:00.517244Z;/home/runner/work/gson/gson/proto/src/main/java/com;google;IN_ACCESS,IN_ISDIR
2026-09-04T07:39:00.517601Z;/home/runner/work/gson/gson/proto/src/main/java/com/google;;IN_ACCESS,IN_ISDIR
2026-09-04T07:39:00.517978Z;/home/runner/work/gson/gson/proto/src/main/java/com/google;gson;IN_ACCESS,IN_ISDIR
2026-09-04T07:39:00.518368Z;/home/runner/work/gson/gson/proto/src/main/java/com/google/gson;;IN_ACCESS,IN_ISDIR
2026-09-04T07:39:00.518743Z;/home/runner/work/gson/gson/proto/src/main/java/com/google;gson;IN_ACCESS,IN_ISDIR
2026-09-04T07:39:00.519157Z;/home/runner/work/gson/gson/proto/src/main/java/com/google/gson;;IN_ACCESS,IN_ISDIR
2026-09-04T07:39:00.519495Z;/home/runner/work/gson/gson/proto/src/main/java/com/google/gson;protobuf;IN_ACCESS,IN_ISDIR
2026-09-04T07:39:00.519838Z;/home/runner/work/gson/gson/proto/src/main/java/com/google/gson/protobuf;;IN_ACCESS,IN_ISDIR
2026-09-04T07:39:00.520183Z;/home/runner/work/gson/gson/proto/src/main/java/com/google/gson;protobuf;IN_ACCESS,IN_ISDIR
2026-09-04T07:39:00.522855Z;/home/runner/work/gson/gson/proto/src/main/java/com/google/gson/protobuf;;IN_ACCESS,IN_ISDIR
2026-09-04T07:39:00.523178Z;/home/runner/work/gson/gson/proto/src;test;IN_ACCESS,IN_ISDIR
2026-09-04T07:39:00.525813Z;/home/runner/work/gson/gson/proto/src/test;;IN_ACCESS,IN_ISDIR
2026-09-04T07:39:00.526123Z;/home/runner/work/gson/gson/proto/src;test;IN_ACCESS,IN_ISDIR
2026-09-04T07:39:00.526429Z;/home/runner/work/gson/gson/proto/src/test;;IN_ACCESS,IN_ISDIR
2026-09-04T07:39:00.526724Z;/home/runner/work/gson/gson/proto/src/test;java;IN_ACCESS,IN_ISDIR
2026-09-04T07:39:00.527026Z;/home/runner/work/gson/gson/proto/src/test/java;;IN_ACCESS,IN_ISDIR
2026-09-04T07:39:00.527338Z;/home/runner/work/gson/gson/proto/src/test;java;IN_ACCESS,IN_ISDIR
2026-09-04T07:39:00.527656Z;/home/runner/work/gson/gson/proto/src/test/java;;IN_ACCESS,IN_ISDIR
2026-09-04T07:39:00.527982Z;/home/runner/work/gson/gson/proto/src/test/java;com;IN_ACCESS,IN_ISDIR
2026-09-04T07:39:00.528288Z;/home/runner/work/gson/gson/proto/src/test/java/com;;IN_ACCESS,IN_ISDIR
2026-09-04T07:39:00.528620Z;/home/runner/work/gson/gson/proto/src/test/java;com;IN_ACCESS,IN_ISDIR
2026-09-04T07:39:00.528928Z;/home/runner/work/gson/gson/proto/src/test/java/com;;IN_ACCESS,IN_ISDIR
2026-09-04T07:39:00.529235Z;/home/runner/work/gson/gson/proto/src/test/java/com;google;IN_ACCESS,IN_ISDIR
2026-09-04T07:39:00.529531Z;/home/runner/work/gson/gson/proto/src/test/java/com/google;;IN_ACCESS,IN_ISDIR
2026-09-04T07:39:00.529857Z;/home/runner/work/gson/gson/proto/src/test/java/com;google;IN_ACCESS,IN_ISDIR
2026-09-04T07:39:00.530167Z;/home/runner/work/gson/gson/proto/src/test/java/com/google;;IN_ACCESS,IN_ISDIR
2026-09-04T07:39:00.530456Z;/home/runner/work/gson/gson/proto/src/test/java/com/google;gson;IN_ACCESS,IN_ISDIR
2026-09-04T07:39:00.530782Z;/home/runner/work/gson/gson/proto/src/test/java/com/google/gson;;IN_ACCESS,IN_ISDIR
2026-09-04T07:39:00.531070Z;/home/runner/work/gson/gson/proto/src/test/java/com/google;gson;IN_ACCESS,IN_ISDIR
2026-09-04T07:39:00.531370Z;/home/runner/work/gson/gson/proto/src/test/java/com/google/gson;;IN_ACCESS,IN_ISDIR
2026-09-04T07:39:00.531691Z;/home/runner/work/gson/gson/proto/src/test/java/com/google/gson;protobuf;IN_ACCESS,IN_ISDIR
2026-09-04T07:39:00.531983Z;/home/runner/work/gson/gson/proto/src/test/java/com/google/gson/protobuf;;IN_ACCESS,IN_ISDIR
2026-09-04T07:39:00.532532Z;/home/runner/work/gson/gson/proto/src/test/java/com/google/gson;protobuf;IN_ACCESS,IN_ISDIR
2026-09-04T07:39:00.533017Z;/home/runner/work/gson/gson/proto/src/test/java/com/google/gson/protobuf;;IN_ACCESS,IN_ISDIR
2026-09-04T07:39:00.533335Z;/home/runner/work/gson/gson/proto/src/test/java/com/google/gson/protobuf;functional;IN_ACCESS,IN_ISDIR
2026-09-04T07:39:00.533825Z;/home/runner/work/gson/gson/proto/src/test/java/com/google/gson/protobuf/functional;;IN_ACCESS,IN_ISDIR
2026-09-04T07:39:00.536321Z;/home/runner/work/gson/gson/proto/src/test/java/com/google/gson/protobuf;functional;IN_ACCESS,IN_ISDIR
2026-09-04T07:39:00.536660Z;/home/runner/work/gson/gson/proto/src/test/java/com/google/gson/protobuf/functional;;IN_ACCESS,IN_ISDIR
2026-09-04T07:39:00.537826Z;/home/runner/work/gson/gson/proto/src/main/java/com/google/gson/protobuf;LegacyProtoTypeAdapterFactory.java;IN_ACCESS
2026-09-04T07:39:00.644075Z;/home/runner/work/gson/gson/proto/src/main/java/com/google/gson/protobuf;StructTypeAdapter.java;IN_ACCESS
2026-09-04T07:39:00.672543Z;/home/runner/work/gson/gson/proto/src/main/java/com/google/gson/protobuf;ProtoTypeAdapter.java;IN_ACCESS
2026-09-04T07:39:00.751102Z;/home/runner/work/gson/gson/proto/src/test/java/com/google/gson/protobuf/functional;ProtosWithAnnotationsTest.java;IN_ACCESS
2026-09-04T07:39:00.786451Z;/home/runner/work/gson/gson/proto/src/test/java/com/google/gson/protobuf/functional;ProtosWithPrimitiveTypesTest.java;IN_ACCESS
2026-09-04T07:39:00.793401Z;/home/runner/work/gson/gson/proto/src/test/java/com/google/gson/protobuf/functional;TestMessages.java;IN_ACCESS
2026-09-04T07:39:00.801530Z;/home/runner/work/gson/gson/proto/src/test/java/com/google/gson/protobuf/functional;LegacyProtoTypeAdapterFactoryTest.java;IN_ACCESS
2026-09-04T07:39:00.886336Z;/home/runner/work/gson/gson/proto/src/test/java/com/google/gson/protobuf/functional;StructTypeAdapterTest.java;IN_ACCESS
2026-09-04T07:39:00.933700Z;/home/runner/work/gson/gson/proto/src/test/java/com/google/gson/protobuf/functional;ProtosWithComplexAndRepeatedFieldsTest.java;IN_ACCESS
2026-09-04T07:39:00.934197Z;/home/runner/work/gson/gson/proto/src/test/java/com/google/gson/protobuf/functional;ProtosWithAnnotationsAndJsonNamesTest.java;IN_ACCESS
2026-09-04T07:39:00.958240Z;/home/runner/work/gson/gson/proto/target;spotless-index;IN_CREATE
2026-09-04T07:39:00.961765Z;/home/runner/work/gson/gson/proto;pom.xml;IN_ACCESS
2026-09-04T07:39:00.962485Z;/home/runner/work/gson/gson/proto/target;gson-proto.jar;IN_ACCESS
2026-09-04T07:39:00.963840Z;/home/runner/work/gson/gson/proto/target;gson-proto.jar;IN_ACCESS
2026-09-04T07:39:01.123868Z;/home/runner/work/gson/gson/.mvn;jvm.config;IN_ACCESS
2026-09-04T07:39:02.382459Z;/home/runner/work/gson/gson;pom.xml;IN_ACCESS
2026-09-04T07:39:02.385593Z;/home/runner/work/gson/gson;pom.xml;IN_ACCESS
2026-09-04T07:39:02.389586Z;/home/runner/work/gson/gson;pom.xml;IN_ACCESS
2026-09-04T07:39:02.390591Z;/home/runner/work/gson/gson;pom.xml;IN_ACCESS
2026-09-04T07:39:02.391812Z;/home/runner/work/gson/gson;pom.xml;IN_ACCESS
2026-09-04T07:39:02.438698Z;/home/runner/work/gson/gson/gson;pom.xml;IN_ACCESS
2026-09-04T07:39:02.439472Z;/home/runner/work/gson/gson/gson;pom.xml;IN_ACCESS
2026-09-04T07:39:02.440399Z;/home/runner/work/gson/gson/gson;pom.xml;IN_ACCESS
2026-09-04T07:39:02.443592Z;/home/runner/work/gson/gson;pom.xml;IN_ACCESS
2026-09-04T07:39:02.444728Z;/home/runner/work/gson/gson;pom.xml;IN_ACCESS
2026-09-04T07:39:02.447852Z;/home/runner/work/gson/gson;pom.xml;IN_ACCESS
2026-09-04T07:39:02.452921Z;/home/runner/work/gson/gson/test-jpms;pom.xml;IN_ACCESS
2026-09-04T07:39:02.456395Z;/home/runner/work/gson/gson/test-graal-native-image;pom.xml;IN_ACCESS
2026-09-04T07:39:02.456775Z;/home/runner/work/gson/gson/test-graal-native-image;pom.xml;IN_ACCESS
2026-09-04T07:39:02.461402Z;/home/runner/work/gson/gson/test-shrinker;pom.xml;IN_ACCESS
2026-09-04T07:39:02.461803Z;/home/runner/work/gson/gson/test-shrinker;pom.xml;IN_ACCESS
2026-09-04T07:39:02.462701Z;/home/runner/work/gson/gson/test-shrinker;pom.xml;IN_ACCESS
2026-09-04T07:39:02.466826Z;/home/runner/work/gson/gson/extras;pom.xml;IN_ACCESS
2026-09-04T07:39:02.470315Z;/home/runner/work/gson/gson/metrics;pom.xml;IN_ACCESS
2026-09-04T07:39:02.473517Z;/home/runner/work/gson/gson/proto;pom.xml;IN_ACCESS
2026-09-04T07:39:02.880471Z;/home/runner/work/gson/gson;target;IN_ACCESS,IN_ISDIR
2026-09-04T07:39:02.881045Z;/home/runner/work/gson/gson/target;;IN_ACCESS,IN_ISDIR
2026-09-04T07:39:02.881370Z;/home/runner/work/gson/gson;target;IN_ACCESS,IN_ISDIR
2026-09-04T07:39:02.881724Z;/home/runner/work/gson/gson/target;;IN_ACCESS,IN_ISDIR
2026-09-04T07:39:02.882288Z;/home/runner/work/gson/gson/target;spotless-index;IN_DELETE
2026-09-04T07:39:02.882628Z;/home/runner/work/gson/gson/target;;IN_IGNORED
2026-09-04T07:39:02.882966Z;/home/runner/work/gson/gson;target;IN_DELETE,IN_ISDIR
2026-09-04T07:39:03.226805Z;/home/runner/work/gson/gson;;IN_ACCESS,IN_ISDIR
2026-09-04T07:39:03.227412Z;/home/runner/work/gson/gson;;IN_ACCESS,IN_ISDIR
2026-09-04T07:39:03.228398Z;/home/runner/work/gson/gson;.github;IN_ACCESS,IN_ISDIR
2026-09-04T07:39:03.229823Z;/home/runner/work/gson/gson/.github;;IN_ACCESS,IN_ISDIR
2026-09-04T07:39:03.230155Z;/home/runner/work/gson/gson;.github;IN_ACCESS,IN_ISDIR
2026-09-04T07:39:03.230457Z;/home/runner/work/gson/gson/.github;;IN_ACCESS,IN_ISDIR
2026-09-04T07:39:03.230800Z;/home/runner/work/gson/gson/.github;workflows;IN_ACCESS,IN_ISDIR
2026-09-04T07:39:03.231098Z;/home/runner/work/gson/gson/.github/workflows;;IN_ACCESS,IN_ISDIR
2026-09-04T07:39:03.231424Z;/home/runner/work/gson/gson/.github;workflows;IN_ACCESS,IN_ISDIR
2026-09-04T07:39:03.231735Z;/home/runner/work/gson/gson/.github/workflows;;IN_ACCESS,IN_ISDIR
2026-09-04T07:39:03.232048Z;/home/runner/work/gson/gson/.github;ISSUE_TEMPLATE;IN_ACCESS,IN_ISDIR
2026-09-04T07:39:03.232320Z;/home/runner/work/gson/gson/.github/ISSUE_TEMPLATE;;IN_ACCESS,IN_ISDIR
2026-09-04T07:39:03.232603Z;/home/runner/work/gson/gson/.github;ISSUE_TEMPLATE;IN_ACCESS,IN_ISDIR
2026-09-04T07:39:03.232918Z;/home/runner/work/gson/gson/.github/ISSUE_TEMPLATE;;IN_ACCESS,IN_ISDIR
2026-09-04T07:39:03.408408Z;/home/runner/work/gson/gson/.git;HEAD;IN_ACCESS
2026-09-04T07:39:03.411163Z;/home/runner/work/gson/gson/.git;config;IN_ACCESS
2026-09-04T07:39:03.434095Z;/home/runner/work/gson/gson;;IN_ACCESS,IN_ISDIR
2026-09-04T07:39:03.434534Z;/home/runner/work/gson/gson;;IN_ACCESS,IN_ISDIR
2026-09-04T07:39:03.473781Z;/home/runner/work/gson/gson;;IN_ACCESS,IN_ISDIR
2026-09-04T07:39:03.474960Z;/home/runner/work/gson/gson;;IN_ACCESS,IN_ISDIR
2026-09-04T07:39:03.475370Z;/home/runner/work/gson/gson;.github;IN_ACCESS,IN_ISDIR
2026-09-04T07:39:03.475718Z;/home/runner/work/gson/gson/.github;;IN_ACCESS,IN_ISDIR
2026-09-04T07:39:03.476050Z;/home/runner/work/gson/gson;.github;IN_ACCESS,IN_ISDIR
2026-09-04T07:39:03.476380Z;/home/runner/work/gson/gson/.github;;IN_ACCESS,IN_ISDIR
2026-09-04T07:39:03.476706Z;/home/runner/work/gson/gson/.github;workflows;IN_ACCESS,IN_ISDIR
2026-09-04T07:39:03.477081Z;/home/runner/work/gson/gson/.github/workflows;;IN_ACCESS,IN_ISDIR
2026-09-04T07:39:03.477416Z;/home/runner/work/gson/gson/.github;workflows;IN_ACCESS,IN_ISDIR
2026-09-04T07:39:03.478125Z;/home/runner/work/gson/gson/.github/workflows;;IN_ACCESS,IN_ISDIR
2026-09-04T07:39:03.478438Z;/home/runner/work/gson/gson/.github;ISSUE_TEMPLATE;IN_ACCESS,IN_ISDIR
2026-09-04T07:39:03.478755Z;/home/runner/work/gson/gson/.github/ISSUE_TEMPLATE;;IN_ACCESS,IN_ISDIR
2026-09-04T07:39:03.479077Z;/home/runner/work/gson/gson/.github;ISSUE_TEMPLATE;IN_ACCESS,IN_ISDIR
2026-09-04T07:39:03.479386Z;/home/runner/work/gson/gson/.github/ISSUE_TEMPLATE;;IN_ACCESS,IN_ISDIR
2026-09-04T07:39:03.479720Z;/home/runner/work/gson/gson;pom.xml;IN_ACCESS
2026-09-04T07:39:03.483151Z;/home/runner/work/gson/gson;GsonDesignDocument.md;IN_ACCESS
2026-09-04T07:39:03.483832Z;/home/runner/work/gson/gson;UserGuide.md;IN_ACCESS
2026-09-04T07:39:03.486174Z;/home/runner/work/gson/gson;ReleaseProcess.md;IN_ACCESS
2026-09-04T07:39:03.487237Z;/home/runner/work/gson/gson;CHANGELOG.md;IN_ACCESS
2026-09-04T07:39:03.496811Z;/home/runner/work/gson/gson;README.md;IN_ACCESS
2026-09-04T07:39:03.497534Z;/home/runner/work/gson/gson;Troubleshooting.md;IN_ACCESS
2026-09-04T07:39:03.499482Z;/home/runner/work/gson/gson/.github/workflows;build.yml;IN_ACCESS
2026-09-04T07:39:03.500462Z;/home/runner/work/gson/gson/.github/workflows;cifuzz.yml;IN_ACCESS
2026-09-04T07:39:03.501838Z;/home/runner/work/gson/gson/.github/workflows;check-android-compatibility.yml;IN_ACCESS
2026-09-04T07:39:03.502157Z;/home/runner/work/gson/gson/.github/workflows;opt-build.yml;IN_ACCESS
2026-09-04T07:39:03.503205Z;/home/runner/work/gson/gson/.github/workflows;scorecard.yml;IN_ACCESS
2026-09-04T07:39:03.503671Z;/home/runner/work/gson/gson/.github/workflows;codeql-analysis.yml;IN_ACCESS
2026-09-04T07:39:03.504115Z;/home/runner/work/gson/gson/.github/workflows;check-api-compatibility.yml;IN_ACCESS
2026-09-04T07:39:03.504787Z;/home/runner/work/gson/gson/.github;dependabot.yml;IN_ACCESS
2026-09-04T07:39:03.505342Z;/home/runner/work/gson/gson/.github/ISSUE_TEMPLATE;config.yml;IN_ACCESS
2026-09-04T07:39:03.506847Z;/home/runner/work/gson/gson;;IN_ACCESS,IN_ISDIR
2026-09-04T07:39:03.507353Z;/home/runner/work/gson/gson;target;IN_CREATE,IN_ISDIR
2026-09-04T07:39:03.507739Z;/home/runner/work/gson/gson;target;IN_ACCESS,IN_ISDIR
2026-09-04T07:39:04.017874Z;/home/runner/work/gson/gson/gson;target;IN_ACCESS,IN_ISDIR
2026-09-04T07:39:04.019455Z;/home/runner/work/gson/gson/gson/target;;IN_ACCESS,IN_ISDIR
2026-09-04T07:39:04.019919Z;/home/runner/work/gson/gson/gson;target;IN_ACCESS,IN_ISDIR
2026-09-04T07:39:04.020343Z;/home/runner/work/gson/gson/gson/target;;IN_ACCESS,IN_ISDIR
2026-09-04T07:39:04.020751Z;/home/runner/work/gson/gson/gson/target;modules;IN_ACCESS,IN_ISDIR
2026-09-04T07:39:04.021235Z;/home/runner/work/gson/gson/gson/target/modules;;IN_ACCESS,IN_ISDIR
2026-09-04T07:39:04.021648Z;/home/runner/work/gson/gson/gson/target;modules;IN_ACCESS,IN_ISDIR
2026-09-04T07:39:04.022045Z;/home/runner/work/gson/gson/gson/target/modules;;IN_ACCESS,IN_ISDIR
2026-09-04T07:39:04.022498Z;/home/runner/work/gson/gson/gson/target/modules;gson-2.14.1-SNAPSHOT.jar;IN_DELETE
2026-09-04T07:39:04.022908Z;/home/runner/work/gson/gson/gson/target/modules;;IN_IGNORED
2026-09-04T07:39:04.023273Z;/home/runner/work/gson/gson/gson/target;modules;IN_DELETE,IN_ISDIR
2026-09-04T07:39:04.023637Z;/home/runner/work/gson/gson/gson/target;maven-status;IN_ACCESS,IN_ISDIR
2026-09-04T07:39:04.024014Z;/home/runner/work/gson/gson/gson/target/maven-status;;IN_ACCESS,IN_ISDIR
2026-09-04T07:39:04.024359Z;/home/runner/work/gson/gson/gson/target;maven-status;IN_ACCESS,IN_ISDIR
2026-09-04T07:39:04.024718Z;/home/runner/work/gson/gson/gson/target/maven-status;;IN_ACCESS,IN_ISDIR
2026-09-04T07:39:04.025066Z;/home/runner/work/gson/gson/gson/target/maven-status;maven-compiler-plugin;IN_ACCESS,IN_ISDIR
2026-09-04T07:39:04.026921Z;/home/runner/work/gson/gson/gson/target/maven-status/maven-compiler-plugin;;IN_ACCESS,IN_ISDIR
2026-09-04T07:39:04.027403Z;/home/runner/work/gson/gson/gson/target/maven-status;maven-compiler-plugin;IN_ACCESS,IN_ISDIR
2026-09-04T07:39:04.027766Z;/home/runner/work/gson/gson/gson/target/maven-status/maven-compiler-plugin;;IN_ACCESS,IN_ISDIR
2026-09-04T07:39:04.028181Z;/home/runner/work/gson/gson/gson/target/maven-status/maven-compiler-plugin;compile;IN_ACCESS,IN_ISDIR
2026-09-04T07:39:04.028547Z;/home/runner/work/gson/gson/gson/target/maven-status/maven-compiler-plugin/compile;;IN_ACCESS,IN_ISDIR
2026-09-04T07:39:04.028976Z;/home/runner/work/gson/gson/gson/target/maven-status/maven-compiler-plugin;compile;IN_ACCESS,IN_ISDIR
2026-09-04T07:39:04.029426Z;/home/runner/work/gson/gson/gson/target/maven-status/maven-compiler-plugin/compile;;IN_ACCESS,IN_ISDIR
2026-09-04T07:39:04.029798Z;/home/runner/work/gson/gson/gson/target/maven-status/maven-compiler-plugin/compile;default-compile;IN_ACCESS,IN_ISDIR
2026-09-04T07:39:04.030180Z;/home/runner/work/gson/gson/gson/target/maven-status/maven-compiler-plugin/compile/default-compile;;IN_ACCESS,IN_ISDIR
2026-09-04T07:39:04.030666Z;/home/runner/work/gson/gson/gson/target/maven-status/maven-compiler-plugin/compile;default-compile;IN_ACCESS,IN_ISDIR
2026-09-04T07:39:04.031048Z;/home/runner/work/gson/gson/gson/target/maven-status/maven-compiler-plugin/compile/default-compile;;IN_ACCESS,IN_ISDIR
2026-09-04T07:39:04.031519Z;/home/runner/work/gson/gson/gson/target/maven-status/maven-compiler-plugin/compile/default-compile;createdFiles.lst;IN_DELETE
2026-09-04T07:39:04.031885Z;/home/runner/work/gson/gson/gson/target/maven-status/maven-compiler-plugin/compile/default-compile;inputFiles.lst;IN_DELETE
2026-09-04T07:39:04.032257Z;/home/runner/work/gson/gson/gson/target/maven-status/maven-compiler-plugin/compile/default-compile;;IN_IGNORED
2026-09-04T07:39:04.032668Z;/home/runner/work/gson/gson/gson/target/maven-status/maven-compiler-plugin/compile;default-compile;IN_DELETE,IN_ISDIR
2026-09-04T07:39:04.033029Z;/home/runner/work/gson/gson/gson/target/maven-status/maven-compiler-plugin/compile;;IN_IGNORED
2026-09-04T07:39:04.033725Z;/home/runner/work/gson/gson/gson/target/maven-status/maven-compiler-plugin;compile;IN_DELETE,IN_ISDIR
2026-09-04T07:39:04.034135Z;/home/runner/work/gson/gson/gson/target/maven-status/maven-compiler-plugin;;IN_IGNORED
2026-09-04T07:39:04.034508Z;/home/runner/work/gson/gson/gson/target/maven-status;maven-compiler-plugin;IN_DELETE,IN_ISDIR
2026-09-04T07:39:04.034888Z;/home/runner/work/gson/gson/gson/target/maven-status;;IN_IGNORED
2026-09-04T07:39:04.035244Z;/home/runner/work/gson/gson/gson/target;maven-status;IN_DELETE,IN_ISDIR
2026-09-04T07:39:04.035622Z;/home/runner/work/gson/gson/gson/target;classes;IN_ACCESS,IN_ISDIR
2026-09-04T07:39:04.036634Z;/home/runner/work/gson/gson/gson/target/classes;;IN_ACCESS,IN_ISDIR
2026-09-04T07:39:04.036998Z;/home/runner/work/gson/gson/gson/target;classes;IN_ACCESS,IN_ISDIR
2026-09-04T07:39:04.037358Z;/home/runner/work/gson/gson/gson/target/classes;;IN_ACCESS,IN_ISDIR
2026-09-04T07:39:04.037746Z;/home/runner/work/gson/gson/gson/target/classes;META-INF;IN_ACCESS,IN_ISDIR
2026-09-04T07:39:04.038102Z;/home/runner/work/gson/gson/gson/target/classes/META-INF;;IN_ACCESS,IN_ISDIR
2026-09-04T07:39:04.038437Z;/home/runner/work/gson/gson/gson/target/classes;META-INF;IN_ACCESS,IN_ISDIR
2026-09-04T07:39:04.038820Z;/home/runner/work/gson/gson/gson/target/classes/META-INF;;IN_ACCESS,IN_ISDIR
2026-09-04T07:39:04.039206Z;/home/runner/work/gson/gson/gson/target/classes/META-INF;proguard;IN_ACCESS,IN_ISDIR
2026-09-04T07:39:04.041762Z;/home/runner/work/gson/gson/gson/target/classes/META-INF/proguard;;IN_ACCESS,IN_ISDIR
2026-09-04T07:39:04.042202Z;/home/runner/work/gson/gson/gson/target/classes/META-INF;proguard;IN_ACCESS,IN_ISDIR
2026-09-04T07:39:04.042527Z;/home/runner/work/gson/gson/gson/target/classes/META-INF/proguard;;IN_ACCESS,IN_ISDIR
2026-09-04T07:39:04.042860Z;/home/runner/work/gson/gson/gson/target/classes/META-INF/proguard;gson.pro;IN_DELETE
2026-09-04T07:39:04.043165Z;/home/runner/work/gson/gson/gson/target/classes/META-INF/proguard;;IN_IGNORED
2026-09-04T07:39:04.043482Z;/home/runner/work/gson/gson/gson/target/classes/META-INF;proguard;IN_DELETE,IN_ISDIR
2026-09-04T07:39:04.043823Z;/home/runner/work/gson/gson/gson/target/classes/META-INF;MANIFEST.MF;IN_DELETE
2026-09-04T07:39:04.044127Z;/home/runner/work/gson/gson/gson/target/classes/META-INF;;IN_IGNORED
2026-09-04T07:39:04.044463Z;/home/runner/work/gson/gson/gson/target/classes;META-INF;IN_DELETE,IN_ISDIR
2026-09-04T07:39:04.044807Z;/home/runner/work/gson/gson/gson/target/classes;com;IN_ACCESS,IN_ISDIR
2026-09-04T07:39:04.045127Z;/home/runner/work/gson/gson/gson/target/classes/com;;IN_ACCESS,IN_ISDIR
2026-09-04T07:39:04.045441Z;/home/runner/work/gson/gson/gson/target/classes;com;IN_ACCESS,IN_ISDIR
2026-09-04T07:39:04.045785Z;/home/runner/work/gson/gson/gson/target/classes/com;;IN_ACCESS,IN_ISDIR
2026-09-04T07:39:04.046113Z;/home/runner/work/gson/gson/gson/target/classes/com;google;IN_ACCESS,IN_ISDIR
2026-09-04T07:39:04.046436Z;/home/runner/work/gson/gson/gson/target/classes/com/google;;IN_ACCESS,IN_ISDIR
2026-09-04T07:39:04.046809Z;/home/runner/work/gson/gson/gson/target/classes/com;google;IN_ACCESS,IN_ISDIR
2026-09-04T07:39:04.047135Z;/home/runner/work/gson/gson/gson/target/classes/com/google;;IN_ACCESS,IN_ISDIR
2026-09-04T07:39:04.047456Z;/home/runner/work/gson/gson/gson/target/classes/com/google;gson;IN_ACCESS,IN_ISDIR
2026-09-04T07:39:04.047908Z;/home/runner/work/gson/gson/gson/target/classes/com/google/gson;;IN_ACCESS,IN_ISDIR
2026-09-04T07:39:04.049858Z;/home/runner/work/gson/gson/gson/target/classes/com/google;gson;IN_ACCESS,IN_ISDIR
2026-09-04T07:39:04.050183Z;/home/runner/work/gson/gson/gson/target/classes/com/google/gson;;IN_ACCESS,IN_ISDIR
2026-09-04T07:39:04.050613Z;/home/runner/work/gson/gson/gson/target/classes/com/google/gson;JsonDeserializer.class;IN_DELETE
2026-09-04T07:39:04.050931Z;/home/runner/work/gson/gson/gson/target/classes/com/google/gson;JsonDeserializationContext.class;IN_DELETE
2026-09-04T07:39:04.051233Z;/home/runner/work/gson/gson/gson/target/classes/com/google/gson;FieldNamingPolicy$3.class;IN_DELETE
2026-09-04T07:39:04.051533Z;/home/runner/work/gson/gson/gson/target/classes/com/google/gson;FieldNamingPolicy$2.class;IN_DELETE
2026-09-04T07:39:04.051845Z;/home/runner/work/gson/gson/gson/target/classes/com/google/gson;FieldAttributes.class;IN_DELETE
2026-09-04T07:39:04.052152Z;/home/runner/work/gson/gson/gson/target/classes/com/google/gson;stream;IN_ACCESS,IN_ISDIR
2026-09-04T07:39:04.052451Z;/home/runner/work/gson/gson/gson/target/classes/com/google/gson/stream;;IN_ACCESS,IN_ISDIR
2026-09-04T07:39:04.052771Z;/home/runner/work/gson/gson/gson/target/classes/com/google/gson;stream;IN_ACCESS,IN_ISDIR
2026-09-04T07:39:04.053097Z;/home/runner/work/gson/gson/gson/target/classes/com/google/gson/stream;;IN_ACCESS,IN_ISDIR
2026-09-04T07:39:04.053402Z;/home/runner/work/gson/gson/gson/target/classes/com/google/gson/stream;JsonScope.class;IN_DELETE
2026-09-04T07:39:04.053722Z;/home/runner/work/gson/gson/gson/target/classes/com/google/gson/stream;JsonReader$1.class;IN_DELETE
2026-09-04T07:39:04.054075Z;/home/runner/work/gson/gson/gson/target/classes/com/google/gson/stream;JsonWriter.class;IN_DELETE
2026-09-04T07:39:04.054446Z;/home/runner/work/gson/gson/gson/target/classes/com/google/gson/stream;JsonReader.class;IN_DELETE
2026-09-04T07:39:04.054781Z;/home/runner/work/gson/gson/gson/target/classes/com/google/gson/stream;package-info.class;IN_DELETE
2026-09-04T07:39:04.055091Z;/home/runner/work/gson/gson/gson/target/classes/com/google/gson/stream;MalformedJsonException.class;IN_DELETE
2026-09-04T07:39:04.057020Z;/home/runner/work/gson/gson/gson/target/classes/com/google/gson/stream;JsonToken.class;IN_DELETE
2026-09-04T07:39:04.057694Z;/home/runner/work/gson/gson/gson/target/classes/com/google/gson/stream;;IN_IGNORED
2026-09-04T07:39:04.058647Z;/home/runner/work/gson/gson/gson/target/classes/com/google/gson;stream;IN_DELETE,IN_ISDIR
2026-09-04T07:39:04.059139Z;/home/runner/work/gson/gson/gson/target/classes/com/google/gson;ExclusionStrategy.class;IN_DELETE
2026-09-04T07:39:04.064641Z;/home/runner/work/gson/gson/gson/target/classes/com/google/gson;Gson.class;IN_DELETE
2026-09-04T07:39:04.065001Z;/home/runner/work/gson/gson/gson/target/classes/com/google/gson;FieldNamingPolicy$5.class;IN_DELETE
2026-09-04T07:39:04.065310Z;/home/runner/work/gson/gson/gson/target/classes/com/google/gson;ToNumberStrategy.class;IN_DELETE
2026-09-04T07:39:04.065634Z;/home/runner/work/gson/gson/gson/target/classes/com/google/gson;ReflectionAccessFilter.class;IN_DELETE
2026-09-04T07:39:04.065945Z;/home/runner/work/gson/gson/gson/target/classes/com/google/gson;JsonSyntaxException.class;IN_DELETE
2026-09-04T07:39:04.066263Z;/home/runner/work/gson/gson/gson/target/classes/com/google/gson;ToNumberPolicy$2.class;IN_DELETE
2026-09-04T07:39:04.066624Z;/home/runner/work/gson/gson/gson/target/classes/com/google/gson;reflect;IN_ACCESS,IN_ISDIR
2026-09-04T07:39:04.066935Z;/home/runner/work/gson/gson/gson/target/classes/com/google/gson/reflect;;IN_ACCESS,IN_ISDIR
2026-09-04T07:39:04.067250Z;/home/runner/work/gson/gson/gson/target/classes/com/google/gson;reflect;IN_ACCESS,IN_ISDIR
2026-09-04T07:39:04.067602Z;/home/runner/work/gson/gson/gson/target/classes/com/google/gson/reflect;;IN_ACCESS,IN_ISDIR
2026-09-04T07:39:04.067912Z;/home/runner/work/gson/gson/gson/target/classes/com/google/gson/reflect;package-info.class;IN_DELETE
2026-09-04T07:39:04.068340Z;/home/runner/work/gson/gson/gson/target/classes/com/google/gson/reflect;TypeToken.class;IN_DELETE
2026-09-04T07:39:04.068628Z;/home/runner/work/gson/gson/gson/target/classes/com/google/gson/reflect;;IN_IGNORED
2026-09-04T07:39:04.068923Z;/home/runner/work/gson/gson/gson/target/classes/com/google/gson;reflect;IN_DELETE,IN_ISDIR
2026-09-04T07:39:04.069210Z;/home/runner/work/gson/gson/gson/target/classes/com/google/gson;TypeAdapterFactory.class;IN_DELETE
2026-09-04T07:39:04.069491Z;/home/runner/work/gson/gson/gson/target/classes/com/google/gson;ReflectionAccessFilter$3.class;IN_DELETE
2026-09-04T07:39:04.069776Z;/home/runner/work/gson/gson/gson/target/classes/com/google/gson;LongSerializationPolicy$2.class;IN_DELETE
2026-09-04T07:39:04.070058Z;/home/runner/work/gson/gson/gson/target/classes/com/google/gson;FieldNamingPolicy$1.class;IN_DELETE
2026-09-04T07:39:04.070411Z;/home/runner/work/gson/gson/gson/target/classes/com/google/gson;JsonSerializationContext.class;IN_DELETE
2026-09-04T07:39:04.070791Z;/home/runner/work/gson/gson/gson/target/classes/com/google/gson;FieldNamingPolicy$4.class;IN_DELETE
2026-09-04T07:39:04.071105Z;/home/runner/work/gson/gson/gson/target/classes/com/google/gson;FieldNamingPolicy$7.class;IN_DELETE
2026-09-04T07:39:04.071411Z;/home/runner/work/gson/gson/gson/target/classes/com/google/gson;InstanceCreator.class;IN_DELETE
2026-09-04T07:39:04.071708Z;/home/runner/work/gson/gson/gson/target/classes/com/google/gson;JsonSerializer.class;IN_DELETE
2026-09-04T07:39:04.071991Z;/home/runner/work/gson/gson/gson/target/classes/com/google/gson;package-info.class;IN_DELETE
2026-09-04T07:39:04.072342Z;/home/runner/work/gson/gson/gson/target/classes/com/google/gson;TypeAdapter$1.class;IN_DELETE
2026-09-04T07:39:04.073354Z;/home/runner/work/gson/gson/gson/target/classes/com/google/gson;TypeAdapter.class;IN_DELETE
2026-09-04T07:39:04.073710Z;/home/runner/work/gson/gson/gson/target/classes/com/google/gson;JsonArray.class;IN_DELETE
2026-09-04T07:39:04.074078Z;/home/runner/work/gson/gson/gson/target/classes/com/google/gson;TypeAdapter$NullSafeTypeAdapter.class;IN_DELETE
2026-09-04T07:39:04.075996Z;/home/runner/work/gson/gson/gson/target/classes/com/google/gson;ToNumberPolicy.class;IN_DELETE
2026-09-04T07:39:04.076491Z;/home/runner/work/gson/gson/gson/target/classes/com/google/gson;Strictness.class;IN_DELETE
2026-09-04T07:39:04.077274Z;/home/runner/work/gson/gson/gson/target/classes/com/google/gson;ReflectionAccessFilter$4.class;IN_DELETE
2026-09-04T07:39:04.080643Z;/home/runner/work/gson/gson/gson/target/classes/com/google/gson;FieldNamingPolicy$6.class;IN_DELETE
2026-09-04T07:39:04.081032Z;/home/runner/work/gson/gson/gson/target/classes/com/google/gson;JsonObject.class;IN_DELETE
2026-09-04T07:39:04.081386Z;/home/runner/work/gson/gson/gson/target/classes/com/google/gson;JsonNull.class;IN_DELETE
2026-09-04T07:39:04.082963Z;/home/runner/work/gson/gson/gson/target/classes/com/google/gson;FormattingStyle.class;IN_DELETE
2026-09-04T07:39:04.083304Z;/home/runner/work/gson/gson/gson/target/classes/com/google/gson;JsonStreamParser.class;IN_DELETE
2026-09-04T07:39:04.083636Z;/home/runner/work/gson/gson/gson/target/classes/com/google/gson;JsonElement.class;IN_DELETE
2026-09-04T07:39:04.083988Z;/home/runner/work/gson/gson/gson/target/classes/com/google/gson;FieldNamingStrategy.class;IN_DELETE
2026-09-04T07:39:04.084349Z;/home/runner/work/gson/gson/gson/target/classes/com/google/gson;internal;IN_ACCESS,IN_ISDIR
2026-09-04T07:39:04.084697Z;/home/runner/work/gson/gson/gson/target/classes/com/google/gson/internal;;IN_ACCESS,IN_ISDIR
2026-09-04T07:39:04.085041Z;/home/runner/work/gson/gson/gson/target/classes/com/google/gson;internal;IN_ACCESS,IN_ISDIR
2026-09-04T07:39:04.085375Z;/home/runner/work/gson/gson/gson/target/classes/com/google/gson/internal;;IN_ACCESS,IN_ISDIR
2026-09-04T07:39:04.085760Z;/home/runner/work/gson/gson/gson/target/classes/com/google/gson/internal;ObjectConstructor.class;IN_DELETE
2026-09-04T07:39:04.086134Z;/home/runner/work/gson/gson/gson/target/classes/com/google/gson/internal;Streams$AppendableWriter.class;IN_DELETE
2026-09-04T07:39:04.087836Z;/home/runner/work/gson/gson/gson/target/classes/com/google/gson/internal;sql;IN_ACCESS,IN_ISDIR
2026-09-04T07:39:04.088193Z;/home/runner/work/gson/gson/gson/target/classes/com/google/gson/internal/sql;;IN_ACCESS,IN_ISDIR
2026-09-04T07:39:04.088687Z;/home/runner/work/gson/gson/gson/target/classes/com/google/gson/internal;sql;IN_ACCESS,IN_ISDIR
2026-09-04T07:39:04.089055Z;/home/runner/work/gson/gson/gson/target/classes/com/google/gson/internal/sql;;IN_ACCESS,IN_ISDIR
2026-09-04T07:39:04.089419Z;/home/runner/work/gson/gson/gson/target/classes/com/google/gson/internal/sql;SqlTypesSupport.class;IN_DELETE
2026-09-04T07:39:04.089759Z;/home/runner/work/gson/gson/gson/target/classes/com/google/gson/internal/sql;SqlTimeTypeAdapter.class;IN_DELETE
2026-09-04T07:39:04.090103Z;/home/runner/work/gson/gson/gson/target/classes/com/google/gson/internal/sql;SqlTimestampTypeAdapter$1.class;IN_DELETE
2026-09-04T07:39:04.090427Z;/home/runner/work/gson/gson/gson/target/classes/com/google/gson/internal/sql;SqlTimeTypeAdapter$1.class;IN_DELETE
2026-09-04T07:39:04.090780Z;/home/runner/work/gson/gson/gson/target/classes/com/google/gson/internal/sql;SqlTypesSupport$2.class;IN_DELETE
2026-09-04T07:39:04.091120Z;/home/runner/work/gson/gson/gson/target/classes/com/google/gson/internal/sql;SqlDateTypeAdapter.class;IN_DELETE
2026-09-04T07:39:04.091453Z;/home/runner/work/gson/gson/gson/target/classes/com/google/gson/internal/sql;SqlTypesSupport$1.class;IN_DELETE
2026-09-04T07:39:04.091809Z;/home/runner/work/gson/gson/gson/target/classes/com/google/gson/internal/sql;SqlTimestampTypeAdapter.class;IN_DELETE
2026-09-04T07:39:04.092163Z;/home/runner/work/gson/gson/gson/target/classes/com/google/gson/internal/sql;SqlDateTypeAdapter$1.class;IN_DELETE
2026-09-04T07:39:04.092486Z;/home/runner/work/gson/gson/gson/target/classes/com/google/gson/internal/sql;;IN_IGNORED
2026-09-04T07:39:04.092857Z;/home/runner/work/gson/gson/gson/target/classes/com/google/gson/internal;sql;IN_DELETE,IN_ISDIR
2026-09-04T07:39:04.093225Z;/home/runner/work/gson/gson/gson/target/classes/com/google/gson/internal;ReflectionAccessFilterHelper$AccessChecker$2.class;IN_DELETE
2026-09-04T07:39:04.093565Z;/home/runner/work/gson/gson/gson/target/classes/com/google/gson/internal;GsonTypes$WildcardTypeImpl.class;IN_DELETE
2026-09-04T07:39:04.093914Z;/home/runner/work/gson/gson/gson/target/classes/com/google/gson/internal;Primitives.class;IN_DELETE
2026-09-04T07:39:04.094241Z;/home/runner/work/gson/gson/gson/target/classes/com/google/gson/internal;ReflectionAccessFilterHelper.class;IN_DELETE
2026-09-04T07:39:04.094559Z;/home/runner/work/gson/gson/gson/target/classes/com/google/gson/internal;TroubleshootingGuide.class;IN_DELETE
2026-09-04T07:39:04.094925Z;/home/runner/work/gson/gson/gson/target/classes/com/google/gson/internal;ReflectionAccessFilterHelper$1.class;IN_DELETE
2026-09-04T07:39:04.095269Z;/home/runner/work/gson/gson/gson/target/classes/com/google/gson/internal;GsonBuildConfig.class;IN_DELETE
2026-09-04T07:39:04.095642Z;/home/runner/work/gson/gson/gson/target/classes/com/google/gson/internal;UnsafeAllocator$4.class;IN_DELETE
2026-09-04T07:39:04.095992Z;/home/runner/work/gson/gson/gson/target/classes/com/google/gson/internal;UnsafeAllocator$1.class;IN_DELETE
2026-09-04T07:39:04.096337Z;/home/runner/work/gson/gson/gson/target/classes/com/google/gson/internal;ConstructorConstructor$ThrowingObjectConstructor.class;IN_DELETE
2026-09-04T07:39:04.096677Z;/home/runner/work/gson/gson/gson/target/classes/com/google/gson/internal;LinkedTreeMap$KeySet$1.class;IN_DELETE
2026-09-04T07:39:04.097017Z;/home/runner/work/gson/gson/gson/target/classes/com/google/gson/internal;UnsafeAllocator$3.class;IN_DELETE
2026-09-04T07:39:04.097356Z;/home/runner/work/gson/gson/gson/target/classes/com/google/gson/internal;LinkedTreeMap$EntrySet.class;IN_DELETE
2026-09-04T07:39:04.097690Z;/home/runner/work/gson/gson/gson/target/classes/com/google/gson/internal;LazilyParsedNumber.class;IN_DELETE
2026-09-04T07:39:04.098026Z;/home/runner/work/gson/gson/gson/target/classes/com/google/gson/internal;NonNullElementWrapperList.class;IN_DELETE
2026-09-04T07:39:04.098824Z;/home/runner/work/gson/gson/gson/target/classes/com/google/gson/internal;ReflectionAccessFilterHelper$AccessChecker.class;IN_DELETE
2026-09-04T07:39:04.099143Z;/home/runner/work/gson/gson/gson/target/classes/com/google/gson/internal;ConstructorConstructor.class;IN_DELETE
2026-09-04T07:39:04.099463Z;/home/runner/work/gson/gson/gson/target/classes/com/google/gson/internal;UnsafeAllocator$2.class;IN_DELETE
2026-09-04T07:39:04.099836Z;/home/runner/work/gson/gson/gson/target/classes/com/google/gson/internal;reflect;IN_ACCESS,IN_ISDIR
2026-09-04T07:39:04.100191Z;/home/runner/work/gson/gson/gson/target/classes/com/google/gson/internal/reflect;;IN_ACCESS,IN_ISDIR
2026-09-04T07:39:04.100546Z;/home/runner/work/gson/gson/gson/target/classes/com/google/gson/internal;reflect;IN_ACCESS,IN_ISDIR
2026-09-04T07:39:04.100900Z;/home/runner/work/gson/gson/gson/target/classes/com/google/gson/internal/reflect;;IN_ACCESS,IN_ISDIR
2026-09-04T07:39:04.101244Z;/home/runner/work/gson/gson/gson/target/classes/com/google/gson/internal/reflect;ReflectionHelper.class;IN_DELETE
2026-09-04T07:39:04.101590Z;/home/runner/work/gson/gson/gson/target/classes/com/google/gson/internal/reflect;ReflectionHelper$RecordNotSupportedHelper.class;IN_DELETE
2026-09-04T07:39:04.101965Z;/home/runner/work/gson/gson/gson/target/classes/com/google/gson/internal/reflect;ReflectionHelper$RecordHelper.class;IN_DELETE
2026-09-04T07:39:04.102300Z;/home/runner/work/gson/gson/gson/target/classes/com/google/gson/internal/reflect;ReflectionHelper$RecordSupportedHelper.class;IN_DELETE
2026-09-04T07:39:04.102635Z;/home/runner/work/gson/gson/gson/target/classes/com/google/gson/internal/reflect;ReflectionHelper$1.class;IN_DELETE
2026-09-04T07:39:04.102965Z;/home/runner/work/gson/gson/gson/target/classes/com/google/gson/internal/reflect;;IN_IGNORED
2026-09-04T07:39:04.103336Z;/home/runner/work/gson/gson/gson/target/classes/com/google/gson/internal;reflect;IN_DELETE,IN_ISDIR
2026-09-04T07:39:04.103769Z;/home/runner/work/gson/gson/gson/target/classes/com/google/gson/internal;NumberLimits.class;IN_DELETE
2026-09-04T07:39:04.104136Z;/home/runner/work/gson/gson/gson/target/classes/com/google/gson/internal;Streams$AppendableWriter$CurrentWrite.class;IN_DELETE
2026-09-04T07:39:04.104700Z;/home/runner/work/gson/gson/gson/target/classes/com/google/gson/internal;GsonTypes$ParameterizedTypeImpl.class;IN_DELETE
2026-09-04T07:39:04.105225Z;/home/runner/work/gson/gson/gson/target/classes/com/google/gson/internal;GsonTypes$GenericArrayTypeImpl.class;IN_DELETE
2026-09-04T07:39:04.105579Z;/home/runner/work/gson/gson/gson/target/classes/com/google/gson/internal;LinkedTreeMap.class;IN_DELETE
2026-09-04T07:39:04.105965Z;/home/runner/work/gson/gson/gson/target/classes/com/google/gson/internal;package-info.class;IN_DELETE
2026-09-04T07:39:04.106283Z;/home/runner/work/gson/gson/gson/target/classes/com/google/gson/internal;GsonTypes.class;IN_DELETE
2026-09-04T07:39:04.106614Z;/home/runner/work/gson/gson/gson/target/classes/com/google/gson/internal;Excluder$1.class;IN_DELETE
2026-09-04T07:39:04.106914Z;/home/runner/work/gson/gson/gson/target/classes/com/google/gson/internal;LinkedTreeMap$KeySet.class;IN_DELETE
2026-09-04T07:39:04.107228Z;/home/runner/work/gson/gson/gson/target/classes/com/google/gson/internal;Streams.class;IN_DELETE
2026-09-04T07:39:04.107545Z;/home/runner/work/gson/gson/gson/target/classes/com/google/gson/internal;PreJava9DateFormatProvider.class;IN_DELETE
2026-09-04T07:39:04.107875Z;/home/runner/work/gson/gson/gson/target/classes/com/google/gson/internal;LinkedTreeMap$LinkedTreeMapIterator.class;IN_DELETE
2026-09-04T07:39:04.108224Z;/home/runner/work/gson/gson/gson/target/classes/com/google/gson/internal;LinkedTreeMap$EntrySet$1.class;IN_DELETE
2026-09-04T07:39:04.108559Z;/home/runner/work/gson/gson/gson/target/classes/com/google/gson/internal;Excluder.class;IN_DELETE
2026-09-04T07:39:04.109186Z;/home/runner/work/gson/gson/gson/target/classes/com/google/gson/internal;ConstructorConstructor$InstanceCreatorConstructor.class;IN_DELETE
2026-09-04T07:39:04.109631Z;/home/runner/work/gson/gson/gson/target/classes/com/google/gson/internal;Streams$1.class;IN_DELETE
2026-09-04T07:39:04.109997Z;/home/runner/work/gson/gson/gson/target/classes/com/google/gson/internal;ReflectionAccessFilterHelper$AccessChecker$1.class;IN_DELETE
2026-09-04T07:39:04.110337Z;/home/runner/work/gson/gson/gson/target/classes/com/google/gson/internal;UnsafeAllocator.class;IN_DELETE
2026-09-04T07:39:04.110699Z;/home/runner/work/gson/gson/gson/target/classes/com/google/gson/internal;bind;IN_ACCESS,IN_ISDIR
2026-09-04T07:39:04.111731Z;/home/runner/work/gson/gson/gson/target/classes/com/google/gson/internal/bind;;IN_ACCESS,IN_ISDIR
2026-09-04T07:39:04.112090Z;/home/runner/work/gson/gson/gson/target/classes/com/google/gson/internal;bind;IN_ACCESS,IN_ISDIR
2026-09-04T07:39:04.112762Z;/home/runner/work/gson/gson/gson/target/classes/com/google/gson/internal/bind;;IN_ACCESS,IN_ISDIR
2026-09-04T07:39:04.113102Z;/home/runner/work/gson/gson/gson/target/classes/com/google/gson/internal/bind;JsonTreeReader$1.class;IN_DELETE
2026-09-04T07:39:04.114016Z;/home/runner/work/gson/gson/gson/target/classes/com/google/gson/internal/bind;TypeAdapters$10.class;IN_DELETE
2026-09-04T07:39:04.114354Z;/home/runner/work/gson/gson/gson/target/classes/com/google/gson/internal/bind;EnumTypeAdapter.class;IN_DELETE
2026-09-04T07:39:04.114687Z;/home/runner/work/gson/gson/gson/target/classes/com/google/gson/internal/bind;JavaTimeTypeAdapters$1.class;IN_DELETE
2026-09-04T07:39:04.115024Z;/home/runner/work/gson/gson/gson/target/classes/com/google/gson/internal/bind;JavaTimeTypeAdapters$2.class;IN_DELETE
2026-09-04T07:39:04.115350Z;/home/runner/work/gson/gson/gson/target/classes/com/google/gson/internal/bind;JsonTreeReader$2.class;IN_DELETE
2026-09-04T07:39:04.115683Z;/home/runner/work/gson/gson/gson/target/classes/com/google/gson/internal/bind;JavaTimeTypeAdapters$11.class;IN_DELETE
2026-09-04T07:39:04.116056Z;/home/runner/work/gson/gson/gson/target/classes/com/google/gson/internal/bind;TypeAdapters$33$1.class;IN_DELETE
2026-09-04T07:39:04.116396Z;/home/runner/work/gson/gson/gson/target/classes/com/google/gson/internal/bind;TreeTypeAdapter.class;IN_DELETE
2026-09-04T07:39:04.116729Z;/home/runner/work/gson/gson/gson/target/classes/com/google/gson/internal/bind;JavaTimeTypeAdapters$12.class;IN_DELETE
2026-09-04T07:39:04.117055Z;/home/runner/work/gson/gson/gson/target/classes/com/google/gson/internal/bind;DefaultDateTypeAdapter$DateType.class;IN_DELETE
2026-09-04T07:39:04.117388Z;/home/runner/work/gson/gson/gson/target/classes/com/google/gson/internal/bind;JsonElementTypeAdapter.class;IN_DELETE
2026-09-04T07:39:04.117713Z;/home/runner/work/gson/gson/gson/target/classes/com/google/gson/internal/bind;TypeAdapters$16.class;IN_DELETE
2026-09-04T07:39:04.119972Z;/home/runner/work/gson/gson/gson/target/classes/com/google/gson/internal/bind;TreeTypeAdapter$SingleTypeFactory.class;IN_DELETE
2026-09-04T07:39:04.120315Z;/home/runner/work/gson/gson/gson/target/classes/com/google/gson/internal/bind;ObjectTypeAdapter$1.class;IN_DELETE
2026-09-04T07:39:04.120655Z;/home/runner/work/gson/gson/gson/target/classes/com/google/gson/internal/bind;TypeAdapters$22.class;IN_DELETE
2026-09-04T07:39:04.121001Z;/home/runner/work/gson/gson/gson/target/classes/com/google/gson/internal/bind;JavaTimeTypeAdapters.class;IN_DELETE
2026-09-04T07:39:04.121357Z;/home/runner/work/gson/gson/gson/target/classes/com/google/gson/internal/bind;TreeTypeAdapter$1.class;IN_DELETE
2026-09-04T07:39:04.122388Z;/home/runner/work/gson/gson/gson/target/classes/com/google/gson/internal/bind;ArrayTypeAdapter$1.class;IN_DELETE
2026-09-04T07:39:04.122735Z;/home/runner/work/gson/gson/gson/target/classes/com/google/gson/internal/bind;JsonElementTypeAdapter$1.class;IN_DELETE
2026-09-04T07:39:04.123115Z;/home/runner/work/gson/gson/gson/target/classes/com/google/gson/internal/bind;ReflectiveTypeAdapterFactory$RecordAdapter.class;IN_DELETE
2026-09-04T07:39:04.123430Z;/home/runner/work/gson/gson/gson/target/classes/com/google/gson/internal/bind;ObjectTypeAdapter$2.class;IN_DELETE
2026-09-04T07:39:04.123972Z;/home/runner/work/gson/gson/gson/target/classes/com/google/gson/internal/bind;TypeAdapterRuntimeTypeWrapper.class;IN_DELETE
2026-09-04T07:39:04.124323Z;/home/runner/work/gson/gson/gson/target/classes/com/google/gson/internal/bind;DefaultDateTypeAdapter.class;IN_DELETE
2026-09-04T07:39:04.124653Z;/home/runner/work/gson/gson/gson/target/classes/com/google/gson/internal/bind;CollectionTypeAdapterFactory.class;IN_DELETE
2026-09-04T07:39:04.125020Z;/home/runner/work/gson/gson/gson/target/classes/com/google/gson/internal/bind;NumberTypeAdapter.class;IN_DELETE
2026-09-04T07:39:04.125373Z;/home/runner/work/gson/gson/gson/target/classes/com/google/gson/internal/bind;TreeTypeAdapter$GsonContextImpl.class;IN_DELETE
2026-09-04T07:39:04.125773Z;/home/runner/work/gson/gson/gson/target/classes/com/google/gson/internal/bind;JavaTimeTypeAdapters$8.class;IN_DELETE
2026-09-04T07:39:04.126106Z;/home/runner/work/gson/gson/gson/target/classes/com/google/gson/internal/bind;TypeAdapters$1.class;IN_DELETE
2026-09-04T07:39:04.126419Z;/home/runner/work/gson/gson/gson/target/classes/com/google/gson/internal/bind;JavaTimeTypeAdapters$14.class;IN_DELETE
2026-09-04T07:39:04.126743Z;/home/runner/work/gson/gson/gson/target/classes/com/google/gson/internal/bind;JsonTreeWriter.class;IN_DELETE
2026-09-04T07:39:04.127070Z;/home/runner/work/gson/gson/gson/target/classes/com/google/gson/internal/bind;TypeAdapters.class;IN_DELETE
2026-09-04T07:39:04.127416Z;/home/runner/work/gson/gson/gson/target/classes/com/google/gson/internal/bind;TypeAdapters$21.class;IN_DELETE
2026-09-04T07:39:04.127753Z;/home/runner/work/gson/gson/gson/target/classes/com/google/gson/internal/bind;JavaTimeTypeAdapters$5.class;IN_DELETE
2026-09-04T07:39:04.128091Z;/home/runner/work/gson/gson/gson/target/classes/com/google/gson/internal/bind;JavaTimeTypeAdapters$3.class;IN_DELETE
2026-09-04T07:39:04.128472Z;/home/runner/work/gson/gson/gson/target/classes/com/google/gson/internal/bind;ReflectiveTypeAdapterFactory$Adapter.class;IN_DELETE
2026-09-04T07:39:04.128820Z;/home/runner/work/gson/gson/gson/target/classes/com/google/gson/internal/bind;TypeAdapters$19.class;IN_DELETE
2026-09-04T07:39:04.129184Z;/home/runner/work/gson/gson/gson/target/classes/com/google/gson/internal/bind;EnumTypeAdapter$1.class;IN_DELETE
2026-09-04T07:39:04.129782Z;/home/runner/work/gson/gson/gson/target/classes/com/google/gson/internal/bind;JsonTreeReader.class;IN_DELETE
2026-09-04T07:39:04.130092Z;/home/runner/work/gson/gson/gson/target/classes/com/google/gson/internal/bind;JavaTimeTypeAdapters$13.class;IN_DELETE
2026-09-04T07:39:04.130396Z;/home/runner/work/gson/gson/gson/target/classes/com/google/gson/internal/bind;TypeAdapters$7.class;IN_DELETE
2026-09-04T07:39:04.130700Z;/home/runner/work/gson/gson/gson/target/classes/com/google/gson/internal/bind;TypeAdapters$13.class;IN_DELETE
2026-09-04T07:39:04.131864Z;/home/runner/work/gson/gson/gson/target/classes/com/google/gson/internal/bind;TypeAdapters$24.class;IN_DELETE
2026-09-04T07:39:04.132184Z;/home/runner/work/gson/gson/gson/target/classes/com/google/gson/internal/bind;TypeAdapters$33.class;IN_DELETE
2026-09-04T07:39:04.134832Z;/home/runner/work/gson/gson/gson/target/classes/com/google/gson/internal/bind;ReflectiveTypeAdapterFactory$FieldReflectionAdapter.class;IN_DELETE
2026-09-04T07:39:04.136495Z;/home/runner/work/gson/gson/gson/target/classes/com/google/gson/internal/bind;util;IN_ACCESS,IN_ISDIR
2026-09-04T07:39:04.136876Z;/home/runner/work/gson/gson/gson/target/classes/com/google/gson/internal/bind/util;;IN_ACCESS,IN_ISDIR
2026-09-04T07:39:04.138005Z;/home/runner/work/gson/gson/gson/target/classes/com/google/gson/internal/bind;util;IN_ACCESS,IN_ISDIR
2026-09-04T07:39:04.138318Z;/home/runner/work/gson/gson/gson/target/classes/com/google/gson/internal/bind/util;;IN_ACCESS,IN_ISDIR
2026-09-04T07:39:04.138620Z;/home/runner/work/gson/gson/gson/target/classes/com/google/gson/internal/bind/util;ISO8601Utils.class;IN_DELETE
2026-09-04T07:39:04.139033Z;/home/runner/work/gson/gson/gson/target/classes/com/google/gson/internal/bind/util;;IN_IGNORED
2026-09-04T07:39:04.139514Z;/home/runner/work/gson/gson/gson/target/classes/com/google/gson/internal/bind;util;IN_DELETE,IN_ISDIR
2026-09-04T07:39:04.140062Z;/home/runner/work/gson/gson/gson/target/classes/com/google/gson/internal/bind;TypeAdapters$11.class;IN_DELETE
2026-09-04T07:39:04.140399Z;/home/runner/work/gson/gson/gson/target/classes/com/google/gson/internal/bind;JsonAdapterAnnotationTypeAdapterFactory$DummyTypeAdapterFactory.class;IN_DELETE
2026-09-04T07:39:04.140832Z;/home/runner/work/gson/gson/gson/target/classes/com/google/gson/internal/bind;TypeAdapters$27.class;IN_DELETE
2026-09-04T07:39:04.141210Z;/home/runner/work/gson/gson/gson/target/classes/com/google/gson/internal/bind;MapTypeAdapterFactory.class;IN_DELETE
2026-09-04T07:39:04.141549Z;/home/runner/work/gson/gson/gson/target/classes/com/google/gson/internal/bind;TypeAdapters$DoubleAdapter.class;IN_DELETE
2026-09-04T07:39:04.141919Z;/home/runner/work/gson/gson/gson/target/classes/com/google/gson/internal/bind;ObjectTypeAdapter.class;IN_DELETE
2026-09-04T07:39:04.142299Z;/home/runner/work/gson/gson/gson/target/classes/com/google/gson/internal/bind;NumberTypeAdapter$1.class;IN_DELETE
2026-09-04T07:39:04.142634Z;/home/runner/work/gson/gson/gson/target/classes/com/google/gson/internal/bind;JsonTreeWriter$1.class;IN_DELETE
2026-09-04T07:39:04.142954Z;/home/runner/work/gson/gson/gson/target/classes/com/google/gson/internal/bind;TypeAdapters$6.class;IN_DELETE
2026-09-04T07:39:04.143291Z;/home/runner/work/gson/gson/gson/target/classes/com/google/gson/internal/bind;TypeAdapters$15.class;IN_DELETE
2026-09-04T07:39:04.143637Z;/home/runner/work/gson/gson/gson/target/classes/com/google/gson/internal/bind;TypeAdapters$30.class;IN_DELETE
2026-09-04T07:39:04.143979Z;/home/runner/work/gson/gson/gson/target/classes/com/google/gson/internal/bind;JavaTimeTypeAdapters$4.class;IN_DELETE
2026-09-04T07:39:04.144342Z;/home/runner/work/gson/gson/gson/target/classes/com/google/gson/internal/bind;CollectionTypeAdapterFactory$Adapter.class;IN_DELETE
2026-09-04T07:39:04.144691Z;/home/runner/work/gson/gson/gson/target/classes/com/google/gson/internal/bind;JavaTimeTypeAdapters$6.class;IN_DELETE
2026-09-04T07:39:04.145039Z;/home/runner/work/gson/gson/gson/target/classes/com/google/gson/internal/bind;TypeAdapters$4.class;IN_DELETE
2026-09-04T07:39:04.145479Z;/home/runner/work/gson/gson/gson/target/classes/com/google/gson/internal/bind;TypeAdapters$FactorySupplier.class;IN_DELETE
2026-09-04T07:39:04.145930Z;/home/runner/work/gson/gson/gson/target/classes/com/google/gson/internal/bind;MapTypeAdapterFactory$Adapter.class;IN_DELETE
2026-09-04T07:39:04.149838Z;/home/runner/work/gson/gson/gson/target/classes/com/google/gson/internal/bind;TypeAdapters$25.class;IN_DELETE
2026-09-04T07:39:04.150170Z;/home/runner/work/gson/gson/gson/target/classes/com/google/gson/internal/bind;TypeAdapters$23.class;IN_DELETE
2026-09-04T07:39:04.150838Z;/home/runner/work/gson/gson/gson/target/classes/com/google/gson/internal/bind;SerializationDelegatingTypeAdapter.class;IN_DELETE
2026-09-04T07:39:04.151159Z;/home/runner/work/gson/gson/gson/target/classes/com/google/gson/internal/bind;DefaultDateTypeAdapter$1.class;IN_DELETE
2026-09-04T07:39:04.153549Z;/home/runner/work/gson/gson/gson/target/classes/com/google/gson/internal/bind;TypeAdapters$5.class;IN_DELETE
2026-09-04T07:39:04.153929Z;/home/runner/work/gson/gson/gson/target/classes/com/google/gson/internal/bind;TypeAdapters$28.class;IN_DELETE
2026-09-04T07:39:04.154258Z;/home/runner/work/gson/gson/gson/target/classes/com/google/gson/internal/bind;TypeAdapters$9.class;IN_DELETE
2026-09-04T07:39:04.154975Z;/home/runner/work/gson/gson/gson/target/classes/com/google/gson/internal/bind;TypeAdapters$14.class;IN_DELETE
2026-09-04T07:39:04.156859Z;/home/runner/work/gson/gson/gson/target/classes/com/google/gson/internal/bind;TypeAdapters$34.class;IN_DELETE
2026-09-04T07:39:04.159626Z;/home/runner/work/gson/gson/gson/target/classes/com/google/gson/internal/bind;TypeAdapters$17.class;IN_DELETE
2026-09-04T07:39:04.159975Z;/home/runner/work/gson/gson/gson/target/classes/com/google/gson/internal/bind;TypeAdapters$26.class;IN_DELETE
2026-09-04T07:39:04.160441Z;/home/runner/work/gson/gson/gson/target/classes/com/google/gson/internal/bind;TypeAdapters$12.class;IN_DELETE
2026-09-04T07:39:04.160785Z;/home/runner/work/gson/gson/gson/target/classes/com/google/gson/internal/bind;DefaultDateTypeAdapter$DateType$1.class;IN_DELETE
2026-09-04T07:39:04.161105Z;/home/runner/work/gson/gson/gson/target/classes/com/google/gson/internal/bind;TypeAdapters$FloatAdapter.class;IN_DELETE
2026-09-04T07:39:04.161417Z;/home/runner/work/gson/gson/gson/target/classes/com/google/gson/internal/bind;ReflectiveTypeAdapterFactory$2.class;IN_DELETE
2026-09-04T07:39:04.161726Z;/home/runner/work/gson/gson/gson/target/classes/com/google/gson/internal/bind;ReflectiveTypeAdapterFactory$BoundField.class;IN_DELETE
2026-09-04T07:39:04.162015Z;/home/runner/work/gson/gson/gson/target/classes/com/google/gson/internal/bind;TypeAdapters$IntegerFieldsTypeAdapter.class;IN_DELETE
2026-09-04T07:39:04.162299Z;/home/runner/work/gson/gson/gson/target/classes/com/google/gson/internal/bind;TypeAdapters$31.class;IN_DELETE
2026-09-04T07:39:04.162616Z;/home/runner/work/gson/gson/gson/target/classes/com/google/gson/internal/bind;ReflectiveTypeAdapterFactory.class;IN_DELETE
2026-09-04T07:39:04.162976Z;/home/runner/work/gson/gson/gson/target/classes/com/google/gson/internal/bind;ArrayTypeAdapter.class;IN_DELETE
2026-09-04T07:39:04.163328Z;/home/runner/work/gson/gson/gson/target/classes/com/google/gson/internal/bind;TypeAdapters$32.class;IN_DELETE
2026-09-04T07:39:04.163709Z;/home/runner/work/gson/gson/gson/target/classes/com/google/gson/internal/bind;TypeAdapters$3.class;IN_DELETE
2026-09-04T07:39:04.164030Z;/home/runner/work/gson/gson/gson/target/classes/com/google/gson/internal/bind;ReflectiveTypeAdapterFactory$1.class;IN_DELETE
2026-09-04T07:39:04.164332Z;/home/runner/work/gson/gson/gson/target/classes/com/google/gson/internal/bind;ReflectiveTypeAdapterFactory$FieldsData.class;IN_DELETE
2026-09-04T07:39:04.164637Z;/home/runner/work/gson/gson/gson/target/classes/com/google/gson/internal/bind;JavaTimeTypeAdapters$7.class;IN_DELETE
2026-09-04T07:39:04.164936Z;/home/runner/work/gson/gson/gson/target/classes/com/google/gson/internal/bind;NumberTypeAdapter$2.class;IN_DELETE
2026-09-04T07:39:04.165243Z;/home/runner/work/gson/gson/gson/target/classes/com/google/gson/internal/bind;TypeAdapters$18.class;IN_DELETE
2026-09-04T07:39:04.165615Z;/home/runner/work/gson/gson/gson/target/classes/com/google/gson/internal/bind;TypeAdapters$8.class;IN_DELETE
2026-09-04T07:39:04.165928Z;/home/runner/work/gson/gson/gson/target/classes/com/google/gson/internal/bind;JsonAdapterAnnotationTypeAdapterFactory$1.class;IN_DELETE
2026-09-04T07:39:04.166261Z;/home/runner/work/gson/gson/gson/target/classes/com/google/gson/internal/bind;JavaTimeTypeAdapters$9.class;IN_DELETE
2026-09-04T07:39:04.166744Z;/home/runner/work/gson/gson/gson/target/classes/com/google/gson/internal/bind;JsonAdapterAnnotationTypeAdapterFactory.class;IN_DELETE
2026-09-04T07:39:04.167152Z;/home/runner/work/gson/gson/gson/target/classes/com/google/gson/internal/bind;TypeAdapters$29.class;IN_DELETE
2026-09-04T07:39:04.167551Z;/home/runner/work/gson/gson/gson/target/classes/com/google/gson/internal/bind;JavaTimeTypeAdapters$10.class;IN_DELETE
2026-09-04T07:39:04.170455Z;/home/runner/work/gson/gson/gson/target/classes/com/google/gson/internal/bind;TypeAdapters$20.class;IN_DELETE
2026-09-04T07:39:04.172141Z;/home/runner/work/gson/gson/gson/target/classes/com/google/gson/internal/bind;TypeAdapters$2.class;IN_DELETE
2026-09-04T07:39:04.172480Z;/home/runner/work/gson/gson/gson/target/classes/com/google/gson/internal/bind;IgnoreJRERequirement.class;IN_DELETE
2026-09-04T07:39:04.173677Z;/home/runner/work/gson/gson/gson/target/classes/com/google/gson/internal/bind;;IN_IGNORED
2026-09-04T07:39:04.174058Z;/home/runner/work/gson/gson/gson/target/classes/com/google/gson/internal;bind;IN_DELETE,IN_ISDIR
2026-09-04T07:39:04.174409Z;/home/runner/work/gson/gson/gson/target/classes/com/google/gson/internal;JavaVersion.class;IN_DELETE
2026-09-04T07:39:04.174871Z;/home/runner/work/gson/gson/gson/target/classes/com/google/gson/internal;LinkedTreeMap$Node.class;IN_DELETE
2026-09-04T07:39:04.175208Z;/home/runner/work/gson/gson/gson/target/classes/com/google/gson/internal;JsonReaderInternalAccess.class;IN_DELETE
2026-09-04T07:39:04.175555Z;/home/runner/work/gson/gson/gson/target/classes/com/google/gson/internal;;IN_IGNORED
2026-09-04T07:39:04.175911Z;/home/runner/work/gson/gson/gson/target/classes/com/google/gson;internal;IN_DELETE,IN_ISDIR
2026-09-04T07:39:04.176268Z;/home/runner/work/gson/gson/gson/target/classes/com/google/gson;ReflectionAccessFilter$2.class;IN_DELETE
2026-09-04T07:39:04.176609Z;/home/runner/work/gson/gson/gson/target/classes/com/google/gson;ToNumberPolicy$4.class;IN_DELETE
2026-09-04T07:39:04.176944Z;/home/runner/work/gson/gson/gson/target/classes/com/google/gson;Gson$FutureTypeAdapter.class;IN_DELETE
2026-09-04T07:39:04.177268Z;/home/runner/work/gson/gson/gson/target/classes/com/google/gson;JsonPrimitive.class;IN_DELETE
2026-09-04T07:39:04.177605Z;/home/runner/work/gson/gson/gson/target/classes/com/google/gson;ToNumberPolicy$3.class;IN_DELETE
2026-09-04T07:39:04.177953Z;/home/runner/work/gson/gson/gson/target/classes/com/google/gson;JsonIOException.class;IN_DELETE
2026-09-04T07:39:04.178326Z;/home/runner/work/gson/gson/gson/target/classes/com/google/gson;ToNumberPolicy$1.class;IN_DELETE
2026-09-04T07:39:04.178955Z;/home/runner/work/gson/gson/gson/target/classes/com/google/gson;ReflectionAccessFilter$FilterResult.class;IN_DELETE
2026-09-04T07:39:04.179497Z;/home/runner/work/gson/gson/gson/target/classes/com/google/gson;annotations;IN_ACCESS,IN_ISDIR
2026-09-04T07:39:04.179834Z;/home/runner/work/gson/gson/gson/target/classes/com/google/gson/annotations;;IN_ACCESS,IN_ISDIR
2026-09-04T07:39:04.180143Z;/home/runner/work/gson/gson/gson/target/classes/com/google/gson;annotations;IN_ACCESS,IN_ISDIR
2026-09-04T07:39:04.180459Z;/home/runner/work/gson/gson/gson/target/classes/com/google/gson/annotations;;IN_ACCESS,IN_ISDIR
2026-09-04T07:39:04.180776Z;/home/runner/work/gson/gson/gson/target/classes/com/google/gson/annotations;SerializedName.class;IN_DELETE
2026-09-04T07:39:04.181091Z;/home/runner/work/gson/gson/gson/target/classes/com/google/gson/annotations;Since.class;IN_DELETE
2026-09-04T07:39:04.181411Z;/home/runner/work/gson/gson/gson/target/classes/com/google/gson/annotations;package-info.class;IN_DELETE
2026-09-04T07:39:04.181732Z;/home/runner/work/gson/gson/gson/target/classes/com/google/gson/annotations;Expose.class;IN_DELETE
2026-09-04T07:39:04.182549Z;/home/runner/work/gson/gson/gson/target/classes/com/google/gson/annotations;Until.class;IN_DELETE
2026-09-04T07:39:04.182878Z;/home/runner/work/gson/gson/gson/target/classes/com/google/gson/annotations;JsonAdapter.class;IN_DELETE
2026-09-04T07:39:04.183189Z;/home/runner/work/gson/gson/gson/target/classes/com/google/gson/annotations;;IN_IGNORED
2026-09-04T07:39:04.183498Z;/home/runner/work/gson/gson/gson/target/classes/com/google/gson;annotations;IN_DELETE,IN_ISDIR
2026-09-04T07:39:04.183850Z;/home/runner/work/gson/gson/gson/target/classes/com/google/gson;ReflectionAccessFilter$1.class;IN_DELETE
2026-09-04T07:39:04.184214Z;/home/runner/work/gson/gson/gson/target/classes/com/google/gson;LongSerializationPolicy.class;IN_DELETE
2026-09-04T07:39:04.184555Z;/home/runner/work/gson/gson/gson/target/classes/com/google/gson;LongSerializationPolicy$1.class;IN_DELETE
2026-09-04T07:39:04.184892Z;/home/runner/work/gson/gson/gson/target/classes/com/google/gson;JsonParseException.class;IN_DELETE
2026-09-04T07:39:04.185225Z;/home/runner/work/gson/gson/gson/target/classes/com/google/gson;JsonParser.class;IN_DELETE
2026-09-04T07:39:04.185576Z;/home/runner/work/gson/gson/gson/target/classes/com/google/gson;FieldNamingPolicy.class;IN_DELETE
2026-09-04T07:39:04.185960Z;/home/runner/work/gson/gson/gson/target/classes/com/google/gson;GsonBuilder.class;IN_DELETE
2026-09-04T07:39:04.186295Z;/home/runner/work/gson/gson/gson/target/classes/com/google/gson;;IN_IGNORED
2026-09-04T07:39:04.186770Z;/home/runner/work/gson/gson/gson/target/classes/com/google;gson;IN_DELETE,IN_ISDIR
2026-09-04T07:39:04.187112Z;/home/runner/work/gson/gson/gson/target/classes/com/google;;IN_IGNORED
2026-09-04T07:39:04.187479Z;/home/runner/work/gson/gson/gson/target/classes/com;google;IN_DELETE,IN_ISDIR
2026-09-04T07:39:04.187816Z;/home/runner/work/gson/gson/gson/target/classes/com;;IN_IGNORED
2026-09-04T07:39:04.188183Z;/home/runner/work/gson/gson/gson/target/classes;com;IN_DELETE,IN_ISDIR
2026-09-04T07:39:04.188805Z;/home/runner/work/gson/gson/gson/target/classes;;IN_IGNORED
2026-09-04T07:39:04.189183Z;/home/runner/work/gson/gson/gson/target;classes;IN_DELETE,IN_ISDIR
2026-09-04T07:39:04.191044Z;/home/runner/work/gson/gson/gson/target;spotless-index;IN_DELETE
2026-09-04T07:39:04.191418Z;/home/runner/work/gson/gson/gson/target;generated-sources;IN_ACCESS,IN_ISDIR
2026-09-04T07:39:04.191784Z;/home/runner/work/gson/gson/gson/target/generated-sources;;IN_ACCESS,IN_ISDIR
2026-09-04T07:39:04.192225Z;/home/runner/work/gson/gson/gson/target;generated-sources;IN_ACCESS,IN_ISDIR
2026-09-04T07:39:04.192649Z;/home/runner/work/gson/gson/gson/target/generated-sources;;IN_ACCESS,IN_ISDIR
2026-09-04T07:39:04.193038Z;/home/runner/work/gson/gson/gson/target/generated-sources;annotations;IN_ACCESS,IN_ISDIR
2026-09-04T07:39:04.193394Z;/home/runner/work/gson/gson/gson/target/generated-sources/annotations;;IN_ACCESS,IN_ISDIR
2026-09-04T07:39:04.194337Z;/home/runner/work/gson/gson/gson/target/generated-sources;annotations;IN_ACCESS,IN_ISDIR
2026-09-04T07:39:04.194702Z;/home/runner/work/gson/gson/gson/target/generated-sources/annotations;;IN_ACCESS,IN_ISDIR
2026-09-04T07:39:04.195054Z;/home/runner/work/gson/gson/gson/target/generated-sources/annotations;;IN_IGNORED
2026-09-04T07:39:04.195396Z;/home/runner/work/gson/gson/gson/target/generated-sources;annotations;IN_DELETE,IN_ISDIR
2026-09-04T07:39:04.197124Z;/home/runner/work/gson/gson/gson/target/generated-sources;java-templates;IN_ACCESS,IN_ISDIR
2026-09-04T07:39:04.197449Z;/home/runner/work/gson/gson/gson/target/generated-sources/java-templates;;IN_ACCESS,IN_ISDIR
2026-09-04T07:39:04.198933Z;/home/runner/work/gson/gson/gson/target/generated-sources;java-templates;IN_ACCESS,IN_ISDIR
2026-09-04T07:39:04.200879Z;/home/runner/work/gson/gson/gson/target/generated-sources/java-templates;;IN_ACCESS,IN_ISDIR
2026-09-04T07:39:04.201255Z;/home/runner/work/gson/gson/gson/target/generated-sources/java-templates;com;IN_ACCESS,IN_ISDIR
2026-09-04T07:39:04.202133Z;/home/runner/work/gson/gson/gson/target/generated-sources/java-templates/com;;IN_ACCESS,IN_ISDIR
2026-09-04T07:39:04.202528Z;/home/runner/work/gson/gson/gson/target/generated-sources/java-templates;com;IN_ACCESS,IN_ISDIR
2026-09-04T07:39:04.202899Z;/home/runner/work/gson/gson/gson/target/generated-sources/java-templates/com;;IN_ACCESS,IN_ISDIR
2026-09-04T07:39:04.203253Z;/home/runner/work/gson/gson/gson/target/generated-sources/java-templates/com;google;IN_ACCESS,IN_ISDIR
2026-09-04T07:39:04.203623Z;/home/runner/work/gson/gson/gson/target/generated-sources/java-templates/com/google;;IN_ACCESS,IN_ISDIR
2026-09-04T07:39:04.204020Z;/home/runner/work/gson/gson/gson/target/generated-sources/java-templates/com;google;IN_ACCESS,IN_ISDIR
2026-09-04T07:39:04.204629Z;/home/runner/work/gson/gson/gson/target/generated-sources/java-templates/com/google;;IN_ACCESS,IN_ISDIR
2026-09-04T07:39:04.205004Z;/home/runner/work/gson/gson/gson/target/generated-sources/java-templates/com/google;gson;IN_ACCESS,IN_ISDIR
2026-09-04T07:39:04.205414Z;/home/runner/work/gson/gson/gson/target/generated-sources/java-templates/com/google/gson;;IN_ACCESS,IN_ISDIR
2026-09-04T07:39:04.205895Z;/home/runner/work/gson/gson/gson/target/generated-sources/java-templates/com/google;gson;IN_ACCESS,IN_ISDIR
2026-09-04T07:39:04.206221Z;/home/runner/work/gson/gson/gson/target/generated-sources/java-templates/com/google/gson;;IN_ACCESS,IN_ISDIR
2026-09-04T07:39:04.206580Z;/home/runner/work/gson/gson/gson/target/generated-sources/java-templates/com/google/gson;internal;IN_ACCESS,IN_ISDIR
2026-09-04T07:39:04.207126Z;/home/runner/work/gson/gson/gson/target/generated-sources/java-templates/com/google/gson/internal;;IN_ACCESS,IN_ISDIR
2026-09-04T07:39:04.207477Z;/home/runner/work/gson/gson/gson/target/generated-sources/java-templates/com/google/gson;internal;IN_ACCESS,IN_ISDIR
2026-09-04T07:39:04.207841Z;/home/runner/work/gson/gson/gson/target/generated-sources/java-templates/com/google/gson/internal;;IN_ACCESS,IN_ISDIR
2026-09-04T07:39:04.208216Z;/home/runner/work/gson/gson/gson/target/generated-sources/java-templates/com/google/gson/internal;GsonBuildConfig.java;IN_DELETE
2026-09-04T07:39:04.208559Z;/home/runner/work/gson/gson/gson/target/generated-sources/java-templates/com/google/gson/internal;;IN_IGNORED
2026-09-04T07:39:04.209534Z;/home/runner/work/gson/gson/gson/target/generated-sources/java-templates/com/google/gson;internal;IN_DELETE,IN_ISDIR
2026-09-04T07:39:04.209969Z;/home/runner/work/gson/gson/gson/target/generated-sources/java-templates/com/google/gson;;IN_IGNORED
2026-09-04T07:39:04.210310Z;/home/runner/work/gson/gson/gson/target/generated-sources/java-templates/com/google;gson;IN_DELETE,IN_ISDIR
2026-09-04T07:39:04.210636Z;/home/runner/work/gson/gson/gson/target/generated-sources/java-templates/com/google;;IN_IGNORED
2026-09-04T07:39:04.210983Z;/home/runner/work/gson/gson/gson/target/generated-sources/java-templates/com;google;IN_DELETE,IN_ISDIR
2026-09-04T07:39:04.211313Z;/home/runner/work/gson/gson/gson/target/generated-sources/java-templates/com;;IN_IGNORED
2026-09-04T07:39:04.211653Z;/home/runner/work/gson/gson/gson/target/generated-sources/java-templates;com;IN_DELETE,IN_ISDIR
2026-09-04T07:39:04.212195Z;/home/runner/work/gson/gson/gson/target/generated-sources/java-templates;;IN_IGNORED
2026-09-04T07:39:04.212528Z;/home/runner/work/gson/gson/gson/target/generated-sources;java-templates;IN_DELETE,IN_ISDIR
2026-09-04T07:39:04.212891Z;/home/runner/work/gson/gson/gson/target/generated-sources;;IN_IGNORED
2026-09-04T07:39:04.213226Z;/home/runner/work/gson/gson/gson/target;generated-sources;IN_DELETE,IN_ISDIR
2026-09-04T07:39:04.213716Z;/home/runner/work/gson/gson/gson/target;gson-2.14.1-SNAPSHOT.jar;IN_DELETE
2026-09-04T07:39:04.214112Z;/home/runner/work/gson/gson/gson/target;moditect;IN_ACCESS,IN_ISDIR
2026-09-04T07:39:04.214450Z;/home/runner/work/gson/gson/gson/target/moditect;;IN_ACCESS,IN_ISDIR
2026-09-04T07:39:04.214798Z;/home/runner/work/gson/gson/gson/target;moditect;IN_ACCESS,IN_ISDIR
2026-09-04T07:39:04.215146Z;/home/runner/work/gson/gson/gson/target/moditect;;IN_ACCESS,IN_ISDIR
2026-09-04T07:39:04.215516Z;/home/runner/work/gson/gson/gson/target/moditect;generated-sources;IN_ACCESS,IN_ISDIR
2026-09-04T07:39:04.215873Z;/home/runner/work/gson/gson/gson/target/moditect/generated-sources;;IN_ACCESS,IN_ISDIR
2026-09-04T07:39:04.216229Z;/home/runner/work/gson/gson/gson/target/moditect;generated-sources;IN_ACCESS,IN_ISDIR
2026-09-04T07:39:04.216572Z;/home/runner/work/gson/gson/gson/target/moditect/generated-sources;;IN_ACCESS,IN_ISDIR
2026-09-04T07:39:04.216936Z;/home/runner/work/gson/gson/gson/target/moditect/generated-sources;;IN_IGNORED
2026-09-04T07:39:04.217291Z;/home/runner/work/gson/gson/gson/target/moditect;generated-sources;IN_DELETE,IN_ISDIR
2026-09-04T07:39:04.217654Z;/home/runner/work/gson/gson/gson/target/moditect;;IN_IGNORED
2026-09-04T07:39:04.218076Z;/home/runner/work/gson/gson/gson/target;moditect;IN_DELETE,IN_ISDIR
2026-09-04T07:39:04.218439Z;/home/runner/work/gson/gson/gson/target;maven-archiver;IN_ACCESS,IN_ISDIR
2026-09-04T07:39:04.218795Z;/home/runner/work/gson/gson/gson/target/maven-archiver;;IN_ACCESS,IN_ISDIR
2026-09-04T07:39:04.219165Z;/home/runner/work/gson/gson/gson/target;maven-archiver;IN_ACCESS,IN_ISDIR
2026-09-04T07:39:04.219518Z;/home/runner/work/gson/gson/gson/target/maven-archiver;;IN_ACCESS,IN_ISDIR
2026-09-04T07:39:04.219855Z;/home/runner/work/gson/gson/gson/target/maven-archiver;pom.properties;IN_DELETE
2026-09-04T07:39:04.220197Z;/home/runner/work/gson/gson/gson/target/maven-archiver;;IN_IGNORED
2026-09-04T07:39:04.220656Z;/home/runner/work/gson/gson/gson/target;maven-archiver;IN_DELETE,IN_ISDIR
2026-09-04T07:39:04.221637Z;/home/runner/work/gson/gson/gson/target;;IN_IGNORED
2026-09-04T07:39:04.221961Z;/home/runner/work/gson/gson/gson;target;IN_DELETE,IN_ISDIR
2026-09-04T07:39:04.222873Z;/home/runner/work/gson/gson/gson;target;IN_CREATE,IN_ISDIR
2026-09-04T07:39:04.223199Z;/home/runner/work/gson/gson/gson/src/main;java-templates;IN_ACCESS,IN_ISDIR
2026-09-04T07:39:04.223502Z;/home/runner/work/gson/gson/gson/src/main/java-templates;;IN_ACCESS,IN_ISDIR
2026-09-04T07:39:04.225251Z;/home/runner/work/gson/gson/gson/src/main;java-templates;IN_ACCESS,IN_ISDIR
2026-09-04T07:39:04.225615Z;/home/runner/work/gson/gson/gson/src/main/java-templates;;IN_ACCESS,IN_ISDIR
2026-09-04T07:39:04.228458Z;/home/runner/work/gson/gson/gson/src/main/java-templates;com;IN_ACCESS,IN_ISDIR
2026-09-04T07:39:04.228812Z;/home/runner/work/gson/gson/gson/src/main/java-templates/com;;IN_ACCESS,IN_ISDIR
2026-09-04T07:39:04.229154Z;/home/runner/work/gson/gson/gson/src/main/java-templates;com;IN_ACCESS,IN_ISDIR
2026-09-04T07:39:04.229752Z;/home/runner/work/gson/gson/gson/src/main/java-templates/com;;IN_ACCESS,IN_ISDIR
2026-09-04T07:39:04.232034Z;/home/runner/work/gson/gson/gson/src/main/java-templates/com;google;IN_ACCESS,IN_ISDIR
2026-09-04T07:39:04.232435Z;/home/runner/work/gson/gson/gson/src/main/java-templates/com/google;;IN_ACCESS,IN_ISDIR
2026-09-04T07:39:04.232843Z;/home/runner/work/gson/gson/gson/src/main/java-templates/com;google;IN_ACCESS,IN_ISDIR
2026-09-04T07:39:04.233481Z;/home/runner/work/gson/gson/gson/src/main/java-templates/com/google;;IN_ACCESS,IN_ISDIR
2026-09-04T07:39:04.234748Z;/home/runner/work/gson/gson/gson/src/main/java-templates/com/google;gson;IN_ACCESS,IN_ISDIR
2026-09-04T07:39:04.235072Z;/home/runner/work/gson/gson/gson/src/main/java-templates/com/google/gson;;IN_ACCESS,IN_ISDIR
2026-09-04T07:39:04.235808Z;/home/runner/work/gson/gson/gson/src/main/java-templates/com/google;gson;IN_ACCESS,IN_ISDIR
2026-09-04T07:39:04.236159Z;/home/runner/work/gson/gson/gson/src/main/java-templates/com/google/gson;;IN_ACCESS,IN_ISDIR
2026-09-04T07:39:04.236531Z;/home/runner/work/gson/gson/gson/src/main/java-templates/com/google/gson;internal;IN_ACCESS,IN_ISDIR
2026-09-04T07:39:04.237554Z;/home/runner/work/gson/gson/gson/src/main/java-templates/com/google/gson/internal;;IN_ACCESS,IN_ISDIR
2026-09-04T07:39:04.237886Z;/home/runner/work/gson/gson/gson/src/main/java-templates/com/google/gson;internal;IN_ACCESS,IN_ISDIR
2026-09-04T07:39:04.238266Z;/home/runner/work/gson/gson/gson/src/main/java-templates/com/google/gson/internal;;IN_ACCESS,IN_ISDIR
2026-09-04T07:39:04.238600Z;/home/runner/work/gson/gson/gson/src/main/java-templates/com/google/gson/internal;GsonBuildConfig.java;IN_ACCESS
2026-09-04T07:39:04.238947Z;/home/runner/work/gson/gson/gson/src/main;resources;IN_ACCESS,IN_ISDIR
2026-09-04T07:39:04.239284Z;/home/runner/work/gson/gson/gson/src/main/resources;;IN_ACCESS,IN_ISDIR
2026-09-04T07:39:04.239623Z;/home/runner/work/gson/gson/gson/src/main;resources;IN_ACCESS,IN_ISDIR
2026-09-04T07:39:04.240225Z;/home/runner/work/gson/gson/gson/src/main/resources;;IN_ACCESS,IN_ISDIR
2026-09-04T07:39:04.240574Z;/home/runner/work/gson/gson/gson/src/main/resources;META-INF;IN_ACCESS,IN_ISDIR
2026-09-04T07:39:04.240934Z;/home/runner/work/gson/gson/gson/src/main/resources/META-INF;;IN_ACCESS,IN_ISDIR
2026-09-04T07:39:04.241281Z;/home/runner/work/gson/gson/gson/src/main/resources;META-INF;IN_ACCESS,IN_ISDIR
2026-09-04T07:39:04.241651Z;/home/runner/work/gson/gson/gson/src/main/resources/META-INF;;IN_ACCESS,IN_ISDIR
2026-09-04T07:39:04.242011Z;/home/runner/work/gson/gson/gson/src/main/resources/META-INF;proguard;IN_ACCESS,IN_ISDIR
2026-09-04T07:39:04.242375Z;/home/runner/work/gson/gson/gson/src/main/resources/META-INF/proguard;;IN_ACCESS,IN_ISDIR
2026-09-04T07:39:04.243883Z;/home/runner/work/gson/gson/gson/src/main/resources/META-INF;proguard;IN_ACCESS,IN_ISDIR
2026-09-04T07:39:04.244195Z;/home/runner/work/gson/gson/gson/src/main/resources/META-INF/proguard;;IN_ACCESS,IN_ISDIR
2026-09-04T07:39:04.245304Z;/home/runner/work/gson/gson/gson/src/main/resources/META-INF/proguard;gson.pro;IN_ACCESS
2026-09-04T07:39:04.247886Z;/home/runner/work/gson/gson/gson;target;IN_ACCESS,IN_ISDIR
2026-09-04T07:39:04.281379Z;/home/runner/work/gson/gson/gson/target/generated-sources;annotations;IN_CREATE,IN_ISDIR
2026-09-04T07:39:04.284933Z;/home/runner/work/gson/gson/gson/target/generated-sources;annotations;IN_ACCESS,IN_ISDIR
2026-09-04T07:39:04.286402Z;/home/runner/work/gson/gson/gson/src/main;java;IN_ACCESS,IN_ISDIR
2026-09-04T07:39:04.286716Z;/home/runner/work/gson/gson/gson/src/main/java;;IN_ACCESS,IN_ISDIR
2026-09-04T07:39:04.287025Z;/home/runner/work/gson/gson/gson/src/main;java;IN_ACCESS,IN_ISDIR
2026-09-04T07:39:04.287359Z;/home/runner/work/gson/gson/gson/src/main/java;;IN_ACCESS,IN_ISDIR
2026-09-04T07:39:04.288619Z;/home/runner/work/gson/gson/gson/src/main/java;com;IN_ACCESS,IN_ISDIR
2026-09-04T07:39:04.288929Z;/home/runner/work/gson/gson/gson/src/main/java/com;;IN_ACCESS,IN_ISDIR
2026-09-04T07:39:04.289216Z;/home/runner/work/gson/gson/gson/src/main/java;com;IN_ACCESS,IN_ISDIR
2026-09-04T07:39:04.289502Z;/home/runner/work/gson/gson/gson/src/main/java/com;;IN_ACCESS,IN_ISDIR
2026-09-04T07:39:04.289800Z;/home/runner/work/gson/gson/gson/src/main/java/com;google;IN_ACCESS,IN_ISDIR
2026-09-04T07:39:04.290108Z;/home/runner/work/gson/gson/gson/src/main/java/com/google;;IN_ACCESS,IN_ISDIR
2026-09-04T07:39:04.290415Z;/home/runner/work/gson/gson/gson/src/main/java/com;google;IN_ACCESS,IN_ISDIR
2026-09-04T07:39:04.290744Z;/home/runner/work/gson/gson/gson/src/main/java/com/google;;IN_ACCESS,IN_ISDIR
2026-09-04T07:39:04.291112Z;/home/runner/work/gson/gson/gson/src/main/java/com/google;gson;IN_ACCESS,IN_ISDIR
2026-09-04T07:39:04.291914Z;/home/runner/work/gson/gson/gson/src/main/java/com/google/gson;;IN_ACCESS,IN_ISDIR
2026-09-04T07:39:04.292268Z;/home/runner/work/gson/gson/gson/src/main/java/com/google;gson;IN_ACCESS,IN_ISDIR
2026-09-04T07:39:04.292597Z;/home/runner/work/gson/gson/gson/src/main/java/com/google/gson;;IN_ACCESS,IN_ISDIR
2026-09-04T07:39:04.292987Z;/home/runner/work/gson/gson/gson/src/main/java/com/google/gson;annotations;IN_ACCESS,IN_ISDIR
2026-09-04T07:39:04.293636Z;/home/runner/work/gson/gson/gson/src/main/java/com/google/gson/annotations;;IN_ACCESS,IN_ISDIR
2026-09-04T07:39:04.293987Z;/home/runner/work/gson/gson/gson/src/main/java/com/google/gson;annotations;IN_ACCESS,IN_ISDIR
2026-09-04T07:39:04.294399Z;/home/runner/work/gson/gson/gson/src/main/java/com/google/gson/annotations;;IN_ACCESS,IN_ISDIR
2026-09-04T07:39:04.294710Z;/home/runner/work/gson/gson/gson/src/main/java/com/google/gson;internal;IN_ACCESS,IN_ISDIR
2026-09-04T07:39:04.295284Z;/home/runner/work/gson/gson/gson/src/main/java/com/google/gson/internal;;IN_ACCESS,IN_ISDIR
2026-09-04T07:39:04.295604Z;/home/runner/work/gson/gson/gson/src/main/java/com/google/gson;internal;IN_ACCESS,IN_ISDIR
2026-09-04T07:39:04.295925Z;/home/runner/work/gson/gson/gson/src/main/java/com/google/gson/internal;;IN_ACCESS,IN_ISDIR
2026-09-04T07:39:04.296264Z;/home/runner/work/gson/gson/gson/src/main/java/com/google/gson/internal;bind;IN_ACCESS,IN_ISDIR
2026-09-04T07:39:04.296619Z;/home/runner/work/gson/gson/gson/src/main/java/com/google/gson/internal/bind;;IN_ACCESS,IN_ISDIR
2026-09-04T07:39:04.297839Z;/home/runner/work/gson/gson/gson/src/main/java/com/google/gson/internal;bind;IN_ACCESS,IN_ISDIR
2026-09-04T07:39:04.298182Z;/home/runner/work/gson/gson/gson/src/main/java/com/google/gson/internal/bind;;IN_ACCESS,IN_ISDIR
2026-09-04T07:39:04.299164Z;/home/runner/work/gson/gson/gson/src/main/java/com/google/gson/internal/bind;util;IN_ACCESS,IN_ISDIR
2026-09-04T07:39:04.299490Z;/home/runner/work/gson/gson/gson/src/main/java/com/google/gson/internal/bind/util;;IN_ACCESS,IN_ISDIR
2026-09-04T07:39:04.299819Z;/home/runner/work/gson/gson/gson/src/main/java/com/google/gson/internal/bind;util;IN_ACCESS,IN_ISDIR
2026-09-04T07:39:04.300142Z;/home/runner/work/gson/gson/gson/src/main/java/com/google/gson/internal/bind/util;;IN_ACCESS,IN_ISDIR
2026-09-04T07:39:04.300468Z;/home/runner/work/gson/gson/gson/src/main/java/com/google/gson/internal;reflect;IN_ACCESS,IN_ISDIR
2026-09-04T07:39:04.300933Z;/home/runner/work/gson/gson/gson/src/main/java/com/google/gson/internal/reflect;;IN_ACCESS,IN_ISDIR
2026-09-04T07:39:04.301287Z;/home/runner/work/gson/gson/gson/src/main/java/com/google/gson/internal;reflect;IN_ACCESS,IN_ISDIR
2026-09-04T07:39:04.301634Z;/home/runner/work/gson/gson/gson/src/main/java/com/google/gson/internal/reflect;;IN_ACCESS,IN_ISDIR
2026-09-04T07:39:04.302056Z;/home/runner/work/gson/gson/gson/src/main/java/com/google/gson/internal;sql;IN_ACCESS,IN_ISDIR
2026-09-04T07:39:04.302465Z;/home/runner/work/gson/gson/gson/src/main/java/com/google/gson/internal/sql;;IN_ACCESS,IN_ISDIR
2026-09-04T07:39:04.302831Z;/home/runner/work/gson/gson/gson/src/main/java/com/google/gson/internal;sql;IN_ACCESS,IN_ISDIR
2026-09-04T07:39:04.304136Z;/home/runner/work/gson/gson/gson/src/main/java/com/google/gson/internal/sql;;IN_ACCESS,IN_ISDIR
2026-09-04T07:39:04.304471Z;/home/runner/work/gson/gson/gson/src/main/java/com/google/gson;reflect;IN_ACCESS,IN_ISDIR
2026-09-04T07:39:04.304964Z;/home/runner/work/gson/gson/gson/src/main/java/com/google/gson/reflect;;IN_ACCESS,IN_ISDIR
2026-09-04T07:39:04.305303Z;/home/runner/work/gson/gson/gson/src/main/java/com/google/gson;reflect;IN_ACCESS,IN_ISDIR
2026-09-04T07:39:04.305642Z;/home/runner/work/gson/gson/gson/src/main/java/com/google/gson/reflect;;IN_ACCESS,IN_ISDIR
2026-09-04T07:39:04.305955Z;/home/runner/work/gson/gson/gson/src/main/java/com/google/gson;stream;IN_ACCESS,IN_ISDIR
2026-09-04T07:39:04.306268Z;/home/runner/work/gson/gson/gson/src/main/java/com/google/gson/stream;;IN_ACCESS,IN_ISDIR
2026-09-04T07:39:04.306768Z;/home/runner/work/gson/gson/gson/src/main/java/com/google/gson;stream;IN_ACCESS,IN_ISDIR
2026-09-04T07:39:04.307071Z;/home/runner/work/gson/gson/gson/src/main/java/com/google/gson/stream;;IN_ACCESS,IN_ISDIR
2026-09-04T07:39:04.307399Z;/home/runner/work/gson/gson/gson/target/generated-sources;java-templates;IN_ACCESS,IN_ISDIR
2026-09-04T07:39:04.307698Z;/home/runner/work/gson/gson/gson/target/generated-sources/java-templates;;IN_ACCESS,IN_ISDIR
2026-09-04T07:39:04.308031Z;/home/runner/work/gson/gson/gson/target/generated-sources;java-templates;IN_ACCESS,IN_ISDIR
2026-09-04T07:39:04.308362Z;/home/runner/work/gson/gson/gson/target/generated-sources/java-templates;;IN_ACCESS,IN_ISDIR
2026-09-04T07:39:04.308728Z;/home/runner/work/gson/gson/gson/target/generated-sources/java-templates;com;IN_ACCESS,IN_ISDIR
2026-09-04T07:39:04.309093Z;/home/runner/work/gson/gson/gson/target/generated-sources/java-templates/com;;IN_ACCESS,IN_ISDIR
2026-09-04T07:39:04.310516Z;/home/runner/work/gson/gson/gson/target/generated-sources/java-templates;com;IN_ACCESS,IN_ISDIR
2026-09-04T07:39:04.310988Z;/home/runner/work/gson/gson/gson/target/generated-sources/java-templates/com;;IN_ACCESS,IN_ISDIR
2026-09-04T07:39:04.311363Z;/home/runner/work/gson/gson/gson/target/generated-sources/java-templates/com;google;IN_ACCESS,IN_ISDIR
2026-09-04T07:39:04.311693Z;/home/runner/work/gson/gson/gson/target/generated-sources/java-templates/com/google;;IN_ACCESS,IN_ISDIR
2026-09-04T07:39:04.312073Z;/home/runner/work/gson/gson/gson/target/generated-sources/java-templates/com;google;IN_ACCESS,IN_ISDIR
2026-09-04T07:39:04.312394Z;/home/runner/work/gson/gson/gson/target/generated-sources/java-templates/com/google;;IN_ACCESS,IN_ISDIR
2026-09-04T07:39:04.312713Z;/home/runner/work/gson/gson/gson/target/generated-sources/java-templates/com/google;gson;IN_ACCESS,IN_ISDIR
2026-09-04T07:39:04.313033Z;/home/runner/work/gson/gson/gson/target/generated-sources/java-templates/com/google/gson;;IN_ACCESS,IN_ISDIR
2026-09-04T07:39:04.313360Z;/home/runner/work/gson/gson/gson/target/generated-sources/java-templates/com/google;gson;IN_ACCESS,IN_ISDIR
2026-09-04T07:39:04.313694Z;/home/runner/work/gson/gson/gson/target/generated-sources/java-templates/com/google/gson;;IN_ACCESS,IN_ISDIR
2026-09-04T07:39:04.313998Z;/home/runner/work/gson/gson/gson/target/generated-sources/java-templates/com/google/gson;internal;IN_ACCESS,IN_ISDIR
2026-09-04T07:39:04.314346Z;/home/runner/work/gson/gson/gson/target/generated-sources/java-templates/com/google/gson/internal;;IN_ACCESS,IN_ISDIR
2026-09-04T07:39:04.314807Z;/home/runner/work/gson/gson/gson/target/generated-sources/java-templates/com/google/gson;internal;IN_ACCESS,IN_ISDIR
2026-09-04T07:39:04.315110Z;/home/runner/work/gson/gson/gson/target/generated-sources/java-templates/com/google/gson/internal;;IN_ACCESS,IN_ISDIR
2026-09-04T07:39:04.315415Z;/home/runner/work/gson/gson/gson/src/main;java;IN_ACCESS,IN_ISDIR
2026-09-04T07:39:04.315759Z;/home/runner/work/gson/gson/gson/src/main/java;;IN_ACCESS,IN_ISDIR
2026-09-04T07:39:04.316243Z;/home/runner/work/gson/gson/gson/src/main;java;IN_ACCESS,IN_ISDIR
2026-09-04T07:39:04.316585Z;/home/runner/work/gson/gson/gson/src/main/java;;IN_ACCESS,IN_ISDIR
2026-09-04T07:39:04.316896Z;/home/runner/work/gson/gson/gson/src/main/java;com;IN_ACCESS,IN_ISDIR
2026-09-04T07:39:04.317213Z;/home/runner/work/gson/gson/gson/src/main/java/com;;IN_ACCESS,IN_ISDIR
2026-09-04T07:39:04.317558Z;/home/runner/work/gson/gson/gson/src/main/java;com;IN_ACCESS,IN_ISDIR
2026-09-04T07:39:04.317929Z;/home/runner/work/gson/gson/gson/src/main/java/com;;IN_ACCESS,IN_ISDIR
2026-09-04T07:39:04.318283Z;/home/runner/work/gson/gson/gson/src/main/java/com;google;IN_ACCESS,IN_ISDIR
2026-09-04T07:39:04.318665Z;/home/runner/work/gson/gson/gson/src/main/java/com/google;;IN_ACCESS,IN_ISDIR
2026-09-04T07:39:04.318997Z;/home/runner/work/gson/gson/gson/src/main/java/com;google;IN_ACCESS,IN_ISDIR
2026-09-04T07:39:04.319315Z;/home/runner/work/gson/gson/gson/src/main/java/com/google;;IN_ACCESS,IN_ISDIR
2026-09-04T07:39:04.319642Z;/home/runner/work/gson/gson/gson/src/main/java/com/google;gson;IN_ACCESS,IN_ISDIR
2026-09-04T07:39:04.319959Z;/home/runner/work/gson/gson/gson/src/main/java/com/google/gson;;IN_ACCESS,IN_ISDIR
2026-09-04T07:39:04.320318Z;/home/runner/work/gson/gson/gson/src/main/java/com/google;gson;IN_ACCESS,IN_ISDIR
2026-09-04T07:39:04.320866Z;/home/runner/work/gson/gson/gson/src/main/java/com/google/gson;;IN_ACCESS,IN_ISDIR
2026-09-04T07:39:04.321210Z;/home/runner/work/gson/gson/gson/src/main/java/com/google/gson;annotations;IN_ACCESS,IN_ISDIR
2026-09-04T07:39:04.321533Z;/home/runner/work/gson/gson/gson/src/main/java/com/google/gson/annotations;;IN_ACCESS,IN_ISDIR
2026-09-04T07:39:04.321938Z;/home/runner/work/gson/gson/gson/src/main/java/com/google/gson;annotations;IN_ACCESS,IN_ISDIR
2026-09-04T07:39:04.322281Z;/home/runner/work/gson/gson/gson/src/main/java/com/google/gson/annotations;;IN_ACCESS,IN_ISDIR
2026-09-04T07:39:04.322609Z;/home/runner/work/gson/gson/gson/src/main/java/com/google/gson;internal;IN_ACCESS,IN_ISDIR
2026-09-04T07:39:04.322913Z;/home/runner/work/gson/gson/gson/src/main/java/com/google/gson/internal;;IN_ACCESS,IN_ISDIR
2026-09-04T07:39:04.323231Z;/home/runner/work/gson/gson/gson/src/main/java/com/google/gson;internal;IN_ACCESS,IN_ISDIR
2026-09-04T07:39:04.323567Z;/home/runner/work/gson/gson/gson/src/main/java/com/google/gson/internal;;IN_ACCESS,IN_ISDIR
2026-09-04T07:39:04.323925Z;/home/runner/work/gson/gson/gson/src/main/java/com/google/gson/internal;bind;IN_ACCESS,IN_ISDIR
2026-09-04T07:39:04.324279Z;/home/runner/work/gson/gson/gson/src/main/java/com/google/gson/internal/bind;;IN_ACCESS,IN_ISDIR
2026-09-04T07:39:04.324760Z;/home/runner/work/gson/gson/gson/src/main/java/com/google/gson/internal;bind;IN_ACCESS,IN_ISDIR
2026-09-04T07:39:04.325186Z;/home/runner/work/gson/gson/gson/src/main/java/com/google/gson/internal/bind;;IN_ACCESS,IN_ISDIR
2026-09-04T07:39:04.325570Z;/home/runner/work/gson/gson/gson/src/main/java/com/google/gson/internal/bind;util;IN_ACCESS,IN_ISDIR
2026-09-04T07:39:04.325966Z;/home/runner/work/gson/gson/gson/src/main/java/com/google/gson/internal/bind/util;;IN_ACCESS,IN_ISDIR
2026-09-04T07:39:04.326327Z;/home/runner/work/gson/gson/gson/src/main/java/com/google/gson/internal/bind;util;IN_ACCESS,IN_ISDIR
2026-09-04T07:39:04.326767Z;/home/runner/work/gson/gson/gson/src/main/java/com/google/gson/internal/bind/util;;IN_ACCESS,IN_ISDIR
2026-09-04T07:39:04.327166Z;/home/runner/work/gson/gson/gson/src/main/java/com/google/gson/internal;reflect;IN_ACCESS,IN_ISDIR
2026-09-04T07:39:04.328089Z;/home/runner/work/gson/gson/gson/src/main/java/com/google/gson/internal/reflect;;IN_ACCESS,IN_ISDIR
2026-09-04T07:39:04.328442Z;/home/runner/work/gson/gson/gson/src/main/java/com/google/gson/internal;reflect;IN_ACCESS,IN_ISDIR
2026-09-04T07:39:04.328816Z;/home/runner/work/gson/gson/gson/src/main/java/com/google/gson/internal/reflect;;IN_ACCESS,IN_ISDIR
2026-09-04T07:39:04.329428Z;/home/runner/work/gson/gson/gson/src/main/java/com/google/gson/internal;sql;IN_ACCESS,IN_ISDIR
2026-09-04T07:39:04.329799Z;/home/runner/work/gson/gson/gson/src/main/java/com/google/gson/internal/sql;;IN_ACCESS,IN_ISDIR
2026-09-04T07:39:04.330182Z;/home/runner/work/gson/gson/gson/src/main/java/com/google/gson/internal;sql;IN_ACCESS,IN_ISDIR
2026-09-04T07:39:04.330557Z;/home/runner/work/gson/gson/gson/src/main/java/com/google/gson/internal/sql;;IN_ACCESS,IN_ISDIR
2026-09-04T07:39:04.330929Z;/home/runner/work/gson/gson/gson/src/main/java/com/google/gson;reflect;IN_ACCESS,IN_ISDIR
2026-09-04T07:39:04.331290Z;/home/runner/work/gson/gson/gson/src/main/java/com/google/gson/reflect;;IN_ACCESS,IN_ISDIR
2026-09-04T07:39:04.331897Z;/home/runner/work/gson/gson/gson/src/main/java/com/google/gson;reflect;IN_ACCESS,IN_ISDIR
2026-09-04T07:39:04.332189Z;/home/runner/work/gson/gson/gson/src/main/java/com/google/gson/reflect;;IN_ACCESS,IN_ISDIR
2026-09-04T07:39:04.332694Z;/home/runner/work/gson/gson/gson/src/main/java/com/google/gson;stream;IN_ACCESS,IN_ISDIR
2026-09-04T07:39:04.333060Z;/home/runner/work/gson/gson/gson/src/main/java/com/google/gson/stream;;IN_ACCESS,IN_ISDIR
2026-09-04T07:39:04.333407Z;/home/runner/work/gson/gson/gson/src/main/java/com/google/gson;stream;IN_ACCESS,IN_ISDIR
2026-09-04T07:39:04.333754Z;/home/runner/work/gson/gson/gson/src/main/java/com/google/gson/stream;;IN_ACCESS,IN_ISDIR
2026-09-04T07:39:04.334097Z;/home/runner/work/gson/gson/gson/target/generated-sources;java-templates;IN_ACCESS,IN_ISDIR
2026-09-04T07:39:04.334452Z;/home/runner/work/gson/gson/gson/target/generated-sources/java-templates;;IN_ACCESS,IN_ISDIR
2026-09-04T07:39:04.334810Z;/home/runner/work/gson/gson/gson/target/generated-sources;java-templates;IN_ACCESS,IN_ISDIR
2026-09-04T07:39:04.335157Z;/home/runner/work/gson/gson/gson/target/generated-sources/java-templates;;IN_ACCESS,IN_ISDIR
2026-09-04T07:39:04.335504Z;/home/runner/work/gson/gson/gson/target/generated-sources/java-templates;com;IN_ACCESS,IN_ISDIR
2026-09-04T07:39:04.335849Z;/home/runner/work/gson/gson/gson/target/generated-sources/java-templates/com;;IN_ACCESS,IN_ISDIR
2026-09-04T07:39:04.336192Z;/home/runner/work/gson/gson/gson/target/generated-sources/java-templates;com;IN_ACCESS,IN_ISDIR
2026-09-04T07:39:04.336923Z;/home/runner/work/gson/gson/gson/target/generated-sources/java-templates/com;;IN_ACCESS,IN_ISDIR
2026-09-04T07:39:04.337271Z;/home/runner/work/gson/gson/gson/target/generated-sources/java-templates/com;google;IN_ACCESS,IN_ISDIR
2026-09-04T07:39:04.337827Z;/home/runner/work/gson/gson/gson/target/generated-sources/java-templates/com/google;;IN_ACCESS,IN_ISDIR
2026-09-04T07:39:04.338186Z;/home/runner/work/gson/gson/gson/target/generated-sources/java-templates/com;google;IN_ACCESS,IN_ISDIR
2026-09-04T07:39:04.338623Z;/home/runner/work/gson/gson/gson/target/generated-sources/java-templates/com/google;;IN_ACCESS,IN_ISDIR
2026-09-04T07:39:04.339042Z;/home/runner/work/gson/gson/gson/target/generated-sources/java-templates/com/google;gson;IN_ACCESS,IN_ISDIR
2026-09-04T07:39:04.339373Z;/home/runner/work/gson/gson/gson/target/generated-sources/java-templates/com/google/gson;;IN_ACCESS,IN_ISDIR
2026-09-04T07:39:04.339717Z;/home/runner/work/gson/gson/gson/target/generated-sources/java-templates/com/google;gson;IN_ACCESS,IN_ISDIR
2026-09-04T07:39:04.340046Z;/home/runner/work/gson/gson/gson/target/generated-sources/java-templates/com/google/gson;;IN_ACCESS,IN_ISDIR
2026-09-04T07:39:04.340413Z;/home/runner/work/gson/gson/gson/target/generated-sources/java-templates/com/google/gson;internal;IN_ACCESS,IN_ISDIR
2026-09-04T07:39:04.341018Z;/home/runner/work/gson/gson/gson/target/generated-sources/java-templates/com/google/gson/internal;;IN_ACCESS,IN_ISDIR
2026-09-04T07:39:04.341378Z;/home/runner/work/gson/gson/gson/target/generated-sources/java-templates/com/google/gson;internal;IN_ACCESS,IN_ISDIR
2026-09-04T07:39:04.341732Z;/home/runner/work/gson/gson/gson/target/generated-sources/java-templates/com/google/gson/internal;;IN_ACCESS,IN_ISDIR
2026-09-04T07:39:04.342281Z;/home/runner/work/gson/gson/gson/target;maven-status;IN_CREATE,IN_ISDIR
2026-09-04T07:39:04.342627Z;/home/runner/work/gson/gson/gson/target/generated-sources;annotations;IN_ACCESS,IN_ISDIR
2026-09-04T07:39:04.342945Z;/home/runner/work/gson/gson/gson/target/generated-sources/annotations;;IN_ACCESS,IN_ISDIR
2026-09-04T07:39:04.343272Z;/home/runner/work/gson/gson/gson/target/generated-sources;annotations;IN_ACCESS,IN_ISDIR
2026-09-04T07:39:04.343594Z;/home/runner/work/gson/gson/gson/target/generated-sources/annotations;;IN_ACCESS,IN_ISDIR
2026-09-04T07:39:04.343888Z;/home/runner/work/gson/gson/gson/target/generated-sources/annotations;;IN_IGNORED
2026-09-04T07:39:04.344259Z;/home/runner/work/gson/gson/gson/target/generated-sources;annotations;IN_DELETE,IN_ISDIR
2026-09-04T07:39:04.346905Z;/home/runner/work/gson/gson/gson/target/generated-sources;annotations;IN_CREATE,IN_ISDIR
2026-09-04T07:39:04.347252Z;/home/runner/work/gson/gson/gson/target;classes;IN_ACCESS,IN_ISDIR
2026-09-04T07:39:04.347617Z;/home/runner/work/gson/gson/gson/target/classes;;IN_ACCESS,IN_ISDIR
2026-09-04T07:39:04.350632Z;/home/runner/work/gson/gson/gson/target;classes;IN_ACCESS,IN_ISDIR
2026-09-04T07:39:04.350999Z;/home/runner/work/gson/gson/gson/target/classes;;IN_ACCESS,IN_ISDIR
2026-09-04T07:39:04.351340Z;/home/runner/work/gson/gson/gson/target/classes;META-INF;IN_ACCESS,IN_ISDIR
2026-09-04T07:39:04.351702Z;/home/runner/work/gson/gson/gson/target/classes/META-INF;;IN_ACCESS,IN_ISDIR
2026-09-04T07:39:04.352068Z;/home/runner/work/gson/gson/gson/target/classes;META-INF;IN_ACCESS,IN_ISDIR
2026-09-04T07:39:04.352416Z;/home/runner/work/gson/gson/gson/target/classes/META-INF;;IN_ACCESS,IN_ISDIR
2026-09-04T07:39:04.352763Z;/home/runner/work/gson/gson/gson/target/classes/META-INF;proguard;IN_ACCESS,IN_ISDIR
2026-09-04T07:39:04.353092Z;/home/runner/work/gson/gson/gson/target/classes/META-INF/proguard;;IN_ACCESS,IN_ISDIR
2026-09-04T07:39:04.353439Z;/home/runner/work/gson/gson/gson/target/classes/META-INF;proguard;IN_ACCESS,IN_ISDIR
2026-09-04T07:39:04.353821Z;/home/runner/work/gson/gson/gson/target/classes/META-INF/proguard;;IN_ACCESS,IN_ISDIR
2026-09-04T07:39:04.354151Z;/home/runner/work/gson/gson/gson/target;maven-status;IN_ACCESS,IN_ISDIR
2026-09-04T07:39:04.354486Z;/home/runner/work/gson/gson/gson/target/generated-sources;annotations;IN_ACCESS,IN_ISDIR
2026-09-04T07:39:04.566699Z;/home/runner/work/gson/gson/gson/src/main/java/com/google/gson;ExclusionStrategy.java;IN_ACCESS
2026-09-04T07:39:04.593242Z;/home/runner/work/gson/gson/gson/src/main/java/com/google/gson;FieldAttributes.java;IN_ACCESS
2026-09-04T07:39:04.601315Z;/home/runner/work/gson/gson/gson/src/main/java/com/google/gson;FieldNamingPolicy.java;IN_ACCESS
2026-09-04T07:39:04.611842Z;/home/runner/work/gson/gson/gson/src/main/java/com/google/gson;FieldNamingStrategy.java;IN_ACCESS
2026-09-04T07:39:04.614830Z;/home/runner/work/gson/gson/gson/src/main/java/com/google/gson;FormattingStyle.java;IN_ACCESS
2026-09-04T07:39:04.620428Z;/home/runner/work/gson/gson/gson/src/main/java/com/google/gson;Gson.java;IN_ACCESS
2026-09-04T07:39:04.657990Z;/home/runner/work/gson/gson/gson/src/main/java/com/google/gson;GsonBuilder.java;IN_ACCESS
2026-09-04T07:39:04.681066Z;/home/runner/work/gson/gson/gson/src/main/java/com/google/gson;InstanceCreator.java;IN_ACCESS
2026-09-04T07:39:04.682394Z;/home/runner/work/gson/gson/gson/src/main/java/com/google/gson;JsonArray.java;IN_ACCESS
2026-09-04T07:39:04.688030Z;/home/runner/work/gson/gson/gson/src/main/java/com/google/gson;JsonDeserializationContext.java;IN_ACCESS
2026-09-04T07:39:04.688815Z;/home/runner/work/gson/gson/gson/src/main/java/com/google/gson;JsonDeserializer.java;IN_ACCESS
2026-09-04T07:39:04.691868Z;/home/runner/work/gson/gson/gson/src/main/java/com/google/gson;JsonElement.java;IN_ACCESS
2026-09-04T07:39:04.693598Z;/home/runner/work/gson/gson/gson/src/main/java/com/google/gson;JsonIOException.java;IN_ACCESS
2026-09-04T07:39:04.694253Z;/home/runner/work/gson/gson/gson/src/main/java/com/google/gson;JsonNull.java;IN_ACCESS
2026-09-04T07:39:04.698321Z;/home/runner/work/gson/gson/gson/src/main/java/com/google/gson;JsonObject.java;IN_ACCESS
2026-09-04T07:39:04.699423Z;/home/runner/work/gson/gson/gson/src/main/java/com/google/gson;JsonParseException.java;IN_ACCESS
2026-09-04T07:39:04.699765Z;/home/runner/work/gson/gson/gson/src/main/java/com/google/gson;JsonParser.java;IN_ACCESS
2026-09-04T07:39:04.701422Z;/home/runner/work/gson/gson/gson/src/main/java/com/google/gson;JsonPrimitive.java;IN_ACCESS
2026-09-04T07:39:04.705124Z;/home/runner/work/gson/gson/gson/src/main/java/com/google/gson;JsonSerializationContext.java;IN_ACCESS
2026-09-04T07:39:04.706327Z;/home/runner/work/gson/gson/gson/src/main/java/com/google/gson;JsonSerializer.java;IN_ACCESS
2026-09-04T07:39:04.706700Z;/home/runner/work/gson/gson/gson/src/main/java/com/google/gson;JsonStreamParser.java;IN_ACCESS
2026-09-04T07:39:04.707414Z;/home/runner/work/gson/gson/gson/src/main/java/com/google/gson;JsonSyntaxException.java;IN_ACCESS
2026-09-04T07:39:04.707922Z;/home/runner/work/gson/gson/gson/src/main/java/com/google/gson;LongSerializationPolicy.java;IN_ACCESS
2026-09-04T07:39:04.708700Z;/home/runner/work/gson/gson/gson/src/main/java/com/google/gson;ReflectionAccessFilter.java;IN_ACCESS
2026-09-04T07:39:04.710743Z;/home/runner/work/gson/gson/gson/src/main/java/com/google/gson;Strictness.java;IN_ACCESS
2026-09-04T07:39:04.711095Z;/home/runner/work/gson/gson/gson/src/main/java/com/google/gson;ToNumberPolicy.java;IN_ACCESS
2026-09-04T07:39:04.712196Z;/home/runner/work/gson/gson/gson/src/main/java/com/google/gson;ToNumberStrategy.java;IN_ACCESS
2026-09-04T07:39:04.712829Z;/home/runner/work/gson/gson/gson/src/main/java/com/google/gson;TypeAdapter.java;IN_ACCESS
2026-09-04T07:39:04.715371Z;/home/runner/work/gson/gson/gson/src/main/java/com/google/gson;TypeAdapterFactory.java;IN_ACCESS
2026-09-04T07:39:04.716387Z;/home/runner/work/gson/gson/gson/src/main/java/com/google/gson/annotations;Expose.java;IN_ACCESS
2026-09-04T07:39:04.717111Z;/home/runner/work/gson/gson/gson/src/main/java/com/google/gson/annotations;JsonAdapter.java;IN_ACCESS
2026-09-04T07:39:04.718023Z;/home/runner/work/gson/gson/gson/src/main/java/com/google/gson/annotations;SerializedName.java;IN_ACCESS
2026-09-04T07:39:04.718751Z;/home/runner/work/gson/gson/gson/src/main/java/com/google/gson/annotations;Since.java;IN_ACCESS
2026-09-04T07:39:04.719275Z;/home/runner/work/gson/gson/gson/src/main/java/com/google/gson/annotations;Until.java;IN_ACCESS
2026-09-04T07:39:04.719877Z;/home/runner/work/gson/gson/gson/src/main/java/com/google/gson/annotations;package-info.java;IN_ACCESS
2026-09-04T07:39:04.720449Z;/home/runner/work/gson/gson/gson/src/main/java/com/google/gson/internal;ConstructorConstructor.java;IN_ACCESS
2026-09-04T07:39:04.726814Z;/home/runner/work/gson/gson/gson/src/main/java/com/google/gson/internal;Excluder.java;IN_ACCESS
2026-09-04T07:39:04.730011Z;/home/runner/work/gson/gson/gson/src/main/java/com/google/gson/internal;GsonTypes.java;IN_ACCESS
2026-09-04T07:39:04.741459Z;/home/runner/work/gson/gson/gson/src/main/java/com/google/gson/internal;JavaVersion.java;IN_ACCESS
2026-09-04T07:39:04.742874Z;/home/runner/work/gson/gson/gson/src/main/java/com/google/gson/internal;JsonReaderInternalAccess.java;IN_ACCESS
2026-09-04T07:39:04.743279Z;/home/runner/work/gson/gson/gson/src/main/java/com/google/gson/internal;LazilyParsedNumber.java;IN_ACCESS
2026-09-04T07:39:04.744441Z;/home/runner/work/gson/gson/gson/src/main/java/com/google/gson/internal;LinkedTreeMap.java;IN_ACCESS
2026-09-04T07:39:04.753345Z;/home/runner/work/gson/gson/gson/src/main/java/com/google/gson/internal;NonNullElementWrapperList.java;IN_ACCESS
2026-09-04T07:39:04.754905Z;/home/runner/work/gson/gson/gson/src/main/java/com/google/gson/internal;NumberLimits.java;IN_ACCESS
2026-09-04T07:39:04.755718Z;/home/runner/work/gson/gson/gson/src/main/java/com/google/gson/internal;ObjectConstructor.java;IN_ACCESS
2026-09-04T07:39:04.756054Z;/home/runner/work/gson/gson/gson/src/main/java/com/google/gson/internal;PreJava9DateFormatProvider.java;IN_ACCESS
2026-09-04T07:39:04.758082Z;/home/runner/work/gson/gson/gson/src/main/java/com/google/gson/internal;Primitives.java;IN_ACCESS
2026-09-04T07:39:04.761630Z;/home/runner/work/gson/gson/gson/src/main/java/com/google/gson/internal;ReflectionAccessFilterHelper.java;IN_ACCESS
2026-09-04T07:39:04.761966Z;/home/runner/work/gson/gson/gson/src/main/java/com/google/gson/internal;Streams.java;IN_ACCESS
2026-09-04T07:39:04.763397Z;/home/runner/work/gson/gson/gson/src/main/java/com/google/gson/internal;TroubleshootingGuide.java;IN_ACCESS
2026-09-04T07:39:04.763785Z;/home/runner/work/gson/gson/gson/src/main/java/com/google/gson/internal;UnsafeAllocator.java;IN_ACCESS
2026-09-04T07:39:04.765404Z;/home/runner/work/gson/gson/gson/src/main/java/com/google/gson/internal/bind;ArrayTypeAdapter.java;IN_ACCESS
2026-09-04T07:39:04.767428Z;/home/runner/work/gson/gson/gson/src/main/java/com/google/gson/internal/bind;CollectionTypeAdapterFactory.java;IN_ACCESS
2026-09-04T07:39:04.768950Z;/home/runner/work/gson/gson/gson/src/main/java/com/google/gson/internal/bind;DefaultDateTypeAdapter.java;IN_ACCESS
2026-09-04T07:39:04.771641Z;/home/runner/work/gson/gson/gson/src/main/java/com/google/gson/internal/bind;EnumTypeAdapter.java;IN_ACCESS
2026-09-04T07:39:04.773743Z;/home/runner/work/gson/gson/gson/src/main/java/com/google/gson/internal/bind;IgnoreJRERequirement.java;IN_ACCESS
2026-09-04T07:39:04.774209Z;/home/runner/work/gson/gson/gson/src/main/java/com/google/gson/internal/bind;JavaTimeTypeAdapters.java;IN_ACCESS
2026-09-04T07:39:04.780418Z;/home/runner/work/gson/gson/gson/src/main/java/com/google/gson/internal/bind;JsonAdapterAnnotationTypeAdapterFactory.java;IN_ACCESS
2026-09-04T07:39:04.783616Z;/home/runner/work/gson/gson/gson/src/main/java/com/google/gson/internal/bind;JsonElementTypeAdapter.java;IN_ACCESS
2026-09-04T07:39:04.785495Z;/home/runner/work/gson/gson/gson/src/main/java/com/google/gson/internal/bind;JsonTreeReader.java;IN_ACCESS
2026-09-04T07:39:04.790880Z;/home/runner/work/gson/gson/gson/src/main/java/com/google/gson/internal/bind;JsonTreeWriter.java;IN_ACCESS
2026-09-04T07:39:04.794008Z;/home/runner/work/gson/gson/gson/src/main/java/com/google/gson/internal/bind;MapTypeAdapterFactory.java;IN_ACCESS
2026-09-04T07:39:04.796434Z;/home/runner/work/gson/gson/gson/src/main/java/com/google/gson/internal/bind;NumberTypeAdapter.java;IN_ACCESS
2026-09-04T07:39:04.797395Z;/home/runner/work/gson/gson/gson/src/main/java/com/google/gson/internal/bind;ObjectTypeAdapter.java;IN_ACCESS
2026-09-04T07:39:04.799313Z;/home/runner/work/gson/gson/gson/src/main/java/com/google/gson/internal/bind;ReflectiveTypeAdapterFactory.java;IN_ACCESS
2026-09-04T07:39:04.806752Z;/home/runner/work/gson/gson/gson/src/main/java/com/google/gson/internal/bind;SerializationDelegatingTypeAdapter.java;IN_ACCESS
2026-09-04T07:39:04.807111Z;/home/runner/work/gson/gson/gson/src/main/java/com/google/gson/internal/bind;TreeTypeAdapter.java;IN_ACCESS
2026-09-04T07:39:04.809319Z;/home/runner/work/gson/gson/gson/src/main/java/com/google/gson/internal/bind;TypeAdapterRuntimeTypeWrapper.java;IN_ACCESS
2026-09-04T07:39:04.810424Z;/home/runner/work/gson/gson/gson/src/main/java/com/google/gson/internal/bind;TypeAdapters.java;IN_ACCESS
2026-09-04T07:39:04.822795Z;/home/runner/work/gson/gson/gson/src/main/java/com/google/gson/internal/bind/util;ISO8601Utils.java;IN_ACCESS
2026-09-04T07:39:04.827265Z;/home/runner/work/gson/gson/gson/src/main/java/com/google/gson/internal;package-info.java;IN_ACCESS
2026-09-04T07:39:04.827638Z;/home/runner/work/gson/gson/gson/src/main/java/com/google/gson/internal/reflect;ReflectionHelper.java;IN_ACCESS
2026-09-04T07:39:04.830241Z;/home/runner/work/gson/gson/gson/src/main/java/com/google/gson/internal/sql;SqlDateTypeAdapter.java;IN_ACCESS
2026-09-04T07:39:04.831257Z;/home/runner/work/gson/gson/gson/src/main/java/com/google/gson/internal/sql;SqlTimeTypeAdapter.java;IN_ACCESS
2026-09-04T07:39:04.832205Z;/home/runner/work/gson/gson/gson/src/main/java/com/google/gson/internal/sql;SqlTimestampTypeAdapter.java;IN_ACCESS
2026-09-04T07:39:04.832900Z;/home/runner/work/gson/gson/gson/src/main/java/com/google/gson/internal/sql;SqlTypesSupport.java;IN_ACCESS
2026-09-04T07:39:04.833752Z;/home/runner/work/gson/gson/gson/src/main/java/com/google/gson;package-info.java;IN_ACCESS
2026-09-04T07:39:04.834629Z;/home/runner/work/gson/gson/gson/src/main/java/com/google/gson/reflect;TypeToken.java;IN_ACCESS
2026-09-04T07:39:04.838226Z;/home/runner/work/gson/gson/gson/src/main/java/com/google/gson/reflect;package-info.java;IN_ACCESS
2026-09-04T07:39:04.838600Z;/home/runner/work/gson/gson/gson/src/main/java/com/google/gson/stream;JsonReader.java;IN_ACCESS
2026-09-04T07:39:04.860756Z;/home/runner/work/gson/gson/gson/src/main/java/com/google/gson/stream;JsonScope.java;IN_ACCESS
2026-09-04T07:39:04.862753Z;/home/runner/work/gson/gson/gson/src/main/java/com/google/gson/stream;JsonToken.java;IN_ACCESS
2026-09-04T07:39:04.863093Z;/home/runner/work/gson/gson/gson/src/main/java/com/google/gson/stream;JsonWriter.java;IN_ACCESS
2026-09-04T07:39:04.869990Z;/home/runner/work/gson/gson/gson/src/main/java/com/google/gson/stream;MalformedJsonException.java;IN_ACCESS
2026-09-04T07:39:04.870517Z;/home/runner/work/gson/gson/gson/src/main/java/com/google/gson/stream;package-info.java;IN_ACCESS
2026-09-04T07:39:04.870898Z;/home/runner/work/gson/gson/gson/target/generated-sources/java-templates/com/google/gson/internal;GsonBuildConfig.java;IN_ACCESS
2026-09-04T07:39:04.881912Z;/home/runner/work/gson/gson/gson/src/main/java/com/google;gson;IN_ACCESS,IN_ISDIR
2026-09-04T07:39:04.882345Z;/home/runner/work/gson/gson/gson/src/main/java/com/google/gson;;IN_ACCESS,IN_ISDIR
2026-09-04T07:39:04.883230Z;/home/runner/work/gson/gson/gson/src/main/java/com/google;gson;IN_ACCESS,IN_ISDIR
2026-09-04T07:39:04.883554Z;/home/runner/work/gson/gson/gson/src/main/java/com/google/gson;;IN_ACCESS,IN_ISDIR
2026-09-04T07:39:04.883923Z;/home/runner/work/gson/gson/gson/target/generated-sources/java-templates/com/google;gson;IN_ACCESS,IN_ISDIR
2026-09-04T07:39:04.884223Z;/home/runner/work/gson/gson/gson/target/generated-sources/java-templates/com/google/gson;;IN_ACCESS,IN_ISDIR
2026-09-04T07:39:04.884511Z;/home/runner/work/gson/gson/gson/target/generated-sources/java-templates/com/google;gson;IN_ACCESS,IN_ISDIR
2026-09-04T07:39:04.884817Z;/home/runner/work/gson/gson/gson/target/generated-sources/java-templates/com/google/gson;;IN_ACCESS,IN_ISDIR
2026-09-04T07:39:04.894465Z;/home/runner/work/gson/gson/gson/src/main/java/com/google/gson;annotations;IN_ACCESS,IN_ISDIR
2026-09-04T07:39:04.894864Z;/home/runner/work/gson/gson/gson/src/main/java/com/google/gson/annotations;;IN_ACCESS,IN_ISDIR
2026-09-04T07:39:04.895622Z;/home/runner/work/gson/gson/gson/src/main/java/com/google/gson;annotations;IN_ACCESS,IN_ISDIR
2026-09-04T07:39:04.895951Z;/home/runner/work/gson/gson/gson/src/main/java/com/google/gson/annotations;;IN_ACCESS,IN_ISDIR
2026-09-04T07:39:04.896281Z;/home/runner/work/gson/gson/gson/src/main/java/com/google/gson;internal;IN_ACCESS,IN_ISDIR
2026-09-04T07:39:04.896675Z;/home/runner/work/gson/gson/gson/src/main/java/com/google/gson/internal;;IN_ACCESS,IN_ISDIR
2026-09-04T07:39:04.897012Z;/home/runner/work/gson/gson/gson/src/main/java/com/google/gson;internal;IN_ACCESS,IN_ISDIR
2026-09-04T07:39:04.897325Z;/home/runner/work/gson/gson/gson/src/main/java/com/google/gson/internal;;IN_ACCESS,IN_ISDIR
2026-09-04T07:39:04.897660Z;/home/runner/work/gson/gson/gson/target/generated-sources/java-templates/com/google/gson;internal;IN_ACCESS,IN_ISDIR
2026-09-04T07:39:04.898810Z;/home/runner/work/gson/gson/gson/target/generated-sources/java-templates/com/google/gson/internal;;IN_ACCESS,IN_ISDIR
2026-09-04T07:39:04.899127Z;/home/runner/work/gson/gson/gson/target/generated-sources/java-templates/com/google/gson;internal;IN_ACCESS,IN_ISDIR
2026-09-04T07:39:04.899589Z;/home/runner/work/gson/gson/gson/target/generated-sources/java-templates/com/google/gson/internal;;IN_ACCESS,IN_ISDIR
2026-09-04T07:39:04.902194Z;/home/runner/work/gson/gson/gson/src/main/java/com/google/gson/internal;bind;IN_ACCESS,IN_ISDIR
2026-09-04T07:39:04.902575Z;/home/runner/work/gson/gson/gson/src/main/java/com/google/gson/internal/bind;;IN_ACCESS,IN_ISDIR
2026-09-04T07:39:04.903139Z;/home/runner/work/gson/gson/gson/src/main/java/com/google/gson/internal;bind;IN_ACCESS,IN_ISDIR
2026-09-04T07:39:04.903471Z;/home/runner/work/gson/gson/gson/src/main/java/com/google/gson/internal/bind;;IN_ACCESS,IN_ISDIR
2026-09-04T07:39:04.905618Z;/home/runner/work/gson/gson/gson/src/main/java/com/google/gson/internal/bind;util;IN_ACCESS,IN_ISDIR
2026-09-04T07:39:04.905979Z;/home/runner/work/gson/gson/gson/src/main/java/com/google/gson/internal/bind/util;;IN_ACCESS,IN_ISDIR
2026-09-04T07:39:04.906337Z;/home/runner/work/gson/gson/gson/src/main/java/com/google/gson/internal/bind;util;IN_ACCESS,IN_ISDIR
2026-09-04T07:39:04.906723Z;/home/runner/work/gson/gson/gson/src/main/java/com/google/gson/internal/bind/util;;IN_ACCESS,IN_ISDIR
2026-09-04T07:39:04.907348Z;/home/runner/work/gson/gson/gson/src/main/java/com/google/gson/internal;reflect;IN_ACCESS,IN_ISDIR
2026-09-04T07:39:04.908621Z;/home/runner/work/gson/gson/gson/src/main/java/com/google/gson/internal/reflect;;IN_ACCESS,IN_ISDIR
2026-09-04T07:39:04.908930Z;/home/runner/work/gson/gson/gson/src/main/java/com/google/gson/internal;reflect;IN_ACCESS,IN_ISDIR
2026-09-04T07:39:04.909225Z;/home/runner/work/gson/gson/gson/src/main/java/com/google/gson/internal/reflect;;IN_ACCESS,IN_ISDIR
2026-09-04T07:39:04.909672Z;/home/runner/work/gson/gson/gson/src/main/java/com/google/gson/internal;sql;IN_ACCESS,IN_ISDIR
2026-09-04T07:39:04.910954Z;/home/runner/work/gson/gson/gson/src/main/java/com/google/gson/internal/sql;;IN_ACCESS,IN_ISDIR
2026-09-04T07:39:04.912273Z;/home/runner/work/gson/gson/gson/src/main/java/com/google/gson/internal;sql;IN_ACCESS,IN_ISDIR
2026-09-04T07:39:04.912831Z;/home/runner/work/gson/gson/gson/src/main/java/com/google/gson/internal/sql;;IN_ACCESS,IN_ISDIR
2026-09-04T07:39:04.913227Z;/home/runner/work/gson/gson/gson/src/main/java/com/google/gson;reflect;IN_ACCESS,IN_ISDIR
2026-09-04T07:39:04.914537Z;/home/runner/work/gson/gson/gson/src/main/java/com/google/gson/reflect;;IN_ACCESS,IN_ISDIR
2026-09-04T07:39:04.917429Z;/home/runner/work/gson/gson/gson/src/main/java/com/google/gson;reflect;IN_ACCESS,IN_ISDIR
2026-09-04T07:39:04.917870Z;/home/runner/work/gson/gson/gson/src/main/java/com/google/gson/reflect;;IN_ACCESS,IN_ISDIR
2026-09-04T07:39:04.918430Z;/home/runner/work/gson/gson/gson/src/main/java/com/google/gson;stream;IN_ACCESS,IN_ISDIR
2026-09-04T07:39:04.920399Z;/home/runner/work/gson/gson/gson/src/main/java/com/google/gson/stream;;IN_ACCESS,IN_ISDIR
2026-09-04T07:39:04.924317Z;/home/runner/work/gson/gson/gson/src/main/java/com/google/gson;stream;IN_ACCESS,IN_ISDIR
2026-09-04T07:39:04.924629Z;/home/runner/work/gson/gson/gson/src/main/java/com/google/gson/stream;;IN_ACCESS,IN_ISDIR
2026-09-04T07:39:04.926198Z;/home/runner/work/gson/gson/gson/src/main/java/com;google;IN_ACCESS,IN_ISDIR
2026-09-04T07:39:04.926608Z;/home/runner/work/gson/gson/gson/src/main/java/com/google;;IN_ACCESS,IN_ISDIR
2026-09-04T07:39:04.926922Z;/home/runner/work/gson/gson/gson/src/main/java/com;google;IN_ACCESS,IN_ISDIR
2026-09-04T07:39:04.927223Z;/home/runner/work/gson/gson/gson/src/main/java/com/google;;IN_ACCESS,IN_ISDIR
2026-09-04T07:39:04.927514Z;/home/runner/work/gson/gson/gson/target/generated-sources/java-templates/com;google;IN_ACCESS,IN_ISDIR
2026-09-04T07:39:04.927808Z;/home/runner/work/gson/gson/gson/target/generated-sources/java-templates/com/google;;IN_ACCESS,IN_ISDIR
2026-09-04T07:39:04.928149Z;/home/runner/work/gson/gson/gson/target/generated-sources/java-templates/com;google;IN_ACCESS,IN_ISDIR
2026-09-04T07:39:04.928447Z;/home/runner/work/gson/gson/gson/target/generated-sources/java-templates/com/google;;IN_ACCESS,IN_ISDIR
2026-09-04T07:39:04.929625Z;/home/runner/work/gson/gson/gson/src/main/java;com;IN_ACCESS,IN_ISDIR
2026-09-04T07:39:04.929961Z;/home/runner/work/gson/gson/gson/src/main/java/com;;IN_ACCESS,IN_ISDIR
2026-09-04T07:39:04.930282Z;/home/runner/work/gson/gson/gson/src/main/java;com;IN_ACCESS,IN_ISDIR
2026-09-04T07:39:04.930599Z;/home/runner/work/gson/gson/gson/src/main/java/com;;IN_ACCESS,IN_ISDIR
2026-09-04T07:39:04.930899Z;/home/runner/work/gson/gson/gson/target/generated-sources/java-templates;com;IN_ACCESS,IN_ISDIR
2026-09-04T07:39:04.931191Z;/home/runner/work/gson/gson/gson/target/generated-sources/java-templates/com;;IN_ACCESS,IN_ISDIR
2026-09-04T07:39:04.931522Z;/home/runner/work/gson/gson/gson/target/generated-sources/java-templates;com;IN_ACCESS,IN_ISDIR
2026-09-04T07:39:04.931870Z;/home/runner/work/gson/gson/gson/target/generated-sources/java-templates/com;;IN_ACCESS,IN_ISDIR
2026-09-04T07:39:05.236894Z;/home/runner/work/gson/gson/gson/target/classes;com;IN_CREATE,IN_ISDIR
2026-09-04T07:39:05.237399Z;/home/runner/work/gson/gson/gson/target/classes;com;IN_ACCESS,IN_ISDIR
2026-09-04T07:39:05.238217Z;/home/runner/work/gson/gson/gson/target/classes/com/google/gson;internal;IN_CREATE,IN_ISDIR
2026-09-04T07:39:05.238618Z;/home/runner/work/gson/gson/gson/target/classes/com/google/gson;internal;IN_ACCESS,IN_ISDIR
2026-09-04T07:39:05.241111Z;/home/runner/work/gson/gson/gson/target/classes/com/google/gson;package-info.class;IN_CREATE
2026-09-04T07:39:05.242688Z;/home/runner/work/gson/gson/gson/target/classes/com/google/gson;reflect;IN_CREATE,IN_ISDIR
2026-09-04T07:39:05.243058Z;/home/runner/work/gson/gson/gson/target/classes/com/google/gson;stream;IN_CREATE,IN_ISDIR
2026-09-04T07:39:05.243390Z;/home/runner/work/gson/gson/gson/target/classes/com/google/gson;reflect;IN_ACCESS,IN_ISDIR
2026-09-04T07:39:05.243696Z;/home/runner/work/gson/gson/gson/target/classes/com/google/gson;stream;IN_ACCESS,IN_ISDIR
2026-09-04T07:39:05.246808Z;/home/runner/work/gson/gson/gson/target/classes/com/google/gson;ExclusionStrategy.class;IN_CREATE
2026-09-04T07:39:05.285287Z;/home/runner/work/gson/gson/gson/target/classes/com/google/gson;FieldAttributes.class;IN_CREATE
2026-09-04T07:39:05.325118Z;/home/runner/work/gson/gson/gson/target/classes/com/google/gson;FieldNamingPolicy$1.class;IN_CREATE
2026-09-04T07:39:05.325926Z;/home/runner/work/gson/gson/gson/target/classes/com/google/gson;FieldNamingPolicy$2.class;IN_CREATE
2026-09-04T07:39:05.327048Z;/home/runner/work/gson/gson/gson/target/classes/com/google/gson;FieldNamingPolicy$3.class;IN_CREATE
2026-09-04T07:39:05.328115Z;/home/runner/work/gson/gson/gson/target/classes/com/google/gson;FieldNamingPolicy$4.class;IN_CREATE
2026-09-04T07:39:05.328887Z;/home/runner/work/gson/gson/gson/target/classes/com/google/gson;FieldNamingPolicy$5.class;IN_CREATE
2026-09-04T07:39:05.331768Z;/home/runner/work/gson/gson/gson/target/classes/com/google/gson;FieldNamingPolicy$6.class;IN_CREATE
2026-09-04T07:39:05.332120Z;/home/runner/work/gson/gson/gson/target/classes/com/google/gson;FieldNamingPolicy$7.class;IN_CREATE
2026-09-04T07:39:05.336797Z;/home/runner/work/gson/gson/gson/target/classes/com/google/gson;FieldNamingPolicy.class;IN_CREATE
2026-09-04T07:39:05.339547Z;/home/runner/work/gson/gson/gson/target/classes/com/google/gson;FieldNamingStrategy.class;IN_CREATE
2026-09-04T07:39:05.346386Z;/home/runner/work/gson/gson/gson/target/classes/com/google/gson;FormattingStyle.class;IN_CREATE
2026-09-04T07:39:05.454032Z;/home/runner/work/gson/gson/gson/target/classes/com/google/gson;GsonBuilder.class;IN_CREATE
2026-09-04T07:39:05.537460Z;/home/runner/work/gson/gson/gson/target/classes/com/google/gson;Gson$FutureTypeAdapter.class;IN_CREATE
2026-09-04T07:39:05.548692Z;/home/runner/work/gson/gson/gson/target/classes/com/google/gson;Gson.class;IN_CREATE
2026-09-04T07:39:05.615693Z;/home/runner/work/gson/gson/gson/target/classes/com/google/gson/reflect;TypeToken.class;IN_CREATE
2026-09-04T07:39:05.616225Z;/home/runner/work/gson/gson/gson/target/classes/com/google/gson;TypeAdapter$NullSafeTypeAdapter.class;IN_CREATE
2026-09-04T07:39:05.618866Z;/home/runner/work/gson/gson/gson/target/classes/com/google/gson;TypeAdapter$1.class;IN_CREATE
2026-09-04T07:39:05.619215Z;/home/runner/work/gson/gson/gson/target/classes/com/google/gson;TypeAdapter.class;IN_CREATE
2026-09-04T07:39:05.630896Z;/home/runner/work/gson/gson/gson/target/classes/com/google/gson;ReflectionAccessFilter$FilterResult.class;IN_CREATE
2026-09-04T07:39:05.631512Z;/home/runner/work/gson/gson/gson/target/classes/com/google/gson;ReflectionAccessFilter$1.class;IN_CREATE
2026-09-04T07:39:05.632133Z;/home/runner/work/gson/gson/gson/target/classes/com/google/gson;ReflectionAccessFilter$2.class;IN_CREATE
2026-09-04T07:39:05.632702Z;/home/runner/work/gson/gson/gson/target/classes/com/google/gson;ReflectionAccessFilter$3.class;IN_CREATE
2026-09-04T07:39:05.633221Z;/home/runner/work/gson/gson/gson/target/classes/com/google/gson;ReflectionAccessFilter$4.class;IN_CREATE
2026-09-04T07:39:05.633777Z;/home/runner/work/gson/gson/gson/target/classes/com/google/gson;ReflectionAccessFilter.class;IN_CREATE
2026-09-04T07:39:05.699107Z;/home/runner/work/gson/gson/gson/target/classes/com/google/gson/internal;ConstructorConstructor$ThrowingObjectConstructor.class;IN_CREATE
2026-09-04T07:39:05.699871Z;/home/runner/work/gson/gson/gson/target/classes/com/google/gson/internal;ConstructorConstructor$InstanceCreatorConstructor.class;IN_CREATE
2026-09-04T07:39:05.710654Z;/home/runner/work/gson/gson/gson/target/classes/com/google/gson/internal;ConstructorConstructor.class;IN_CREATE
2026-09-04T07:39:05.724379Z;/home/runner/work/gson/gson/gson/target/classes/com/google/gson/internal;bind;IN_CREATE,IN_ISDIR
2026-09-04T07:39:05.724906Z;/home/runner/work/gson/gson/gson/target/classes/com/google/gson/internal;bind;IN_ACCESS,IN_ISDIR
2026-09-04T07:39:05.725338Z;/home/runner/work/gson/gson/gson/target/classes/com/google/gson/internal/bind;JsonAdapterAnnotationTypeAdapterFactory$1.class;IN_CREATE
2026-09-04T07:39:05.727772Z;/home/runner/work/gson/gson/gson/target/classes/com/google/gson/internal/bind;JsonAdapterAnnotationTypeAdapterFactory.class;IN_CREATE
2026-09-04T07:39:05.729206Z;/home/runner/work/gson/gson/gson/target/classes/com/google/gson;TypeAdapterFactory.class;IN_CREATE
2026-09-04T07:39:05.747667Z;/home/runner/work/gson/gson/gson/target/classes/com/google/gson/internal;Excluder$1.class;IN_CREATE
2026-09-04T07:39:05.751967Z;/home/runner/work/gson/gson/gson/target/classes/com/google/gson/internal;Excluder.class;IN_CREATE
2026-09-04T07:39:05.753423Z;/home/runner/work/gson/gson/gson/target/classes/com/google/gson;InstanceCreator.class;IN_CREATE
2026-09-04T07:39:05.756032Z;/home/runner/work/gson/gson/gson/target/classes/com/google/gson;Strictness.class;IN_CREATE
2026-09-04T07:39:05.762004Z;/home/runner/work/gson/gson/gson/target/classes/com/google/gson;LongSerializationPolicy$1.class;IN_CREATE
2026-09-04T07:39:05.762404Z;/home/runner/work/gson/gson/gson/target/classes/com/google/gson;LongSerializationPolicy$2.class;IN_CREATE
2026-09-04T07:39:05.762962Z;/home/runner/work/gson/gson/gson/target/classes/com/google/gson;LongSerializationPolicy.class;IN_CREATE
2026-09-04T07:39:05.764856Z;/home/runner/work/gson/gson/gson/target/classes/com/google/gson;ToNumberStrategy.class;IN_CREATE
2026-09-04T07:39:05.772264Z;/home/runner/work/gson/gson/gson/target/classes/com/google/gson;JsonElement.class;IN_CREATE
2026-09-04T07:39:05.775885Z;/home/runner/work/gson/gson/gson/target/classes/com/google/gson;JsonIOException.class;IN_CREATE
2026-09-04T07:39:05.777844Z;/home/runner/work/gson/gson/gson/target/classes/com/google/gson;JsonParseException.class;IN_CREATE
2026-09-04T07:39:05.778265Z;/home/runner/work/gson/gson/gson/target/classes/com/google/gson/stream;JsonScope.class;IN_CREATE
2026-09-04T07:39:05.807632Z;/home/runner/work/gson/gson/gson/target/classes/com/google/gson/stream;JsonWriter.class;IN_CREATE
2026-09-04T07:39:05.867679Z;/home/runner/work/gson/gson/gson/target/classes/com/google/gson/stream;JsonReader$1.class;IN_CREATE
2026-09-04T07:39:05.885399Z;/home/runner/work/gson/gson/gson/target/classes/com/google/gson/stream;JsonReader.class;IN_CREATE
2026-09-04T07:39:05.889220Z;/home/runner/work/gson/gson/gson/target/classes/com/google/gson;JsonSyntaxException.class;IN_CREATE
2026-09-04T07:39:05.893169Z;/home/runner/work/gson/gson/gson/target/classes/com/google/gson/stream;JsonToken.class;IN_CREATE
2026-09-04T07:39:05.900651Z;/home/runner/work/gson/gson/gson/target/classes/com/google/gson/stream;MalformedJsonException.class;IN_CREATE
2026-09-04T07:39:05.911396Z;/home/runner/work/gson/gson/gson/target/classes/com/google/gson;JsonObject.class;IN_CREATE
2026-09-04T07:39:05.924496Z;/home/runner/work/gson/gson/gson/target/classes/com/google/gson;JsonArray.class;IN_CREATE
2026-09-04T07:39:05.939871Z;/home/runner/work/gson/gson/gson/target/classes/com/google/gson;JsonPrimitive.class;IN_CREATE
2026-09-04T07:39:05.941967Z;/home/runner/work/gson/gson/gson/target/classes/com/google/gson;JsonNull.class;IN_CREATE
2026-09-04T07:39:05.981422Z;/home/runner/work/gson/gson/gson/target/classes/com/google/gson/internal;LinkedTreeMap$Node.class;IN_CREATE
2026-09-04T07:39:05.982843Z;/home/runner/work/gson/gson/gson/target/classes/com/google/gson/internal;LinkedTreeMap$LinkedTreeMapIterator.class;IN_CREATE
2026-09-04T07:39:05.983904Z;/home/runner/work/gson/gson/gson/target/classes/com/google/gson/internal;LinkedTreeMap$EntrySet$1.class;IN_CREATE
2026-09-04T07:39:05.984523Z;/home/runner/work/gson/gson/gson/target/classes/com/google/gson/internal;LinkedTreeMap$EntrySet.class;IN_CREATE
2026-09-04T07:39:05.985222Z;/home/runner/work/gson/gson/gson/target/classes/com/google/gson/internal;LinkedTreeMap$KeySet$1.class;IN_CREATE
2026-09-04T07:39:05.985871Z;/home/runner/work/gson/gson/gson/target/classes/com/google/gson/internal;LinkedTreeMap$KeySet.class;IN_CREATE
2026-09-04T07:39:05.988890Z;/home/runner/work/gson/gson/gson/target/classes/com/google/gson/internal;LinkedTreeMap.class;IN_CREATE
2026-09-04T07:39:05.990793Z;/home/runner/work/gson/gson/gson/target/classes/com/google/gson/annotations;Since.class;IN_CREATE
2026-09-04T07:39:05.991491Z;/home/runner/work/gson/gson/gson/target/classes/com/google/gson/annotations;Until.class;IN_CREATE
2026-09-04T07:39:05.992308Z;/home/runner/work/gson/gson/gson/target/classes/com/google/gson/annotations;JsonAdapter.class;IN_CREATE
2026-09-04T07:39:05.992992Z;/home/runner/work/gson/gson/gson/target/classes/com/google/gson/internal;ObjectConstructor.class;IN_CREATE
2026-09-04T07:39:05.993840Z;/home/runner/work/gson/gson/gson/target/classes/com/google/gson/internal/bind;SerializationDelegatingTypeAdapter.class;IN_CREATE
2026-09-04T07:39:05.994162Z;/home/runner/work/gson/gson/gson/target/classes/com/google/gson;JsonDeserializationContext.class;IN_CREATE
2026-09-04T07:39:05.994744Z;/home/runner/work/gson/gson/gson/target/classes/com/google/gson;JsonDeserializer.class;IN_CREATE
2026-09-04T07:39:06.000641Z;/home/runner/work/gson/gson/gson/target/classes/com/google/gson;JsonParser.class;IN_CREATE
2026-09-04T07:39:06.001859Z;/home/runner/work/gson/gson/gson/target/classes/com/google/gson;JsonSerializationContext.class;IN_CREATE
2026-09-04T07:39:06.002820Z;/home/runner/work/gson/gson/gson/target/classes/com/google/gson;JsonSerializer.class;IN_CREATE
2026-09-04T07:39:06.005345Z;/home/runner/work/gson/gson/gson/target/classes/com/google/gson;JsonStreamParser.class;IN_CREATE
2026-09-04T07:39:06.012614Z;/home/runner/work/gson/gson/gson/target/classes/com/google/gson;ToNumberPolicy$1.class;IN_CREATE
2026-09-04T07:39:06.013244Z;/home/runner/work/gson/gson/gson/target/classes/com/google/gson;ToNumberPolicy$2.class;IN_CREATE
2026-09-04T07:39:06.022806Z;/home/runner/work/gson/gson/gson/target/classes/com/google/gson;ToNumberPolicy$3.class;IN_CREATE
2026-09-04T07:39:06.023200Z;/home/runner/work/gson/gson/gson/target/classes/com/google/gson;ToNumberPolicy$4.class;IN_CREATE
2026-09-04T07:39:06.023527Z;/home/runner/work/gson/gson/gson/target/classes/com/google/gson;ToNumberPolicy.class;IN_CREATE
2026-09-04T07:39:06.023965Z;/home/runner/work/gson/gson/gson/target/classes/com/google/gson/annotations;Expose.class;IN_CREATE
2026-09-04T07:39:06.025066Z;/home/runner/work/gson/gson/gson/target/classes/com/google/gson/annotations;SerializedName.class;IN_CREATE
2026-09-04T07:39:06.058316Z;/home/runner/work/gson/gson/gson/target/classes/com/google/gson/internal;GsonTypes$ParameterizedTypeImpl.class;IN_CREATE
2026-09-04T07:39:06.059338Z;/home/runner/work/gson/gson/gson/target/classes/com/google/gson/internal;GsonTypes$GenericArrayTypeImpl.class;IN_CREATE
2026-09-04T07:39:06.060422Z;/home/runner/work/gson/gson/gson/target/classes/com/google/gson/internal;GsonTypes$WildcardTypeImpl.class;IN_CREATE
2026-09-04T07:39:06.064664Z;/home/runner/work/gson/gson/gson/target/classes/com/google/gson/internal;GsonTypes.class;IN_CREATE
2026-09-04T07:39:06.070049Z;/home/runner/work/gson/gson/gson/target/classes/com/google/gson/internal;JavaVersion.class;IN_CREATE
2026-09-04T07:39:06.071847Z;/home/runner/work/gson/gson/gson/target/classes/com/google/gson/internal;JsonReaderInternalAccess.class;IN_CREATE
2026-09-04T07:39:06.073996Z;/home/runner/work/gson/gson/gson/target/classes/com/google/gson/internal;LazilyParsedNumber.class;IN_CREATE
2026-09-04T07:39:06.084467Z;/home/runner/work/gson/gson/gson/target/classes/com/google/gson/internal;NonNullElementWrapperList.class;IN_CREATE
2026-09-04T07:39:06.087316Z;/home/runner/work/gson/gson/gson/target/classes/com/google/gson/internal;NumberLimits.class;IN_CREATE
2026-09-04T07:39:06.090884Z;/home/runner/work/gson/gson/gson/target/classes/com/google/gson/internal;PreJava9DateFormatProvider.class;IN_CREATE
2026-09-04T07:39:06.095457Z;/home/runner/work/gson/gson/gson/target/classes/com/google/gson/internal;Primitives.class;IN_CREATE
2026-09-04T07:39:06.100947Z;/home/runner/work/gson/gson/gson/target/classes/com/google/gson/internal;ReflectionAccessFilterHelper$AccessChecker$1.class;IN_CREATE
2026-09-04T07:39:06.103478Z;/home/runner/work/gson/gson/gson/target/classes/com/google/gson/internal;ReflectionAccessFilterHelper$AccessChecker$2.class;IN_CREATE
2026-09-04T07:39:06.103833Z;/home/runner/work/gson/gson/gson/target/classes/com/google/gson/internal;ReflectionAccessFilterHelper$AccessChecker.class;IN_CREATE
2026-09-04T07:39:06.104188Z;/home/runner/work/gson/gson/gson/target/classes/com/google/gson/internal;ReflectionAccessFilterHelper$1.class;IN_CREATE
2026-09-04T07:39:06.104516Z;/home/runner/work/gson/gson/gson/target/classes/com/google/gson/internal;ReflectionAccessFilterHelper.class;IN_CREATE
2026-09-04T07:39:06.110145Z;/home/runner/work/gson/gson/gson/target/classes/com/google/gson/internal;Streams$AppendableWriter$CurrentWrite.class;IN_CREATE
2026-09-04T07:39:06.112486Z;/home/runner/work/gson/gson/gson/target/classes/com/google/gson/internal;Streams$AppendableWriter.class;IN_CREATE
2026-09-04T07:39:06.114462Z;/home/runner/work/gson/gson/gson/target/classes/com/google/gson/internal;Streams$1.class;IN_CREATE
2026-09-04T07:39:06.114838Z;/home/runner/work/gson/gson/gson/target/classes/com/google/gson/internal;Streams.class;IN_CREATE
2026-09-04T07:39:06.115215Z;/home/runner/work/gson/gson/gson/target/classes/com/google/gson/internal;TroubleshootingGuide.class;IN_CREATE
2026-09-04T07:39:06.120929Z;/home/runner/work/gson/gson/gson/target/classes/com/google/gson/internal;UnsafeAllocator$1.class;IN_CREATE
2026-09-04T07:39:06.121590Z;/home/runner/work/gson/gson/gson/target/classes/com/google/gson/internal;UnsafeAllocator$2.class;IN_CREATE
2026-09-04T07:39:06.122172Z;/home/runner/work/gson/gson/gson/target/classes/com/google/gson/internal;UnsafeAllocator$3.class;IN_CREATE
2026-09-04T07:39:06.123709Z;/home/runner/work/gson/gson/gson/target/classes/com/google/gson/internal;UnsafeAllocator$4.class;IN_CREATE
2026-09-04T07:39:06.124062Z;/home/runner/work/gson/gson/gson/target/classes/com/google/gson/internal;UnsafeAllocator.class;IN_CREATE
2026-09-04T07:39:06.131841Z;/home/runner/work/gson/gson/gson/target/classes/com/google/gson/internal/bind;ArrayTypeAdapter$1.class;IN_CREATE
2026-09-04T07:39:06.132926Z;/home/runner/work/gson/gson/gson/target/classes/com/google/gson/internal/bind;ArrayTypeAdapter.class;IN_CREATE
2026-09-04T07:39:06.138862Z;/home/runner/work/gson/gson/gson/target/classes/com/google/gson/internal/bind;CollectionTypeAdapterFactory$Adapter.class;IN_CREATE
2026-09-04T07:39:06.140981Z;/home/runner/work/gson/gson/gson/target/classes/com/google/gson/internal/bind;CollectionTypeAdapterFactory.class;IN_CREATE
2026-09-04T07:39:06.157675Z;/home/runner/work/gson/gson/gson/target/classes/com/google/gson/internal/bind;DefaultDateTypeAdapter$1.class;IN_CREATE
2026-09-04T07:39:06.158897Z;/home/runner/work/gson/gson/gson/target/classes/com/google/gson/internal/bind;DefaultDateTypeAdapter$DateType$1.class;IN_CREATE
2026-09-04T07:39:06.159251Z;/home/runner/work/gson/gson/gson/target/classes/com/google/gson/internal/bind;DefaultDateTypeAdapter$DateType.class;IN_CREATE
2026-09-04T07:39:06.159648Z;/home/runner/work/gson/gson/gson/target/classes/com/google/gson/internal/bind;DefaultDateTypeAdapter.class;IN_CREATE
2026-09-04T07:39:06.167827Z;/home/runner/work/gson/gson/gson/target/classes/com/google/gson/internal/bind;EnumTypeAdapter$1.class;IN_CREATE
2026-09-04T07:39:06.169094Z;/home/runner/work/gson/gson/gson/target/classes/com/google/gson/internal/bind;EnumTypeAdapter.class;IN_CREATE
2026-09-04T07:39:06.169909Z;/home/runner/work/gson/gson/gson/target/classes/com/google/gson/internal/bind;IgnoreJRERequirement.class;IN_CREATE
2026-09-04T07:39:06.245769Z;/home/runner/work/gson/gson/gson/target/classes/com/google/gson/internal/bind;TypeAdapters$1.class;IN_CREATE
2026-09-04T07:39:06.247293Z;/home/runner/work/gson/gson/gson/target/classes/com/google/gson/internal/bind;TypeAdapters$2.class;IN_CREATE
2026-09-04T07:39:06.247992Z;/home/runner/work/gson/gson/gson/target/classes/com/google/gson/internal/bind;TypeAdapters$3.class;IN_CREATE
2026-09-04T07:39:06.248874Z;/home/runner/work/gson/gson/gson/target/classes/com/google/gson/internal/bind;TypeAdapters$4.class;IN_CREATE
2026-09-04T07:39:06.249218Z;/home/runner/work/gson/gson/gson/target/classes/com/google/gson/internal/bind;TypeAdapters$5.class;IN_CREATE
2026-09-04T07:39:06.249815Z;/home/runner/work/gson/gson/gson/target/classes/com/google/gson/internal/bind;TypeAdapters$6.class;IN_CREATE
2026-09-04T07:39:06.250430Z;/home/runner/work/gson/gson/gson/target/classes/com/google/gson/internal/bind;TypeAdapters$7.class;IN_CREATE
2026-09-04T07:39:06.251085Z;/home/runner/work/gson/gson/gson/target/classes/com/google/gson/internal/bind;TypeAdapters$8.class;IN_CREATE
2026-09-04T07:39:06.251609Z;/home/runner/work/gson/gson/gson/target/classes/com/google/gson/internal/bind;TypeAdapters$9.class;IN_CREATE
2026-09-04T07:39:06.252888Z;/home/runner/work/gson/gson/gson/target/classes/com/google/gson/internal/bind;TypeAdapters$10.class;IN_CREATE
2026-09-04T07:39:06.253269Z;/home/runner/work/gson/gson/gson/target/classes/com/google/gson/internal/bind;TypeAdapters$11.class;IN_CREATE
2026-09-04T07:39:06.253631Z;/home/runner/work/gson/gson/gson/target/classes/com/google/gson/internal/bind;TypeAdapters$12.class;IN_CREATE
2026-09-04T07:39:06.254034Z;/home/runner/work/gson/gson/gson/target/classes/com/google/gson/internal/bind;TypeAdapters$13.class;IN_CREATE
2026-09-04T07:39:06.254465Z;/home/runner/work/gson/gson/gson/target/classes/com/google/gson/internal/bind;TypeAdapters$14.class;IN_CREATE
2026-09-04T07:39:06.254852Z;/home/runner/work/gson/gson/gson/target/classes/com/google/gson/internal/bind;TypeAdapters$FloatAdapter.class;IN_CREATE
2026-09-04T07:39:06.256626Z;/home/runner/work/gson/gson/gson/target/classes/com/google/gson/internal/bind;TypeAdapters$DoubleAdapter.class;IN_CREATE
2026-09-04T07:39:06.257417Z;/home/runner/work/gson/gson/gson/target/classes/com/google/gson/internal/bind;TypeAdapters$15.class;IN_CREATE
2026-09-04T07:39:06.257738Z;/home/runner/work/gson/gson/gson/target/classes/com/google/gson/internal/bind;TypeAdapters$16.class;IN_CREATE
2026-09-04T07:39:06.258100Z;/home/runner/work/gson/gson/gson/target/classes/com/google/gson/internal/bind;TypeAdapters$17.class;IN_CREATE
2026-09-04T07:39:06.258433Z;/home/runner/work/gson/gson/gson/target/classes/com/google/gson/internal/bind;TypeAdapters$18.class;IN_CREATE
2026-09-04T07:39:06.260398Z;/home/runner/work/gson/gson/gson/target/classes/com/google/gson/internal/bind;TypeAdapters$19.class;IN_CREATE
2026-09-04T07:39:06.260896Z;/home/runner/work/gson/gson/gson/target/classes/com/google/gson/internal/bind;TypeAdapters$20.class;IN_CREATE
2026-09-04T07:39:06.261309Z;/home/runner/work/gson/gson/gson/target/classes/com/google/gson/internal/bind;TypeAdapters$21.class;IN_CREATE
2026-09-04T07:39:06.261770Z;/home/runner/work/gson/gson/gson/target/classes/com/google/gson/internal/bind;TypeAdapters$22.class;IN_CREATE
2026-09-04T07:39:06.263118Z;/home/runner/work/gson/gson/gson/target/classes/com/google/gson/internal/bind;TypeAdapters$23.class;IN_CREATE
2026-09-04T07:39:06.263532Z;/home/runner/work/gson/gson/gson/target/classes/com/google/gson/internal/bind;TypeAdapters$24.class;IN_CREATE
2026-09-04T07:39:06.263910Z;/home/runner/work/gson/gson/gson/target/classes/com/google/gson/internal/bind;TypeAdapters$25.class;IN_CREATE
2026-09-04T07:39:06.264446Z;/home/runner/work/gson/gson/gson/target/classes/com/google/gson/internal/bind;TypeAdapters$26.class;IN_CREATE
2026-09-04T07:39:06.264826Z;/home/runner/work/gson/gson/gson/target/classes/com/google/gson/internal/bind;TypeAdapters$IntegerFieldsTypeAdapter.class;IN_CREATE
2026-09-04T07:39:06.265212Z;/home/runner/work/gson/gson/gson/target/classes/com/google/gson/internal/bind;TypeAdapters$27.class;IN_CREATE
2026-09-04T07:39:06.265583Z;/home/runner/work/gson/gson/gson/target/classes/com/google/gson/internal/bind;TypeAdapters$28.class;IN_CREATE
2026-09-04T07:39:06.265979Z;/home/runner/work/gson/gson/gson/target/classes/com/google/gson/internal/bind;TypeAdapters$FactorySupplier.class;IN_CREATE
2026-09-04T07:39:06.266326Z;/home/runner/work/gson/gson/gson/target/classes/com/google/gson/internal/bind;TypeAdapters$29.class;IN_CREATE
2026-09-04T07:39:06.266697Z;/home/runner/work/gson/gson/gson/target/classes/com/google/gson/internal/bind;TypeAdapters$30.class;IN_CREATE
2026-09-04T07:39:06.267060Z;/home/runner/work/gson/gson/gson/target/classes/com/google/gson/internal/bind;TypeAdapters$31.class;IN_CREATE
2026-09-04T07:39:06.267559Z;/home/runner/work/gson/gson/gson/target/classes/com/google/gson/internal/bind;TypeAdapters$32.class;IN_CREATE
2026-09-04T07:39:06.268184Z;/home/runner/work/gson/gson/gson/target/classes/com/google/gson/internal/bind;TypeAdapters$33$1.class;IN_CREATE
2026-09-04T07:39:06.268643Z;/home/runner/work/gson/gson/gson/target/classes/com/google/gson/internal/bind;TypeAdapters$33.class;IN_CREATE
2026-09-04T07:39:06.269019Z;/home/runner/work/gson/gson/gson/target/classes/com/google/gson/internal/bind;TypeAdapters$34.class;IN_CREATE
2026-09-04T07:39:06.269623Z;/home/runner/work/gson/gson/gson/target/classes/com/google/gson/internal/bind;TypeAdapters.class;IN_CREATE
2026-09-04T07:39:06.312881Z;/home/runner/work/gson/gson/gson/target/classes/com/google/gson/internal/bind;JavaTimeTypeAdapters$1.class;IN_CREATE
2026-09-04T07:39:06.313424Z;/home/runner/work/gson/gson/gson/target/classes/com/google/gson/internal/bind;JavaTimeTypeAdapters$2.class;IN_CREATE
2026-09-04T07:39:06.313833Z;/home/runner/work/gson/gson/gson/target/classes/com/google/gson/internal/bind;JavaTimeTypeAdapters$3.class;IN_CREATE
2026-09-04T07:39:06.314216Z;/home/runner/work/gson/gson/gson/target/classes/com/google/gson/internal/bind;JavaTimeTypeAdapters$4.class;IN_CREATE
2026-09-04T07:39:06.314839Z;/home/runner/work/gson/gson/gson/target/classes/com/google/gson/internal/bind;JavaTimeTypeAdapters$5.class;IN_CREATE
2026-09-04T07:39:06.315290Z;/home/runner/work/gson/gson/gson/target/classes/com/google/gson/internal/bind;JavaTimeTypeAdapters$6.class;IN_CREATE
2026-09-04T07:39:06.316144Z;/home/runner/work/gson/gson/gson/target/classes/com/google/gson/internal/bind;JavaTimeTypeAdapters$7.class;IN_CREATE
2026-09-04T07:39:06.316796Z;/home/runner/work/gson/gson/gson/target/classes/com/google/gson/internal/bind;JavaTimeTypeAdapters$8.class;IN_CREATE
2026-09-04T07:39:06.317208Z;/home/runner/work/gson/gson/gson/target/classes/com/google/gson/internal/bind;JavaTimeTypeAdapters$9.class;IN_CREATE
2026-09-04T07:39:06.317608Z;/home/runner/work/gson/gson/gson/target/classes/com/google/gson/internal/bind;JavaTimeTypeAdapters$10.class;IN_CREATE
2026-09-04T07:39:06.318129Z;/home/runner/work/gson/gson/gson/target/classes/com/google/gson/internal/bind;JavaTimeTypeAdapters$11.class;IN_CREATE
2026-09-04T07:39:06.318849Z;/home/runner/work/gson/gson/gson/target/classes/com/google/gson/internal/bind;JavaTimeTypeAdapters$12.class;IN_CREATE
2026-09-04T07:39:06.320349Z;/home/runner/work/gson/gson/gson/target/classes/com/google/gson/internal/bind;JavaTimeTypeAdapters$13.class;IN_CREATE
2026-09-04T07:39:06.320993Z;/home/runner/work/gson/gson/gson/target/classes/com/google/gson/internal/bind;JavaTimeTypeAdapters$14.class;IN_CREATE
2026-09-04T07:39:06.321406Z;/home/runner/work/gson/gson/gson/target/classes/com/google/gson/internal/bind;JavaTimeTypeAdapters.class;IN_CREATE
2026-09-04T07:39:06.327948Z;/home/runner/work/gson/gson/gson/target/classes/com/google/gson/internal/bind;JsonElementTypeAdapter$1.class;IN_CREATE
2026-09-04T07:39:06.329277Z;/home/runner/work/gson/gson/gson/target/classes/com/google/gson/internal/bind;JsonElementTypeAdapter.class;IN_CREATE
2026-09-04T07:39:06.347180Z;/home/runner/work/gson/gson/gson/target/classes/com/google/gson/internal/bind;JsonTreeReader$1.class;IN_CREATE
2026-09-04T07:39:06.347978Z;/home/runner/work/gson/gson/gson/target/classes/com/google/gson/internal/bind;JsonTreeReader$2.class;IN_CREATE
2026-09-04T07:39:06.350846Z;/home/runner/work/gson/gson/gson/target/classes/com/google/gson/internal/bind;JsonTreeReader.class;IN_CREATE
2026-09-04T07:39:06.357615Z;/home/runner/work/gson/gson/gson/target/classes/com/google/gson/internal/bind;JsonTreeWriter$1.class;IN_CREATE
2026-09-04T07:39:06.359289Z;/home/runner/work/gson/gson/gson/target/classes/com/google/gson/internal/bind;JsonTreeWriter.class;IN_CREATE
2026-09-04T07:39:06.370173Z;/home/runner/work/gson/gson/gson/target/classes/com/google/gson/internal/bind;MapTypeAdapterFactory$Adapter.class;IN_CREATE
2026-09-04T07:39:06.370924Z;/home/runner/work/gson/gson/gson/target/classes/com/google/gson/internal/bind;MapTypeAdapterFactory.class;IN_CREATE
2026-09-04T07:39:06.374179Z;/home/runner/work/gson/gson/gson/target/classes/com/google/gson/internal/bind;NumberTypeAdapter$1.class;IN_CREATE
2026-09-04T07:39:06.374658Z;/home/runner/work/gson/gson/gson/target/classes/com/google/gson/internal/bind;NumberTypeAdapter$2.class;IN_CREATE
2026-09-04T07:39:06.375054Z;/home/runner/work/gson/gson/gson/target/classes/com/google/gson/internal/bind;NumberTypeAdapter.class;IN_CREATE
2026-09-04T07:39:06.381437Z;/home/runner/work/gson/gson/gson/target/classes/com/google/gson/internal/bind;ObjectTypeAdapter$1.class;IN_CREATE
2026-09-04T07:39:06.382237Z;/home/runner/work/gson/gson/gson/target/classes/com/google/gson/internal/bind;ObjectTypeAdapter$2.class;IN_CREATE
2026-09-04T07:39:06.384263Z;/home/runner/work/gson/gson/gson/target/classes/com/google/gson/internal/bind;ObjectTypeAdapter.class;IN_CREATE
2026-09-04T07:39:06.409766Z;/home/runner/work/gson/gson/gson/target/classes/com/google/gson/internal/bind;ReflectiveTypeAdapterFactory$1.class;IN_CREATE
2026-09-04T07:39:06.411083Z;/home/runner/work/gson/gson/gson/target/classes/com/google/gson/internal/bind;ReflectiveTypeAdapterFactory$2.class;IN_CREATE
2026-09-04T07:39:06.411620Z;/home/runner/work/gson/gson/gson/target/classes/com/google/gson/internal/bind;ReflectiveTypeAdapterFactory$FieldsData.class;IN_CREATE
2026-09-04T07:39:06.412057Z;/home/runner/work/gson/gson/gson/target/classes/com/google/gson/internal/bind;ReflectiveTypeAdapterFactory$BoundField.class;IN_CREATE
2026-09-04T07:39:06.412705Z;/home/runner/work/gson/gson/gson/target/classes/com/google/gson/internal/bind;ReflectiveTypeAdapterFactory$Adapter.class;IN_CREATE
2026-09-04T07:39:06.413663Z;/home/runner/work/gson/gson/gson/target/classes/com/google/gson/internal/bind;ReflectiveTypeAdapterFactory$FieldReflectionAdapter.class;IN_CREATE
2026-09-04T07:39:06.414804Z;/home/runner/work/gson/gson/gson/target/classes/com/google/gson/internal/bind;ReflectiveTypeAdapterFactory$RecordAdapter.class;IN_CREATE
2026-09-04T07:39:06.416715Z;/home/runner/work/gson/gson/gson/target/classes/com/google/gson/internal/bind;ReflectiveTypeAdapterFactory.class;IN_CREATE
2026-09-04T07:39:06.424670Z;/home/runner/work/gson/gson/gson/target/classes/com/google/gson/internal/bind;TreeTypeAdapter$SingleTypeFactory.class;IN_CREATE
2026-09-04T07:39:06.425173Z;/home/runner/work/gson/gson/gson/target/classes/com/google/gson/internal/bind;TreeTypeAdapter$GsonContextImpl.class;IN_CREATE
2026-09-04T07:39:06.425535Z;/home/runner/work/gson/gson/gson/target/classes/com/google/gson/internal/bind;TreeTypeAdapter$1.class;IN_CREATE
2026-09-04T07:39:06.426035Z;/home/runner/work/gson/gson/gson/target/classes/com/google/gson/internal/bind;TreeTypeAdapter.class;IN_CREATE
2026-09-04T07:39:06.429052Z;/home/runner/work/gson/gson/gson/target/classes/com/google/gson/internal/bind;TypeAdapterRuntimeTypeWrapper.class;IN_CREATE
2026-09-04T07:39:06.443420Z;/home/runner/work/gson/gson/gson/target/classes/com/google/gson/internal/bind;util;IN_CREATE,IN_ISDIR
2026-09-04T07:39:06.443977Z;/home/runner/work/gson/gson/gson/target/classes/com/google/gson/internal/bind;util;IN_ACCESS,IN_ISDIR
2026-09-04T07:39:06.452964Z;/home/runner/work/gson/gson/gson/target/classes/com/google/gson/internal;reflect;IN_CREATE,IN_ISDIR
2026-09-04T07:39:06.453428Z;/home/runner/work/gson/gson/gson/target/classes/com/google/gson/internal;reflect;IN_ACCESS,IN_ISDIR
2026-09-04T07:39:06.453816Z;/home/runner/work/gson/gson/gson/target/classes/com/google/gson/internal/reflect;ReflectionHelper$RecordSupportedHelper.class;IN_CREATE
2026-09-04T07:39:06.456652Z;/home/runner/work/gson/gson/gson/target/classes/com/google/gson/internal/reflect;ReflectionHelper$RecordNotSupportedHelper.class;IN_CREATE
2026-09-04T07:39:06.457019Z;/home/runner/work/gson/gson/gson/target/classes/com/google/gson/internal/reflect;ReflectionHelper$1.class;IN_CREATE
2026-09-04T07:39:06.458635Z;/home/runner/work/gson/gson/gson/target/classes/com/google/gson/internal/reflect;ReflectionHelper.class;IN_CREATE
2026-09-04T07:39:06.460809Z;/home/runner/work/gson/gson/gson/target/classes/com/google/gson/internal;sql;IN_CREATE,IN_ISDIR
2026-09-04T07:39:06.461264Z;/home/runner/work/gson/gson/gson/target/classes/com/google/gson/internal;sql;IN_ACCESS,IN_ISDIR
2026-09-04T07:39:06.461824Z;/home/runner/work/gson/gson/gson/target/classes/com/google/gson/internal/sql;SqlDateTypeAdapter.class;IN_CREATE
2026-09-04T07:39:06.465431Z;/home/runner/work/gson/gson/gson/target/classes/com/google/gson/internal/sql;SqlTimeTypeAdapter$1.class;IN_CREATE
2026-09-04T07:39:06.466028Z;/home/runner/work/gson/gson/gson/target/classes/com/google/gson/internal/sql;SqlTimeTypeAdapter.class;IN_CREATE
2026-09-04T07:39:06.468792Z;/home/runner/work/gson/gson/gson/target/classes/com/google/gson/internal/sql;SqlTimestampTypeAdapter$1.class;IN_CREATE
2026-09-04T07:39:06.469539Z;/home/runner/work/gson/gson/gson/target/classes/com/google/gson/internal/sql;SqlTimestampTypeAdapter.class;IN_CREATE
2026-09-04T07:39:06.473659Z;/home/runner/work/gson/gson/gson/target/classes/com/google/gson/internal/sql;SqlTypesSupport$1.class;IN_CREATE
2026-09-04T07:39:06.475263Z;/home/runner/work/gson/gson/gson/target/classes/com/google/gson/internal/sql;SqlTypesSupport$2.class;IN_CREATE
2026-09-04T07:39:06.475632Z;/home/runner/work/gson/gson/gson/target/classes/com/google/gson/internal/sql;SqlTypesSupport.class;IN_CREATE
2026-09-04T07:39:06.475999Z;/home/runner/work/gson/gson/gson/target/classes/com/google/gson/internal;GsonBuildConfig.class;IN_CREATE
2026-09-04T07:39:06.477697Z;/home/runner/work/gson/gson/gson/target;classes;IN_ACCESS,IN_ISDIR
2026-09-04T07:39:06.478032Z;/home/runner/work/gson/gson/gson/target/classes;;IN_ACCESS,IN_ISDIR
2026-09-04T07:39:06.478342Z;/home/runner/work/gson/gson/gson/target;classes;IN_ACCESS,IN_ISDIR
2026-09-04T07:39:06.478668Z;/home/runner/work/gson/gson/gson/target/classes;;IN_ACCESS,IN_ISDIR
2026-09-04T07:39:06.479006Z;/home/runner/work/gson/gson/gson/target/classes;com;IN_ACCESS,IN_ISDIR
2026-09-04T07:39:06.479332Z;/home/runner/work/gson/gson/gson/target/classes/com;;IN_ACCESS,IN_ISDIR
2026-09-04T07:39:06.479788Z;/home/runner/work/gson/gson/gson/target/classes;com;IN_ACCESS,IN_ISDIR
2026-09-04T07:39:06.480399Z;/home/runner/work/gson/gson/gson/target/classes/com;;IN_ACCESS,IN_ISDIR
2026-09-04T07:39:06.480708Z;/home/runner/work/gson/gson/gson/target/classes/com;google;IN_ACCESS,IN_ISDIR
2026-09-04T07:39:06.481022Z;/home/runner/work/gson/gson/gson/target/classes/com/google;;IN_ACCESS,IN_ISDIR
2026-09-04T07:39:06.481333Z;/home/runner/work/gson/gson/gson/target/classes/com;google;IN_ACCESS,IN_ISDIR
2026-09-04T07:39:06.481680Z;/home/runner/work/gson/gson/gson/target/classes/com/google;;IN_ACCESS,IN_ISDIR
2026-09-04T07:39:06.482672Z;/home/runner/work/gson/gson/gson/target/classes/com/google;gson;IN_ACCESS,IN_ISDIR
2026-09-04T07:39:06.483071Z;/home/runner/work/gson/gson/gson/target/classes/com/google/gson;;IN_ACCESS,IN_ISDIR
2026-09-04T07:39:06.485828Z;/home/runner/work/gson/gson/gson/target/classes/com/google;gson;IN_ACCESS,IN_ISDIR
2026-09-04T07:39:06.486192Z;/home/runner/work/gson/gson/gson/target/classes/com/google/gson;;IN_ACCESS,IN_ISDIR
2026-09-04T07:39:06.486537Z;/home/runner/work/gson/gson/gson/target/classes/com/google/gson;annotations;IN_ACCESS,IN_ISDIR
2026-09-04T07:39:06.486890Z;/home/runner/work/gson/gson/gson/target/classes/com/google/gson/annotations;;IN_ACCESS,IN_ISDIR
2026-09-04T07:39:06.487204Z;/home/runner/work/gson/gson/gson/target/classes/com/google/gson;annotations;IN_ACCESS,IN_ISDIR
2026-09-04T07:39:06.489623Z;/home/runner/work/gson/gson/gson/target/classes/com/google/gson/annotations;;IN_ACCESS,IN_ISDIR
2026-09-04T07:39:06.492883Z;/home/runner/work/gson/gson/gson/target/classes/com/google/gson;internal;IN_ACCESS,IN_ISDIR
2026-09-04T07:39:06.493841Z;/home/runner/work/gson/gson/gson/target/classes/com/google/gson/internal;;IN_ACCESS,IN_ISDIR
2026-09-04T07:39:06.494179Z;/home/runner/work/gson/gson/gson/target/classes/com/google/gson;internal;IN_ACCESS,IN_ISDIR
2026-09-04T07:39:06.494493Z;/home/runner/work/gson/gson/gson/target/classes/com/google/gson/internal;;IN_ACCESS,IN_ISDIR
2026-09-04T07:39:06.494857Z;/home/runner/work/gson/gson/gson/target/classes/com/google/gson/internal;bind;IN_ACCESS,IN_ISDIR
2026-09-04T07:39:06.496817Z;/home/runner/work/gson/gson/gson/target/classes/com/google/gson/internal/bind;;IN_ACCESS,IN_ISDIR
2026-09-04T07:39:06.497173Z;/home/runner/work/gson/gson/gson/target/classes/com/google/gson/internal;bind;IN_ACCESS,IN_ISDIR
2026-09-04T07:39:06.497524Z;/home/runner/work/gson/gson/gson/target/classes/com/google/gson/internal/bind;;IN_ACCESS,IN_ISDIR
2026-09-04T07:39:06.502753Z;/home/runner/work/gson/gson/gson/target/classes/com/google/gson/internal/bind;util;IN_ACCESS,IN_ISDIR
2026-09-04T07:39:06.505970Z;/home/runner/work/gson/gson/gson/target/classes/com/google/gson/internal/bind/util;;IN_ACCESS,IN_ISDIR
2026-09-04T07:39:06.506603Z;/home/runner/work/gson/gson/gson/target/classes/com/google/gson/internal/bind;util;IN_ACCESS,IN_ISDIR
2026-09-04T07:39:06.507022Z;/home/runner/work/gson/gson/gson/target/classes/com/google/gson/internal/bind/util;;IN_ACCESS,IN_ISDIR
2026-09-04T07:39:06.507359Z;/home/runner/work/gson/gson/gson/target/classes/com/google/gson/internal;reflect;IN_ACCESS,IN_ISDIR
2026-09-04T07:39:06.507878Z;/home/runner/work/gson/gson/gson/target/classes/com/google/gson/internal/reflect;;IN_ACCESS,IN_ISDIR
2026-09-04T07:39:06.508636Z;/home/runner/work/gson/gson/gson/target/classes/com/google/gson/internal;reflect;IN_ACCESS,IN_ISDIR
2026-09-04T07:39:06.509033Z;/home/runner/work/gson/gson/gson/target/classes/com/google/gson/internal/reflect;;IN_ACCESS,IN_ISDIR
2026-09-04T07:39:06.510514Z;/home/runner/work/gson/gson/gson/target/classes/com/google/gson/internal;sql;IN_ACCESS,IN_ISDIR
2026-09-04T07:39:06.510972Z;/home/runner/work/gson/gson/gson/target/classes/com/google/gson/internal/sql;;IN_ACCESS,IN_ISDIR
2026-09-04T07:39:06.511469Z;/home/runner/work/gson/gson/gson/target/classes/com/google/gson/internal;sql;IN_ACCESS,IN_ISDIR
2026-09-04T07:39:06.511906Z;/home/runner/work/gson/gson/gson/target/classes/com/google/gson/internal/sql;;IN_ACCESS,IN_ISDIR
2026-09-04T07:39:06.512431Z;/home/runner/work/gson/gson/gson/target/classes/com/google/gson;reflect;IN_ACCESS,IN_ISDIR
2026-09-04T07:39:06.512867Z;/home/runner/work/gson/gson/gson/target/classes/com/google/gson/reflect;;IN_ACCESS,IN_ISDIR
2026-09-04T07:39:06.513232Z;/home/runner/work/gson/gson/gson/target/classes/com/google/gson;reflect;IN_ACCESS,IN_ISDIR
2026-09-04T07:39:06.513614Z;/home/runner/work/gson/gson/gson/target/classes/com/google/gson/reflect;;IN_ACCESS,IN_ISDIR
2026-09-04T07:39:06.514605Z;/home/runner/work/gson/gson/gson/target/classes/com/google/gson;stream;IN_ACCESS,IN_ISDIR
2026-09-04T07:39:06.515018Z;/home/runner/work/gson/gson/gson/target/classes/com/google/gson/stream;;IN_ACCESS,IN_ISDIR
2026-09-04T07:39:06.515349Z;/home/runner/work/gson/gson/gson/target/classes/com/google/gson;stream;IN_ACCESS,IN_ISDIR
2026-09-04T07:39:06.515650Z;/home/runner/work/gson/gson/gson/target/classes/com/google/gson/stream;;IN_ACCESS,IN_ISDIR
2026-09-04T07:39:06.515982Z;/home/runner/work/gson/gson/gson/target/classes;META-INF;IN_ACCESS,IN_ISDIR
2026-09-04T07:39:06.516446Z;/home/runner/work/gson/gson/gson/target/classes/META-INF;;IN_ACCESS,IN_ISDIR
2026-09-04T07:39:06.516819Z;/home/runner/work/gson/gson/gson/target/classes;META-INF;IN_ACCESS,IN_ISDIR
2026-09-04T07:39:06.517259Z;/home/runner/work/gson/gson/gson/target/classes/META-INF;;IN_ACCESS,IN_ISDIR
2026-09-04T07:39:06.517723Z;/home/runner/work/gson/gson/gson/target/classes/META-INF;proguard;IN_ACCESS,IN_ISDIR
2026-09-04T07:39:06.518081Z;/home/runner/work/gson/gson/gson/target/classes/META-INF/proguard;;IN_ACCESS,IN_ISDIR
2026-09-04T07:39:06.518719Z;/home/runner/work/gson/gson/gson/target/classes/META-INF;proguard;IN_ACCESS,IN_ISDIR
2026-09-04T07:39:06.519043Z;/home/runner/work/gson/gson/gson/target/classes/META-INF/proguard;;IN_ACCESS,IN_ISDIR
2026-09-04T07:39:06.520439Z;/home/runner/work/gson/gson/gson/target/maven-status/maven-compiler-plugin/compile/default-compile;createdFiles.lst;IN_CREATE
2026-09-04T07:39:06.722862Z;/home/runner/work/gson/gson/gson/target;classes;IN_ACCESS,IN_ISDIR
2026-09-04T07:39:06.723572Z;/home/runner/work/gson/gson/gson/target/classes;;IN_ACCESS,IN_ISDIR
2026-09-04T07:39:06.723954Z;/home/runner/work/gson/gson/gson/target/classes;com;IN_ACCESS,IN_ISDIR
2026-09-04T07:39:06.724406Z;/home/runner/work/gson/gson/gson/target/classes/com;;IN_ACCESS,IN_ISDIR
2026-09-04T07:39:06.724730Z;/home/runner/work/gson/gson/gson/target/classes/com;google;IN_ACCESS,IN_ISDIR
2026-09-04T07:39:06.725050Z;/home/runner/work/gson/gson/gson/target/classes/com/google;;IN_ACCESS,IN_ISDIR
2026-09-04T07:39:06.725363Z;/home/runner/work/gson/gson/gson/target/classes/com/google;gson;IN_ACCESS,IN_ISDIR
2026-09-04T07:39:06.725713Z;/home/runner/work/gson/gson/gson/target/classes/com/google/gson;;IN_ACCESS,IN_ISDIR
2026-09-04T07:39:06.726049Z;/home/runner/work/gson/gson/gson/target/classes/com/google/gson;annotations;IN_ACCESS,IN_ISDIR
2026-09-04T07:39:06.726546Z;/home/runner/work/gson/gson/gson/target/classes/com/google/gson/annotations;;IN_ACCESS,IN_ISDIR
2026-09-04T07:39:06.726992Z;/home/runner/work/gson/gson/gson/target/classes/com/google/gson;annotations;IN_ACCESS,IN_ISDIR
2026-09-04T07:39:06.727620Z;/home/runner/work/gson/gson/gson/target/classes/com/google/gson/annotations;;IN_ACCESS,IN_ISDIR
2026-09-04T07:39:06.727933Z;/home/runner/work/gson/gson/gson/target/classes/com/google/gson;internal;IN_ACCESS,IN_ISDIR
2026-09-04T07:39:06.728233Z;/home/runner/work/gson/gson/gson/target/classes/com/google/gson/internal;;IN_ACCESS,IN_ISDIR
2026-09-04T07:39:06.728544Z;/home/runner/work/gson/gson/gson/target/classes/com/google/gson/internal;bind;IN_ACCESS,IN_ISDIR
2026-09-04T07:39:06.728955Z;/home/runner/work/gson/gson/gson/target/classes/com/google/gson/internal/bind;;IN_ACCESS,IN_ISDIR
2026-09-04T07:39:06.729277Z;/home/runner/work/gson/gson/gson/target/classes/com/google/gson/internal/bind;util;IN_ACCESS,IN_ISDIR
2026-09-04T07:39:06.731819Z;/home/runner/work/gson/gson/gson/target/classes/com/google/gson/internal/bind/util;;IN_ACCESS,IN_ISDIR
2026-09-04T07:39:06.732128Z;/home/runner/work/gson/gson/gson/target/classes/com/google/gson/internal/bind;util;IN_ACCESS,IN_ISDIR
2026-09-04T07:39:06.732564Z;/home/runner/work/gson/gson/gson/target/classes/com/google/gson/internal/bind/util;;IN_ACCESS,IN_ISDIR
2026-09-04T07:39:06.732900Z;/home/runner/work/gson/gson/gson/target/classes/com/google/gson/internal;bind;IN_ACCESS,IN_ISDIR
2026-09-04T07:39:06.735822Z;/home/runner/work/gson/gson/gson/target/classes/com/google/gson/internal/bind;;IN_ACCESS,IN_ISDIR
2026-09-04T07:39:06.736150Z;/home/runner/work/gson/gson/gson/target/classes/com/google/gson/internal;reflect;IN_ACCESS,IN_ISDIR
2026-09-04T07:39:06.736462Z;/home/runner/work/gson/gson/gson/target/classes/com/google/gson/internal/reflect;;IN_ACCESS,IN_ISDIR
2026-09-04T07:39:06.736804Z;/home/runner/work/gson/gson/gson/target/classes/com/google/gson/internal;reflect;IN_ACCESS,IN_ISDIR
2026-09-04T07:39:06.737118Z;/home/runner/work/gson/gson/gson/target/classes/com/google/gson/internal/reflect;;IN_ACCESS,IN_ISDIR
2026-09-04T07:39:06.737434Z;/home/runner/work/gson/gson/gson/target/classes/com/google/gson/internal;sql;IN_ACCESS,IN_ISDIR
2026-09-04T07:39:06.737809Z;/home/runner/work/gson/gson/gson/target/classes/com/google/gson/internal/sql;;IN_ACCESS,IN_ISDIR
2026-09-04T07:39:06.738156Z;/home/runner/work/gson/gson/gson/target/classes/com/google/gson/internal;sql;IN_ACCESS,IN_ISDIR
2026-09-04T07:39:06.738496Z;/home/runner/work/gson/gson/gson/target/classes/com/google/gson/internal/sql;;IN_ACCESS,IN_ISDIR
2026-09-04T07:39:06.738828Z;/home/runner/work/gson/gson/gson/target/classes/com/google/gson;internal;IN_ACCESS,IN_ISDIR
2026-09-04T07:39:06.739182Z;/home/runner/work/gson/gson/gson/target/classes/com/google/gson/internal;;IN_ACCESS,IN_ISDIR
2026-09-04T07:39:06.739534Z;/home/runner/work/gson/gson/gson/target/classes/com/google/gson;reflect;IN_ACCESS,IN_ISDIR
2026-09-04T07:39:06.739978Z;/home/runner/work/gson/gson/gson/target/classes/com/google/gson/reflect;;IN_ACCESS,IN_ISDIR
2026-09-04T07:39:06.742949Z;/home/runner/work/gson/gson/gson/target/classes/com/google/gson;reflect;IN_ACCESS,IN_ISDIR
2026-09-04T07:39:06.743331Z;/home/runner/work/gson/gson/gson/target/classes/com/google/gson/reflect;;IN_ACCESS,IN_ISDIR
2026-09-04T07:39:06.743671Z;/home/runner/work/gson/gson/gson/target/classes/com/google/gson;stream;IN_ACCESS,IN_ISDIR
2026-09-04T07:39:06.743995Z;/home/runner/work/gson/gson/gson/target/classes/com/google/gson/stream;;IN_ACCESS,IN_ISDIR
2026-09-04T07:39:06.744307Z;/home/runner/work/gson/gson/gson/target/classes/com/google/gson;stream;IN_ACCESS,IN_ISDIR
2026-09-04T07:39:06.744638Z;/home/runner/work/gson/gson/gson/target/classes/com/google/gson/stream;;IN_ACCESS,IN_ISDIR
2026-09-04T07:39:06.744969Z;/home/runner/work/gson/gson/gson/target/classes/com/google;gson;IN_ACCESS,IN_ISDIR
2026-09-04T07:39:06.745303Z;/home/runner/work/gson/gson/gson/target/classes/com/google/gson;;IN_ACCESS,IN_ISDIR
2026-09-04T07:39:06.745683Z;/home/runner/work/gson/gson/gson/target/classes/com;google;IN_ACCESS,IN_ISDIR
2026-09-04T07:39:06.746023Z;/home/runner/work/gson/gson/gson/target/classes/com/google;;IN_ACCESS,IN_ISDIR
2026-09-04T07:39:06.746354Z;/home/runner/work/gson/gson/gson/target/classes;com;IN_ACCESS,IN_ISDIR
2026-09-04T07:39:06.746721Z;/home/runner/work/gson/gson/gson/target/classes/com;;IN_ACCESS,IN_ISDIR
2026-09-04T07:39:06.747062Z;/home/runner/work/gson/gson/gson/target/classes;META-INF;IN_ACCESS,IN_ISDIR
2026-09-04T07:39:06.747392Z;/home/runner/work/gson/gson/gson/target/classes/META-INF;;IN_ACCESS,IN_ISDIR
2026-09-04T07:39:06.747719Z;/home/runner/work/gson/gson/gson/target/classes/META-INF;proguard;IN_ACCESS,IN_ISDIR
2026-09-04T07:39:06.748049Z;/home/runner/work/gson/gson/gson/target/classes/META-INF/proguard;;IN_ACCESS,IN_ISDIR
2026-09-04T07:39:06.748373Z;/home/runner/work/gson/gson/gson/target/classes/META-INF;proguard;IN_ACCESS,IN_ISDIR
2026-09-04T07:39:06.748722Z;/home/runner/work/gson/gson/gson/target/classes/META-INF/proguard;;IN_ACCESS,IN_ISDIR
2026-09-04T07:39:06.749064Z;/home/runner/work/gson/gson/gson/target/classes;META-INF;IN_ACCESS,IN_ISDIR
2026-09-04T07:39:06.749401Z;/home/runner/work/gson/gson/gson/target/classes/META-INF;;IN_ACCESS,IN_ISDIR
2026-09-04T07:39:06.750560Z;/home/runner/work/gson/gson/gson/target;classes;IN_ACCESS,IN_ISDIR
2026-09-04T07:39:06.750897Z;/home/runner/work/gson/gson/gson/target/classes;;IN_ACCESS,IN_ISDIR
2026-09-04T07:39:06.751295Z;/home/runner/work/gson/gson/gson/target;classes;IN_ACCESS,IN_ISDIR
2026-09-04T07:39:06.751645Z;/home/runner/work/gson/gson/gson/target/classes;;IN_ACCESS,IN_ISDIR
2026-09-04T07:39:06.751976Z;/home/runner/work/gson/gson/gson/target/classes;com;IN_ACCESS,IN_ISDIR
2026-09-04T07:39:06.752304Z;/home/runner/work/gson/gson/gson/target/classes/com;;IN_ACCESS,IN_ISDIR
2026-09-04T07:39:06.752645Z;/home/runner/work/gson/gson/gson/target/classes/com;google;IN_ACCESS,IN_ISDIR
2026-09-04T07:39:06.752991Z;/home/runner/work/gson/gson/gson/target/classes/com/google;;IN_ACCESS,IN_ISDIR
2026-09-04T07:39:06.753350Z;/home/runner/work/gson/gson/gson/target/classes/com/google;gson;IN_ACCESS,IN_ISDIR
2026-09-04T07:39:06.753712Z;/home/runner/work/gson/gson/gson/target/classes/com/google/gson;;IN_ACCESS,IN_ISDIR
2026-09-04T07:39:06.754054Z;/home/runner/work/gson/gson/gson/target/classes/com/google/gson;annotations;IN_ACCESS,IN_ISDIR
2026-09-04T07:39:06.754384Z;/home/runner/work/gson/gson/gson/target/classes/com/google/gson/annotations;;IN_ACCESS,IN_ISDIR
2026-09-04T07:39:06.754716Z;/home/runner/work/gson/gson/gson/target/classes/com/google/gson;annotations;IN_ACCESS,IN_ISDIR
2026-09-04T07:39:06.755057Z;/home/runner/work/gson/gson/gson/target/classes/com/google/gson/annotations;;IN_ACCESS,IN_ISDIR
2026-09-04T07:39:06.755374Z;/home/runner/work/gson/gson/gson/target/classes/com/google/gson;internal;IN_ACCESS,IN_ISDIR
2026-09-04T07:39:06.755718Z;/home/runner/work/gson/gson/gson/target/classes/com/google/gson/internal;;IN_ACCESS,IN_ISDIR
2026-09-04T07:39:06.756242Z;/home/runner/work/gson/gson/gson/target/classes/com/google/gson/internal;bind;IN_ACCESS,IN_ISDIR
2026-09-04T07:39:06.756591Z;/home/runner/work/gson/gson/gson/target/classes/com/google/gson/internal/bind;;IN_ACCESS,IN_ISDIR
2026-09-04T07:39:06.756930Z;/home/runner/work/gson/gson/gson/target/classes/com/google/gson/internal/bind;util;IN_ACCESS,IN_ISDIR
2026-09-04T07:39:06.757387Z;/home/runner/work/gson/gson/gson/target/classes/com/google/gson/internal/bind/util;;IN_ACCESS,IN_ISDIR
2026-09-04T07:39:06.757709Z;/home/runner/work/gson/gson/gson/target/classes/com/google/gson/internal/bind;util;IN_ACCESS,IN_ISDIR
2026-09-04T07:39:06.758259Z;/home/runner/work/gson/gson/gson/target/classes/com/google/gson/internal/bind/util;;IN_ACCESS,IN_ISDIR
2026-09-04T07:39:06.758713Z;/home/runner/work/gson/gson/gson/target/classes/com/google/gson/internal;bind;IN_ACCESS,IN_ISDIR
2026-09-04T07:39:06.759172Z;/home/runner/work/gson/gson/gson/target/classes/com/google/gson/internal/bind;;IN_ACCESS,IN_ISDIR
2026-09-04T07:39:06.759944Z;/home/runner/work/gson/gson/gson/target/classes/com/google/gson/internal;reflect;IN_ACCESS,IN_ISDIR
2026-09-04T07:39:06.760313Z;/home/runner/work/gson/gson/gson/target/classes/com/google/gson/internal/reflect;;IN_ACCESS,IN_ISDIR
2026-09-04T07:39:06.760653Z;/home/runner/work/gson/gson/gson/target/classes/com/google/gson/internal;reflect;IN_ACCESS,IN_ISDIR
2026-09-04T07:39:06.761001Z;/home/runner/work/gson/gson/gson/target/classes/com/google/gson/internal/reflect;;IN_ACCESS,IN_ISDIR
2026-09-04T07:39:06.761335Z;/home/runner/work/gson/gson/gson/target/classes/com/google/gson/internal;sql;IN_ACCESS,IN_ISDIR
2026-09-04T07:39:06.761637Z;/home/runner/work/gson/gson/gson/target/classes/com/google/gson/internal/sql;;IN_ACCESS,IN_ISDIR
2026-09-04T07:39:06.761970Z;/home/runner/work/gson/gson/gson/target/classes/com/google/gson/internal;sql;IN_ACCESS,IN_ISDIR
2026-09-04T07:39:06.762275Z;/home/runner/work/gson/gson/gson/target/classes/com/google/gson/internal/sql;;IN_ACCESS,IN_ISDIR
2026-09-04T07:39:06.762585Z;/home/runner/work/gson/gson/gson/target/classes/com/google/gson;internal;IN_ACCESS,IN_ISDIR
2026-09-04T07:39:06.762876Z;/home/runner/work/gson/gson/gson/target/classes/com/google/gson/internal;;IN_ACCESS,IN_ISDIR
2026-09-04T07:39:06.763291Z;/home/runner/work/gson/gson/gson/target/classes/com/google/gson;reflect;IN_ACCESS,IN_ISDIR
2026-09-04T07:39:06.763614Z;/home/runner/work/gson/gson/gson/target/classes/com/google/gson/reflect;;IN_ACCESS,IN_ISDIR
2026-09-04T07:39:06.764338Z;/home/runner/work/gson/gson/gson/target/classes/com/google/gson;reflect;IN_ACCESS,IN_ISDIR
2026-09-04T07:39:06.764693Z;/home/runner/work/gson/gson/gson/target/classes/com/google/gson/reflect;;IN_ACCESS,IN_ISDIR
2026-09-04T07:39:06.765012Z;/home/runner/work/gson/gson/gson/target/classes/com/google/gson;stream;IN_ACCESS,IN_ISDIR
2026-09-04T07:39:06.765324Z;/home/runner/work/gson/gson/gson/target/classes/com/google/gson/stream;;IN_ACCESS,IN_ISDIR
2026-09-04T07:39:06.765652Z;/home/runner/work/gson/gson/gson/target/classes/com/google/gson;stream;IN_ACCESS,IN_ISDIR
2026-09-04T07:39:06.767634Z;/home/runner/work/gson/gson/gson/target/classes/com/google/gson/stream;;IN_ACCESS,IN_ISDIR
2026-09-04T07:39:06.767973Z;/home/runner/work/gson/gson/gson/target/classes/com/google;gson;IN_ACCESS,IN_ISDIR
2026-09-04T07:39:06.768318Z;/home/runner/work/gson/gson/gson/target/classes/com/google/gson;;IN_ACCESS,IN_ISDIR
2026-09-04T07:39:06.768642Z;/home/runner/work/gson/gson/gson/target/classes/com;google;IN_ACCESS,IN_ISDIR
2026-09-04T07:39:06.769006Z;/home/runner/work/gson/gson/gson/target/classes/com/google;;IN_ACCESS,IN_ISDIR
2026-09-04T07:39:06.769351Z;/home/runner/work/gson/gson/gson/target/classes;com;IN_ACCESS,IN_ISDIR
2026-09-04T07:39:06.769658Z;/home/runner/work/gson/gson/gson/target/classes/com;;IN_ACCESS,IN_ISDIR
2026-09-04T07:39:06.769966Z;/home/runner/work/gson/gson/gson/target/classes;META-INF;IN_ACCESS,IN_ISDIR
2026-09-04T07:39:06.770265Z;/home/runner/work/gson/gson/gson/target/classes/META-INF;;IN_ACCESS,IN_ISDIR
2026-09-04T07:39:06.770592Z;/home/runner/work/gson/gson/gson/target/classes/META-INF;proguard;IN_ACCESS,IN_ISDIR
2026-09-04T07:39:06.770905Z;/home/runner/work/gson/gson/gson/target/classes/META-INF/proguard;;IN_ACCESS,IN_ISDIR
2026-09-04T07:39:06.771252Z;/home/runner/work/gson/gson/gson/target/classes/META-INF;proguard;IN_ACCESS,IN_ISDIR
2026-09-04T07:39:06.771610Z;/home/runner/work/gson/gson/gson/target/classes/META-INF/proguard;;IN_ACCESS,IN_ISDIR
2026-09-04T07:39:06.771928Z;/home/runner/work/gson/gson/gson/target/classes;META-INF;IN_ACCESS,IN_ISDIR
2026-09-04T07:39:06.772250Z;/home/runner/work/gson/gson/gson/target/classes/META-INF;;IN_ACCESS,IN_ISDIR
2026-09-04T07:39:06.772546Z;/home/runner/work/gson/gson/gson/target;classes;IN_ACCESS,IN_ISDIR
2026-09-04T07:39:06.772867Z;/home/runner/work/gson/gson/gson/target/classes;;IN_ACCESS,IN_ISDIR
2026-09-04T07:39:06.773283Z;/home/runner/work/gson/gson/gson/target/classes/com/google/gson;package-info.class;IN_ACCESS
2026-09-04T07:39:06.783416Z;/home/runner/work/gson/gson/gson/target/classes/com/google/gson;ExclusionStrategy.class;IN_ACCESS
2026-09-04T07:39:06.788812Z;/home/runner/work/gson/gson/gson/target/classes/com/google/gson;FieldAttributes.class;IN_ACCESS
2026-09-04T07:39:06.796335Z;/home/runner/work/gson/gson/gson/target/classes/com/google/gson;FieldNamingPolicy$1.class;IN_ACCESS
2026-09-04T07:39:06.797592Z;/home/runner/work/gson/gson/gson/target/classes/com/google/gson;FieldNamingPolicy$2.class;IN_ACCESS
2026-09-04T07:39:06.798034Z;/home/runner/work/gson/gson/gson/target/classes/com/google/gson;FieldNamingPolicy$3.class;IN_ACCESS
2026-09-04T07:39:06.798463Z;/home/runner/work/gson/gson/gson/target/classes/com/google/gson;FieldNamingPolicy$4.class;IN_ACCESS
2026-09-04T07:39:06.798964Z;/home/runner/work/gson/gson/gson/target/classes/com/google/gson;FieldNamingPolicy$5.class;IN_ACCESS
2026-09-04T07:39:06.799373Z;/home/runner/work/gson/gson/gson/target/classes/com/google/gson;FieldNamingPolicy$6.class;IN_ACCESS
2026-09-04T07:39:06.800731Z;/home/runner/work/gson/gson/gson/target/classes/com/google/gson;FieldNamingPolicy$7.class;IN_ACCESS
2026-09-04T07:39:06.801821Z;/home/runner/work/gson/gson/gson/target/classes/com/google/gson;FieldNamingPolicy.class;IN_ACCESS
2026-09-04T07:39:06.802969Z;/home/runner/work/gson/gson/gson/target/classes/com/google/gson;FieldNamingStrategy.class;IN_ACCESS
2026-09-04T07:39:06.803858Z;/home/runner/work/gson/gson/gson/target/classes/com/google/gson;FormattingStyle.class;IN_ACCESS
2026-09-04T07:39:06.805639Z;/home/runner/work/gson/gson/gson/target/classes/com/google/gson;Gson$FutureTypeAdapter.class;IN_ACCESS
2026-09-04T07:39:06.806262Z;/home/runner/work/gson/gson/gson/target/classes/com/google/gson;Gson.class;IN_ACCESS
2026-09-04T07:39:06.812656Z;/home/runner/work/gson/gson/gson/target/classes/com/google/gson;GsonBuilder.class;IN_ACCESS
2026-09-04T07:39:06.817837Z;/home/runner/work/gson/gson/gson/target/classes/com/google/gson;InstanceCreator.class;IN_ACCESS
2026-09-04T07:39:06.818200Z;/home/runner/work/gson/gson/gson/target/classes/com/google/gson;JsonArray.class;IN_ACCESS
2026-09-04T07:39:06.819727Z;/home/runner/work/gson/gson/gson/target/classes/com/google/gson;JsonDeserializationContext.class;IN_ACCESS
2026-09-04T07:39:06.820221Z;/home/runner/work/gson/gson/gson/target/classes/com/google/gson;JsonDeserializer.class;IN_ACCESS
2026-09-04T07:39:06.820544Z;/home/runner/work/gson/gson/gson/target/classes/com/google/gson;JsonElement.class;IN_ACCESS
2026-09-04T07:39:06.821368Z;/home/runner/work/gson/gson/gson/target/classes/com/google/gson;JsonIOException.class;IN_ACCESS
2026-09-04T07:39:06.822655Z;/home/runner/work/gson/gson/gson/target/classes/com/google/gson;JsonNull.class;IN_ACCESS
2026-09-04T07:39:06.823033Z;/home/runner/work/gson/gson/gson/target/classes/com/google/gson;JsonObject.class;IN_ACCESS
2026-09-04T07:39:06.823370Z;/home/runner/work/gson/gson/gson/target/classes/com/google/gson;JsonParseException.class;IN_ACCESS
2026-09-04T07:39:06.823746Z;/home/runner/work/gson/gson/gson/target/classes/com/google/gson;JsonParser.class;IN_ACCESS
2026-09-04T07:39:06.824335Z;/home/runner/work/gson/gson/gson/target/classes/com/google/gson;JsonPrimitive.class;IN_ACCESS
2026-09-04T07:39:06.825483Z;/home/runner/work/gson/gson/gson/target/classes/com/google/gson;JsonSerializationContext.class;IN_ACCESS
2026-09-04T07:39:06.825832Z;/home/runner/work/gson/gson/gson/target/classes/com/google/gson;JsonSerializer.class;IN_ACCESS
2026-09-04T07:39:06.826170Z;/home/runner/work/gson/gson/gson/target/classes/com/google/gson;JsonStreamParser.class;IN_ACCESS
2026-09-04T07:39:06.826695Z;/home/runner/work/gson/gson/gson/target/classes/com/google/gson;JsonSyntaxException.class;IN_ACCESS
2026-09-04T07:39:06.827040Z;/home/runner/work/gson/gson/gson/target/classes/com/google/gson;LongSerializationPolicy$1.class;IN_ACCESS
2026-09-04T07:39:06.827373Z;/home/runner/work/gson/gson/gson/target/classes/com/google/gson;LongSerializationPolicy$2.class;IN_ACCESS
2026-09-04T07:39:06.827727Z;/home/runner/work/gson/gson/gson/target/classes/com/google/gson;LongSerializationPolicy.class;IN_ACCESS
2026-09-04T07:39:06.828164Z;/home/runner/work/gson/gson/gson/target/classes/com/google/gson;ReflectionAccessFilter$1.class;IN_ACCESS
2026-09-04T07:39:06.828520Z;/home/runner/work/gson/gson/gson/target/classes/com/google/gson;ReflectionAccessFilter$2.class;IN_ACCESS
2026-09-04T07:39:06.829819Z;/home/runner/work/gson/gson/gson/target/classes/com/google/gson;ReflectionAccessFilter$3.class;IN_ACCESS
2026-09-04T07:39:06.830125Z;/home/runner/work/gson/gson/gson/target/classes/com/google/gson;ReflectionAccessFilter$4.class;IN_ACCESS
2026-09-04T07:39:06.830409Z;/home/runner/work/gson/gson/gson/target/classes/com/google/gson;ReflectionAccessFilter$FilterResult.class;IN_ACCESS
2026-09-04T07:39:06.830699Z;/home/runner/work/gson/gson/gson/target/classes/com/google/gson;ReflectionAccessFilter.class;IN_ACCESS
2026-09-04T07:39:06.831018Z;/home/runner/work/gson/gson/gson/target/classes/com/google/gson;Strictness.class;IN_ACCESS
2026-09-04T07:39:06.831311Z;/home/runner/work/gson/gson/gson/target/classes/com/google/gson;ToNumberPolicy$1.class;IN_ACCESS
2026-09-04T07:39:06.831617Z;/home/runner/work/gson/gson/gson/target/classes/com/google/gson;ToNumberPolicy$2.class;IN_ACCESS
2026-09-04T07:39:06.831941Z;/home/runner/work/gson/gson/gson/target/classes/com/google/gson;ToNumberPolicy$3.class;IN_ACCESS
2026-09-04T07:39:06.832362Z;/home/runner/work/gson/gson/gson/target/classes/com/google/gson;ToNumberPolicy$4.class;IN_ACCESS
2026-09-04T07:39:06.832702Z;/home/runner/work/gson/gson/gson/target/classes/com/google/gson;ToNumberPolicy.class;IN_ACCESS
2026-09-04T07:39:06.833828Z;/home/runner/work/gson/gson/gson/target/classes/com/google/gson;ToNumberStrategy.class;IN_ACCESS
2026-09-04T07:39:06.834150Z;/home/runner/work/gson/gson/gson/target/classes/com/google/gson;TypeAdapter$1.class;IN_ACCESS
2026-09-04T07:39:06.834468Z;/home/runner/work/gson/gson/gson/target/classes/com/google/gson;TypeAdapter$NullSafeTypeAdapter.class;IN_ACCESS
2026-09-04T07:39:06.834792Z;/home/runner/work/gson/gson/gson/target/classes/com/google/gson;TypeAdapter.class;IN_ACCESS
2026-09-04T07:39:06.835699Z;/home/runner/work/gson/gson/gson/target/classes/com/google/gson;TypeAdapterFactory.class;IN_ACCESS
2026-09-04T07:39:06.836021Z;/home/runner/work/gson/gson/gson/target/classes/com/google/gson/annotations;package-info.class;IN_ACCESS
2026-09-04T07:39:06.836313Z;/home/runner/work/gson/gson/gson/target/classes/com/google/gson/annotations;Expose.class;IN_ACCESS
2026-09-04T07:39:06.836619Z;/home/runner/work/gson/gson/gson/target/classes/com/google/gson/annotations;JsonAdapter.class;IN_ACCESS
2026-09-04T07:39:06.836920Z;/home/runner/work/gson/gson/gson/target/classes/com/google/gson/annotations;SerializedName.class;IN_ACCESS
2026-09-04T07:39:06.837556Z;/home/runner/work/gson/gson/gson/target/classes/com/google/gson/annotations;Since.class;IN_ACCESS
2026-09-04T07:39:06.837937Z;/home/runner/work/gson/gson/gson/target/classes/com/google/gson/annotations;Until.class;IN_ACCESS
2026-09-04T07:39:06.838247Z;/home/runner/work/gson/gson/gson/target/classes/com/google/gson/internal;package-info.class;IN_ACCESS
2026-09-04T07:39:06.838537Z;/home/runner/work/gson/gson/gson/target/classes/com/google/gson/internal;ConstructorConstructor$InstanceCreatorConstructor.class;IN_ACCESS
2026-09-04T07:39:06.838852Z;/home/runner/work/gson/gson/gson/target/classes/com/google/gson/internal;ConstructorConstructor$ThrowingObjectConstructor.class;IN_ACCESS
2026-09-04T07:39:06.839154Z;/home/runner/work/gson/gson/gson/target/classes/com/google/gson/internal;ConstructorConstructor.class;IN_ACCESS
2026-09-04T07:39:06.841229Z;/home/runner/work/gson/gson/gson/target/classes/com/google/gson/internal;Excluder$1.class;IN_ACCESS
2026-09-04T07:39:06.841760Z;/home/runner/work/gson/gson/gson/target/classes/com/google/gson/internal;Excluder.class;IN_ACCESS
2026-09-04T07:39:06.842835Z;/home/runner/work/gson/gson/gson/target/classes/com/google/gson/internal;GsonBuildConfig.class;IN_ACCESS
2026-09-04T07:39:06.843199Z;/home/runner/work/gson/gson/gson/target/classes/com/google/gson/internal;GsonTypes$GenericArrayTypeImpl.class;IN_ACCESS
2026-09-04T07:39:06.843764Z;/home/runner/work/gson/gson/gson/target/classes/com/google/gson/internal;GsonTypes$ParameterizedTypeImpl.class;IN_ACCESS
2026-09-04T07:39:06.844319Z;/home/runner/work/gson/gson/gson/target/classes/com/google/gson/internal;GsonTypes$WildcardTypeImpl.class;IN_ACCESS
2026-09-04T07:39:06.845628Z;/home/runner/work/gson/gson/gson/target/classes/com/google/gson/internal;GsonTypes.class;IN_ACCESS
2026-09-04T07:39:06.846318Z;/home/runner/work/gson/gson/gson/target/classes/com/google/gson/internal;JavaVersion.class;IN_ACCESS
2026-09-04T07:39:06.846758Z;/home/runner/work/gson/gson/gson/target/classes/com/google/gson/internal;JsonReaderInternalAccess.class;IN_ACCESS
2026-09-04T07:39:06.847093Z;/home/runner/work/gson/gson/gson/target/classes/com/google/gson/internal;LazilyParsedNumber.class;IN_ACCESS
2026-09-04T07:39:06.847542Z;/home/runner/work/gson/gson/gson/target/classes/com/google/gson/internal;LinkedTreeMap$EntrySet$1.class;IN_ACCESS
2026-09-04T07:39:06.847975Z;/home/runner/work/gson/gson/gson/target/classes/com/google/gson/internal;LinkedTreeMap$EntrySet.class;IN_ACCESS
2026-09-04T07:39:06.848408Z;/home/runner/work/gson/gson/gson/target/classes/com/google/gson/internal;LinkedTreeMap$KeySet$1.class;IN_ACCESS
2026-09-04T07:39:06.848773Z;/home/runner/work/gson/gson/gson/target/classes/com/google/gson/internal;LinkedTreeMap$KeySet.class;IN_ACCESS
2026-09-04T07:39:06.849298Z;/home/runner/work/gson/gson/gson/target/classes/com/google/gson/internal;LinkedTreeMap$LinkedTreeMapIterator.class;IN_ACCESS
2026-09-04T07:39:06.850664Z;/home/runner/work/gson/gson/gson/target/classes/com/google/gson/internal;LinkedTreeMap$Node.class;IN_ACCESS
2026-09-04T07:39:06.850979Z;/home/runner/work/gson/gson/gson/target/classes/com/google/gson/internal;LinkedTreeMap.class;IN_ACCESS
2026-09-04T07:39:06.853627Z;/home/runner/work/gson/gson/gson/target/classes/com/google/gson/internal;NonNullElementWrapperList.class;IN_ACCESS
2026-09-04T07:39:06.853979Z;/home/runner/work/gson/gson/gson/target/classes/com/google/gson/internal;NumberLimits.class;IN_ACCESS
2026-09-04T07:39:06.854298Z;/home/runner/work/gson/gson/gson/target/classes/com/google/gson/internal;ObjectConstructor.class;IN_ACCESS
2026-09-04T07:39:06.854631Z;/home/runner/work/gson/gson/gson/target/classes/com/google/gson/internal;PreJava9DateFormatProvider.class;IN_ACCESS
2026-09-04T07:39:06.854994Z;/home/runner/work/gson/gson/gson/target/classes/com/google/gson/internal;Primitives.class;IN_ACCESS
2026-09-04T07:39:06.855316Z;/home/runner/work/gson/gson/gson/target/classes/com/google/gson/internal;ReflectionAccessFilterHelper$1.class;IN_ACCESS
2026-09-04T07:39:06.855631Z;/home/runner/work/gson/gson/gson/target/classes/com/google/gson/internal;ReflectionAccessFilterHelper$AccessChecker$1.class;IN_ACCESS
2026-09-04T07:39:06.855938Z;/home/runner/work/gson/gson/gson/target/classes/com/google/gson/internal;ReflectionAccessFilterHelper$AccessChecker$2.class;IN_ACCESS
2026-09-04T07:39:06.856240Z;/home/runner/work/gson/gson/gson/target/classes/com/google/gson/internal;ReflectionAccessFilterHelper$AccessChecker.class;IN_ACCESS
2026-09-04T07:39:06.856536Z;/home/runner/work/gson/gson/gson/target/classes/com/google/gson/internal;ReflectionAccessFilterHelper.class;IN_ACCESS
2026-09-04T07:39:06.856882Z;/home/runner/work/gson/gson/gson/target/classes/com/google/gson/internal;Streams$1.class;IN_ACCESS
2026-09-04T07:39:06.857197Z;/home/runner/work/gson/gson/gson/target/classes/com/google/gson/internal;Streams$AppendableWriter$CurrentWrite.class;IN_ACCESS
2026-09-04T07:39:06.857498Z;/home/runner/work/gson/gson/gson/target/classes/com/google/gson/internal;Streams$AppendableWriter.class;IN_ACCESS
2026-09-04T07:39:06.857943Z;/home/runner/work/gson/gson/gson/target/classes/com/google/gson/internal;Streams.class;IN_ACCESS
2026-09-04T07:39:06.858332Z;/home/runner/work/gson/gson/gson/target/classes/com/google/gson/internal;TroubleshootingGuide.class;IN_ACCESS
2026-09-04T07:39:06.858665Z;/home/runner/work/gson/gson/gson/target/classes/com/google/gson/internal;UnsafeAllocator$1.class;IN_ACCESS
2026-09-04T07:39:06.859107Z;/home/runner/work/gson/gson/gson/target/classes/com/google/gson/internal;UnsafeAllocator$2.class;IN_ACCESS
2026-09-04T07:39:06.859492Z;/home/runner/work/gson/gson/gson/target/classes/com/google/gson/internal;UnsafeAllocator$3.class;IN_ACCESS
2026-09-04T07:39:06.859864Z;/home/runner/work/gson/gson/gson/target/classes/com/google/gson/internal;UnsafeAllocator$4.class;IN_ACCESS
2026-09-04T07:39:06.860232Z;/home/runner/work/gson/gson/gson/target/classes/com/google/gson/internal;UnsafeAllocator.class;IN_ACCESS
2026-09-04T07:39:06.860705Z;/home/runner/work/gson/gson/gson/target/classes/com/google/gson/internal/bind;ArrayTypeAdapter$1.class;IN_ACCESS
2026-09-04T07:39:06.861068Z;/home/runner/work/gson/gson/gson/target/classes/com/google/gson/internal/bind;ArrayTypeAdapter.class;IN_ACCESS
2026-09-04T07:39:06.863865Z;/home/runner/work/gson/gson/gson/target/classes/com/google/gson/internal/bind;CollectionTypeAdapterFactory$Adapter.class;IN_ACCESS
2026-09-04T07:39:06.864794Z;/home/runner/work/gson/gson/gson/target/classes/com/google/gson/internal/bind;CollectionTypeAdapterFactory.class;IN_ACCESS
2026-09-04T07:39:06.865527Z;/home/runner/work/gson/gson/gson/target/classes/com/google/gson/internal/bind;DefaultDateTypeAdapter$1.class;IN_ACCESS
2026-09-04T07:39:06.866171Z;/home/runner/work/gson/gson/gson/target/classes/com/google/gson/internal/bind;DefaultDateTypeAdapter$DateType$1.class;IN_ACCESS
2026-09-04T07:39:06.866805Z;/home/runner/work/gson/gson/gson/target/classes/com/google/gson/internal/bind;DefaultDateTypeAdapter$DateType.class;IN_ACCESS
2026-09-04T07:39:06.867145Z;/home/runner/work/gson/gson/gson/target/classes/com/google/gson/internal/bind;DefaultDateTypeAdapter.class;IN_ACCESS
2026-09-04T07:39:06.867443Z;/home/runner/work/gson/gson/gson/target/classes/com/google/gson/internal/bind;EnumTypeAdapter$1.class;IN_ACCESS
2026-09-04T07:39:06.867832Z;/home/runner/work/gson/gson/gson/target/classes/com/google/gson/internal/bind;EnumTypeAdapter.class;IN_ACCESS
2026-09-04T07:39:06.868157Z;/home/runner/work/gson/gson/gson/target/classes/com/google/gson/internal/bind;IgnoreJRERequirement.class;IN_ACCESS
2026-09-04T07:39:06.870609Z;/home/runner/work/gson/gson/gson/target/classes/com/google/gson/internal/bind;JavaTimeTypeAdapters$1.class;IN_ACCESS
2026-09-04T07:39:06.870966Z;/home/runner/work/gson/gson/gson/target/classes/com/google/gson/internal/bind;JavaTimeTypeAdapters$10.class;IN_ACCESS
2026-09-04T07:39:06.871288Z;/home/runner/work/gson/gson/gson/target/classes/com/google/gson/internal/bind;JavaTimeTypeAdapters$11.class;IN_ACCESS
2026-09-04T07:39:06.871606Z;/home/runner/work/gson/gson/gson/target/classes/com/google/gson/internal/bind;JavaTimeTypeAdapters$12.class;IN_ACCESS
2026-09-04T07:39:06.871900Z;/home/runner/work/gson/gson/gson/target/classes/com/google/gson/internal/bind;JavaTimeTypeAdapters$13.class;IN_ACCESS
2026-09-04T07:39:06.872182Z;/home/runner/work/gson/gson/gson/target/classes/com/google/gson/internal/bind;JavaTimeTypeAdapters$14.class;IN_ACCESS
2026-09-04T07:39:06.872464Z;/home/runner/work/gson/gson/gson/target/classes/com/google/gson/internal/bind;JavaTimeTypeAdapters$2.class;IN_ACCESS
2026-09-04T07:39:06.872758Z;/home/runner/work/gson/gson/gson/target/classes/com/google/gson/internal/bind;JavaTimeTypeAdapters$3.class;IN_ACCESS
2026-09-04T07:39:06.873034Z;/home/runner/work/gson/gson/gson/target/classes/com/google/gson/internal/bind;JavaTimeTypeAdapters$4.class;IN_ACCESS
2026-09-04T07:39:06.873305Z;/home/runner/work/gson/gson/gson/target/classes/com/google/gson/internal/bind;JavaTimeTypeAdapters$5.class;IN_ACCESS
2026-09-04T07:39:06.873636Z;/home/runner/work/gson/gson/gson/target/classes/com/google/gson/internal/bind;JavaTimeTypeAdapters$6.class;IN_ACCESS
2026-09-04T07:39:06.873928Z;/home/runner/work/gson/gson/gson/target/classes/com/google/gson/internal/bind;JavaTimeTypeAdapters$7.class;IN_ACCESS
2026-09-04T07:39:06.874201Z;/home/runner/work/gson/gson/gson/target/classes/com/google/gson/internal/bind;JavaTimeTypeAdapters$8.class;IN_ACCESS
2026-09-04T07:39:06.874469Z;/home/runner/work/gson/gson/gson/target/classes/com/google/gson/internal/bind;JavaTimeTypeAdapters$9.class;IN_ACCESS
2026-09-04T07:39:06.874797Z;/home/runner/work/gson/gson/gson/target/classes/com/google/gson/internal/bind;JavaTimeTypeAdapters.class;IN_ACCESS
2026-09-04T07:39:06.875088Z;/home/runner/work/gson/gson/gson/target/classes/com/google/gson/internal/bind;JsonAdapterAnnotationTypeAdapterFactory$1.class;IN_ACCESS
2026-09-04T07:39:06.875437Z;/home/runner/work/gson/gson/gson/target/classes/com/google/gson/internal/bind;JsonAdapterAnnotationTypeAdapterFactory$DummyTypeAdapterFactory.class;IN_ACCESS
2026-09-04T07:39:06.875762Z;/home/runner/work/gson/gson/gson/target/classes/com/google/gson/internal/bind;JsonAdapterAnnotationTypeAdapterFactory.class;IN_ACCESS
2026-09-04T07:39:06.876051Z;/home/runner/work/gson/gson/gson/target/classes/com/google/gson/internal/bind;JsonElementTypeAdapter$1.class;IN_ACCESS
2026-09-04T07:39:06.876322Z;/home/runner/work/gson/gson/gson/target/classes/com/google/gson/internal/bind;JsonElementTypeAdapter.class;IN_ACCESS
2026-09-04T07:39:06.876620Z;/home/runner/work/gson/gson/gson/target/classes/com/google/gson/internal/bind;JsonTreeReader$1.class;IN_ACCESS
2026-09-04T07:39:06.876888Z;/home/runner/work/gson/gson/gson/target/classes/com/google/gson/internal/bind;JsonTreeReader$2.class;IN_ACCESS
2026-09-04T07:39:06.877269Z;/home/runner/work/gson/gson/gson/target/classes/com/google/gson/internal/bind;JsonTreeReader.class;IN_ACCESS
2026-09-04T07:39:06.877553Z;/home/runner/work/gson/gson/gson/target/classes/com/google/gson/internal/bind;JsonTreeWriter$1.class;IN_ACCESS
2026-09-04T07:39:06.878762Z;/home/runner/work/gson/gson/gson/target/classes/com/google/gson/internal/bind;JsonTreeWriter.class;IN_ACCESS
2026-09-04T07:39:06.879044Z;/home/runner/work/gson/gson/gson/target/classes/com/google/gson/internal/bind;MapTypeAdapterFactory$Adapter.class;IN_ACCESS
2026-09-04T07:39:06.879307Z;/home/runner/work/gson/gson/gson/target/classes/com/google/gson/internal/bind;MapTypeAdapterFactory.class;IN_ACCESS
2026-09-04T07:39:06.879600Z;/home/runner/work/gson/gson/gson/target/classes/com/google/gson/internal/bind;NumberTypeAdapter$1.class;IN_ACCESS
2026-09-04T07:39:06.879912Z;/home/runner/work/gson/gson/gson/target/classes/com/google/gson/internal/bind;NumberTypeAdapter$2.class;IN_ACCESS
2026-09-04T07:39:06.880218Z;/home/runner/work/gson/gson/gson/target/classes/com/google/gson/internal/bind;NumberTypeAdapter.class;IN_ACCESS
2026-09-04T07:39:06.880518Z;/home/runner/work/gson/gson/gson/target/classes/com/google/gson/internal/bind;ObjectTypeAdapter$1.class;IN_ACCESS
2026-09-04T07:39:06.880797Z;/home/runner/work/gson/gson/gson/target/classes/com/google/gson/internal/bind;ObjectTypeAdapter$2.class;IN_ACCESS
2026-09-04T07:39:06.881088Z;/home/runner/work/gson/gson/gson/target/classes/com/google/gson/internal/bind;ObjectTypeAdapter.class;IN_ACCESS
2026-09-04T07:39:06.881357Z;/home/runner/work/gson/gson/gson/target/classes/com/google/gson/internal/bind;ReflectiveTypeAdapterFactory$1.class;IN_ACCESS
2026-09-04T07:39:06.881648Z;/home/runner/work/gson/gson/gson/target/classes/com/google/gson/internal/bind;ReflectiveTypeAdapterFactory$2.class;IN_ACCESS
2026-09-04T07:39:06.882875Z;/home/runner/work/gson/gson/gson/target/classes/com/google/gson/internal/bind;ReflectiveTypeAdapterFactory$Adapter.class;IN_ACCESS
2026-09-04T07:39:06.883183Z;/home/runner/work/gson/gson/gson/target/classes/com/google/gson/internal/bind;ReflectiveTypeAdapterFactory$BoundField.class;IN_ACCESS
2026-09-04T07:39:06.883452Z;/home/runner/work/gson/gson/gson/target/classes/com/google/gson/internal/bind;ReflectiveTypeAdapterFactory$FieldReflectionAdapter.class;IN_ACCESS
2026-09-04T07:39:06.883732Z;/home/runner/work/gson/gson/gson/target/classes/com/google/gson/internal/bind;ReflectiveTypeAdapterFactory$FieldsData.class;IN_ACCESS
2026-09-04T07:39:06.884144Z;/home/runner/work/gson/gson/gson/target/classes/com/google/gson/internal/bind;ReflectiveTypeAdapterFactory$RecordAdapter.class;IN_ACCESS
2026-09-04T07:39:06.884505Z;/home/runner/work/gson/gson/gson/target/classes/com/google/gson/internal/bind;ReflectiveTypeAdapterFactory.class;IN_ACCESS
2026-09-04T07:39:06.884821Z;/home/runner/work/gson/gson/gson/target/classes/com/google/gson/internal/bind;SerializationDelegatingTypeAdapter.class;IN_ACCESS
2026-09-04T07:39:06.885145Z;/home/runner/work/gson/gson/gson/target/classes/com/google/gson/internal/bind;TreeTypeAdapter$1.class;IN_ACCESS
2026-09-04T07:39:06.885456Z;/home/runner/work/gson/gson/gson/target/classes/com/google/gson/internal/bind;TreeTypeAdapter$GsonContextImpl.class;IN_ACCESS
2026-09-04T07:39:06.885772Z;/home/runner/work/gson/gson/gson/target/classes/com/google/gson/internal/bind;TreeTypeAdapter$SingleTypeFactory.class;IN_ACCESS
2026-09-04T07:39:06.886815Z;/home/runner/work/gson/gson/gson/target/classes/com/google/gson/internal/bind;TreeTypeAdapter.class;IN_ACCESS
2026-09-04T07:39:06.887135Z;/home/runner/work/gson/gson/gson/target/classes/com/google/gson/internal/bind;TypeAdapterRuntimeTypeWrapper.class;IN_ACCESS
2026-09-04T07:39:06.887428Z;/home/runner/work/gson/gson/gson/target/classes/com/google/gson/internal/bind;TypeAdapters$1.class;IN_ACCESS
2026-09-04T07:39:06.887730Z;/home/runner/work/gson/gson/gson/target/classes/com/google/gson/internal/bind;TypeAdapters$10.class;IN_ACCESS
2026-09-04T07:39:06.888015Z;/home/runner/work/gson/gson/gson/target/classes/com/google/gson/internal/bind;TypeAdapters$11.class;IN_ACCESS
2026-09-04T07:39:06.888435Z;/home/runner/work/gson/gson/gson/target/classes/com/google/gson/internal/bind;TypeAdapters$12.class;IN_ACCESS
2026-09-04T07:39:06.888773Z;/home/runner/work/gson/gson/gson/target/classes/com/google/gson/internal/bind;TypeAdapters$13.class;IN_ACCESS
2026-09-04T07:39:06.889088Z;/home/runner/work/gson/gson/gson/target/classes/com/google/gson/internal/bind;TypeAdapters$14.class;IN_ACCESS
2026-09-04T07:39:06.891861Z;/home/runner/work/gson/gson/gson/target/classes/com/google/gson/internal/bind;TypeAdapters$15.class;IN_ACCESS
2026-09-04T07:39:06.892270Z;/home/runner/work/gson/gson/gson/target/classes/com/google/gson/internal/bind;TypeAdapters$16.class;IN_ACCESS
2026-09-04T07:39:06.894612Z;/home/runner/work/gson/gson/gson/target/classes/com/google/gson/internal/bind;TypeAdapters$17.class;IN_ACCESS
2026-09-04T07:39:06.894964Z;/home/runner/work/gson/gson/gson/target/classes/com/google/gson/internal/bind;TypeAdapters$18.class;IN_ACCESS
2026-09-04T07:39:06.895281Z;/home/runner/work/gson/gson/gson/target/classes/com/google/gson/internal/bind;TypeAdapters$19.class;IN_ACCESS
2026-09-04T07:39:06.895641Z;/home/runner/work/gson/gson/gson/target/classes/com/google/gson/internal/bind;TypeAdapters$2.class;IN_ACCESS
2026-09-04T07:39:06.895955Z;/home/runner/work/gson/gson/gson/target/classes/com/google/gson/internal/bind;TypeAdapters$20.class;IN_ACCESS
2026-09-04T07:39:06.896302Z;/home/runner/work/gson/gson/gson/target/classes/com/google/gson/internal/bind;TypeAdapters$21.class;IN_ACCESS
2026-09-04T07:39:06.896715Z;/home/runner/work/gson/gson/gson/target/classes/com/google/gson/internal/bind;TypeAdapters$22.class;IN_ACCESS
2026-09-04T07:39:06.897036Z;/home/runner/work/gson/gson/gson/target/classes/com/google/gson/internal/bind;TypeAdapters$23.class;IN_ACCESS
2026-09-04T07:39:06.897359Z;/home/runner/work/gson/gson/gson/target/classes/com/google/gson/internal/bind;TypeAdapters$24.class;IN_ACCESS
2026-09-04T07:39:06.897693Z;/home/runner/work/gson/gson/gson/target/classes/com/google/gson/internal/bind;TypeAdapters$25.class;IN_ACCESS
2026-09-04T07:39:06.897990Z;/home/runner/work/gson/gson/gson/target/classes/com/google/gson/internal/bind;TypeAdapters$26.class;IN_ACCESS
2026-09-04T07:39:06.898275Z;/home/runner/work/gson/gson/gson/target/classes/com/google/gson/internal/bind;TypeAdapters$27.class;IN_ACCESS
2026-09-04T07:39:06.898585Z;/home/runner/work/gson/gson/gson/target/classes/com/google/gson/internal/bind;TypeAdapters$28.class;IN_ACCESS
2026-09-04T07:39:06.898883Z;/home/runner/work/gson/gson/gson/target/classes/com/google/gson/internal/bind;TypeAdapters$29.class;IN_ACCESS
2026-09-04T07:39:06.899181Z;/home/runner/work/gson/gson/gson/target/classes/com/google/gson/internal/bind;TypeAdapters$3.class;IN_ACCESS
2026-09-04T07:39:06.899464Z;/home/runner/work/gson/gson/gson/target/classes/com/google/gson/internal/bind;TypeAdapters$30.class;IN_ACCESS
2026-09-04T07:39:06.901016Z;/home/runner/work/gson/gson/gson/target/classes/com/google/gson/internal/bind;TypeAdapters$31.class;IN_ACCESS
2026-09-04T07:39:06.903733Z;/home/runner/work/gson/gson/gson/target/classes/com/google/gson/internal/bind;TypeAdapters$32.class;IN_ACCESS
2026-09-04T07:39:06.904068Z;/home/runner/work/gson/gson/gson/target/classes/com/google/gson/internal/bind;TypeAdapters$33$1.class;IN_ACCESS
2026-09-04T07:39:06.904452Z;/home/runner/work/gson/gson/gson/target/classes/com/google/gson/internal/bind;TypeAdapters$33.class;IN_ACCESS
2026-09-04T07:39:06.904852Z;/home/runner/work/gson/gson/gson/target/classes/com/google/gson/internal/bind;TypeAdapters$34.class;IN_ACCESS
2026-09-04T07:39:06.905187Z;/home/runner/work/gson/gson/gson/target/classes/com/google/gson/internal/bind;TypeAdapters$4.class;IN_ACCESS
2026-09-04T07:39:06.905516Z;/home/runner/work/gson/gson/gson/target/classes/com/google/gson/internal/bind;TypeAdapters$5.class;IN_ACCESS
2026-09-04T07:39:06.905851Z;/home/runner/work/gson/gson/gson/target/classes/com/google/gson/internal/bind;TypeAdapters$6.class;IN_ACCESS
2026-09-04T07:39:06.906416Z;/home/runner/work/gson/gson/gson/target/classes/com/google/gson/internal/bind;TypeAdapters$7.class;IN_ACCESS
2026-09-04T07:39:06.906773Z;/home/runner/work/gson/gson/gson/target/classes/com/google/gson/internal/bind;TypeAdapters$8.class;IN_ACCESS
2026-09-04T07:39:06.907344Z;/home/runner/work/gson/gson/gson/target/classes/com/google/gson/internal/bind;TypeAdapters$9.class;IN_ACCESS
2026-09-04T07:39:06.907655Z;/home/runner/work/gson/gson/gson/target/classes/com/google/gson/internal/bind;TypeAdapters$DoubleAdapter.class;IN_ACCESS
2026-09-04T07:39:06.908598Z;/home/runner/work/gson/gson/gson/target/classes/com/google/gson/internal/bind;TypeAdapters$FactorySupplier.class;IN_ACCESS
2026-09-04T07:39:06.908935Z;/home/runner/work/gson/gson/gson/target/classes/com/google/gson/internal/bind;TypeAdapters$FloatAdapter.class;IN_ACCESS
2026-09-04T07:39:06.909263Z;/home/runner/work/gson/gson/gson/target/classes/com/google/gson/internal/bind;TypeAdapters$IntegerFieldsTypeAdapter.class;IN_ACCESS
2026-09-04T07:39:06.909596Z;/home/runner/work/gson/gson/gson/target/classes/com/google/gson/internal/bind;TypeAdapters.class;IN_ACCESS
2026-09-04T07:39:06.909944Z;/home/runner/work/gson/gson/gson/target/classes/com/google/gson/internal/bind/util;ISO8601Utils.class;IN_ACCESS
2026-09-04T07:39:06.910287Z;/home/runner/work/gson/gson/gson/target/classes/com/google/gson/internal/reflect;ReflectionHelper$1.class;IN_ACCESS
2026-09-04T07:39:06.910640Z;/home/runner/work/gson/gson/gson/target/classes/com/google/gson/internal/reflect;ReflectionHelper$RecordHelper.class;IN_ACCESS
2026-09-04T07:39:06.911657Z;/home/runner/work/gson/gson/gson/target/classes/com/google/gson/internal/reflect;ReflectionHelper$RecordNotSupportedHelper.class;IN_ACCESS
2026-09-04T07:39:06.912026Z;/home/runner/work/gson/gson/gson/target/classes/com/google/gson/internal/reflect;ReflectionHelper$RecordSupportedHelper.class;IN_ACCESS
2026-09-04T07:39:06.912356Z;/home/runner/work/gson/gson/gson/target/classes/com/google/gson/internal/reflect;ReflectionHelper.class;IN_ACCESS
2026-09-04T07:39:06.912725Z;/home/runner/work/gson/gson/gson/target/classes/com/google/gson/internal/sql;SqlDateTypeAdapter$1.class;IN_ACCESS
2026-09-04T07:39:06.913077Z;/home/runner/work/gson/gson/gson/target/classes/com/google/gson/internal/sql;SqlDateTypeAdapter.class;IN_ACCESS
2026-09-04T07:39:06.913379Z;/home/runner/work/gson/gson/gson/target/classes/com/google/gson/internal/sql;SqlTimeTypeAdapter$1.class;IN_ACCESS
2026-09-04T07:39:06.913698Z;/home/runner/work/gson/gson/gson/target/classes/com/google/gson/internal/sql;SqlTimeTypeAdapter.class;IN_ACCESS
2026-09-04T07:39:06.914004Z;/home/runner/work/gson/gson/gson/target/classes/com/google/gson/internal/sql;SqlTimestampTypeAdapter$1.class;IN_ACCESS
2026-09-04T07:39:06.914313Z;/home/runner/work/gson/gson/gson/target/classes/com/google/gson/internal/sql;SqlTimestampTypeAdapter.class;IN_ACCESS
2026-09-04T07:39:06.914649Z;/home/runner/work/gson/gson/gson/target/classes/com/google/gson/internal/sql;SqlTypesSupport$1.class;IN_ACCESS
2026-09-04T07:39:06.914961Z;/home/runner/work/gson/gson/gson/target/classes/com/google/gson/internal/sql;SqlTypesSupport$2.class;IN_ACCESS
2026-09-04T07:39:06.915261Z;/home/runner/work/gson/gson/gson/target/classes/com/google/gson/internal/sql;SqlTypesSupport.class;IN_ACCESS
2026-09-04T07:39:06.915580Z;/home/runner/work/gson/gson/gson/target/classes/com/google/gson/reflect;package-info.class;IN_ACCESS
2026-09-04T07:39:06.916080Z;/home/runner/work/gson/gson/gson/target/classes/com/google/gson/reflect;TypeToken.class;IN_ACCESS
2026-09-04T07:39:06.916456Z;/home/runner/work/gson/gson/gson/target/classes/com/google/gson/stream;package-info.class;IN_ACCESS
2026-09-04T07:39:06.916788Z;/home/runner/work/gson/gson/gson/target/classes/com/google/gson/stream;JsonReader$1.class;IN_ACCESS
2026-09-04T07:39:06.917229Z;/home/runner/work/gson/gson/gson/target/classes/com/google/gson/stream;JsonReader.class;IN_ACCESS
2026-09-04T07:39:06.917534Z;/home/runner/work/gson/gson/gson/target/classes/com/google/gson/stream;JsonScope.class;IN_ACCESS
2026-09-04T07:39:06.917980Z;/home/runner/work/gson/gson/gson/target/classes/com/google/gson/stream;JsonToken.class;IN_ACCESS
2026-09-04T07:39:06.918278Z;/home/runner/work/gson/gson/gson/target/classes/com/google/gson/stream;JsonWriter.class;IN_ACCESS
2026-09-04T07:39:06.918614Z;/home/runner/work/gson/gson/gson/target/classes/com/google/gson/stream;MalformedJsonException.class;IN_ACCESS
2026-09-04T07:39:07.039939Z;/home/runner/work/gson/gson/gson/target/classes/META-INF;MANIFEST.MF;IN_CREATE
2026-09-04T07:39:07.409874Z;/home/runner/work/gson/gson/gson/target;classes;IN_ACCESS,IN_ISDIR
2026-09-04T07:39:07.410498Z;/home/runner/work/gson/gson/gson/target/classes;;IN_ACCESS,IN_ISDIR
2026-09-04T07:39:07.411837Z;/home/runner/work/gson/gson/gson/target;classes;IN_ACCESS,IN_ISDIR
2026-09-04T07:39:07.412164Z;/home/runner/work/gson/gson/gson/target/classes;;IN_ACCESS,IN_ISDIR
2026-09-04T07:39:07.412514Z;/home/runner/work/gson/gson/gson/target/classes;com;IN_ACCESS,IN_ISDIR
2026-09-04T07:39:07.412816Z;/home/runner/work/gson/gson/gson/target/classes/com;;IN_ACCESS,IN_ISDIR
2026-09-04T07:39:07.413116Z;/home/runner/work/gson/gson/gson/target/classes;com;IN_ACCESS,IN_ISDIR
2026-09-04T07:39:07.413418Z;/home/runner/work/gson/gson/gson/target/classes/com;;IN_ACCESS,IN_ISDIR
2026-09-04T07:39:07.413714Z;/home/runner/work/gson/gson/gson/target/classes/com;google;IN_ACCESS,IN_ISDIR
2026-09-04T07:39:07.414013Z;/home/runner/work/gson/gson/gson/target/classes/com/google;;IN_ACCESS,IN_ISDIR
2026-09-04T07:39:07.414314Z;/home/runner/work/gson/gson/gson/target/classes/com;google;IN_ACCESS,IN_ISDIR
2026-09-04T07:39:07.414641Z;/home/runner/work/gson/gson/gson/target/classes/com/google;;IN_ACCESS,IN_ISDIR
2026-09-04T07:39:07.415810Z;/home/runner/work/gson/gson/gson/target/classes/com/google;gson;IN_ACCESS,IN_ISDIR
2026-09-04T07:39:07.416189Z;/home/runner/work/gson/gson/gson/target/classes/com/google/gson;;IN_ACCESS,IN_ISDIR
2026-09-04T07:39:07.416501Z;/home/runner/work/gson/gson/gson/target/classes/com/google;gson;IN_ACCESS,IN_ISDIR
2026-09-04T07:39:07.416825Z;/home/runner/work/gson/gson/gson/target/classes/com/google/gson;;IN_ACCESS,IN_ISDIR
2026-09-04T07:39:07.417134Z;/home/runner/work/gson/gson/gson/target/classes/com/google/gson;annotations;IN_ACCESS,IN_ISDIR
2026-09-04T07:39:07.417434Z;/home/runner/work/gson/gson/gson/target/classes/com/google/gson/annotations;;IN_ACCESS,IN_ISDIR
2026-09-04T07:39:07.417762Z;/home/runner/work/gson/gson/gson/target/classes/com/google/gson;annotations;IN_ACCESS,IN_ISDIR
2026-09-04T07:39:07.418054Z;/home/runner/work/gson/gson/gson/target/classes/com/google/gson/annotations;;IN_ACCESS,IN_ISDIR
2026-09-04T07:39:07.418343Z;/home/runner/work/gson/gson/gson/target/classes/com/google/gson;internal;IN_ACCESS,IN_ISDIR
2026-09-04T07:39:07.419547Z;/home/runner/work/gson/gson/gson/target/classes/com/google/gson/internal;;IN_ACCESS,IN_ISDIR
2026-09-04T07:39:07.419980Z;/home/runner/work/gson/gson/gson/target/classes/com/google/gson;internal;IN_ACCESS,IN_ISDIR
2026-09-04T07:39:07.420340Z;/home/runner/work/gson/gson/gson/target/classes/com/google/gson/internal;;IN_ACCESS,IN_ISDIR
2026-09-04T07:39:07.420640Z;/home/runner/work/gson/gson/gson/target/classes/com/google/gson/internal;bind;IN_ACCESS,IN_ISDIR
2026-09-04T07:39:07.420968Z;/home/runner/work/gson/gson/gson/target/classes/com/google/gson/internal/bind;;IN_ACCESS,IN_ISDIR
2026-09-04T07:39:07.421297Z;/home/runner/work/gson/gson/gson/target/classes/com/google/gson/internal;bind;IN_ACCESS,IN_ISDIR
2026-09-04T07:39:07.421623Z;/home/runner/work/gson/gson/gson/target/classes/com/google/gson/internal/bind;;IN_ACCESS,IN_ISDIR
2026-09-04T07:39:07.421973Z;/home/runner/work/gson/gson/gson/target/classes/com/google/gson/internal/bind;util;IN_ACCESS,IN_ISDIR
2026-09-04T07:39:07.422301Z;/home/runner/work/gson/gson/gson/target/classes/com/google/gson/internal/bind/util;;IN_ACCESS,IN_ISDIR
2026-09-04T07:39:07.422643Z;/home/runner/work/gson/gson/gson/target/classes/com/google/gson/internal/bind;util;IN_ACCESS,IN_ISDIR
2026-09-04T07:39:07.423011Z;/home/runner/work/gson/gson/gson/target/classes/com/google/gson/internal/bind/util;;IN_ACCESS,IN_ISDIR
2026-09-04T07:39:07.423434Z;/home/runner/work/gson/gson/gson/target/classes/com/google/gson/internal;reflect;IN_ACCESS,IN_ISDIR
2026-09-04T07:39:07.423769Z;/home/runner/work/gson/gson/gson/target/classes/com/google/gson/internal/reflect;;IN_ACCESS,IN_ISDIR
2026-09-04T07:39:07.424108Z;/home/runner/work/gson/gson/gson/target/classes/com/google/gson/internal;reflect;IN_ACCESS,IN_ISDIR
2026-09-04T07:39:07.424416Z;/home/runner/work/gson/gson/gson/target/classes/com/google/gson/internal/reflect;;IN_ACCESS,IN_ISDIR
2026-09-04T07:39:07.424720Z;/home/runner/work/gson/gson/gson/target/classes/com/google/gson/internal;sql;IN_ACCESS,IN_ISDIR
2026-09-04T07:39:07.425352Z;/home/runner/work/gson/gson/gson/target/classes/com/google/gson/internal/sql;;IN_ACCESS,IN_ISDIR
2026-09-04T07:39:07.425727Z;/home/runner/work/gson/gson/gson/target/classes/com/google/gson/internal;sql;IN_ACCESS,IN_ISDIR
2026-09-04T07:39:07.426050Z;/home/runner/work/gson/gson/gson/target/classes/com/google/gson/internal/sql;;IN_ACCESS,IN_ISDIR
2026-09-04T07:39:07.426382Z;/home/runner/work/gson/gson/gson/target/classes/com/google/gson;reflect;IN_ACCESS,IN_ISDIR
2026-09-04T07:39:07.426761Z;/home/runner/work/gson/gson/gson/target/classes/com/google/gson/reflect;;IN_ACCESS,IN_ISDIR
2026-09-04T07:39:07.427144Z;/home/runner/work/gson/gson/gson/target/classes/com/google/gson;reflect;IN_ACCESS,IN_ISDIR
2026-09-04T07:39:07.427494Z;/home/runner/work/gson/gson/gson/target/classes/com/google/gson/reflect;;IN_ACCESS,IN_ISDIR
2026-09-04T07:39:07.427845Z;/home/runner/work/gson/gson/gson/target/classes/com/google/gson;stream;IN_ACCESS,IN_ISDIR
2026-09-04T07:39:07.428177Z;/home/runner/work/gson/gson/gson/target/classes/com/google/gson/stream;;IN_ACCESS,IN_ISDIR
2026-09-04T07:39:07.428514Z;/home/runner/work/gson/gson/gson/target/classes/com/google/gson;stream;IN_ACCESS,IN_ISDIR
2026-09-04T07:39:07.428849Z;/home/runner/work/gson/gson/gson/target/classes/com/google/gson/stream;;IN_ACCESS,IN_ISDIR
2026-09-04T07:39:07.429188Z;/home/runner/work/gson/gson/gson/target/classes;META-INF;IN_ACCESS,IN_ISDIR
2026-09-04T07:39:07.429537Z;/home/runner/work/gson/gson/gson/target/classes/META-INF;;IN_ACCESS,IN_ISDIR
2026-09-04T07:39:07.429914Z;/home/runner/work/gson/gson/gson/target/classes;META-INF;IN_ACCESS,IN_ISDIR
2026-09-04T07:39:07.430259Z;/home/runner/work/gson/gson/gson/target/classes/META-INF;;IN_ACCESS,IN_ISDIR
2026-09-04T07:39:07.430603Z;/home/runner/work/gson/gson/gson/target/classes/META-INF;proguard;IN_ACCESS,IN_ISDIR
2026-09-04T07:39:07.430944Z;/home/runner/work/gson/gson/gson/target/classes/META-INF/proguard;;IN_ACCESS,IN_ISDIR
2026-09-04T07:39:07.431275Z;/home/runner/work/gson/gson/gson/target/classes/META-INF;proguard;IN_ACCESS,IN_ISDIR
2026-09-04T07:39:07.431605Z;/home/runner/work/gson/gson/gson/target/classes/META-INF/proguard;;IN_ACCESS,IN_ISDIR
2026-09-04T07:39:07.434825Z;/home/runner/work/gson/gson/gson/target;maven-archiver;IN_CREATE,IN_ISDIR
2026-09-04T07:39:07.435429Z;/home/runner/work/gson/gson/gson/target;maven-archiver;IN_ACCESS,IN_ISDIR
2026-09-04T07:39:07.440219Z;/home/runner/work/gson/gson/gson/target/maven-archiver;pom.properties;IN_CREATE
2026-09-04T07:39:07.441898Z;/home/runner/work/gson/gson/gson/target;classes;IN_ACCESS,IN_ISDIR
2026-09-04T07:39:07.442254Z;/home/runner/work/gson/gson/gson/target/classes;;IN_ACCESS,IN_ISDIR
2026-09-04T07:39:07.442684Z;/home/runner/work/gson/gson/gson/target;classes;IN_ACCESS,IN_ISDIR
2026-09-04T07:39:07.443010Z;/home/runner/work/gson/gson/gson/target/classes;;IN_ACCESS,IN_ISDIR
2026-09-04T07:39:07.443356Z;/home/runner/work/gson/gson/gson/target/classes;META-INF;IN_ACCESS,IN_ISDIR
2026-09-04T07:39:07.443721Z;/home/runner/work/gson/gson/gson/target/classes/META-INF;;IN_ACCESS,IN_ISDIR
2026-09-04T07:39:07.444062Z;/home/runner/work/gson/gson/gson/target/classes;META-INF;IN_ACCESS,IN_ISDIR
2026-09-04T07:39:07.444828Z;/home/runner/work/gson/gson/gson/target/classes/META-INF;;IN_ACCESS,IN_ISDIR
2026-09-04T07:39:07.445237Z;/home/runner/work/gson/gson/gson/target/classes/META-INF;proguard;IN_ACCESS,IN_ISDIR
2026-09-04T07:39:07.445701Z;/home/runner/work/gson/gson/gson/target/classes/META-INF/proguard;;IN_ACCESS,IN_ISDIR
2026-09-04T07:39:07.446035Z;/home/runner/work/gson/gson/gson/target/classes/META-INF;proguard;IN_ACCESS,IN_ISDIR
2026-09-04T07:39:07.446383Z;/home/runner/work/gson/gson/gson/target/classes/META-INF/proguard;;IN_ACCESS,IN_ISDIR
2026-09-04T07:39:07.446733Z;/home/runner/work/gson/gson/gson/target/classes;com;IN_ACCESS,IN_ISDIR
2026-09-04T07:39:07.447139Z;/home/runner/work/gson/gson/gson/target/classes/com;;IN_ACCESS,IN_ISDIR
2026-09-04T07:39:07.447617Z;/home/runner/work/gson/gson/gson/target/classes;com;IN_ACCESS,IN_ISDIR
2026-09-04T07:39:07.447962Z;/home/runner/work/gson/gson/gson/target/classes/com;;IN_ACCESS,IN_ISDIR
2026-09-04T07:39:07.448371Z;/home/runner/work/gson/gson/gson/target/classes/com;google;IN_ACCESS,IN_ISDIR
2026-09-04T07:39:07.448724Z;/home/runner/work/gson/gson/gson/target/classes/com/google;;IN_ACCESS,IN_ISDIR
2026-09-04T07:39:07.449067Z;/home/runner/work/gson/gson/gson/target/classes/com;google;IN_ACCESS,IN_ISDIR
2026-09-04T07:39:07.449430Z;/home/runner/work/gson/gson/gson/target/classes/com/google;;IN_ACCESS,IN_ISDIR
2026-09-04T07:39:07.449917Z;/home/runner/work/gson/gson/gson/target/classes/com/google;gson;IN_ACCESS,IN_ISDIR
2026-09-04T07:39:07.450741Z;/home/runner/work/gson/gson/gson/target/classes/com/google/gson;;IN_ACCESS,IN_ISDIR
2026-09-04T07:39:07.452958Z;/home/runner/work/gson/gson/gson/target/classes/com/google;gson;IN_ACCESS,IN_ISDIR
2026-09-04T07:39:07.453352Z;/home/runner/work/gson/gson/gson/target/classes/com/google/gson;;IN_ACCESS,IN_ISDIR
2026-09-04T07:39:07.453703Z;/home/runner/work/gson/gson/gson/target/classes/com/google/gson;annotations;IN_ACCESS,IN_ISDIR
2026-09-04T07:39:07.454026Z;/home/runner/work/gson/gson/gson/target/classes/com/google/gson/annotations;;IN_ACCESS,IN_ISDIR
2026-09-04T07:39:07.454344Z;/home/runner/work/gson/gson/gson/target/classes/com/google/gson;annotations;IN_ACCESS,IN_ISDIR
2026-09-04T07:39:07.454675Z;/home/runner/work/gson/gson/gson/target/classes/com/google/gson/annotations;;IN_ACCESS,IN_ISDIR
2026-09-04T07:39:07.456495Z;/home/runner/work/gson/gson/gson/target/classes/com/google/gson;internal;IN_ACCESS,IN_ISDIR
2026-09-04T07:39:07.456841Z;/home/runner/work/gson/gson/gson/target/classes/com/google/gson/internal;;IN_ACCESS,IN_ISDIR
2026-09-04T07:39:07.457180Z;/home/runner/work/gson/gson/gson/target/classes/com/google/gson;internal;IN_ACCESS,IN_ISDIR
2026-09-04T07:39:07.457543Z;/home/runner/work/gson/gson/gson/target/classes/com/google/gson/internal;;IN_ACCESS,IN_ISDIR
2026-09-04T07:39:07.458109Z;/home/runner/work/gson/gson/gson/target/classes/com/google/gson/internal;bind;IN_ACCESS,IN_ISDIR
2026-09-04T07:39:07.458440Z;/home/runner/work/gson/gson/gson/target/classes/com/google/gson/internal/bind;;IN_ACCESS,IN_ISDIR
2026-09-04T07:39:07.458788Z;/home/runner/work/gson/gson/gson/target/classes/com/google/gson/internal;bind;IN_ACCESS,IN_ISDIR
2026-09-04T07:39:07.459466Z;/home/runner/work/gson/gson/gson/target/classes/com/google/gson/internal/bind;;IN_ACCESS,IN_ISDIR
2026-09-04T07:39:07.459806Z;/home/runner/work/gson/gson/gson/target/classes/com/google/gson/internal/bind;util;IN_ACCESS,IN_ISDIR
2026-09-04T07:39:07.460135Z;/home/runner/work/gson/gson/gson/target/classes/com/google/gson/internal/bind/util;;IN_ACCESS,IN_ISDIR
2026-09-04T07:39:07.460460Z;/home/runner/work/gson/gson/gson/target/classes/com/google/gson/internal/bind;util;IN_ACCESS,IN_ISDIR
2026-09-04T07:39:07.461126Z;/home/runner/work/gson/gson/gson/target/classes/com/google/gson/internal/bind/util;;IN_ACCESS,IN_ISDIR
2026-09-04T07:39:07.461442Z;/home/runner/work/gson/gson/gson/target/classes/com/google/gson/internal;reflect;IN_ACCESS,IN_ISDIR
2026-09-04T07:39:07.461773Z;/home/runner/work/gson/gson/gson/target/classes/com/google/gson/internal/reflect;;IN_ACCESS,IN_ISDIR
2026-09-04T07:39:07.462085Z;/home/runner/work/gson/gson/gson/target/classes/com/google/gson/internal;reflect;IN_ACCESS,IN_ISDIR
2026-09-04T07:39:07.463830Z;/home/runner/work/gson/gson/gson/target/classes/com/google/gson/internal/reflect;;IN_ACCESS,IN_ISDIR
2026-09-04T07:39:07.464276Z;/home/runner/work/gson/gson/gson/target/classes/com/google/gson/internal;sql;IN_ACCESS,IN_ISDIR
2026-09-04T07:39:07.464604Z;/home/runner/work/gson/gson/gson/target/classes/com/google/gson/internal/sql;;IN_ACCESS,IN_ISDIR
2026-09-04T07:39:07.464958Z;/home/runner/work/gson/gson/gson/target/classes/com/google/gson/internal;sql;IN_ACCESS,IN_ISDIR
2026-09-04T07:39:07.465272Z;/home/runner/work/gson/gson/gson/target/classes/com/google/gson/internal/sql;;IN_ACCESS,IN_ISDIR
2026-09-04T07:39:07.465636Z;/home/runner/work/gson/gson/gson/target/classes/com/google/gson;reflect;IN_ACCESS,IN_ISDIR
2026-09-04T07:39:07.465935Z;/home/runner/work/gson/gson/gson/target/classes/com/google/gson/reflect;;IN_ACCESS,IN_ISDIR
2026-09-04T07:39:07.466226Z;/home/runner/work/gson/gson/gson/target/classes/com/google/gson;reflect;IN_ACCESS,IN_ISDIR
2026-09-04T07:39:07.466524Z;/home/runner/work/gson/gson/gson/target/classes/com/google/gson/reflect;;IN_ACCESS,IN_ISDIR
2026-09-04T07:39:07.467168Z;/home/runner/work/gson/gson/gson/target/classes/com/google/gson;stream;IN_ACCESS,IN_ISDIR
2026-09-04T07:39:07.467514Z;/home/runner/work/gson/gson/gson/target/classes/com/google/gson/stream;;IN_ACCESS,IN_ISDIR
2026-09-04T07:39:07.467813Z;/home/runner/work/gson/gson/gson/target/classes/com/google/gson;stream;IN_ACCESS,IN_ISDIR
2026-09-04T07:39:07.468093Z;/home/runner/work/gson/gson/gson/target/classes/com/google/gson/stream;;IN_ACCESS,IN_ISDIR
2026-09-04T07:39:07.468386Z;/home/runner/work/gson/gson/gson/target;gson-2.14.1-SNAPSHOT.jar;IN_CREATE
2026-09-04T07:39:07.475405Z;/home/runner/work/gson/gson/gson/target/classes/META-INF;MANIFEST.MF;IN_ACCESS
2026-09-04T07:39:07.491443Z;/home/runner/work/gson/gson/gson/target/classes/META-INF/proguard;gson.pro;IN_ACCESS
2026-09-04T07:39:07.491914Z;/home/runner/work/gson/gson/gson/target/classes/com/google/gson;ExclusionStrategy.class;IN_ACCESS
2026-09-04T07:39:07.492275Z;/home/runner/work/gson/gson/gson/target/classes/com/google/gson;FieldAttributes.class;IN_ACCESS
2026-09-04T07:39:07.492604Z;/home/runner/work/gson/gson/gson/target/classes/com/google/gson;FieldNamingPolicy$1.class;IN_ACCESS
2026-09-04T07:39:07.492942Z;/home/runner/work/gson/gson/gson/target/classes/com/google/gson;FieldNamingPolicy$2.class;IN_ACCESS
2026-09-04T07:39:07.493741Z;/home/runner/work/gson/gson/gson/target/classes/com/google/gson;FieldNamingPolicy$3.class;IN_ACCESS
2026-09-04T07:39:07.494139Z;/home/runner/work/gson/gson/gson/target/classes/com/google/gson;FieldNamingPolicy$5.class;IN_ACCESS
2026-09-04T07:39:07.494472Z;/home/runner/work/gson/gson/gson/target/classes/com/google/gson;FieldNamingPolicy$4.class;IN_ACCESS
2026-09-04T07:39:07.494922Z;/home/runner/work/gson/gson/gson/target/classes/com/google/gson;FieldNamingPolicy$6.class;IN_ACCESS
2026-09-04T07:39:07.495274Z;/home/runner/work/gson/gson/gson/target/classes/com/google/gson;FieldNamingPolicy$7.class;IN_ACCESS
2026-09-04T07:39:07.495664Z;/home/runner/work/gson/gson/gson/target/classes/com/google/gson;FieldNamingPolicy.class;IN_ACCESS
2026-09-04T07:39:07.496020Z;/home/runner/work/gson/gson/gson/target/classes/com/google/gson;FormattingStyle.class;IN_ACCESS
2026-09-04T07:39:07.496407Z;/home/runner/work/gson/gson/gson/target/classes/com/google/gson;Gson$FutureTypeAdapter.class;IN_ACCESS
2026-09-04T07:39:07.496828Z;/home/runner/work/gson/gson/gson/target/classes/com/google/gson;Gson.class;IN_ACCESS
2026-09-04T07:39:07.497189Z;/home/runner/work/gson/gson/gson/target/classes/com/google/gson;GsonBuilder.class;IN_ACCESS
2026-09-04T07:39:07.497598Z;/home/runner/work/gson/gson/gson/target/classes/com/google/gson;FieldNamingStrategy.class;IN_ACCESS
2026-09-04T07:39:07.497919Z;/home/runner/work/gson/gson/gson/target/classes/com/google/gson;Gson.class;IN_ACCESS
2026-09-04T07:39:07.498360Z;/home/runner/work/gson/gson/gson/target/classes/com/google/gson;GsonBuilder.class;IN_ACCESS
2026-09-04T07:39:07.498795Z;/home/runner/work/gson/gson/gson/target/classes/com/google/gson;Gson.class;IN_ACCESS
2026-09-04T07:39:07.499127Z;/home/runner/work/gson/gson/gson/target/classes/com/google/gson;GsonBuilder.class;IN_ACCESS
2026-09-04T07:39:07.499633Z;/home/runner/work/gson/gson/gson/target/classes/com/google/gson;InstanceCreator.class;IN_ACCESS
2026-09-04T07:39:07.499992Z;/home/runner/work/gson/gson/gson/target/classes/com/google/gson;GsonBuilder.class;IN_ACCESS
2026-09-04T07:39:07.500301Z;/home/runner/work/gson/gson/gson/target/classes/com/google/gson;Gson.class;IN_ACCESS
2026-09-04T07:39:07.500948Z;/home/runner/work/gson/gson/gson/target/classes/com/google/gson;GsonBuilder.class;IN_ACCESS
2026-09-04T07:39:07.503596Z;/home/runner/work/gson/gson/gson/target/classes/com/google/gson;JsonArray.class;IN_ACCESS
2026-09-04T07:39:07.504008Z;/home/runner/work/gson/gson/gson/target/classes/com/google/gson;JsonDeserializationContext.class;IN_ACCESS
2026-09-04T07:39:07.504527Z;/home/runner/work/gson/gson/gson/target/classes/com/google/gson;JsonDeserializer.class;IN_ACCESS
2026-09-04T07:39:07.504875Z;/home/runner/work/gson/gson/gson/target/classes/com/google/gson;JsonElement.class;IN_ACCESS
2026-09-04T07:39:07.505167Z;/home/runner/work/gson/gson/gson/target/classes/com/google/gson;JsonIOException.class;IN_ACCESS
2026-09-04T07:39:07.505570Z;/home/runner/work/gson/gson/gson/target/classes/com/google/gson;JsonNull.class;IN_ACCESS
2026-09-04T07:39:07.505872Z;/home/runner/work/gson/gson/gson/target/classes/com/google/gson;JsonObject.class;IN_ACCESS
2026-09-04T07:39:07.506205Z;/home/runner/work/gson/gson/gson/target/classes/com/google/gson;JsonParseException.class;IN_ACCESS
2026-09-04T07:39:07.506532Z;/home/runner/work/gson/gson/gson/target/classes/com/google/gson;JsonParser.class;IN_ACCESS
2026-09-04T07:39:07.507001Z;/home/runner/work/gson/gson/gson/target/classes/com/google/gson;JsonPrimitive.class;IN_ACCESS
2026-09-04T07:39:07.507357Z;/home/runner/work/gson/gson/gson/target/classes/com/google/gson;JsonSerializationContext.class;IN_ACCESS
2026-09-04T07:39:07.508485Z;/home/runner/work/gson/gson/gson/target/classes/com/google/gson;JsonSerializer.class;IN_ACCESS
2026-09-04T07:39:07.509780Z;/home/runner/work/gson/gson/gson/target/classes/com/google/gson;JsonStreamParser.class;IN_ACCESS
2026-09-04T07:39:07.513860Z;/home/runner/work/gson/gson/gson/target/classes/com/google/gson;JsonSyntaxException.class;IN_ACCESS
2026-09-04T07:39:07.516830Z;/home/runner/work/gson/gson/gson/target/classes/com/google/gson;LongSerializationPolicy$1.class;IN_ACCESS
2026-09-04T07:39:07.517149Z;/home/runner/work/gson/gson/gson/target/classes/com/google/gson;LongSerializationPolicy$2.class;IN_ACCESS
2026-09-04T07:39:07.517454Z;/home/runner/work/gson/gson/gson/target/classes/com/google/gson;LongSerializationPolicy.class;IN_ACCESS
2026-09-04T07:39:07.517798Z;/home/runner/work/gson/gson/gson/target/classes/com/google/gson;ReflectionAccessFilter$1.class;IN_ACCESS
2026-09-04T07:39:07.520795Z;/home/runner/work/gson/gson/gson/target/classes/com/google/gson;ReflectionAccessFilter$2.class;IN_ACCESS
2026-09-04T07:39:07.522833Z;/home/runner/work/gson/gson/gson/target/classes/com/google/gson;ReflectionAccessFilter$3.class;IN_ACCESS
2026-09-04T07:39:07.525797Z;/home/runner/work/gson/gson/gson/target/classes/com/google/gson;ReflectionAccessFilter$4.class;IN_ACCESS
2026-09-04T07:39:07.526105Z;/home/runner/work/gson/gson/gson/target/classes/com/google/gson;ReflectionAccessFilter$FilterResult.class;IN_ACCESS
2026-09-04T07:39:07.526399Z;/home/runner/work/gson/gson/gson/target/classes/com/google/gson;ReflectionAccessFilter.class;IN_ACCESS
2026-09-04T07:39:07.526714Z;/home/runner/work/gson/gson/gson/target/classes/com/google/gson;Strictness.class;IN_ACCESS
2026-09-04T07:39:07.527048Z;/home/runner/work/gson/gson/gson/target/classes/com/google/gson;ToNumberPolicy$1.class;IN_ACCESS
2026-09-04T07:39:07.527470Z;/home/runner/work/gson/gson/gson/target/classes/com/google/gson;ToNumberPolicy$2.class;IN_ACCESS
2026-09-04T07:39:07.527811Z;/home/runner/work/gson/gson/gson/target/classes/com/google/gson;ToNumberPolicy$3.class;IN_ACCESS
2026-09-04T07:39:07.528110Z;/home/runner/work/gson/gson/gson/target/classes/com/google/gson;ToNumberPolicy$4.class;IN_ACCESS
2026-09-04T07:39:07.528524Z;/home/runner/work/gson/gson/gson/target/classes/com/google/gson;ToNumberPolicy.class;IN_ACCESS
2026-09-04T07:39:07.528841Z;/home/runner/work/gson/gson/gson/target/classes/com/google/gson;ToNumberStrategy.class;IN_ACCESS
2026-09-04T07:39:07.529138Z;/home/runner/work/gson/gson/gson/target/classes/com/google/gson;TypeAdapter$1.class;IN_ACCESS
2026-09-04T07:39:07.529432Z;/home/runner/work/gson/gson/gson/target/classes/com/google/gson;TypeAdapter$NullSafeTypeAdapter.class;IN_ACCESS
2026-09-04T07:39:07.529890Z;/home/runner/work/gson/gson/gson/target/classes/com/google/gson;TypeAdapter.class;IN_ACCESS
2026-09-04T07:39:07.530265Z;/home/runner/work/gson/gson/gson/target/classes/com/google/gson;TypeAdapterFactory.class;IN_ACCESS
2026-09-04T07:39:07.530617Z;/home/runner/work/gson/gson/gson/target/classes/com/google/gson/annotations;Expose.class;IN_ACCESS
2026-09-04T07:39:07.530948Z;/home/runner/work/gson/gson/gson/target/classes/com/google/gson/annotations;JsonAdapter.class;IN_ACCESS
2026-09-04T07:39:07.531274Z;/home/runner/work/gson/gson/gson/target/classes/com/google/gson/annotations;SerializedName.class;IN_ACCESS
2026-09-04T07:39:07.531603Z;/home/runner/work/gson/gson/gson/target/classes/com/google/gson/annotations;Since.class;IN_ACCESS
2026-09-04T07:39:07.531935Z;/home/runner/work/gson/gson/gson/target/classes/com/google/gson/annotations;Until.class;IN_ACCESS
2026-09-04T07:39:07.532252Z;/home/runner/work/gson/gson/gson/target/classes/com/google/gson/annotations;package-info.class;IN_ACCESS
2026-09-04T07:39:07.532615Z;/home/runner/work/gson/gson/gson/target/classes/com/google/gson/internal;ConstructorConstructor$InstanceCreatorConstructor.class;IN_ACCESS
2026-09-04T07:39:07.533001Z;/home/runner/work/gson/gson/gson/target/classes/com/google/gson/internal;ConstructorConstructor$ThrowingObjectConstructor.class;IN_ACCESS
2026-09-04T07:39:07.533418Z;/home/runner/work/gson/gson/gson/target/classes/com/google/gson/internal;ConstructorConstructor.class;IN_ACCESS
2026-09-04T07:39:07.533787Z;/home/runner/work/gson/gson/gson/target/classes/com/google/gson/internal;Excluder$1.class;IN_ACCESS
2026-09-04T07:39:07.534136Z;/home/runner/work/gson/gson/gson/target/classes/com/google/gson/internal;Excluder.class;IN_ACCESS
2026-09-04T07:39:07.534466Z;/home/runner/work/gson/gson/gson/target/classes/com/google/gson/internal;GsonBuildConfig.class;IN_ACCESS
2026-09-04T07:39:07.534816Z;/home/runner/work/gson/gson/gson/target/classes/com/google/gson/internal;GsonTypes$GenericArrayTypeImpl.class;IN_ACCESS
2026-09-04T07:39:07.535820Z;/home/runner/work/gson/gson/gson/target/classes/com/google/gson/internal;GsonTypes$ParameterizedTypeImpl.class;IN_ACCESS
2026-09-04T07:39:07.536167Z;/home/runner/work/gson/gson/gson/target/classes/com/google/gson/internal;GsonTypes$WildcardTypeImpl.class;IN_ACCESS
2026-09-04T07:39:07.536576Z;/home/runner/work/gson/gson/gson/target/classes/com/google/gson/internal;GsonTypes.class;IN_ACCESS
2026-09-04T07:39:07.536916Z;/home/runner/work/gson/gson/gson/target/classes/com/google/gson/internal;JavaVersion.class;IN_ACCESS
2026-09-04T07:39:07.537252Z;/home/runner/work/gson/gson/gson/target/classes/com/google/gson/internal;JsonReaderInternalAccess.class;IN_ACCESS
2026-09-04T07:39:07.537569Z;/home/runner/work/gson/gson/gson/target/classes/com/google/gson/internal;LazilyParsedNumber.class;IN_ACCESS
2026-09-04T07:39:07.537897Z;/home/runner/work/gson/gson/gson/target/classes/com/google/gson/internal;LinkedTreeMap$EntrySet$1.class;IN_ACCESS
2026-09-04T07:39:07.538216Z;/home/runner/work/gson/gson/gson/target/classes/com/google/gson/internal;LinkedTreeMap$EntrySet.class;IN_ACCESS
2026-09-04T07:39:07.538542Z;/home/runner/work/gson/gson/gson/target/classes/com/google/gson/internal;LinkedTreeMap$KeySet$1.class;IN_ACCESS
2026-09-04T07:39:07.540627Z;/home/runner/work/gson/gson/gson/target/classes/com/google/gson/internal;LinkedTreeMap$KeySet.class;IN_ACCESS
2026-09-04T07:39:07.540943Z;/home/runner/work/gson/gson/gson/target/classes/com/google/gson/internal;LinkedTreeMap$LinkedTreeMapIterator.class;IN_ACCESS
2026-09-04T07:39:07.541363Z;/home/runner/work/gson/gson/gson/target/classes/com/google/gson/internal;LinkedTreeMap$Node.class;IN_ACCESS
2026-09-04T07:39:07.541876Z;/home/runner/work/gson/gson/gson/target/classes/com/google/gson/internal;LinkedTreeMap.class;IN_ACCESS
2026-09-04T07:39:07.542185Z;/home/runner/work/gson/gson/gson/target/classes/com/google/gson/internal;NonNullElementWrapperList.class;IN_ACCESS
2026-09-04T07:39:07.542482Z;/home/runner/work/gson/gson/gson/target/classes/com/google/gson/internal;NumberLimits.class;IN_ACCESS
2026-09-04T07:39:07.542788Z;/home/runner/work/gson/gson/gson/target/classes/com/google/gson/internal;ObjectConstructor.class;IN_ACCESS
2026-09-04T07:39:07.543097Z;/home/runner/work/gson/gson/gson/target/classes/com/google/gson/internal;PreJava9DateFormatProvider.class;IN_ACCESS
2026-09-04T07:39:07.543391Z;/home/runner/work/gson/gson/gson/target/classes/com/google/gson/internal;Primitives.class;IN_ACCESS
2026-09-04T07:39:07.543688Z;/home/runner/work/gson/gson/gson/target/classes/com/google/gson/internal;ReflectionAccessFilterHelper$1.class;IN_ACCESS
2026-09-04T07:39:07.543968Z;/home/runner/work/gson/gson/gson/target/classes/com/google/gson/internal;ReflectionAccessFilterHelper$AccessChecker$1.class;IN_ACCESS
2026-09-04T07:39:07.544255Z;/home/runner/work/gson/gson/gson/target/classes/com/google/gson/internal;ReflectionAccessFilterHelper$AccessChecker$2.class;IN_ACCESS
2026-09-04T07:39:07.544551Z;/home/runner/work/gson/gson/gson/target/classes/com/google/gson/internal;ReflectionAccessFilterHelper$AccessChecker.class;IN_ACCESS
2026-09-04T07:39:07.544883Z;/home/runner/work/gson/gson/gson/target/classes/com/google/gson/internal;ReflectionAccessFilterHelper.class;IN_ACCESS
2026-09-04T07:39:07.545170Z;/home/runner/work/gson/gson/gson/target/classes/com/google/gson/internal;Streams$AppendableWriter$CurrentWrite.class;IN_ACCESS
2026-09-04T07:39:07.545634Z;/home/runner/work/gson/gson/gson/target/classes/com/google/gson/internal;Streams$AppendableWriter.class;IN_ACCESS
2026-09-04T07:39:07.545978Z;/home/runner/work/gson/gson/gson/target/classes/com/google/gson/internal;Streams.class;IN_ACCESS
2026-09-04T07:39:07.546279Z;/home/runner/work/gson/gson/gson/target/classes/com/google/gson/internal;TroubleshootingGuide.class;IN_ACCESS
2026-09-04T07:39:07.546635Z;/home/runner/work/gson/gson/gson/target/classes/com/google/gson/internal;UnsafeAllocator$1.class;IN_ACCESS
2026-09-04T07:39:07.546971Z;/home/runner/work/gson/gson/gson/target/classes/com/google/gson/internal;UnsafeAllocator$2.class;IN_ACCESS
2026-09-04T07:39:07.547287Z;/home/runner/work/gson/gson/gson/target/classes/com/google/gson/internal;UnsafeAllocator$3.class;IN_ACCESS
2026-09-04T07:39:07.547672Z;/home/runner/work/gson/gson/gson/target/classes/com/google/gson/internal;UnsafeAllocator$4.class;IN_ACCESS
2026-09-04T07:39:07.548792Z;/home/runner/work/gson/gson/gson/target/classes/com/google/gson/internal;UnsafeAllocator.class;IN_ACCESS
2026-09-04T07:39:07.549104Z;/home/runner/work/gson/gson/gson/target/classes/com/google/gson/internal;Streams$1.class;IN_ACCESS
2026-09-04T07:39:07.549415Z;/home/runner/work/gson/gson/gson/target/classes/com/google/gson/internal/bind;ArrayTypeAdapter$1.class;IN_ACCESS
2026-09-04T07:39:07.549735Z;/home/runner/work/gson/gson/gson/target/classes/com/google/gson/internal/bind;ArrayTypeAdapter.class;IN_ACCESS
2026-09-04T07:39:07.550048Z;/home/runner/work/gson/gson/gson/target/classes/com/google/gson/internal/bind;CollectionTypeAdapterFactory$Adapter.class;IN_ACCESS
2026-09-04T07:39:07.550360Z;/home/runner/work/gson/gson/gson/target/classes/com/google/gson/internal/bind;CollectionTypeAdapterFactory.class;IN_ACCESS
2026-09-04T07:39:07.550695Z;/home/runner/work/gson/gson/gson/target/classes/com/google/gson/internal/bind;DefaultDateTypeAdapter$1.class;IN_ACCESS
2026-09-04T07:39:07.551010Z;/home/runner/work/gson/gson/gson/target/classes/com/google/gson/internal/bind;DefaultDateTypeAdapter$DateType$1.class;IN_ACCESS
2026-09-04T07:39:07.551321Z;/home/runner/work/gson/gson/gson/target/classes/com/google/gson/internal/bind;DefaultDateTypeAdapter$DateType.class;IN_ACCESS
2026-09-04T07:39:07.551738Z;/home/runner/work/gson/gson/gson/target/classes/com/google/gson/internal/bind;DefaultDateTypeAdapter.class;IN_ACCESS
2026-09-04T07:39:07.552792Z;/home/runner/work/gson/gson/gson/target/classes/com/google/gson/internal/bind;EnumTypeAdapter$1.class;IN_ACCESS
2026-09-04T07:39:07.553103Z;/home/runner/work/gson/gson/gson/target/classes/com/google/gson/internal/bind;DefaultDateTypeAdapter.class;IN_ACCESS
2026-09-04T07:39:07.553432Z;/home/runner/work/gson/gson/gson/target/classes/com/google/gson/internal/bind;EnumTypeAdapter.class;IN_ACCESS
2026-09-04T07:39:07.553782Z;/home/runner/work/gson/gson/gson/target/classes/com/google/gson/internal/bind;IgnoreJRERequirement.class;IN_ACCESS
2026-09-04T07:39:07.554098Z;/home/runner/work/gson/gson/gson/target/classes/com/google/gson/internal/bind;JavaTimeTypeAdapters$1.class;IN_ACCESS
2026-09-04T07:39:07.554415Z;/home/runner/work/gson/gson/gson/target/classes/com/google/gson/internal/bind;JavaTimeTypeAdapters$10.class;IN_ACCESS
2026-09-04T07:39:07.554712Z;/home/runner/work/gson/gson/gson/target/classes/com/google/gson/internal/bind;JavaTimeTypeAdapters$11.class;IN_ACCESS
2026-09-04T07:39:07.555004Z;/home/runner/work/gson/gson/gson/target/classes/com/google/gson/internal/bind;JavaTimeTypeAdapters$12.class;IN_ACCESS
2026-09-04T07:39:07.557807Z;/home/runner/work/gson/gson/gson/target/classes/com/google/gson/internal/bind;JavaTimeTypeAdapters$13.class;IN_ACCESS
2026-09-04T07:39:07.558180Z;/home/runner/work/gson/gson/gson/target/classes/com/google/gson/internal/bind;JavaTimeTypeAdapters$14.class;IN_ACCESS
2026-09-04T07:39:07.558502Z;/home/runner/work/gson/gson/gson/target/classes/com/google/gson/internal/bind;JavaTimeTypeAdapters$2.class;IN_ACCESS
2026-09-04T07:39:07.558830Z;/home/runner/work/gson/gson/gson/target/classes/com/google/gson/internal/bind;JavaTimeTypeAdapters$3.class;IN_ACCESS
2026-09-04T07:39:07.559148Z;/home/runner/work/gson/gson/gson/target/classes/com/google/gson/internal/bind;JavaTimeTypeAdapters$4.class;IN_ACCESS
2026-09-04T07:39:07.559449Z;/home/runner/work/gson/gson/gson/target/classes/com/google/gson/internal/bind;JavaTimeTypeAdapters$5.class;IN_ACCESS
2026-09-04T07:39:07.559781Z;/home/runner/work/gson/gson/gson/target/classes/com/google/gson/internal/bind;JavaTimeTypeAdapters$6.class;IN_ACCESS
2026-09-04T07:39:07.560079Z;/home/runner/work/gson/gson/gson/target/classes/com/google/gson/internal/bind;JavaTimeTypeAdapters$7.class;IN_ACCESS
2026-09-04T07:39:07.560371Z;/home/runner/work/gson/gson/gson/target/classes/com/google/gson/internal/bind;JavaTimeTypeAdapters$8.class;IN_ACCESS
2026-09-04T07:39:07.560680Z;/home/runner/work/gson/gson/gson/target/classes/com/google/gson/internal/bind;JavaTimeTypeAdapters$9.class;IN_ACCESS
2026-09-04T07:39:07.560977Z;/home/runner/work/gson/gson/gson/target/classes/com/google/gson/internal/bind;JavaTimeTypeAdapters.class;IN_ACCESS
2026-09-04T07:39:07.562723Z;/home/runner/work/gson/gson/gson/target/classes/com/google/gson/internal/bind;JsonAdapterAnnotationTypeAdapterFactory$1.class;IN_ACCESS
2026-09-04T07:39:07.563119Z;/home/runner/work/gson/gson/gson/target/classes/com/google/gson/internal/bind;JavaTimeTypeAdapters.class;IN_ACCESS
2026-09-04T07:39:07.563472Z;/home/runner/work/gson/gson/gson/target/classes/com/google/gson/internal/bind;JsonAdapterAnnotationTypeAdapterFactory.class;IN_ACCESS
2026-09-04T07:39:07.563855Z;/home/runner/work/gson/gson/gson/target/classes/com/google/gson/internal/bind;JsonElementTypeAdapter$1.class;IN_ACCESS
2026-09-04T07:39:07.564165Z;/home/runner/work/gson/gson/gson/target/classes/com/google/gson/internal/bind;JsonElementTypeAdapter.class;IN_ACCESS
2026-09-04T07:39:07.564467Z;/home/runner/work/gson/gson/gson/target/classes/com/google/gson/internal/bind;JsonTreeReader$1.class;IN_ACCESS
2026-09-04T07:39:07.564813Z;/home/runner/work/gson/gson/gson/target/classes/com/google/gson/internal/bind;JsonTreeReader$2.class;IN_ACCESS
2026-09-04T07:39:07.565119Z;/home/runner/work/gson/gson/gson/target/classes/com/google/gson/internal/bind;JsonTreeReader.class;IN_ACCESS
2026-09-04T07:39:07.565537Z;/home/runner/work/gson/gson/gson/target/classes/com/google/gson/internal/bind;JsonTreeWriter$1.class;IN_ACCESS
2026-09-04T07:39:07.565853Z;/home/runner/work/gson/gson/gson/target/classes/com/google/gson/internal/bind;JsonTreeWriter.class;IN_ACCESS
2026-09-04T07:39:07.566187Z;/home/runner/work/gson/gson/gson/target/classes/com/google/gson/internal/bind;MapTypeAdapterFactory$Adapter.class;IN_ACCESS
2026-09-04T07:39:07.566485Z;/home/runner/work/gson/gson/gson/target/classes/com/google/gson/internal/bind;MapTypeAdapterFactory.class;IN_ACCESS
2026-09-04T07:39:07.566778Z;/home/runner/work/gson/gson/gson/target/classes/com/google/gson/internal/bind;NumberTypeAdapter$1.class;IN_ACCESS
2026-09-04T07:39:07.567073Z;/home/runner/work/gson/gson/gson/target/classes/com/google/gson/internal/bind;NumberTypeAdapter$2.class;IN_ACCESS
2026-09-04T07:39:07.569792Z;/home/runner/work/gson/gson/gson/target/classes/com/google/gson/internal/bind;NumberTypeAdapter.class;IN_ACCESS
2026-09-04T07:39:07.570102Z;/home/runner/work/gson/gson/gson/target/classes/com/google/gson/internal/bind;ObjectTypeAdapter$1.class;IN_ACCESS
2026-09-04T07:39:07.570396Z;/home/runner/work/gson/gson/gson/target/classes/com/google/gson/internal/bind;ObjectTypeAdapter.class;IN_ACCESS
2026-09-04T07:39:07.570702Z;/home/runner/work/gson/gson/gson/target/classes/com/google/gson/internal/bind;ObjectTypeAdapter$2.class;IN_ACCESS
2026-09-04T07:39:07.571005Z;/home/runner/work/gson/gson/gson/target/classes/com/google/gson/internal/bind;ObjectTypeAdapter.class;IN_ACCESS
2026-09-04T07:39:07.571298Z;/home/runner/work/gson/gson/gson/target/classes/com/google/gson/internal/bind;ReflectiveTypeAdapterFactory$1.class;IN_ACCESS
2026-09-04T07:39:07.571615Z;/home/runner/work/gson/gson/gson/target/classes/com/google/gson/internal/bind;ReflectiveTypeAdapterFactory$2.class;IN_ACCESS
2026-09-04T07:39:07.571917Z;/home/runner/work/gson/gson/gson/target/classes/com/google/gson/internal/bind;ReflectiveTypeAdapterFactory$Adapter.class;IN_ACCESS
2026-09-04T07:39:07.572206Z;/home/runner/work/gson/gson/gson/target/classes/com/google/gson/internal/bind;ReflectiveTypeAdapterFactory$2.class;IN_ACCESS
2026-09-04T07:39:07.572488Z;/home/runner/work/gson/gson/gson/target/classes/com/google/gson/internal/bind;ReflectiveTypeAdapterFactory$Adapter.class;IN_ACCESS
2026-09-04T07:39:07.572790Z;/home/runner/work/gson/gson/gson/target/classes/com/google/gson/internal/bind;ReflectiveTypeAdapterFactory$BoundField.class;IN_ACCESS
2026-09-04T07:39:07.573070Z;/home/runner/work/gson/gson/gson/target/classes/com/google/gson/internal/bind;ReflectiveTypeAdapterFactory$FieldReflectionAdapter.class;IN_ACCESS
2026-09-04T07:39:07.573375Z;/home/runner/work/gson/gson/gson/target/classes/com/google/gson/internal/bind;ReflectiveTypeAdapterFactory$FieldsData.class;IN_ACCESS
2026-09-04T07:39:07.573727Z;/home/runner/work/gson/gson/gson/target/classes/com/google/gson/internal/bind;ReflectiveTypeAdapterFactory$RecordAdapter.class;IN_ACCESS
2026-09-04T07:39:07.574023Z;/home/runner/work/gson/gson/gson/target/classes/com/google/gson/internal/bind;ReflectiveTypeAdapterFactory.class;IN_ACCESS
2026-09-04T07:39:07.574314Z;/home/runner/work/gson/gson/gson/target/classes/com/google/gson/internal/bind;ReflectiveTypeAdapterFactory$RecordAdapter.class;IN_ACCESS
2026-09-04T07:39:07.574613Z;/home/runner/work/gson/gson/gson/target/classes/com/google/gson/internal/bind;ReflectiveTypeAdapterFactory.class;IN_ACCESS
2026-09-04T07:39:07.575797Z;/home/runner/work/gson/gson/gson/target/classes/com/google/gson/internal/bind;SerializationDelegatingTypeAdapter.class;IN_ACCESS
2026-09-04T07:39:07.576102Z;/home/runner/work/gson/gson/gson/target/classes/com/google/gson/internal/bind;ReflectiveTypeAdapterFactory.class;IN_ACCESS
2026-09-04T07:39:07.576383Z;/home/runner/work/gson/gson/gson/target/classes/com/google/gson/internal/bind;TreeTypeAdapter$1.class;IN_ACCESS
2026-09-04T07:39:07.576687Z;/home/runner/work/gson/gson/gson/target/classes/com/google/gson/internal/bind;TreeTypeAdapter$GsonContextImpl.class;IN_ACCESS
2026-09-04T07:39:07.577174Z;/home/runner/work/gson/gson/gson/target/classes/com/google/gson/internal/bind;TreeTypeAdapter.class;IN_ACCESS
2026-09-04T07:39:07.577718Z;/home/runner/work/gson/gson/gson/target/classes/com/google/gson/internal/bind;TreeTypeAdapter$SingleTypeFactory.class;IN_ACCESS
2026-09-04T07:39:07.578142Z;/home/runner/work/gson/gson/gson/target/classes/com/google/gson/internal/bind;TreeTypeAdapter.class;IN_ACCESS
2026-09-04T07:39:07.578474Z;/home/runner/work/gson/gson/gson/target/classes/com/google/gson/internal/bind;TypeAdapterRuntimeTypeWrapper.class;IN_ACCESS
2026-09-04T07:39:07.579352Z;/home/runner/work/gson/gson/gson/target/classes/com/google/gson/internal/bind;TypeAdapters$1.class;IN_ACCESS
2026-09-04T07:39:07.579703Z;/home/runner/work/gson/gson/gson/target/classes/com/google/gson/internal/bind;TypeAdapters$10.class;IN_ACCESS
2026-09-04T07:39:07.580034Z;/home/runner/work/gson/gson/gson/target/classes/com/google/gson/internal/bind;TypeAdapters$11.class;IN_ACCESS
2026-09-04T07:39:07.580815Z;/home/runner/work/gson/gson/gson/target/classes/com/google/gson/internal/bind;TypeAdapters$12.class;IN_ACCESS
2026-09-04T07:39:07.581149Z;/home/runner/work/gson/gson/gson/target/classes/com/google/gson/internal/bind;TypeAdapters$13.class;IN_ACCESS
2026-09-04T07:39:07.581517Z;/home/runner/work/gson/gson/gson/target/classes/com/google/gson/internal/bind;TypeAdapters$14.class;IN_ACCESS
2026-09-04T07:39:07.581868Z;/home/runner/work/gson/gson/gson/target/classes/com/google/gson/internal/bind;TypeAdapters$15.class;IN_ACCESS
2026-09-04T07:39:07.582195Z;/home/runner/work/gson/gson/gson/target/classes/com/google/gson/internal/bind;TypeAdapters$16.class;IN_ACCESS
2026-09-04T07:39:07.582529Z;/home/runner/work/gson/gson/gson/target/classes/com/google/gson/internal/bind;TypeAdapters$17.class;IN_ACCESS
2026-09-04T07:39:07.582880Z;/home/runner/work/gson/gson/gson/target/classes/com/google/gson/internal/bind;JsonTreeReader.class;IN_ACCESS
2026-09-04T07:39:07.583212Z;/home/runner/work/gson/gson/gson/target/classes/com/google/gson/internal/bind;TypeAdapters$19.class;IN_ACCESS
2026-09-04T07:39:07.583697Z;/home/runner/work/gson/gson/gson/target/classes/com/google/gson/internal/bind;TypeAdapters$2.class;IN_ACCESS
2026-09-04T07:39:07.584032Z;/home/runner/work/gson/gson/gson/target/classes/com/google/gson/internal/bind;TypeAdapters$20.class;IN_ACCESS
2026-09-04T07:39:07.584362Z;/home/runner/work/gson/gson/gson/target/classes/com/google/gson/internal/bind;TypeAdapters$21.class;IN_ACCESS
2026-09-04T07:39:07.585168Z;/home/runner/work/gson/gson/gson/target/classes/com/google/gson/internal/bind;JsonAdapterAnnotationTypeAdapterFactory$DummyTypeAdapterFactory.class;IN_ACCESS
2026-09-04T07:39:07.585495Z;/home/runner/work/gson/gson/gson/target/classes/com/google/gson/internal/bind;TypeAdapters$22.class;IN_ACCESS
2026-09-04T07:39:07.585812Z;/home/runner/work/gson/gson/gson/target/classes/com/google/gson/internal/bind;TypeAdapters$23.class;IN_ACCESS
2026-09-04T07:39:07.586136Z;/home/runner/work/gson/gson/gson/target/classes/com/google/gson/internal/bind;TypeAdapters$24.class;IN_ACCESS
2026-09-04T07:39:07.586464Z;/home/runner/work/gson/gson/gson/target/classes/com/google/gson/internal/bind;TypeAdapters$25.class;IN_ACCESS
2026-09-04T07:39:07.586813Z;/home/runner/work/gson/gson/gson/target/classes/com/google/gson/internal/bind;TypeAdapters$26.class;IN_ACCESS
2026-09-04T07:39:07.587166Z;/home/runner/work/gson/gson/gson/target/classes/com/google/gson/internal/bind;TypeAdapters$27.class;IN_ACCESS
2026-09-04T07:39:07.587488Z;/home/runner/work/gson/gson/gson/target/classes/com/google/gson/internal/bind;TypeAdapters$28.class;IN_ACCESS
2026-09-04T07:39:07.587812Z;/home/runner/work/gson/gson/gson/target/classes/com/google/gson/internal/bind;TypeAdapters$29.class;IN_ACCESS
2026-09-04T07:39:07.588134Z;/home/runner/work/gson/gson/gson/target/classes/com/google/gson/internal/bind;TypeAdapters$3.class;IN_ACCESS
2026-09-04T07:39:07.588465Z;/home/runner/work/gson/gson/gson/target/classes/com/google/gson/internal/bind;TypeAdapters$30.class;IN_ACCESS
2026-09-04T07:39:07.588842Z;/home/runner/work/gson/gson/gson/target/classes/com/google/gson/internal/bind;TypeAdapters$31.class;IN_ACCESS
2026-09-04T07:39:07.589292Z;/home/runner/work/gson/gson/gson/target/classes/com/google/gson/internal/bind;TypeAdapters$32.class;IN_ACCESS
2026-09-04T07:39:07.589647Z;/home/runner/work/gson/gson/gson/target/classes/com/google/gson/internal/bind;TypeAdapters$33$1.class;IN_ACCESS
2026-09-04T07:39:07.589983Z;/home/runner/work/gson/gson/gson/target/classes/com/google/gson/internal/bind;TypeAdapters$33.class;IN_ACCESS
2026-09-04T07:39:07.590317Z;/home/runner/work/gson/gson/gson/target/classes/com/google/gson/internal/bind;TypeAdapters$34.class;IN_ACCESS
2026-09-04T07:39:07.590643Z;/home/runner/work/gson/gson/gson/target/classes/com/google/gson/internal/bind;TypeAdapters$4.class;IN_ACCESS
2026-09-04T07:39:07.590958Z;/home/runner/work/gson/gson/gson/target/classes/com/google/gson/internal/bind;TypeAdapters$5.class;IN_ACCESS
2026-09-04T07:39:07.591295Z;/home/runner/work/gson/gson/gson/target/classes/com/google/gson/internal/bind;TypeAdapters$6.class;IN_ACCESS
2026-09-04T07:39:07.591693Z;/home/runner/work/gson/gson/gson/target/classes/com/google/gson/internal/bind;TypeAdapters$7.class;IN_ACCESS
2026-09-04T07:39:07.591990Z;/home/runner/work/gson/gson/gson/target/classes/com/google/gson/internal/bind;TypeAdapters$8.class;IN_ACCESS
2026-09-04T07:39:07.594828Z;/home/runner/work/gson/gson/gson/target/classes/com/google/gson/internal/bind;TypeAdapters$9.class;IN_ACCESS
2026-09-04T07:39:07.595173Z;/home/runner/work/gson/gson/gson/target/classes/com/google/gson/internal/bind;TypeAdapters$DoubleAdapter.class;IN_ACCESS
2026-09-04T07:39:07.595470Z;/home/runner/work/gson/gson/gson/target/classes/com/google/gson/internal/bind;TypeAdapters$FactorySupplier.class;IN_ACCESS
2026-09-04T07:39:07.595811Z;/home/runner/work/gson/gson/gson/target/classes/com/google/gson/internal/bind;TypeAdapters$FloatAdapter.class;IN_ACCESS
2026-09-04T07:39:07.596121Z;/home/runner/work/gson/gson/gson/target/classes/com/google/gson/internal/bind;TypeAdapters$IntegerFieldsTypeAdapter.class;IN_ACCESS
2026-09-04T07:39:07.596423Z;/home/runner/work/gson/gson/gson/target/classes/com/google/gson/internal/bind;TypeAdapters.class;IN_ACCESS
2026-09-04T07:39:07.596726Z;/home/runner/work/gson/gson/gson/target/classes/com/google/gson/internal/bind/util;ISO8601Utils.class;IN_ACCESS
2026-09-04T07:39:07.597077Z;/home/runner/work/gson/gson/gson/target/classes/com/google/gson/internal;package-info.class;IN_ACCESS
2026-09-04T07:39:07.597430Z;/home/runner/work/gson/gson/gson/target/classes/com/google/gson/internal/reflect;ReflectionHelper$1.class;IN_ACCESS
2026-09-04T07:39:07.597771Z;/home/runner/work/gson/gson/gson/target/classes/com/google/gson/internal/reflect;ReflectionHelper$RecordHelper.class;IN_ACCESS
2026-09-04T07:39:07.598124Z;/home/runner/work/gson/gson/gson/target/classes/com/google/gson/internal/reflect;ReflectionHelper$RecordNotSupportedHelper.class;IN_ACCESS
2026-09-04T07:39:07.598439Z;/home/runner/work/gson/gson/gson/target/classes/com/google/gson/internal/reflect;ReflectionHelper$RecordSupportedHelper.class;IN_ACCESS
2026-09-04T07:39:07.600805Z;/home/runner/work/gson/gson/gson/target/classes/com/google/gson/internal/reflect;ReflectionHelper.class;IN_ACCESS
2026-09-04T07:39:07.601117Z;/home/runner/work/gson/gson/gson/target/classes/com/google/gson/internal/sql;SqlDateTypeAdapter$1.class;IN_ACCESS
2026-09-04T07:39:07.601426Z;/home/runner/work/gson/gson/gson/target/classes/com/google/gson/internal/reflect;ReflectionHelper.class;IN_ACCESS
2026-09-04T07:39:07.601752Z;/home/runner/work/gson/gson/gson/target/classes/com/google/gson/internal/sql;SqlDateTypeAdapter.class;IN_ACCESS
2026-09-04T07:39:07.602051Z;/home/runner/work/gson/gson/gson/target/classes/com/google/gson/internal/sql;SqlTimeTypeAdapter$1.class;IN_ACCESS
2026-09-04T07:39:07.602345Z;/home/runner/work/gson/gson/gson/target/classes/com/google/gson/internal/sql;SqlTimeTypeAdapter.class;IN_ACCESS
2026-09-04T07:39:07.602676Z;/home/runner/work/gson/gson/gson/target/classes/com/google/gson/internal/sql;SqlTimestampTypeAdapter$1.class;IN_ACCESS
2026-09-04T07:39:07.603111Z;/home/runner/work/gson/gson/gson/target/classes/com/google/gson/internal/sql;SqlTimestampTypeAdapter.class;IN_ACCESS
2026-09-04T07:39:07.604243Z;/home/runner/work/gson/gson/gson/target/classes/com/google/gson/internal/sql;SqlTypesSupport$1.class;IN_ACCESS
2026-09-04T07:39:07.604586Z;/home/runner/work/gson/gson/gson/target/classes/com/google/gson/internal/sql;SqlTypesSupport$2.class;IN_ACCESS
2026-09-04T07:39:07.604888Z;/home/runner/work/gson/gson/gson/target/classes/com/google/gson/internal/sql;SqlTypesSupport.class;IN_ACCESS
2026-09-04T07:39:07.605188Z;/home/runner/work/gson/gson/gson/target/classes/com/google/gson;package-info.class;IN_ACCESS
2026-09-04T07:39:07.605486Z;/home/runner/work/gson/gson/gson/target/classes/com/google/gson/reflect;TypeToken.class;IN_ACCESS
2026-09-04T07:39:07.605793Z;/home/runner/work/gson/gson/gson/target/classes/com/google/gson/internal/bind;TypeAdapters$18.class;IN_ACCESS
2026-09-04T07:39:07.606093Z;/home/runner/work/gson/gson/gson/target/classes/com/google/gson/reflect;TypeToken.class;IN_ACCESS
2026-09-04T07:39:07.606393Z;/home/runner/work/gson/gson/gson/target/classes/com/google/gson/stream;JsonReader$1.class;IN_ACCESS
2026-09-04T07:39:07.606697Z;/home/runner/work/gson/gson/gson/target/classes/com/google/gson/reflect;TypeToken.class;IN_ACCESS
2026-09-04T07:39:07.607010Z;/home/runner/work/gson/gson/gson/target/classes/com/google/gson/stream;JsonReader.class;IN_ACCESS
2026-09-04T07:39:07.607307Z;/home/runner/work/gson/gson/gson/target/classes/com/google/gson/stream;JsonScope.class;IN_ACCESS
2026-09-04T07:39:07.607637Z;/home/runner/work/gson/gson/gson/target/classes/com/google/gson/stream;JsonToken.class;IN_ACCESS
2026-09-04T07:39:07.607994Z;/home/runner/work/gson/gson/gson/target/classes/com/google/gson/stream;JsonReader.class;IN_ACCESS
2026-09-04T07:39:07.608314Z;/home/runner/work/gson/gson/gson/target/classes/com/google/gson/stream;JsonWriter.class;IN_ACCESS
2026-09-04T07:39:07.608790Z;/home/runner/work/gson/gson/gson/target/classes/com/google/gson/stream;JsonReader.class;IN_ACCESS
2026-09-04T07:39:07.609149Z;/home/runner/work/gson/gson/gson/target/classes/com/google/gson/stream;JsonWriter.class;IN_ACCESS
2026-09-04T07:39:07.609511Z;/home/runner/work/gson/gson/gson/target/classes/com/google/gson/stream;JsonReader.class;IN_ACCESS
2026-09-04T07:39:07.610082Z;/home/runner/work/gson/gson/gson/target/classes/com/google/gson/stream;MalformedJsonException.class;IN_ACCESS
2026-09-04T07:39:07.610442Z;/home/runner/work/gson/gson/gson/target/classes/com/google/gson/stream;package-info.class;IN_ACCESS
2026-09-04T07:39:07.610785Z;/home/runner/work/gson/gson/gson;pom.xml;IN_ACCESS
2026-09-04T07:39:07.611109Z;/home/runner/work/gson/gson/gson/target/maven-archiver;pom.properties;IN_ACCESS
2026-09-04T07:39:07.611612Z;/home/runner/work/gson/gson/gson;pom.xml;IN_ACCESS
2026-09-04T07:39:07.611915Z;/home/runner/work/gson/gson/gson/target/classes/com/google/gson/reflect;package-info.class;IN_ACCESS
2026-09-04T07:39:07.697945Z;/home/runner/work/gson/gson/gson/target;moditect;IN_CREATE,IN_ISDIR
2026-09-04T07:39:07.698546Z;/home/runner/work/gson/gson/gson/target;modules;IN_CREATE,IN_ISDIR
2026-09-04T07:39:07.699131Z;/home/runner/work/gson/gson/gson/target;moditect;IN_ACCESS,IN_ISDIR
2026-09-04T07:39:07.699468Z;/home/runner/work/gson/gson/gson/target;gson-2.14.1-SNAPSHOT.jar;IN_ACCESS
2026-09-04T07:39:07.699825Z;/home/runner/work/gson/gson/gson/target;modules;IN_ACCESS,IN_ISDIR
2026-09-04T07:39:07.700137Z;/home/runner/work/gson/gson/gson/src/main/java;module-info.java;IN_ACCESS
2026-09-04T07:39:07.827349Z;/home/runner/work/gson/gson/gson/target;gson-2.14.1-SNAPSHOT.jar;IN_ACCESS
2026-09-04T07:39:07.827922Z;/home/runner/work/gson/gson/gson/target;gson-2.14.1-SNAPSHOT.jar;IN_ACCESS
2026-09-04T07:39:07.828623Z;/home/runner/work/gson/gson/gson/target;gson-2.14.1-SNAPSHOT.jar;IN_ACCESS
2026-09-04T07:39:07.829048Z;/home/runner/work/gson/gson/gson/target;gson-2.14.1-SNAPSHOT.jar;IN_ACCESS
2026-09-04T07:39:07.829384Z;/home/runner/work/gson/gson/gson/target;gson-2.14.1-SNAPSHOT.jar;IN_ACCESS
2026-09-04T07:39:07.829939Z;/home/runner/work/gson/gson/gson/target;gson-2.14.1-SNAPSHOT.jar;IN_ACCESS
2026-09-04T07:39:07.830254Z;/home/runner/work/gson/gson/gson/target;gson-2.14.1-SNAPSHOT.jar;IN_ACCESS
2026-09-04T07:39:07.831640Z;/home/runner/work/gson/gson/gson/target;gson-2.14.1-SNAPSHOT.jar;IN_ACCESS
2026-09-04T07:39:07.832078Z;/home/runner/work/gson/gson/gson/target;gson-2.14.1-SNAPSHOT.jar;IN_ACCESS
2026-09-04T07:39:07.832449Z;/home/runner/work/gson/gson/gson/target;gson-2.14.1-SNAPSHOT.jar;IN_ACCESS
2026-09-04T07:39:07.832835Z;/home/runner/work/gson/gson/gson/target;gson-2.14.1-SNAPSHOT.jar;IN_ACCESS
2026-09-04T07:39:07.833198Z;/home/runner/work/gson/gson/gson/target;gson-2.14.1-SNAPSHOT.jar;IN_ACCESS
2026-09-04T07:39:07.833535Z;/home/runner/work/gson/gson/gson/target;gson-2.14.1-SNAPSHOT.jar;IN_ACCESS
2026-09-04T07:39:07.834824Z;/home/runner/work/gson/gson/gson/target;gson-2.14.1-SNAPSHOT.jar;IN_ACCESS
2026-09-04T07:39:07.835176Z;/home/runner/work/gson/gson/gson/target;gson-2.14.1-SNAPSHOT.jar;IN_ACCESS
2026-09-04T07:39:07.835504Z;/home/runner/work/gson/gson/gson/target;gson-2.14.1-SNAPSHOT.jar;IN_ACCESS
2026-09-04T07:39:07.835831Z;/home/runner/work/gson/gson/gson/target;gson-2.14.1-SNAPSHOT.jar;IN_ACCESS
2026-09-04T07:39:07.836142Z;/home/runner/work/gson/gson/gson/target;gson-2.14.1-SNAPSHOT.jar;IN_ACCESS
2026-09-04T07:39:07.836999Z;/home/runner/work/gson/gson/gson/target;gson-2.14.1-SNAPSHOT.jar;IN_ACCESS
2026-09-04T07:39:07.837903Z;/home/runner/work/gson/gson/gson/target;gson-2.14.1-SNAPSHOT.jar;IN_ACCESS
2026-09-04T07:39:07.838263Z;/home/runner/work/gson/gson/gson/target;gson-2.14.1-SNAPSHOT.jar;IN_ACCESS
2026-09-04T07:39:07.838631Z;/home/runner/work/gson/gson/gson/target;gson-2.14.1-SNAPSHOT.jar;IN_ACCESS
2026-09-04T07:39:07.839065Z;/home/runner/work/gson/gson/gson/target;gson-2.14.1-SNAPSHOT.jar;IN_ACCESS
2026-09-04T07:39:07.839414Z;/home/runner/work/gson/gson/gson/target;gson-2.14.1-SNAPSHOT.jar;IN_ACCESS
2026-09-04T07:39:07.839786Z;/home/runner/work/gson/gson/gson/target;gson-2.14.1-SNAPSHOT.jar;IN_ACCESS
2026-09-04T07:39:07.840138Z;/home/runner/work/gson/gson/gson/target;gson-2.14.1-SNAPSHOT.jar;IN_ACCESS
2026-09-04T07:39:07.840480Z;/home/runner/work/gson/gson/gson/target;gson-2.14.1-SNAPSHOT.jar;IN_ACCESS
2026-09-04T07:39:07.840820Z;/home/runner/work/gson/gson/gson/target;gson-2.14.1-SNAPSHOT.jar;IN_ACCESS
2026-09-04T07:39:07.841633Z;/home/runner/work/gson/gson/gson/target;gson-2.14.1-SNAPSHOT.jar;IN_ACCESS
2026-09-04T07:39:07.841958Z;/home/runner/work/gson/gson/gson/target;gson-2.14.1-SNAPSHOT.jar;IN_ACCESS
2026-09-04T07:39:07.842253Z;/home/runner/work/gson/gson/gson/target;gson-2.14.1-SNAPSHOT.jar;IN_ACCESS
2026-09-04T07:39:07.842549Z;/home/runner/work/gson/gson/gson/target;gson-2.14.1-SNAPSHOT.jar;IN_ACCESS
2026-09-04T07:39:07.842882Z;/home/runner/work/gson/gson/gson/target;gson-2.14.1-SNAPSHOT.jar;IN_ACCESS
2026-09-04T07:39:07.843628Z;/home/runner/work/gson/gson/gson/target;gson-2.14.1-SNAPSHOT.jar;IN_ACCESS
2026-09-04T07:39:07.844037Z;/home/runner/work/gson/gson/gson/target;gson-2.14.1-SNAPSHOT.jar;IN_ACCESS
2026-09-04T07:39:07.844403Z;/home/runner/work/gson/gson/gson/target;gson-2.14.1-SNAPSHOT.jar;IN_ACCESS
2026-09-04T07:39:07.844731Z;/home/runner/work/gson/gson/gson/target;gson-2.14.1-SNAPSHOT.jar;IN_ACCESS
2026-09-04T07:39:07.845073Z;/home/runner/work/gson/gson/gson/target;gson-2.14.1-SNAPSHOT.jar;IN_ACCESS
2026-09-04T07:39:07.845406Z;/home/runner/work/gson/gson/gson/target;gson-2.14.1-SNAPSHOT.jar;IN_ACCESS
2026-09-04T07:39:07.845736Z;/home/runner/work/gson/gson/gson/target;gson-2.14.1-SNAPSHOT.jar;IN_ACCESS
2026-09-04T07:39:07.846082Z;/home/runner/work/gson/gson/gson/target;gson-2.14.1-SNAPSHOT.jar;IN_ACCESS
2026-09-04T07:39:07.846413Z;/home/runner/work/gson/gson/gson/target;gson-2.14.1-SNAPSHOT.jar;IN_ACCESS
2026-09-04T07:39:07.846736Z;/home/runner/work/gson/gson/gson/target;gson-2.14.1-SNAPSHOT.jar;IN_ACCESS
2026-09-04T07:39:07.847068Z;/home/runner/work/gson/gson/gson/target;gson-2.14.1-SNAPSHOT.jar;IN_ACCESS
2026-09-04T07:39:07.847399Z;/home/runner/work/gson/gson/gson/target;gson-2.14.1-SNAPSHOT.jar;IN_ACCESS
2026-09-04T07:39:07.847877Z;/home/runner/work/gson/gson/gson/target;gson-2.14.1-SNAPSHOT.jar;IN_ACCESS
2026-09-04T07:39:07.848223Z;/home/runner/work/gson/gson/gson/target;gson-2.14.1-SNAPSHOT.jar;IN_ACCESS
2026-09-04T07:39:07.848556Z;/home/runner/work/gson/gson/gson/target;gson-2.14.1-SNAPSHOT.jar;IN_ACCESS
2026-09-04T07:39:07.848905Z;/home/runner/work/gson/gson/gson/target;gson-2.14.1-SNAPSHOT.jar;IN_ACCESS
2026-09-04T07:39:07.849234Z;/home/runner/work/gson/gson/gson/target;gson-2.14.1-SNAPSHOT.jar;IN_ACCESS
2026-09-04T07:39:07.849714Z;/home/runner/work/gson/gson/gson/target;gson-2.14.1-SNAPSHOT.jar;IN_ACCESS
2026-09-04T07:39:07.850053Z;/home/runner/work/gson/gson/gson/target;gson-2.14.1-SNAPSHOT.jar;IN_ACCESS
2026-09-04T07:39:07.850380Z;/home/runner/work/gson/gson/gson/target;gson-2.14.1-SNAPSHOT.jar;IN_ACCESS
2026-09-04T07:39:07.850704Z;/home/runner/work/gson/gson/gson/target;gson-2.14.1-SNAPSHOT.jar;IN_ACCESS
2026-09-04T07:39:07.851266Z;/home/runner/work/gson/gson/gson/target;gson-2.14.1-SNAPSHOT.jar;IN_ACCESS
2026-09-04T07:39:07.851605Z;/home/runner/work/gson/gson/gson/target;gson-2.14.1-SNAPSHOT.jar;IN_ACCESS
2026-09-04T07:39:07.852052Z;/home/runner/work/gson/gson/gson/target;gson-2.14.1-SNAPSHOT.jar;IN_ACCESS
2026-09-04T07:39:07.852391Z;/home/runner/work/gson/gson/gson/target;gson-2.14.1-SNAPSHOT.jar;IN_ACCESS
2026-09-04T07:39:07.852709Z;/home/runner/work/gson/gson/gson/target;gson-2.14.1-SNAPSHOT.jar;IN_ACCESS
2026-09-04T07:39:07.853035Z;/home/runner/work/gson/gson/gson/target;gson-2.14.1-SNAPSHOT.jar;IN_ACCESS
2026-09-04T07:39:07.853353Z;/home/runner/work/gson/gson/gson/target;gson-2.14.1-SNAPSHOT.jar;IN_ACCESS
2026-09-04T07:39:07.854038Z;/home/runner/work/gson/gson/gson/target;gson-2.14.1-SNAPSHOT.jar;IN_ACCESS
2026-09-04T07:39:07.854370Z;/home/runner/work/gson/gson/gson/target;gson-2.14.1-SNAPSHOT.jar;IN_ACCESS
2026-09-04T07:39:07.854696Z;/home/runner/work/gson/gson/gson/target;gson-2.14.1-SNAPSHOT.jar;IN_ACCESS
2026-09-04T07:39:07.855054Z;/home/runner/work/gson/gson/gson/target;gson-2.14.1-SNAPSHOT.jar;IN_ACCESS
2026-09-04T07:39:07.855435Z;/home/runner/work/gson/gson/gson/target;gson-2.14.1-SNAPSHOT.jar;IN_ACCESS
2026-09-04T07:39:07.855828Z;/home/runner/work/gson/gson/gson/target;gson-2.14.1-SNAPSHOT.jar;IN_ACCESS
2026-09-04T07:39:07.856168Z;/home/runner/work/gson/gson/gson/target;gson-2.14.1-SNAPSHOT.jar;IN_ACCESS
2026-09-04T07:39:07.856494Z;/home/runner/work/gson/gson/gson/target;gson-2.14.1-SNAPSHOT.jar;IN_ACCESS
2026-09-04T07:39:07.856814Z;/home/runner/work/gson/gson/gson/target;gson-2.14.1-SNAPSHOT.jar;IN_ACCESS
2026-09-04T07:39:07.857334Z;/home/runner/work/gson/gson/gson/target;gson-2.14.1-SNAPSHOT.jar;IN_ACCESS
2026-09-04T07:39:07.857806Z;/home/runner/work/gson/gson/gson/target;gson-2.14.1-SNAPSHOT.jar;IN_ACCESS
2026-09-04T07:39:07.858113Z;/home/runner/work/gson/gson/gson/target;gson-2.14.1-SNAPSHOT.jar;IN_ACCESS
2026-09-04T07:39:07.858415Z;/home/runner/work/gson/gson/gson/target;gson-2.14.1-SNAPSHOT.jar;IN_ACCESS
2026-09-04T07:39:07.858718Z;/home/runner/work/gson/gson/gson/target;gson-2.14.1-SNAPSHOT.jar;IN_ACCESS
2026-09-04T07:39:07.859007Z;/home/runner/work/gson/gson/gson/target;gson-2.14.1-SNAPSHOT.jar;IN_ACCESS
2026-09-04T07:39:07.859304Z;/home/runner/work/gson/gson/gson/target;gson-2.14.1-SNAPSHOT.jar;IN_ACCESS
2026-09-04T07:39:07.859621Z;/home/runner/work/gson/gson/gson/target;gson-2.14.1-SNAPSHOT.jar;IN_ACCESS
2026-09-04T07:39:07.860172Z;/home/runner/work/gson/gson/gson/target;gson-2.14.1-SNAPSHOT.jar;IN_ACCESS
2026-09-04T07:39:07.860570Z;/home/runner/work/gson/gson/gson/target;gson-2.14.1-SNAPSHOT.jar;IN_ACCESS
2026-09-04T07:39:07.860957Z;/home/runner/work/gson/gson/gson/target;gson-2.14.1-SNAPSHOT.jar;IN_ACCESS
2026-09-04T07:39:07.861299Z;/home/runner/work/gson/gson/gson/target;gson-2.14.1-SNAPSHOT.jar;IN_ACCESS
2026-09-04T07:39:07.861649Z;/home/runner/work/gson/gson/gson/target;gson-2.14.1-SNAPSHOT.jar;IN_ACCESS
2026-09-04T07:39:07.861997Z;/home/runner/work/gson/gson/gson/target;gson-2.14.1-SNAPSHOT.jar;IN_ACCESS
2026-09-04T07:39:07.862520Z;/home/runner/work/gson/gson/gson/target;gson-2.14.1-SNAPSHOT.jar;IN_ACCESS
2026-09-04T07:39:07.862998Z;/home/runner/work/gson/gson/gson/target;gson-2.14.1-SNAPSHOT.jar;IN_ACCESS
2026-09-04T07:39:07.863343Z;/home/runner/work/gson/gson/gson/target;gson-2.14.1-SNAPSHOT.jar;IN_ACCESS
2026-09-04T07:39:07.863774Z;/home/runner/work/gson/gson/gson/target;gson-2.14.1-SNAPSHOT.jar;IN_ACCESS
2026-09-04T07:39:07.864189Z;/home/runner/work/gson/gson/gson/target;gson-2.14.1-SNAPSHOT.jar;IN_ACCESS
2026-09-04T07:39:07.864541Z;/home/runner/work/gson/gson/gson/target;gson-2.14.1-SNAPSHOT.jar;IN_ACCESS
2026-09-04T07:39:07.864904Z;/home/runner/work/gson/gson/gson/target;gson-2.14.1-SNAPSHOT.jar;IN_ACCESS
2026-09-04T07:39:07.865252Z;/home/runner/work/gson/gson/gson/target;gson-2.14.1-SNAPSHOT.jar;IN_ACCESS
2026-09-04T07:39:07.865858Z;/home/runner/work/gson/gson/gson/target;gson-2.14.1-SNAPSHOT.jar;IN_ACCESS
2026-09-04T07:39:07.866187Z;/home/runner/work/gson/gson/gson/target;gson-2.14.1-SNAPSHOT.jar;IN_ACCESS
2026-09-04T07:39:07.866525Z;/home/runner/work/gson/gson/gson/target;gson-2.14.1-SNAPSHOT.jar;IN_ACCESS
2026-09-04T07:39:07.866889Z;/home/runner/work/gson/gson/gson/target;gson-2.14.1-SNAPSHOT.jar;IN_ACCESS
2026-09-04T07:39:07.867640Z;/home/runner/work/gson/gson/gson/target;gson-2.14.1-SNAPSHOT.jar;IN_ACCESS
2026-09-04T07:39:07.868031Z;/home/runner/work/gson/gson/gson/target;gson-2.14.1-SNAPSHOT.jar;IN_ACCESS
2026-09-04T07:39:07.868436Z;/home/runner/work/gson/gson/gson/target;gson-2.14.1-SNAPSHOT.jar;IN_ACCESS
2026-09-04T07:39:07.868991Z;/home/runner/work/gson/gson/gson/target;gson-2.14.1-SNAPSHOT.jar;IN_ACCESS
2026-09-04T07:39:07.869317Z;/home/runner/work/gson/gson/gson/target;gson-2.14.1-SNAPSHOT.jar;IN_ACCESS
2026-09-04T07:39:07.869942Z;/home/runner/work/gson/gson/gson/target;gson-2.14.1-SNAPSHOT.jar;IN_ACCESS
2026-09-04T07:39:07.870270Z;/home/runner/work/gson/gson/gson/target;gson-2.14.1-SNAPSHOT.jar;IN_ACCESS
2026-09-04T07:39:07.870628Z;/home/runner/work/gson/gson/gson/target;gson-2.14.1-SNAPSHOT.jar;IN_ACCESS
2026-09-04T07:39:07.870996Z;/home/runner/work/gson/gson/gson/target;gson-2.14.1-SNAPSHOT.jar;IN_ACCESS
2026-09-04T07:39:07.871349Z;/home/runner/work/gson/gson/gson/target;gson-2.14.1-SNAPSHOT.jar;IN_ACCESS
2026-09-04T07:39:07.871792Z;/home/runner/work/gson/gson/gson/target;gson-2.14.1-SNAPSHOT.jar;IN_ACCESS
2026-09-04T07:39:07.872161Z;/home/runner/work/gson/gson/gson/target;gson-2.14.1-SNAPSHOT.jar;IN_ACCESS
2026-09-04T07:39:07.872493Z;/home/runner/work/gson/gson/gson/target;gson-2.14.1-SNAPSHOT.jar;IN_ACCESS
2026-09-04T07:39:07.872843Z;/home/runner/work/gson/gson/gson/target;gson-2.14.1-SNAPSHOT.jar;IN_ACCESS
2026-09-04T07:39:07.873166Z;/home/runner/work/gson/gson/gson/target;gson-2.14.1-SNAPSHOT.jar;IN_ACCESS
2026-09-04T07:39:07.873514Z;/home/runner/work/gson/gson/gson/target;gson-2.14.1-SNAPSHOT.jar;IN_ACCESS
2026-09-04T07:39:07.873859Z;/home/runner/work/gson/gson/gson/target;gson-2.14.1-SNAPSHOT.jar;IN_ACCESS
2026-09-04T07:39:07.874188Z;/home/runner/work/gson/gson/gson/target;gson-2.14.1-SNAPSHOT.jar;IN_ACCESS
2026-09-04T07:39:07.874598Z;/home/runner/work/gson/gson/gson/target;gson-2.14.1-SNAPSHOT.jar;IN_ACCESS
2026-09-04T07:39:07.875013Z;/home/runner/work/gson/gson/gson/target;gson-2.14.1-SNAPSHOT.jar;IN_ACCESS
2026-09-04T07:39:07.875325Z;/home/runner/work/gson/gson/gson/target;gson-2.14.1-SNAPSHOT.jar;IN_ACCESS
2026-09-04T07:39:07.876105Z;/home/runner/work/gson/gson/gson/target;gson-2.14.1-SNAPSHOT.jar;IN_ACCESS
2026-09-04T07:39:07.876468Z;/home/runner/work/gson/gson/gson/target;gson-2.14.1-SNAPSHOT.jar;IN_ACCESS
2026-09-04T07:39:07.876846Z;/home/runner/work/gson/gson/gson/target;gson-2.14.1-SNAPSHOT.jar;IN_ACCESS
2026-09-04T07:39:07.877186Z;/home/runner/work/gson/gson/gson/target;gson-2.14.1-SNAPSHOT.jar;IN_ACCESS
2026-09-04T07:39:07.877524Z;/home/runner/work/gson/gson/gson/target;gson-2.14.1-SNAPSHOT.jar;IN_ACCESS
2026-09-04T07:39:07.877867Z;/home/runner/work/gson/gson/gson/target;gson-2.14.1-SNAPSHOT.jar;IN_ACCESS
2026-09-04T07:39:07.878201Z;/home/runner/work/gson/gson/gson/target;gson-2.14.1-SNAPSHOT.jar;IN_ACCESS
2026-09-04T07:39:07.878535Z;/home/runner/work/gson/gson/gson/target;gson-2.14.1-SNAPSHOT.jar;IN_ACCESS
2026-09-04T07:39:07.878998Z;/home/runner/work/gson/gson/gson/target;gson-2.14.1-SNAPSHOT.jar;IN_ACCESS
2026-09-04T07:39:07.879336Z;/home/runner/work/gson/gson/gson/target;gson-2.14.1-SNAPSHOT.jar;IN_ACCESS
2026-09-04T07:39:07.879659Z;/home/runner/work/gson/gson/gson/target;gson-2.14.1-SNAPSHOT.jar;IN_ACCESS
2026-09-04T07:39:07.880039Z;/home/runner/work/gson/gson/gson/target;gson-2.14.1-SNAPSHOT.jar;IN_ACCESS
2026-09-04T07:39:07.880387Z;/home/runner/work/gson/gson/gson/target;gson-2.14.1-SNAPSHOT.jar;IN_ACCESS
2026-09-04T07:39:07.880722Z;/home/runner/work/gson/gson/gson/target;gson-2.14.1-SNAPSHOT.jar;IN_ACCESS
2026-09-04T07:39:07.881307Z;/home/runner/work/gson/gson/gson/target;gson-2.14.1-SNAPSHOT.jar;IN_ACCESS
2026-09-04T07:39:07.881654Z;/home/runner/work/gson/gson/gson/target;gson-2.14.1-SNAPSHOT.jar;IN_ACCESS
2026-09-04T07:39:07.881987Z;/home/runner/work/gson/gson/gson/target;gson-2.14.1-SNAPSHOT.jar;IN_ACCESS
2026-09-04T07:39:07.882314Z;/home/runner/work/gson/gson/gson/target;gson-2.14.1-SNAPSHOT.jar;IN_ACCESS
2026-09-04T07:39:07.882709Z;/home/runner/work/gson/gson/gson/target;gson-2.14.1-SNAPSHOT.jar;IN_ACCESS
2026-09-04T07:39:07.883044Z;/home/runner/work/gson/gson/gson/target;gson-2.14.1-SNAPSHOT.jar;IN_ACCESS
2026-09-04T07:39:07.883372Z;/home/runner/work/gson/gson/gson/target;gson-2.14.1-SNAPSHOT.jar;IN_ACCESS
2026-09-04T07:39:07.883732Z;/home/runner/work/gson/gson/gson/target;gson-2.14.1-SNAPSHOT.jar;IN_ACCESS
2026-09-04T07:39:07.884095Z;/home/runner/work/gson/gson/gson/target;gson-2.14.1-SNAPSHOT.jar;IN_ACCESS
2026-09-04T07:39:07.884442Z;/home/runner/work/gson/gson/gson/target;gson-2.14.1-SNAPSHOT.jar;IN_ACCESS
2026-09-04T07:39:07.884805Z;/home/runner/work/gson/gson/gson/target;gson-2.14.1-SNAPSHOT.jar;IN_ACCESS
2026-09-04T07:39:07.885161Z;/home/runner/work/gson/gson/gson/target;gson-2.14.1-SNAPSHOT.jar;IN_ACCESS
2026-09-04T07:39:07.885493Z;/home/runner/work/gson/gson/gson/target;gson-2.14.1-SNAPSHOT.jar;IN_ACCESS
2026-09-04T07:39:07.885821Z;/home/runner/work/gson/gson/gson/target;gson-2.14.1-SNAPSHOT.jar;IN_ACCESS
2026-09-04T07:39:07.886177Z;/home/runner/work/gson/gson/gson/target;gson-2.14.1-SNAPSHOT.jar;IN_ACCESS
2026-09-04T07:39:07.886528Z;/home/runner/work/gson/gson/gson/target;gson-2.14.1-SNAPSHOT.jar;IN_ACCESS
2026-09-04T07:39:07.886893Z;/home/runner/work/gson/gson/gson/target;gson-2.14.1-SNAPSHOT.jar;IN_ACCESS
2026-09-04T07:39:07.887238Z;/home/runner/work/gson/gson/gson/target;gson-2.14.1-SNAPSHOT.jar;IN_ACCESS
2026-09-04T07:39:07.887570Z;/home/runner/work/gson/gson/gson/target;gson-2.14.1-SNAPSHOT.jar;IN_ACCESS
2026-09-04T07:39:07.887910Z;/home/runner/work/gson/gson/gson/target;gson-2.14.1-SNAPSHOT.jar;IN_ACCESS
2026-09-04T07:39:07.888240Z;/home/runner/work/gson/gson/gson/target;gson-2.14.1-SNAPSHOT.jar;IN_ACCESS
2026-09-04T07:39:07.888570Z;/home/runner/work/gson/gson/gson/target;gson-2.14.1-SNAPSHOT.jar;IN_ACCESS
2026-09-04T07:39:07.888897Z;/home/runner/work/gson/gson/gson/target;gson-2.14.1-SNAPSHOT.jar;IN_ACCESS
2026-09-04T07:39:07.889260Z;/home/runner/work/gson/gson/gson/target;gson-2.14.1-SNAPSHOT.jar;IN_ACCESS
2026-09-04T07:39:07.889607Z;/home/runner/work/gson/gson/gson/target;gson-2.14.1-SNAPSHOT.jar;IN_ACCESS
2026-09-04T07:39:07.889960Z;/home/runner/work/gson/gson/gson/target;gson-2.14.1-SNAPSHOT.jar;IN_ACCESS
2026-09-04T07:39:07.890282Z;/home/runner/work/gson/gson/gson/target;gson-2.14.1-SNAPSHOT.jar;IN_ACCESS
2026-09-04T07:39:07.890600Z;/home/runner/work/gson/gson/gson/target;gson-2.14.1-SNAPSHOT.jar;IN_ACCESS
2026-09-04T07:39:07.890926Z;/home/runner/work/gson/gson/gson/target;gson-2.14.1-SNAPSHOT.jar;IN_ACCESS
2026-09-04T07:39:07.891277Z;/home/runner/work/gson/gson/gson/target;gson-2.14.1-SNAPSHOT.jar;IN_ACCESS
2026-09-04T07:39:07.892817Z;/home/runner/work/gson/gson/gson/target;gson-2.14.1-SNAPSHOT.jar;IN_ACCESS
2026-09-04T07:39:07.893217Z;/home/runner/work/gson/gson/gson/target;gson-2.14.1-SNAPSHOT.jar;IN_ACCESS
2026-09-04T07:39:07.893559Z;/home/runner/work/gson/gson/gson/target;gson-2.14.1-SNAPSHOT.jar;IN_ACCESS
2026-09-04T07:39:07.894128Z;/home/runner/work/gson/gson/gson/target;gson-2.14.1-SNAPSHOT.jar;IN_ACCESS
2026-09-04T07:39:07.894633Z;/home/runner/work/gson/gson/gson/target;gson-2.14.1-SNAPSHOT.jar;IN_ACCESS
2026-09-04T07:39:07.894989Z;/home/runner/work/gson/gson/gson/target;gson-2.14.1-SNAPSHOT.jar;IN_ACCESS
2026-09-04T07:39:07.895330Z;/home/runner/work/gson/gson/gson/target;gson-2.14.1-SNAPSHOT.jar;IN_ACCESS
2026-09-04T07:39:07.895672Z;/home/runner/work/gson/gson/gson/target;gson-2.14.1-SNAPSHOT.jar;IN_ACCESS
2026-09-04T07:39:07.896037Z;/home/runner/work/gson/gson/gson/target;gson-2.14.1-SNAPSHOT.jar;IN_ACCESS
2026-09-04T07:39:07.896373Z;/home/runner/work/gson/gson/gson/target;gson-2.14.1-SNAPSHOT.jar;IN_ACCESS
2026-09-04T07:39:07.896723Z;/home/runner/work/gson/gson/gson/target;gson-2.14.1-SNAPSHOT.jar;IN_ACCESS
2026-09-04T07:39:07.897073Z;/home/runner/work/gson/gson/gson/target;gson-2.14.1-SNAPSHOT.jar;IN_ACCESS
2026-09-04T07:39:07.897412Z;/home/runner/work/gson/gson/gson/target;gson-2.14.1-SNAPSHOT.jar;IN_ACCESS
2026-09-04T07:39:07.897795Z;/home/runner/work/gson/gson/gson/target;gson-2.14.1-SNAPSHOT.jar;IN_ACCESS
2026-09-04T07:39:07.898163Z;/home/runner/work/gson/gson/gson/target;gson-2.14.1-SNAPSHOT.jar;IN_ACCESS
2026-09-04T07:39:07.898522Z;/home/runner/work/gson/gson/gson/target;gson-2.14.1-SNAPSHOT.jar;IN_ACCESS
2026-09-04T07:39:07.898879Z;/home/runner/work/gson/gson/gson/target;gson-2.14.1-SNAPSHOT.jar;IN_ACCESS
2026-09-04T07:39:07.899400Z;/home/runner/work/gson/gson/gson/target;gson-2.14.1-SNAPSHOT.jar;IN_ACCESS
2026-09-04T07:39:07.899770Z;/home/runner/work/gson/gson/gson/target;gson-2.14.1-SNAPSHOT.jar;IN_ACCESS
2026-09-04T07:39:07.900117Z;/home/runner/work/gson/gson/gson/target;gson-2.14.1-SNAPSHOT.jar;IN_ACCESS
2026-09-04T07:39:07.901254Z;/home/runner/work/gson/gson/gson/target;gson-2.14.1-SNAPSHOT.jar;IN_ACCESS
2026-09-04T07:39:07.901664Z;/home/runner/work/gson/gson/gson/target;gson-2.14.1-SNAPSHOT.jar;IN_ACCESS
2026-09-04T07:39:07.902019Z;/home/runner/work/gson/gson/gson/target;gson-2.14.1-SNAPSHOT.jar;IN_ACCESS
2026-09-04T07:39:07.902353Z;/home/runner/work/gson/gson/gson/target;gson-2.14.1-SNAPSHOT.jar;IN_ACCESS
2026-09-04T07:39:07.902710Z;/home/runner/work/gson/gson/gson/target;gson-2.14.1-SNAPSHOT.jar;IN_ACCESS
2026-09-04T07:39:07.903033Z;/home/runner/work/gson/gson/gson/target;gson-2.14.1-SNAPSHOT.jar;IN_ACCESS
2026-09-04T07:39:07.903559Z;/home/runner/work/gson/gson/gson/target;gson-2.14.1-SNAPSHOT.jar;IN_ACCESS
2026-09-04T07:39:07.923328Z;/home/runner/work/gson/gson/gson/target;gson-2.14.1-SNAPSHOT.jar;IN_DELETE
2026-09-04T07:39:07.924219Z;/home/runner/work/gson/gson/gson/target;gson-2.14.1-SNAPSHOT.jar;IN_CREATE
2026-09-04T07:39:07.924618Z;/home/runner/work/gson/gson/gson/target/modules;gson-2.14.1-SNAPSHOT.jar;IN_ACCESS
2026-09-04T07:39:07.989132Z;/home/runner/work/gson/gson;gson;IN_ACCESS,IN_ISDIR
2026-09-04T07:39:07.989662Z;/home/runner/work/gson/gson/gson;;IN_ACCESS,IN_ISDIR
2026-09-04T07:39:07.991402Z;/home/runner/work/gson/gson;gson;IN_ACCESS,IN_ISDIR
2026-09-04T07:39:07.991778Z;/home/runner/work/gson/gson/gson;;IN_ACCESS,IN_ISDIR
2026-09-04T07:39:07.992080Z;/home/runner/work/gson/gson/.git;HEAD;IN_ACCESS
2026-09-04T07:39:07.992351Z;/home/runner/work/gson/gson/.git;config;IN_ACCESS
2026-09-04T07:39:07.993797Z;/home/runner/work/gson/gson;gson;IN_ACCESS,IN_ISDIR
2026-09-04T07:39:07.994147Z;/home/runner/work/gson/gson/gson;;IN_ACCESS,IN_ISDIR
2026-09-04T07:39:07.994445Z;/home/runner/work/gson/gson;gson;IN_ACCESS,IN_ISDIR
2026-09-04T07:39:07.994753Z;/home/runner/work/gson/gson/gson;;IN_ACCESS,IN_ISDIR
2026-09-04T07:39:07.995032Z;/home/runner/work/gson/gson/gson;src;IN_ACCESS,IN_ISDIR
2026-09-04T07:39:07.995866Z;/home/runner/work/gson/gson/gson/src;;IN_ACCESS,IN_ISDIR
2026-09-04T07:39:07.996189Z;/home/runner/work/gson/gson/gson;src;IN_ACCESS,IN_ISDIR
2026-09-04T07:39:07.996494Z;/home/runner/work/gson/gson/gson/src;;IN_ACCESS,IN_ISDIR
2026-09-04T07:39:07.996796Z;/home/runner/work/gson/gson/gson/src;main;IN_ACCESS,IN_ISDIR
2026-09-04T07:39:07.997097Z;/home/runner/work/gson/gson/gson/src/main;;IN_ACCESS,IN_ISDIR
2026-09-04T07:39:07.997512Z;/home/runner/work/gson/gson/gson/src;main;IN_ACCESS,IN_ISDIR
2026-09-04T07:39:07.998780Z;/home/runner/work/gson/gson/gson/src/main;;IN_ACCESS,IN_ISDIR
2026-09-04T07:39:07.999083Z;/home/runner/work/gson/gson/gson/src/main;java;IN_ACCESS,IN_ISDIR
2026-09-04T07:39:07.999407Z;/home/runner/work/gson/gson/gson/src/main/java;;IN_ACCESS,IN_ISDIR
2026-09-04T07:39:08.000617Z;/home/runner/work/gson/gson/gson/src/main;java;IN_ACCESS,IN_ISDIR
2026-09-04T07:39:08.000911Z;/home/runner/work/gson/gson/gson/src/main/java;;IN_ACCESS,IN_ISDIR
2026-09-04T07:39:08.001178Z;/home/runner/work/gson/gson/gson/src/main/java;com;IN_ACCESS,IN_ISDIR
2026-09-04T07:39:08.001447Z;/home/runner/work/gson/gson/gson/src/main/java/com;;IN_ACCESS,IN_ISDIR
2026-09-04T07:39:08.003550Z;/home/runner/work/gson/gson/gson/src/main/java;com;IN_ACCESS,IN_ISDIR
2026-09-04T07:39:08.003960Z;/home/runner/work/gson/gson/gson/src/main/java/com;;IN_ACCESS,IN_ISDIR
2026-09-04T07:39:08.004381Z;/home/runner/work/gson/gson/gson/src/main/java/com;google;IN_ACCESS,IN_ISDIR
2026-09-04T07:39:08.004723Z;/home/runner/work/gson/gson/gson/src/main/java/com/google;;IN_ACCESS,IN_ISDIR
2026-09-04T07:39:08.005045Z;/home/runner/work/gson/gson/gson/src/main/java/com;google;IN_ACCESS,IN_ISDIR
2026-09-04T07:39:08.005335Z;/home/runner/work/gson/gson/gson/src/main/java/com/google;;IN_ACCESS,IN_ISDIR
2026-09-04T07:39:08.005642Z;/home/runner/work/gson/gson/gson/src/main/java/com/google;gson;IN_ACCESS,IN_ISDIR
2026-09-04T07:39:08.005951Z;/home/runner/work/gson/gson/gson/src/main/java/com/google/gson;;IN_ACCESS,IN_ISDIR
2026-09-04T07:39:08.006831Z;/home/runner/work/gson/gson/gson/src/main/java/com/google;gson;IN_ACCESS,IN_ISDIR
2026-09-04T07:39:08.007138Z;/home/runner/work/gson/gson/gson/src/main/java/com/google/gson;;IN_ACCESS,IN_ISDIR
2026-09-04T07:39:08.007432Z;/home/runner/work/gson/gson/gson/src/main/java/com/google/gson;annotations;IN_ACCESS,IN_ISDIR
2026-09-04T07:39:08.007720Z;/home/runner/work/gson/gson/gson/src/main/java/com/google/gson/annotations;;IN_ACCESS,IN_ISDIR
2026-09-04T07:39:08.008012Z;/home/runner/work/gson/gson/gson/src/main/java/com/google/gson;annotations;IN_ACCESS,IN_ISDIR
2026-09-04T07:39:08.008293Z;/home/runner/work/gson/gson/gson/src/main/java/com/google/gson/annotations;;IN_ACCESS,IN_ISDIR
2026-09-04T07:39:08.008615Z;/home/runner/work/gson/gson/gson/src/main/java/com/google/gson;internal;IN_ACCESS,IN_ISDIR
2026-09-04T07:39:08.010616Z;/home/runner/work/gson/gson/gson/src/main/java/com/google/gson/internal;;IN_ACCESS,IN_ISDIR
2026-09-04T07:39:08.010945Z;/home/runner/work/gson/gson/gson/src/main/java/com/google/gson;internal;IN_ACCESS,IN_ISDIR
2026-09-04T07:39:08.011248Z;/home/runner/work/gson/gson/gson/src/main/java/com/google/gson/internal;;IN_ACCESS,IN_ISDIR
2026-09-04T07:39:08.011541Z;/home/runner/work/gson/gson/gson/src/main/java/com/google/gson/internal;bind;IN_ACCESS,IN_ISDIR
2026-09-04T07:39:08.011847Z;/home/runner/work/gson/gson/gson/src/main/java/com/google/gson/internal/bind;;IN_ACCESS,IN_ISDIR
2026-09-04T07:39:08.012171Z;/home/runner/work/gson/gson/gson/src/main/java/com/google/gson/internal;bind;IN_ACCESS,IN_ISDIR
2026-09-04T07:39:08.012464Z;/home/runner/work/gson/gson/gson/src/main/java/com/google/gson/internal/bind;;IN_ACCESS,IN_ISDIR
2026-09-04T07:39:08.012782Z;/home/runner/work/gson/gson/gson/src/main/java/com/google/gson/internal/bind;util;IN_ACCESS,IN_ISDIR
2026-09-04T07:39:08.013058Z;/home/runner/work/gson/gson/gson/src/main/java/com/google/gson/internal/bind/util;;IN_ACCESS,IN_ISDIR
2026-09-04T07:39:08.013327Z;/home/runner/work/gson/gson/gson/src/main/java/com/google/gson/internal/bind;util;IN_ACCESS,IN_ISDIR
2026-09-04T07:39:08.013603Z;/home/runner/work/gson/gson/gson/src/main/java/com/google/gson/internal/bind/util;;IN_ACCESS,IN_ISDIR
2026-09-04T07:39:08.013872Z;/home/runner/work/gson/gson/gson/src/main/java/com/google/gson/internal;reflect;IN_ACCESS,IN_ISDIR
2026-09-04T07:39:08.014128Z;/home/runner/work/gson/gson/gson/src/main/java/com/google/gson/internal/reflect;;IN_ACCESS,IN_ISDIR
2026-09-04T07:39:08.014447Z;/home/runner/work/gson/gson/gson/src/main/java/com/google/gson/internal;reflect;IN_ACCESS,IN_ISDIR
2026-09-04T07:39:08.014835Z;/home/runner/work/gson/gson/gson/src/main/java/com/google/gson/internal/reflect;;IN_ACCESS,IN_ISDIR
2026-09-04T07:39:08.016788Z;/home/runner/work/gson/gson/gson/src/main/java/com/google/gson/internal;sql;IN_ACCESS,IN_ISDIR
2026-09-04T07:39:08.017137Z;/home/runner/work/gson/gson/gson/src/main/java/com/google/gson/internal/sql;;IN_ACCESS,IN_ISDIR
2026-09-04T07:39:08.017950Z;/home/runner/work/gson/gson/gson/src/main/java/com/google/gson/internal;sql;IN_ACCESS,IN_ISDIR
2026-09-04T07:39:08.018622Z;/home/runner/work/gson/gson/gson/src/main/java/com/google/gson/internal/sql;;IN_ACCESS,IN_ISDIR
2026-09-04T07:39:08.018941Z;/home/runner/work/gson/gson/gson/src/main/java/com/google/gson;reflect;IN_ACCESS,IN_ISDIR
2026-09-04T07:39:08.019247Z;/home/runner/work/gson/gson/gson/src/main/java/com/google/gson/reflect;;IN_ACCESS,IN_ISDIR
2026-09-04T07:39:08.019873Z;/home/runner/work/gson/gson/gson/src/main/java/com/google/gson;reflect;IN_ACCESS,IN_ISDIR
2026-09-04T07:39:08.020165Z;/home/runner/work/gson/gson/gson/src/main/java/com/google/gson/reflect;;IN_ACCESS,IN_ISDIR
2026-09-04T07:39:08.020446Z;/home/runner/work/gson/gson/gson/src/main/java/com/google/gson;stream;IN_ACCESS,IN_ISDIR
2026-09-04T07:39:08.020757Z;/home/runner/work/gson/gson/gson/src/main/java/com/google/gson/stream;;IN_ACCESS,IN_ISDIR
2026-09-04T07:39:08.022319Z;/home/runner/work/gson/gson/gson/src/main/java/com/google/gson;stream;IN_ACCESS,IN_ISDIR
2026-09-04T07:39:08.022635Z;/home/runner/work/gson/gson/gson/src/main/java/com/google/gson/stream;;IN_ACCESS,IN_ISDIR
2026-09-04T07:39:08.022929Z;/home/runner/work/gson/gson/gson/src;test;IN_ACCESS,IN_ISDIR
2026-09-04T07:39:08.023597Z;/home/runner/work/gson/gson/gson/src/test;;IN_ACCESS,IN_ISDIR
2026-09-04T07:39:08.023945Z;/home/runner/work/gson/gson/gson/src;test;IN_ACCESS,IN_ISDIR
2026-09-04T07:39:08.024241Z;/home/runner/work/gson/gson/gson/src/test;;IN_ACCESS,IN_ISDIR
2026-09-04T07:39:08.025780Z;/home/runner/work/gson/gson/gson/src/test;java;IN_ACCESS,IN_ISDIR
2026-09-04T07:39:08.026077Z;/home/runner/work/gson/gson/gson/src/test/java;;IN_ACCESS,IN_ISDIR
2026-09-04T07:39:08.026378Z;/home/runner/work/gson/gson/gson/src/test;java;IN_ACCESS,IN_ISDIR
2026-09-04T07:39:08.026708Z;/home/runner/work/gson/gson/gson/src/test/java;;IN_ACCESS,IN_ISDIR
2026-09-04T07:39:08.027022Z;/home/runner/work/gson/gson/gson/src/test/java;com;IN_ACCESS,IN_ISDIR
2026-09-04T07:39:08.027332Z;/home/runner/work/gson/gson/gson/src/test/java/com;;IN_ACCESS,IN_ISDIR
2026-09-04T07:39:08.027651Z;/home/runner/work/gson/gson/gson/src/test/java;com;IN_ACCESS,IN_ISDIR
2026-09-04T07:39:08.028000Z;/home/runner/work/gson/gson/gson/src/test/java/com;;IN_ACCESS,IN_ISDIR
2026-09-04T07:39:08.028320Z;/home/runner/work/gson/gson/gson/src/test/java/com;google;IN_ACCESS,IN_ISDIR
2026-09-04T07:39:08.028832Z;/home/runner/work/gson/gson/gson/src/test/java/com/google;;IN_ACCESS,IN_ISDIR
2026-09-04T07:39:08.029150Z;/home/runner/work/gson/gson/gson/src/test/java/com;google;IN_ACCESS,IN_ISDIR
2026-09-04T07:39:08.029649Z;/home/runner/work/gson/gson/gson/src/test/java/com/google;;IN_ACCESS,IN_ISDIR
2026-09-04T07:39:08.029967Z;/home/runner/work/gson/gson/gson/src/test/java/com/google;gson;IN_ACCESS,IN_ISDIR
2026-09-04T07:39:08.030283Z;/home/runner/work/gson/gson/gson/src/test/java/com/google/gson;;IN_ACCESS,IN_ISDIR
2026-09-04T07:39:08.030596Z;/home/runner/work/gson/gson/gson/src/test/java/com/google;gson;IN_ACCESS,IN_ISDIR
2026-09-04T07:39:08.030910Z;/home/runner/work/gson/gson/gson/src/test/java/com/google/gson;;IN_ACCESS,IN_ISDIR
2026-09-04T07:39:08.031210Z;/home/runner/work/gson/gson/gson/src/test/java/com/google/gson;functional;IN_ACCESS,IN_ISDIR
2026-09-04T07:39:08.031510Z;/home/runner/work/gson/gson/gson/src/test/java/com/google/gson/functional;;IN_ACCESS,IN_ISDIR
2026-09-04T07:39:08.031820Z;/home/runner/work/gson/gson/gson/src/test/java/com/google/gson;functional;IN_ACCESS,IN_ISDIR
2026-09-04T07:39:08.032133Z;/home/runner/work/gson/gson/gson/src/test/java/com/google/gson/functional;;IN_ACCESS,IN_ISDIR
2026-09-04T07:39:08.032552Z;/home/runner/work/gson/gson/gson/src/test/java/com/google/gson;internal;IN_ACCESS,IN_ISDIR
2026-09-04T07:39:08.033135Z;/home/runner/work/gson/gson/gson/src/test/java/com/google/gson/internal;;IN_ACCESS,IN_ISDIR
2026-09-04T07:39:08.033754Z;/home/runner/work/gson/gson/gson/src/test/java/com/google/gson;internal;IN_ACCESS,IN_ISDIR
2026-09-04T07:39:08.034433Z;/home/runner/work/gson/gson/gson/src/test/java/com/google/gson/internal;;IN_ACCESS,IN_ISDIR
2026-09-04T07:39:08.034758Z;/home/runner/work/gson/gson/gson/src/test/java/com/google/gson/internal;bind;IN_ACCESS,IN_ISDIR
2026-09-04T07:39:08.035060Z;/home/runner/work/gson/gson/gson/src/test/java/com/google/gson/internal/bind;;IN_ACCESS,IN_ISDIR
2026-09-04T07:39:08.035369Z;/home/runner/work/gson/gson/gson/src/test/java/com/google/gson/internal;bind;IN_ACCESS,IN_ISDIR
2026-09-04T07:39:08.036207Z;/home/runner/work/gson/gson/gson/src/test/java/com/google/gson/internal/bind;;IN_ACCESS,IN_ISDIR
2026-09-04T07:39:08.036753Z;/home/runner/work/gson/gson/gson/src/test/java/com/google/gson/internal/bind;util;IN_ACCESS,IN_ISDIR
2026-09-04T07:39:08.037060Z;/home/runner/work/gson/gson/gson/src/test/java/com/google/gson/internal/bind/util;;IN_ACCESS,IN_ISDIR
2026-09-04T07:39:08.037397Z;/home/runner/work/gson/gson/gson/src/test/java/com/google/gson/internal/bind;util;IN_ACCESS,IN_ISDIR
2026-09-04T07:39:08.037724Z;/home/runner/work/gson/gson/gson/src/test/java/com/google/gson/internal/bind/util;;IN_ACCESS,IN_ISDIR
2026-09-04T07:39:08.038052Z;/home/runner/work/gson/gson/gson/src/test/java/com/google/gson/internal;reflect;IN_ACCESS,IN_ISDIR
2026-09-04T07:39:08.038381Z;/home/runner/work/gson/gson/gson/src/test/java/com/google/gson/internal/reflect;;IN_ACCESS,IN_ISDIR
2026-09-04T07:39:08.040021Z;/home/runner/work/gson/gson/gson/src/test/java/com/google/gson/internal;reflect;IN_ACCESS,IN_ISDIR
2026-09-04T07:39:08.040357Z;/home/runner/work/gson/gson/gson/src/test/java/com/google/gson/internal/reflect;;IN_ACCESS,IN_ISDIR
2026-09-04T07:39:08.040706Z;/home/runner/work/gson/gson/gson/src/test/java/com/google/gson/internal;sql;IN_ACCESS,IN_ISDIR
2026-09-04T07:39:08.041034Z;/home/runner/work/gson/gson/gson/src/test/java/com/google/gson/internal/sql;;IN_ACCESS,IN_ISDIR
2026-09-04T07:39:08.041374Z;/home/runner/work/gson/gson/gson/src/test/java/com/google/gson/internal;sql;IN_ACCESS,IN_ISDIR
2026-09-04T07:39:08.041717Z;/home/runner/work/gson/gson/gson/src/test/java/com/google/gson/internal/sql;;IN_ACCESS,IN_ISDIR
2026-09-04T07:39:08.042119Z;/home/runner/work/gson/gson/gson/src/test/java/com/google/gson;integration;IN_ACCESS,IN_ISDIR
2026-09-04T07:39:08.042469Z;/home/runner/work/gson/gson/gson/src/test/java/com/google/gson/integration;;IN_ACCESS,IN_ISDIR
2026-09-04T07:39:08.042815Z;/home/runner/work/gson/gson/gson/src/test/java/com/google/gson;integration;IN_ACCESS,IN_ISDIR
2026-09-04T07:39:08.043145Z;/home/runner/work/gson/gson/gson/src/test/java/com/google/gson/integration;;IN_ACCESS,IN_ISDIR
2026-09-04T07:39:08.043502Z;/home/runner/work/gson/gson/gson/src/test/java/com/google/gson;metrics;IN_ACCESS,IN_ISDIR
2026-09-04T07:39:08.043844Z;/home/runner/work/gson/gson/gson/src/test/java/com/google/gson/metrics;;IN_ACCESS,IN_ISDIR
2026-09-04T07:39:08.044162Z;/home/runner/work/gson/gson/gson/src/test/java/com/google/gson;metrics;IN_ACCESS,IN_ISDIR
2026-09-04T07:39:08.044493Z;/home/runner/work/gson/gson/gson/src/test/java/com/google/gson/metrics;;IN_ACCESS,IN_ISDIR
2026-09-04T07:39:08.044815Z;/home/runner/work/gson/gson/gson/src/test/java/com/google/gson;reflect;IN_ACCESS,IN_ISDIR
2026-09-04T07:39:08.045150Z;/home/runner/work/gson/gson/gson/src/test/java/com/google/gson/reflect;;IN_ACCESS,IN_ISDIR
2026-09-04T07:39:08.045491Z;/home/runner/work/gson/gson/gson/src/test/java/com/google/gson;reflect;IN_ACCESS,IN_ISDIR
2026-09-04T07:39:08.045828Z;/home/runner/work/gson/gson/gson/src/test/java/com/google/gson/reflect;;IN_ACCESS,IN_ISDIR
2026-09-04T07:39:08.046163Z;/home/runner/work/gson/gson/gson/src/test/java/com/google/gson;stream;IN_ACCESS,IN_ISDIR
2026-09-04T07:39:08.046656Z;/home/runner/work/gson/gson/gson/src/test/java/com/google/gson/stream;;IN_ACCESS,IN_ISDIR
2026-09-04T07:39:08.047045Z;/home/runner/work/gson/gson/gson/src/test/java/com/google/gson;stream;IN_ACCESS,IN_ISDIR
2026-09-04T07:39:08.047411Z;/home/runner/work/gson/gson/gson/src/test/java/com/google/gson/stream;;IN_ACCESS,IN_ISDIR
2026-09-04T07:39:08.047766Z;/home/runner/work/gson/gson/gson/src/test/java/com/google/gson;common;IN_ACCESS,IN_ISDIR
2026-09-04T07:39:08.048088Z;/home/runner/work/gson/gson/gson/src/test/java/com/google/gson/common;;IN_ACCESS,IN_ISDIR
2026-09-04T07:39:08.048536Z;/home/runner/work/gson/gson/gson/src/test/java/com/google/gson;common;IN_ACCESS,IN_ISDIR
2026-09-04T07:39:08.048987Z;/home/runner/work/gson/gson/gson/src/test/java/com/google/gson/common;;IN_ACCESS,IN_ISDIR
2026-09-04T07:39:08.049332Z;/home/runner/work/gson/gson/.git;HEAD;IN_ACCESS
2026-09-04T07:39:08.049652Z;/home/runner/work/gson/gson/.git;config;IN_ACCESS
2026-09-04T07:39:08.049984Z;/home/runner/work/gson/gson;gson;IN_ACCESS,IN_ISDIR
2026-09-04T07:39:08.050323Z;/home/runner/work/gson/gson/gson;;IN_ACCESS,IN_ISDIR
2026-09-04T07:39:08.050716Z;/home/runner/work/gson/gson;gson;IN_ACCESS,IN_ISDIR
2026-09-04T07:39:08.051343Z;/home/runner/work/gson/gson/gson;;IN_ACCESS,IN_ISDIR
2026-09-04T07:39:08.051771Z;/home/runner/work/gson/gson/gson;pom.xml;IN_ACCESS
2026-09-04T07:39:08.052166Z;/home/runner/work/gson/gson/gson;README.md;IN_ACCESS
2026-09-04T07:39:08.052553Z;/home/runner/work/gson/gson;gson;IN_ACCESS,IN_ISDIR
2026-09-04T07:39:08.052940Z;/home/runner/work/gson/gson/gson;;IN_ACCESS,IN_ISDIR
2026-09-04T07:39:08.053300Z;/home/runner/work/gson/gson;gson;IN_ACCESS,IN_ISDIR
2026-09-04T07:39:08.053689Z;/home/runner/work/gson/gson/gson;;IN_ACCESS,IN_ISDIR
2026-09-04T07:39:08.054055Z;/home/runner/work/gson/gson/gson;src;IN_ACCESS,IN_ISDIR
2026-09-04T07:39:08.054415Z;/home/runner/work/gson/gson/gson/src;;IN_ACCESS,IN_ISDIR
2026-09-04T07:39:08.054784Z;/home/runner/work/gson/gson/gson;src;IN_ACCESS,IN_ISDIR
2026-09-04T07:39:08.057841Z;/home/runner/work/gson/gson/gson/src;;IN_ACCESS,IN_ISDIR
2026-09-04T07:39:08.058152Z;/home/runner/work/gson/gson/gson/src;main;IN_ACCESS,IN_ISDIR
2026-09-04T07:39:08.058454Z;/home/runner/work/gson/gson/gson/src/main;;IN_ACCESS,IN_ISDIR
2026-09-04T07:39:08.058817Z;/home/runner/work/gson/gson/gson/src;main;IN_ACCESS,IN_ISDIR
2026-09-04T07:39:08.059180Z;/home/runner/work/gson/gson/gson/src/main;;IN_ACCESS,IN_ISDIR
2026-09-04T07:39:08.059551Z;/home/runner/work/gson/gson/gson/src/main;java;IN_ACCESS,IN_ISDIR
2026-09-04T07:39:08.059966Z;/home/runner/work/gson/gson/gson/src/main/java;;IN_ACCESS,IN_ISDIR
2026-09-04T07:39:08.060323Z;/home/runner/work/gson/gson/gson/src/main;java;IN_ACCESS,IN_ISDIR
2026-09-04T07:39:08.060672Z;/home/runner/work/gson/gson/gson/src/main/java;;IN_ACCESS,IN_ISDIR
2026-09-04T07:39:08.061046Z;/home/runner/work/gson/gson/gson/src/main/java;com;IN_ACCESS,IN_ISDIR
2026-09-04T07:39:08.061389Z;/home/runner/work/gson/gson/gson/src/main/java/com;;IN_ACCESS,IN_ISDIR
2026-09-04T07:39:08.061724Z;/home/runner/work/gson/gson/gson/src/main/java;com;IN_ACCESS,IN_ISDIR
2026-09-04T07:39:08.062051Z;/home/runner/work/gson/gson/gson/src/main/java/com;;IN_ACCESS,IN_ISDIR
2026-09-04T07:39:08.062350Z;/home/runner/work/gson/gson/gson/src/main/java/com;google;IN_ACCESS,IN_ISDIR
2026-09-04T07:39:08.062678Z;/home/runner/work/gson/gson/gson/src/main/java/com/google;;IN_ACCESS,IN_ISDIR
2026-09-04T07:39:08.063017Z;/home/runner/work/gson/gson/gson/src/main/java/com;google;IN_ACCESS,IN_ISDIR
2026-09-04T07:39:08.063330Z;/home/runner/work/gson/gson/gson/src/main/java/com/google;;IN_ACCESS,IN_ISDIR
2026-09-04T07:39:08.063659Z;/home/runner/work/gson/gson/gson/src/main/java/com/google;gson;IN_ACCESS,IN_ISDIR
2026-09-04T07:39:08.063951Z;/home/runner/work/gson/gson/gson/src/main/java/com/google/gson;;IN_ACCESS,IN_ISDIR
2026-09-04T07:39:08.064237Z;/home/runner/work/gson/gson/gson/src/main/java/com/google;gson;IN_ACCESS,IN_ISDIR
2026-09-04T07:39:08.065005Z;/home/runner/work/gson/gson/gson/src/main/java/com/google/gson;;IN_ACCESS,IN_ISDIR
2026-09-04T07:39:08.065922Z;/home/runner/work/gson/gson/gson/src/main/java/com/google/gson;annotations;IN_ACCESS,IN_ISDIR
2026-09-04T07:39:08.066411Z;/home/runner/work/gson/gson/gson/src/main/java/com/google/gson/annotations;;IN_ACCESS,IN_ISDIR
2026-09-04T07:39:08.067099Z;/home/runner/work/gson/gson/gson/src/main/java/com/google/gson;annotations;IN_ACCESS,IN_ISDIR
2026-09-04T07:39:08.067451Z;/home/runner/work/gson/gson/gson/src/main/java/com/google/gson/annotations;;IN_ACCESS,IN_ISDIR
2026-09-04T07:39:08.067795Z;/home/runner/work/gson/gson/gson/src/main/java/com/google/gson;internal;IN_ACCESS,IN_ISDIR
2026-09-04T07:39:08.068161Z;/home/runner/work/gson/gson/gson/src/main/java/com/google/gson/internal;;IN_ACCESS,IN_ISDIR
2026-09-04T07:39:08.068516Z;/home/runner/work/gson/gson/gson/src/main/java/com/google/gson;internal;IN_ACCESS,IN_ISDIR
2026-09-04T07:39:08.068904Z;/home/runner/work/gson/gson/gson/src/main/java/com/google/gson/internal;;IN_ACCESS,IN_ISDIR
2026-09-04T07:39:08.069235Z;/home/runner/work/gson/gson/gson/src/main/java/com/google/gson/internal;bind;IN_ACCESS,IN_ISDIR
2026-09-04T07:39:08.069581Z;/home/runner/work/gson/gson/gson/src/main/java/com/google/gson/internal/bind;;IN_ACCESS,IN_ISDIR
2026-09-04T07:39:08.069952Z;/home/runner/work/gson/gson/gson/src/main/java/com/google/gson/internal;bind;IN_ACCESS,IN_ISDIR
2026-09-04T07:39:08.070305Z;/home/runner/work/gson/gson/gson/src/main/java/com/google/gson/internal/bind;;IN_ACCESS,IN_ISDIR
2026-09-04T07:39:08.070659Z;/home/runner/work/gson/gson/gson/src/main/java/com/google/gson/internal/bind;util;IN_ACCESS,IN_ISDIR
2026-09-04T07:39:08.073513Z;/home/runner/work/gson/gson/gson/src/main/java/com/google/gson/internal/bind/util;;IN_ACCESS,IN_ISDIR
2026-09-04T07:39:08.073927Z;/home/runner/work/gson/gson/gson/src/main/java/com/google/gson/internal/bind;util;IN_ACCESS,IN_ISDIR
2026-09-04T07:39:08.074619Z;/home/runner/work/gson/gson/gson/src/main/java/com/google/gson/internal/bind/util;;IN_ACCESS,IN_ISDIR
2026-09-04T07:39:08.074941Z;/home/runner/work/gson/gson/gson/src/main/java/com/google/gson/internal;reflect;IN_ACCESS,IN_ISDIR
2026-09-04T07:39:08.075255Z;/home/runner/work/gson/gson/gson/src/main/java/com/google/gson/internal/reflect;;IN_ACCESS,IN_ISDIR
2026-09-04T07:39:08.075614Z;/home/runner/work/gson/gson/gson/src/main/java/com/google/gson/internal;reflect;IN_ACCESS,IN_ISDIR
2026-09-04T07:39:08.077815Z;/home/runner/work/gson/gson/gson/src/main/java/com/google/gson/internal/reflect;;IN_ACCESS,IN_ISDIR
2026-09-04T07:39:08.078141Z;/home/runner/work/gson/gson/gson/src/main/java/com/google/gson/internal;sql;IN_ACCESS,IN_ISDIR
2026-09-04T07:39:08.078454Z;/home/runner/work/gson/gson/gson/src/main/java/com/google/gson/internal/sql;;IN_ACCESS,IN_ISDIR
2026-09-04T07:39:08.078810Z;/home/runner/work/gson/gson/gson/src/main/java/com/google/gson/internal;sql;IN_ACCESS,IN_ISDIR
2026-09-04T07:39:08.079153Z;/home/runner/work/gson/gson/gson/src/main/java/com/google/gson/internal/sql;;IN_ACCESS,IN_ISDIR
2026-09-04T07:39:08.079505Z;/home/runner/work/gson/gson/gson/src/main/java/com/google/gson;reflect;IN_ACCESS,IN_ISDIR
2026-09-04T07:39:08.079832Z;/home/runner/work/gson/gson/gson/src/main/java/com/google/gson/reflect;;IN_ACCESS,IN_ISDIR
2026-09-04T07:39:08.080345Z;/home/runner/work/gson/gson/gson/src/main/java/com/google/gson;reflect;IN_ACCESS,IN_ISDIR
2026-09-04T07:39:08.081183Z;/home/runner/work/gson/gson/gson/src/main/java/com/google/gson/reflect;;IN_ACCESS,IN_ISDIR
2026-09-04T07:39:08.081711Z;/home/runner/work/gson/gson/gson/src/main/java/com/google/gson;stream;IN_ACCESS,IN_ISDIR
2026-09-04T07:39:08.082273Z;/home/runner/work/gson/gson/gson/src/main/java/com/google/gson/stream;;IN_ACCESS,IN_ISDIR
2026-09-04T07:39:08.083104Z;/home/runner/work/gson/gson/gson/src/main/java/com/google/gson;stream;IN_ACCESS,IN_ISDIR
2026-09-04T07:39:08.083532Z;/home/runner/work/gson/gson/gson/src/main/java/com/google/gson/stream;;IN_ACCESS,IN_ISDIR
2026-09-04T07:39:08.084486Z;/home/runner/work/gson/gson/gson/src;test;IN_ACCESS,IN_ISDIR
2026-09-04T07:39:08.084822Z;/home/runner/work/gson/gson/gson/src/test;;IN_ACCESS,IN_ISDIR
2026-09-04T07:39:08.085310Z;/home/runner/work/gson/gson/gson/src;test;IN_ACCESS,IN_ISDIR
2026-09-04T07:39:08.085643Z;/home/runner/work/gson/gson/gson/src/test;;IN_ACCESS,IN_ISDIR
2026-09-04T07:39:08.085979Z;/home/runner/work/gson/gson/gson/src/test;java;IN_ACCESS,IN_ISDIR
2026-09-04T07:39:08.086324Z;/home/runner/work/gson/gson/gson/src/test/java;;IN_ACCESS,IN_ISDIR
2026-09-04T07:39:08.087102Z;/home/runner/work/gson/gson/gson/src/test;java;IN_ACCESS,IN_ISDIR
2026-09-04T07:39:08.087436Z;/home/runner/work/gson/gson/gson/src/test/java;;IN_ACCESS,IN_ISDIR
2026-09-04T07:39:08.087789Z;/home/runner/work/gson/gson/gson/src/test/java;com;IN_ACCESS,IN_ISDIR
2026-09-04T07:39:08.088114Z;/home/runner/work/gson/gson/gson/src/test/java/com;;IN_ACCESS,IN_ISDIR
2026-09-04T07:39:08.088447Z;/home/runner/work/gson/gson/gson/src/test/java;com;IN_ACCESS,IN_ISDIR
2026-09-04T07:39:08.088906Z;/home/runner/work/gson/gson/gson/src/test/java/com;;IN_ACCESS,IN_ISDIR
2026-09-04T07:39:08.089314Z;/home/runner/work/gson/gson/gson/src/test/java/com;google;IN_ACCESS,IN_ISDIR
2026-09-04T07:39:08.089672Z;/home/runner/work/gson/gson/gson/src/test/java/com/google;;IN_ACCESS,IN_ISDIR
2026-09-04T07:39:08.090044Z;/home/runner/work/gson/gson/gson/src/test/java/com;google;IN_ACCESS,IN_ISDIR
2026-09-04T07:39:08.090416Z;/home/runner/work/gson/gson/gson/src/test/java/com/google;;IN_ACCESS,IN_ISDIR
2026-09-04T07:39:08.090813Z;/home/runner/work/gson/gson/gson/src/test/java/com/google;gson;IN_ACCESS,IN_ISDIR
2026-09-04T07:39:08.091190Z;/home/runner/work/gson/gson/gson/src/test/java/com/google/gson;;IN_ACCESS,IN_ISDIR
2026-09-04T07:39:08.091561Z;/home/runner/work/gson/gson/gson/src/test/java/com/google;gson;IN_ACCESS,IN_ISDIR
2026-09-04T07:39:08.091923Z;/home/runner/work/gson/gson/gson/src/test/java/com/google/gson;;IN_ACCESS,IN_ISDIR
2026-09-04T07:39:08.092284Z;/home/runner/work/gson/gson/gson/src/test/java/com/google/gson;functional;IN_ACCESS,IN_ISDIR
2026-09-04T07:39:08.092870Z;/home/runner/work/gson/gson/gson/src/test/java/com/google/gson/functional;;IN_ACCESS,IN_ISDIR
2026-09-04T07:39:08.093201Z;/home/runner/work/gson/gson/gson/src/test/java/com/google/gson;functional;IN_ACCESS,IN_ISDIR
2026-09-04T07:39:08.093534Z;/home/runner/work/gson/gson/gson/src/test/java/com/google/gson/functional;;IN_ACCESS,IN_ISDIR
2026-09-04T07:39:08.094816Z;/home/runner/work/gson/gson/gson/src/test/java/com/google/gson;internal;IN_ACCESS,IN_ISDIR
2026-09-04T07:39:08.095115Z;/home/runner/work/gson/gson/gson/src/test/java/com/google/gson/internal;;IN_ACCESS,IN_ISDIR
2026-09-04T07:39:08.095425Z;/home/runner/work/gson/gson/gson/src/test/java/com/google/gson;internal;IN_ACCESS,IN_ISDIR
2026-09-04T07:39:08.095766Z;/home/runner/work/gson/gson/gson/src/test/java/com/google/gson/internal;;IN_ACCESS,IN_ISDIR
2026-09-04T07:39:08.096375Z;/home/runner/work/gson/gson/gson/src/test/java/com/google/gson/internal;bind;IN_ACCESS,IN_ISDIR
2026-09-04T07:39:08.096798Z;/home/runner/work/gson/gson/gson/src/test/java/com/google/gson/internal/bind;;IN_ACCESS,IN_ISDIR
2026-09-04T07:39:08.097119Z;/home/runner/work/gson/gson/gson/src/test/java/com/google/gson/internal;bind;IN_ACCESS,IN_ISDIR
2026-09-04T07:39:08.097457Z;/home/runner/work/gson/gson/gson/src/test/java/com/google/gson/internal/bind;;IN_ACCESS,IN_ISDIR
2026-09-04T07:39:08.097800Z;/home/runner/work/gson/gson/gson/src/test/java/com/google/gson/internal/bind;util;IN_ACCESS,IN_ISDIR
2026-09-04T07:39:08.098150Z;/home/runner/work/gson/gson/gson/src/test/java/com/google/gson/internal/bind/util;;IN_ACCESS,IN_ISDIR
2026-09-04T07:39:08.098476Z;/home/runner/work/gson/gson/gson/src/test/java/com/google/gson/internal/bind;util;IN_ACCESS,IN_ISDIR
2026-09-04T07:39:08.098812Z;/home/runner/work/gson/gson/gson/src/test/java/com/google/gson/internal/bind/util;;IN_ACCESS,IN_ISDIR
2026-09-04T07:39:08.099314Z;/home/runner/work/gson/gson/gson/src/test/java/com/google/gson/internal;reflect;IN_ACCESS,IN_ISDIR
2026-09-04T07:39:08.101624Z;/home/runner/work/gson/gson/gson/src/test/java/com/google/gson/internal/reflect;;IN_ACCESS,IN_ISDIR
2026-09-04T07:39:08.103904Z;/home/runner/work/gson/gson/gson/src/test/java/com/google/gson/internal;reflect;IN_ACCESS,IN_ISDIR
2026-09-04T07:39:08.104336Z;/home/runner/work/gson/gson/gson/src/test/java/com/google/gson/internal/reflect;;IN_ACCESS,IN_ISDIR
2026-09-04T07:39:08.104709Z;/home/runner/work/gson/gson/gson/src/test/java/com/google/gson/internal;sql;IN_ACCESS,IN_ISDIR
2026-09-04T07:39:08.105065Z;/home/runner/work/gson/gson/gson/src/test/java/com/google/gson/internal/sql;;IN_ACCESS,IN_ISDIR
2026-09-04T07:39:08.105415Z;/home/runner/work/gson/gson/gson/src/test/java/com/google/gson/internal;sql;IN_ACCESS,IN_ISDIR
2026-09-04T07:39:08.105764Z;/home/runner/work/gson/gson/gson/src/test/java/com/google/gson/internal/sql;;IN_ACCESS,IN_ISDIR
2026-09-04T07:39:08.106119Z;/home/runner/work/gson/gson/gson/src/test/java/com/google/gson;integration;IN_ACCESS,IN_ISDIR
2026-09-04T07:39:08.106468Z;/home/runner/work/gson/gson/gson/src/test/java/com/google/gson/integration;;IN_ACCESS,IN_ISDIR
2026-09-04T07:39:08.106828Z;/home/runner/work/gson/gson/gson/src/test/java/com/google/gson;integration;IN_ACCESS,IN_ISDIR
2026-09-04T07:39:08.107188Z;/home/runner/work/gson/gson/gson/src/test/java/com/google/gson/integration;;IN_ACCESS,IN_ISDIR
2026-09-04T07:39:08.107534Z;/home/runner/work/gson/gson/gson/src/test/java/com/google/gson;metrics;IN_ACCESS,IN_ISDIR
2026-09-04T07:39:08.107899Z;/home/runner/work/gson/gson/gson/src/test/java/com/google/gson/metrics;;IN_ACCESS,IN_ISDIR
2026-09-04T07:39:08.108252Z;/home/runner/work/gson/gson/gson/src/test/java/com/google/gson;metrics;IN_ACCESS,IN_ISDIR
2026-09-04T07:39:08.108605Z;/home/runner/work/gson/gson/gson/src/test/java/com/google/gson/metrics;;IN_ACCESS,IN_ISDIR
2026-09-04T07:39:08.109730Z;/home/runner/work/gson/gson/gson/src/test/java/com/google/gson;reflect;IN_ACCESS,IN_ISDIR
2026-09-04T07:39:08.110073Z;/home/runner/work/gson/gson/gson/src/test/java/com/google/gson/reflect;;IN_ACCESS,IN_ISDIR
2026-09-04T07:39:08.110381Z;/home/runner/work/gson/gson/gson/src/test/java/com/google/gson;reflect;IN_ACCESS,IN_ISDIR
2026-09-04T07:39:08.110710Z;/home/runner/work/gson/gson/gson/src/test/java/com/google/gson/reflect;;IN_ACCESS,IN_ISDIR
2026-09-04T07:39:08.112407Z;/home/runner/work/gson/gson/gson/src/test/java/com/google/gson;stream;IN_ACCESS,IN_ISDIR
2026-09-04T07:39:08.112955Z;/home/runner/work/gson/gson/gson/src/test/java/com/google/gson/stream;;IN_ACCESS,IN_ISDIR
2026-09-04T07:39:08.113357Z;/home/runner/work/gson/gson/gson/src/test/java/com/google/gson;stream;IN_ACCESS,IN_ISDIR
2026-09-04T07:39:08.113708Z;/home/runner/work/gson/gson/gson/src/test/java/com/google/gson/stream;;IN_ACCESS,IN_ISDIR
2026-09-04T07:39:08.114116Z;/home/runner/work/gson/gson/gson/src/test/java/com/google/gson;common;IN_ACCESS,IN_ISDIR
2026-09-04T07:39:08.114516Z;/home/runner/work/gson/gson/gson/src/test/java/com/google/gson/common;;IN_ACCESS,IN_ISDIR
2026-09-04T07:39:08.114833Z;/home/runner/work/gson/gson/gson/src/test/java/com/google/gson;common;IN_ACCESS,IN_ISDIR
2026-09-04T07:39:08.115155Z;/home/runner/work/gson/gson/gson/src/test/java/com/google/gson/common;;IN_ACCESS,IN_ISDIR
2026-09-04T07:39:08.115459Z;/home/runner/work/gson/gson/gson/src/main/java/com/google/gson;ToNumberPolicy.java;IN_ACCESS
2026-09-04T07:39:08.276878Z;/home/runner/work/gson/gson/gson/src/main/java/com/google/gson;FieldNamingStrategy.java;IN_ACCESS
2026-09-04T07:39:08.302000Z;/home/runner/work/gson/gson/gson/src/main/java/com/google/gson;JsonNull.java;IN_ACCESS
2026-09-04T07:39:08.326934Z;/home/runner/work/gson/gson/gson/src/main/java/com/google/gson;JsonDeserializationContext.java;IN_ACCESS
2026-09-04T07:39:08.335085Z;/home/runner/work/gson/gson/gson/src/main/java/com/google/gson;JsonPrimitive.java;IN_ACCESS
2026-09-04T07:39:08.466692Z;/home/runner/work/gson/gson/gson/src/main/java/com/google/gson;Gson.java;IN_ACCESS
2026-09-04T07:39:08.810349Z;/home/runner/work/gson/gson/gson/src/main/java/com/google/gson;JsonSerializer.java;IN_ACCESS
2026-09-04T07:39:08.828259Z;/home/runner/work/gson/gson/gson/src/main/java/com/google/gson;JsonDeserializer.java;IN_ACCESS
2026-09-04T07:39:08.846077Z;/home/runner/work/gson/gson/gson/src/main/java/com/google/gson/annotations;Expose.java;IN_ACCESS
2026-09-04T07:39:08.874018Z;/home/runner/work/gson/gson/gson/src/main/java/com/google/gson/annotations;JsonAdapter.java;IN_ACCESS
2026-09-04T07:39:08.901699Z;/home/runner/work/gson/gson/gson/src/main/java/com/google/gson/annotations;Since.java;IN_ACCESS
2026-09-04T07:39:08.915291Z;/home/runner/work/gson/gson/gson/src/main/java/com/google/gson/annotations;SerializedName.java;IN_ACCESS
2026-09-04T07:39:08.932885Z;/home/runner/work/gson/gson/gson/src/main/java/com/google/gson/annotations;Until.java;IN_ACCESS
2026-09-04T07:39:08.949055Z;/home/runner/work/gson/gson/gson/src/main/java/com/google/gson/annotations;package-info.java;IN_ACCESS
2026-09-04T07:39:08.953393Z;/home/runner/work/gson/gson/gson/src/main/java/com/google/gson;FormattingStyle.java;IN_ACCESS
2026-09-04T07:39:08.987831Z;/home/runner/work/gson/gson/gson/src/main/java/com/google/gson;InstanceCreator.java;IN_ACCESS
2026-09-04T07:39:08.996749Z;/home/runner/work/gson/gson/gson/src/main/java/com/google/gson;ExclusionStrategy.java;IN_ACCESS
2026-09-04T07:39:09.004660Z;/home/runner/work/gson/gson/gson/src/main/java/com/google/gson;JsonParser.java;IN_ACCESS
2026-09-04T07:39:09.042695Z;/home/runner/work/gson/gson/gson/src/main/java/com/google/gson;TypeAdapter.java;IN_ACCESS
2026-09-04T07:39:09.096871Z;/home/runner/work/gson/gson/gson/src/main/java/com/google/gson/internal/bind;TypeAdapterRuntimeTypeWrapper.java;IN_ACCESS
2026-09-04T07:39:09.125695Z;/home/runner/work/gson/gson/gson/src/main/java/com/google/gson/internal/bind;ReflectiveTypeAdapterFactory.java;IN_ACCESS
2026-09-04T07:39:09.283192Z;/home/runner/work/gson/gson/gson/src/main/java/com/google/gson/internal/bind;JsonTreeWriter.java;IN_ACCESS
2026-09-04T07:39:09.328130Z;/home/runner/work/gson/gson/gson/src/main/java/com/google/gson/internal/bind;JavaTimeTypeAdapters.java;IN_ACCESS
2026-09-04T07:39:09.414588Z;/home/runner/work/gson/gson/gson/src/main/java/com/google/gson/internal/bind;MapTypeAdapterFactory.java;IN_ACCESS
2026-09-04T07:39:09.434125Z;/home/runner/work/gson/gson/gson/src/main/java/com/google/gson/internal/bind;ObjectTypeAdapter.java;IN_ACCESS
2026-09-04T07:39:09.445932Z;/home/runner/work/gson/gson/gson/src/main/java/com/google/gson/internal/bind;IgnoreJRERequirement.java;IN_ACCESS
2026-09-04T07:39:09.449718Z;/home/runner/work/gson/gson/gson/src/main/java/com/google/gson/internal/bind/util;ISO8601Utils.java;IN_ACCESS
2026-09-04T07:39:09.500294Z;/home/runner/work/gson/gson/gson/src/main/java/com/google/gson/internal/bind;JsonElementTypeAdapter.java;IN_ACCESS
2026-09-04T07:39:09.511352Z;/home/runner/work/gson/gson/gson/src/main/java/com/google/gson/internal/bind;EnumTypeAdapter.java;IN_ACCESS
2026-09-04T07:39:09.522265Z;/home/runner/work/gson/gson/gson/src/main/java/com/google/gson/internal/bind;SerializationDelegatingTypeAdapter.java;IN_ACCESS
2026-09-04T07:39:09.525900Z;/home/runner/work/gson/gson/gson/src/main/java/com/google/gson/internal/bind;TreeTypeAdapter.java;IN_ACCESS
2026-09-04T07:39:09.564354Z;/home/runner/work/gson/gson/gson/src/main/java/com/google/gson/internal/bind;CollectionTypeAdapterFactory.java;IN_ACCESS
2026-09-04T07:39:09.584693Z;/home/runner/work/gson/gson/gson/src/main/java/com/google/gson/internal/bind;NumberTypeAdapter.java;IN_ACCESS
2026-09-04T07:39:09.596700Z;/home/runner/work/gson/gson/gson/src/main/java/com/google/gson/internal/bind;JsonAdapterAnnotationTypeAdapterFactory.java;IN_ACCESS
2026-09-04T07:39:09.632696Z;/home/runner/work/gson/gson/gson/src/main/java/com/google/gson/internal/bind;JsonTreeReader.java;IN_ACCESS
2026-09-04T07:39:09.693342Z;/home/runner/work/gson/gson/gson/src/main/java/com/google/gson/internal/bind;TypeAdapters.java;IN_ACCESS
2026-09-04T07:39:09.812117Z;/home/runner/work/gson/gson/gson/src/main/java/com/google/gson/internal/bind;ArrayTypeAdapter.java;IN_ACCESS
2026-09-04T07:39:09.830847Z;/home/runner/work/gson/gson/gson/src/main/java/com/google/gson/internal/bind;DefaultDateTypeAdapter.java;IN_ACCESS
2026-09-04T07:39:09.857176Z;/home/runner/work/gson/gson/gson/src/main/java/com/google/gson/internal;Primitives.java;IN_ACCESS
2026-09-04T07:39:09.874229Z;/home/runner/work/gson/gson/gson/src/main/java/com/google/gson/internal;GsonTypes.java;IN_ACCESS
2026-09-04T07:39:09.940490Z;/home/runner/work/gson/gson/gson/src/main/java/com/google/gson/internal;NumberLimits.java;IN_ACCESS
2026-09-04T07:39:09.946654Z;/home/runner/work/gson/gson/gson/src/main/java/com/google/gson/internal;NonNullElementWrapperList.java;IN_ACCESS
2026-09-04T07:39:09.952490Z;/home/runner/work/gson/gson/gson/src/main/java/com/google/gson/internal;LinkedTreeMap.java;IN_ACCESS
2026-09-04T07:39:10.017413Z;/home/runner/work/gson/gson/gson/src/main/java/com/google/gson/internal;Streams.java;IN_ACCESS
2026-09-04T07:39:10.025448Z;/home/runner/work/gson/gson/gson/src/main/java/com/google/gson/internal;ObjectConstructor.java;IN_ACCESS
2026-09-04T07:39:10.031806Z;/home/runner/work/gson/gson/gson/src/main/java/com/google/gson/internal/reflect;ReflectionHelper.java;IN_ACCESS
2026-09-04T07:39:10.063399Z;/home/runner/work/gson/gson/gson/src/main/java/com/google/gson/internal;ReflectionAccessFilterHelper.java;IN_ACCESS
2026-09-04T07:39:10.077416Z;/home/runner/work/gson/gson/gson/src/main/java/com/google/gson/internal;TroubleshootingGuide.java;IN_ACCESS
2026-09-04T07:39:10.080171Z;/home/runner/work/gson/gson/gson/src/main/java/com/google/gson/internal;LazilyParsedNumber.java;IN_ACCESS
2026-09-04T07:39:10.085701Z;/home/runner/work/gson/gson/gson/src/main/java/com/google/gson/internal;Excluder.java;IN_ACCESS
2026-09-04T07:39:10.108663Z;/home/runner/work/gson/gson/gson/src/main/java/com/google/gson/internal;JavaVersion.java;IN_ACCESS
2026-09-04T07:39:10.113966Z;/home/runner/work/gson/gson/gson/src/main/java/com/google/gson/internal;UnsafeAllocator.java;IN_ACCESS
2026-09-04T07:39:10.122669Z;/home/runner/work/gson/gson/gson/src/main/java/com/google/gson/internal;ConstructorConstructor.java;IN_ACCESS
2026-09-04T07:39:10.166336Z;/home/runner/work/gson/gson/gson/src/main/java/com/google/gson/internal;PreJava9DateFormatProvider.java;IN_ACCESS
2026-09-04T07:39:10.170470Z;/home/runner/work/gson/gson/gson/src/main/java/com/google/gson/internal/sql;SqlTimeTypeAdapter.java;IN_ACCESS
2026-09-04T07:39:10.175798Z;/home/runner/work/gson/gson/gson/src/main/java/com/google/gson/internal/sql;SqlTimestampTypeAdapter.java;IN_ACCESS
2026-09-04T07:39:10.179489Z;/home/runner/work/gson/gson/gson/src/main/java/com/google/gson/internal/sql;SqlDateTypeAdapter.java;IN_ACCESS
2026-09-04T07:39:10.185419Z;/home/runner/work/gson/gson/gson/src/main/java/com/google/gson/internal/sql;SqlTypesSupport.java;IN_ACCESS
2026-09-04T07:39:10.196823Z;/home/runner/work/gson/gson/gson/src/main/java/com/google/gson/internal;package-info.java;IN_ACCESS
2026-09-04T07:39:10.199171Z;/home/runner/work/gson/gson/gson/src/main/java/com/google/gson/internal;JsonReaderInternalAccess.java;IN_ACCESS
2026-09-04T07:39:10.201775Z;/home/runner/work/gson/gson/gson/src/main/java/com/google/gson;JsonParseException.java;IN_ACCESS
2026-09-04T07:39:10.219262Z;/home/runner/work/gson/gson/gson/src/main/java/com/google/gson;TypeAdapterFactory.java;IN_ACCESS
2026-09-04T07:39:10.239552Z;/home/runner/work/gson/gson/gson/src/main/java/com/google/gson;FieldAttributes.java;IN_ACCESS
2026-09-04T07:39:10.248191Z;/home/runner/work/gson/gson/gson/src/main/java/com/google/gson;JsonStreamParser.java;IN_ACCESS
2026-09-04T07:39:10.265831Z;/home/runner/work/gson/gson/gson/src/main/java/com/google/gson;GsonBuilder.java;IN_ACCESS
2026-09-04T07:39:10.382040Z;/home/runner/work/gson/gson/gson/src/main/java/com/google/gson;JsonArray.java;IN_ACCESS
2026-09-04T07:39:10.424755Z;/home/runner/work/gson/gson/gson/src/main/java/com/google/gson;ToNumberStrategy.java;IN_ACCESS
2026-09-04T07:39:10.435209Z;/home/runner/work/gson/gson/gson/src/main/java/com/google/gson;JsonObject.java;IN_ACCESS
2026-09-04T07:39:10.463335Z;/home/runner/work/gson/gson/gson/src/main/java/com/google/gson/reflect;TypeToken.java;IN_ACCESS
2026-09-04T07:39:10.527456Z;/home/runner/work/gson/gson/gson/src/main/java/com/google/gson/reflect;package-info.java;IN_ACCESS
2026-09-04T07:39:10.530185Z;/home/runner/work/gson/gson/gson/src/main/java/com/google/gson;JsonElement.java;IN_ACCESS
2026-09-04T07:39:10.574702Z;/home/runner/work/gson/gson/gson/src/main/java/com/google/gson;JsonSerializationContext.java;IN_ACCESS
2026-09-04T07:39:10.582335Z;/home/runner/work/gson/gson/gson/src/main/java/com/google/gson;ReflectionAccessFilter.java;IN_ACCESS
2026-09-04T07:39:10.606731Z;/home/runner/work/gson/gson/gson/src/main/java/com/google/gson;JsonSyntaxException.java;IN_ACCESS
2026-09-04T07:39:10.610492Z;/home/runner/work/gson/gson/gson/src/main/java/com/google/gson;Strictness.java;IN_ACCESS
2026-09-04T07:39:10.617623Z;/home/runner/work/gson/gson/gson/src/main/java/com/google/gson/stream;JsonScope.java;IN_ACCESS
2026-09-04T07:39:10.621891Z;/home/runner/work/gson/gson/gson/src/main/java/com/google/gson/stream;JsonToken.java;IN_ACCESS
2026-09-04T07:39:10.626203Z;/home/runner/work/gson/gson/gson/src/main/java/com/google/gson/stream;JsonReader.java;IN_ACCESS
2026-09-04T07:39:10.826551Z;/home/runner/work/gson/gson/gson/src/main/java/com/google/gson/stream;JsonWriter.java;IN_ACCESS
2026-09-04T07:39:10.904892Z;/home/runner/work/gson/gson/gson/src/main/java/com/google/gson/stream;MalformedJsonException.java;IN_ACCESS
2026-09-04T07:39:10.912477Z;/home/runner/work/gson/gson/gson/src/main/java/com/google/gson/stream;package-info.java;IN_ACCESS
2026-09-04T07:39:10.916887Z;/home/runner/work/gson/gson/gson/src/main/java/com/google/gson;package-info.java;IN_ACCESS
2026-09-04T07:39:10.917773Z;/home/runner/work/gson/gson/gson/src/main/java/com/google/gson;JsonIOException.java;IN_ACCESS
2026-09-04T07:39:10.921404Z;/home/runner/work/gson/gson/gson/src/main/java/com/google/gson;FieldNamingPolicy.java;IN_ACCESS
2026-09-04T07:39:10.946870Z;/home/runner/work/gson/gson/gson/src/main/java/com/google/gson;LongSerializationPolicy.java;IN_ACCESS
2026-09-04T07:39:10.953117Z;/home/runner/work/gson/gson/gson/src/main/java;module-info.java;IN_ACCESS
2026-09-04T07:39:10.957747Z;/home/runner/work/gson/gson/gson/src/test/java/com/google/gson;JsonObjectAsMapSuiteTest.java;IN_ACCESS
2026-09-04T07:39:10.965986Z;/home/runner/work/gson/gson/gson/src/test/java/com/google/gson;GenericArrayTypeTest.java;IN_ACCESS
2026-09-04T07:39:10.971332Z;/home/runner/work/gson/gson/gson/src/test/java/com/google/gson;DefaultInetAddressTypeAdapterTest.java;IN_ACCESS
2026-09-04T07:39:10.978096Z;/home/runner/work/gson/gson/gson/src/test/java/com/google/gson;GsonTest.java;IN_ACCESS
2026-09-04T07:39:11.051298Z;/home/runner/work/gson/gson/gson/src/test/java/com/google/gson;OverrideCoreTypeAdaptersTest.java;IN_ACCESS
2026-09-04T07:39:11.065669Z;/home/runner/work/gson/gson/gson/src/test/java/com/google/gson/functional;InterfaceTest.java;IN_ACCESS
2026-09-04T07:39:11.070695Z;/home/runner/work/gson/gson/gson/src/test/java/com/google/gson/functional;CircularReferenceTest.java;IN_ACCESS
2026-09-04T07:39:11.079941Z;/home/runner/work/gson/gson/gson/src/test/java/com/google/gson/functional;PrimitiveTest.java;IN_ACCESS
2026-09-04T07:39:11.204204Z;/home/runner/work/gson/gson/gson/src/test/java/com/google/gson/functional;RuntimeTypeAdapterFactoryFunctionalTest.java;IN_ACCESS
2026-09-04T07:39:11.219532Z;/home/runner/work/gson/gson/gson/src/test/java/com/google/gson/functional;InheritanceTest.java;IN_ACCESS
2026-09-04T07:39:11.256156Z;/home/runner/work/gson/gson/gson/src/test/java/com/google/gson/functional;PrimitiveCharacterTest.java;IN_ACCESS
2026-09-04T07:39:11.262264Z;/home/runner/work/gson/gson/gson/src/test/java/com/google/gson/functional;Java17RecordTest.java;IN_ACCESS
2026-09-04T07:39:11.326993Z;/home/runner/work/gson/gson/gson/src/test/java/com/google/gson/functional;MapAsArrayTypeAdapterTest.java;IN_ACCESS
2026-09-04T07:39:11.343901Z;/home/runner/work/gson/gson/gson/src/test/java/com/google/gson/functional;PrintFormattingTest.java;IN_ACCESS
2026-09-04T07:39:11.350867Z;/home/runner/work/gson/gson/gson/src/test/java/com/google/gson/functional;TypeAdapterPrecedenceTest.java;IN_ACCESS
2026-09-04T07:39:11.362381Z;/home/runner/work/gson/gson/gson/src/test/java/com/google/gson/functional;ExposeFieldsTest.java;IN_ACCESS
2026-09-04T07:39:11.373326Z;/home/runner/work/gson/gson/gson/src/test/java/com/google/gson/functional;CustomTypeAdaptersTest.java;IN_ACCESS
2026-09-04T07:39:11.432011Z;/home/runner/work/gson/gson/gson/src/test/java/com/google/gson/functional;JavaUtilConcurrentAtomicTest.java;IN_ACCESS
2026-09-04T07:39:11.441678Z;/home/runner/work/gson/gson/gson/src/test/java/com/google/gson/functional;MapTest.java;IN_ACCESS
2026-09-04T07:39:11.548697Z;/home/runner/work/gson/gson/gson/src/test/java/com/google/gson/functional;ExclusionStrategyFunctionalTest.java;IN_ACCESS
2026-09-04T07:39:11.578699Z;/home/runner/work/gson/gson/gson/src/test/java/com/google/gson/functional;InstanceCreatorTest.java;IN_ACCESS
2026-09-04T07:39:11.587621Z;/home/runner/work/gson/gson/gson/src/test/java/com/google/gson/functional;EnumWithObfuscatedTest.java;IN_ACCESS
2026-09-04T07:39:11.593096Z;/home/runner/work/gson/gson/gson/src/test/java/com/google/gson/functional;ObjectTest.java;IN_ACCESS
2026-09-04T07:39:11.683383Z;/home/runner/work/gson/gson/gson/src/test/java/com/google/gson/functional;DefaultTypeAdaptersTest.java;IN_ACCESS
2026-09-04T07:39:11.845921Z;/home/runner/work/gson/gson/gson/src/test/java/com/google/gson/functional;NamingPolicyTest.java;IN_ACCESS
2026-09-04T07:39:11.890047Z;/home/runner/work/gson/gson/gson/src/test/java/com/google/gson/functional;StringTest.java;IN_ACCESS
2026-09-04T07:39:11.902283Z;/home/runner/work/gson/gson/gson/src/test/java/com/google/gson/functional;SerializedNameTest.java;IN_ACCESS
2026-09-04T07:39:11.907703Z;/home/runner/work/gson/gson/gson/src/test/java/com/google/gson/functional;InternationalizationTest.java;IN_ACCESS
2026-09-04T07:39:11.914693Z;/home/runner/work/gson/gson/gson/src/test/java/com/google/gson/functional;EnumTest.java;IN_ACCESS
2026-09-04T07:39:11.957717Z;/home/runner/work/gson/gson/gson/src/test/java/com/google/gson/functional;TreeTypeAdaptersTest.java;IN_ACCESS
2026-09-04T07:39:11.969370Z;/home/runner/work/gson/gson/gson/src/test/java/com/google/gson/functional;TypeVariableTest.java;IN_ACCESS
2026-09-04T07:39:11.978703Z;/home/runner/work/gson/gson/gson/src/test/java/com/google/gson/functional;LeniencyTest.java;IN_ACCESS
2026-09-04T07:39:11.982430Z;/home/runner/work/gson/gson/gson/src/test/java/com/google/gson/functional;JsonParserTest.java;IN_ACCESS
2026-09-04T07:39:11.992312Z;/home/runner/work/gson/gson/gson/src/test/java/com/google/gson/functional;ReadersWritersTest.java;IN_ACCESS
2026-09-04T07:39:12.004831Z;/home/runner/work/gson/gson/gson/src/test/java/com/google/gson/functional;CustomDeserializerTest.java;IN_ACCESS
2026-09-04T07:39:12.017266Z;/home/runner/work/gson/gson/gson/src/test/java/com/google/gson/functional;StreamingTypeAdaptersTest.java;IN_ACCESS
2026-09-04T07:39:12.056435Z;/home/runner/work/gson/gson/gson/src/test/java/com/google/gson/functional;VersioningTest.java;IN_ACCESS
2026-09-04T07:39:12.069817Z;/home/runner/work/gson/gson/gson/src/test/java/com/google/gson/functional;ToNumberPolicyFunctionalTest.java;IN_ACCESS
2026-09-04T07:39:12.083347Z;/home/runner/work/gson/gson/gson/src/test/java/com/google/gson/functional;MoreSpecificTypeSerializationTest.java;IN_ACCESS
2026-09-04T07:39:12.124424Z;/home/runner/work/gson/gson/gson/src/test/java/com/google/gson/functional;FieldExclusionTest.java;IN_ACCESS
2026-09-04T07:39:12.130918Z;/home/runner/work/gson/gson/gson/src/test/java/com/google/gson/functional;PrettyPrintingTest.java;IN_ACCESS
2026-09-04T07:39:12.140667Z;/home/runner/work/gson/gson/gson/src/test/java/com/google/gson/functional;JavaUtilTest.java;IN_ACCESS
2026-09-04T07:39:12.145521Z;/home/runner/work/gson/gson/gson/src/test/java/com/google/gson/functional;JsonTreeTest.java;IN_ACCESS
2026-09-04T07:39:12.153393Z;/home/runner/work/gson/gson/gson/src/test/java/com/google/gson/functional;CollectionTest.java;IN_ACCESS
2026-09-04T07:39:12.184438Z;/home/runner/work/gson/gson/gson/src/test/java/com/google/gson/functional;NullObjectAndFieldTest.java;IN_ACCESS
2026-09-04T07:39:12.213962Z;/home/runner/work/gson/gson/gson/src/test/java/com/google/gson/functional;ReusedTypeVariablesFullyResolveTest.java;IN_ACCESS
2026-09-04T07:39:12.224006Z;/home/runner/work/gson/gson/gson/src/test/java/com/google/gson/functional;TypeAdapterRuntimeTypeWrapperTest.java;IN_ACCESS
2026-09-04T07:39:12.245927Z;/home/runner/work/gson/gson/gson/src/test/java/com/google/gson/functional;ArrayTest.java;IN_ACCESS
2026-09-04T07:39:12.264917Z;/home/runner/work/gson/gson/gson/src/test/java/com/google/gson/functional;ReflectionAccessFilterTest.java;IN_ACCESS
2026-09-04T07:39:12.313831Z;/home/runner/work/gson/gson/gson/src/test/java/com/google/gson/functional;JsonAdapterSerializerDeserializerTest.java;IN_ACCESS
2026-09-04T07:39:12.340799Z;/home/runner/work/gson/gson/gson/src/test/java/com/google/gson/functional;RawSerializationTest.java;IN_ACCESS
2026-09-04T07:39:12.347640Z;/home/runner/work/gson/gson/gson/src/test/java/com/google/gson/functional;FormattingStyleTest.java;IN_ACCESS
2026-09-04T07:39:12.371951Z;/home/runner/work/gson/gson/gson/src/test/java/com/google/gson/functional;JsonAdapterAnnotationOnClassesTest.java;IN_ACCESS
2026-09-04T07:39:12.451286Z;/home/runner/work/gson/gson/gson/src/test/java/com/google/gson/functional;FieldNamingTest.java;IN_ACCESS
2026-09-04T07:39:12.456402Z;/home/runner/work/gson/gson/gson/src/test/java/com/google/gson/functional;EscapingTest.java;IN_ACCESS
2026-09-04T07:39:12.469271Z;/home/runner/work/gson/gson/gson/src/test/java/com/google/gson/functional;TypeHierarchyAdapterTest.java;IN_ACCESS
2026-09-04T07:39:12.492690Z;/home/runner/work/gson/gson/gson/src/test/java/com/google/gson/functional;UncategorizedTest.java;IN_ACCESS
2026-09-04T07:39:12.500897Z;/home/runner/work/gson/gson/gson/src/test/java/com/google/gson/functional;ConcurrencyTest.java;IN_ACCESS
2026-09-04T07:39:12.509444Z;/home/runner/work/gson/gson/gson/src/test/java/com/google/gson/functional;JsonAdapterAnnotationOnFieldsTest.java;IN_ACCESS
2026-09-04T07:39:12.586224Z;/home/runner/work/gson/gson/gson/src/test/java/com/google/gson/functional;GsonVersionDiagnosticsTest.java;IN_ACCESS
2026-09-04T07:39:12.592613Z;/home/runner/work/gson/gson/gson/src/test/java/com/google/gson/functional;SecurityTest.java;IN_ACCESS
2026-09-04T07:39:12.597885Z;/home/runner/work/gson/gson/gson/src/test/java/com/google/gson/functional;DelegateTypeAdapterTest.java;IN_ACCESS
2026-09-04T07:39:12.603554Z;/home/runner/work/gson/gson/gson/src/test/java/com/google/gson/functional;NumberLimitsTest.java;IN_ACCESS
2026-09-04T07:39:12.632470Z;/home/runner/work/gson/gson/gson/src/test/java/com/google/gson/functional;ReflectionAccessTest.java;IN_ACCESS
2026-09-04T07:39:12.651620Z;/home/runner/work/gson/gson/gson/src/test/java/com/google/gson/functional;ParameterizedTypesTest.java;IN_ACCESS
2026-09-04T07:39:12.709643Z;/home/runner/work/gson/gson/gson/src/test/java/com/google/gson/functional;CustomSerializerTest.java;IN_ACCESS
2026-09-04T07:39:12.723594Z;/home/runner/work/gson/gson/gson/src/test/java/com/google/gson;VersionExclusionStrategyTest.java;IN_ACCESS
2026-09-04T07:39:12.730632Z;/home/runner/work/gson/gson/gson/src/test/java/com/google/gson;JsonStreamParserTest.java;IN_ACCESS
2026-09-04T07:39:12.736703Z;/home/runner/work/gson/gson/gson/src/test/java/com/google/gson;JavaSerializationTest.java;IN_ACCESS
2026-09-04T07:39:12.742215Z;/home/runner/work/gson/gson/gson/src/test/java/com/google/gson;JsonArrayAsListSuiteTest.java;IN_ACCESS
2026-09-04T07:39:12.752673Z;/home/runner/work/gson/gson/gson/src/test/java/com/google/gson;JsonObjectTest.java;IN_ACCESS
2026-09-04T07:39:12.792982Z;/home/runner/work/gson/gson/gson/src/test/java/com/google/gson;JsonArrayAsListTest.java;IN_ACCESS
2026-09-04T07:39:12.814005Z;/home/runner/work/gson/gson/gson/src/test/java/com/google/gson/internal/bind;JsonElementReaderTest.java;IN_ACCESS
2026-09-04T07:39:12.832131Z;/home/runner/work/gson/gson/gson/src/test/java/com/google/gson/internal/bind;Java17ReflectiveTypeAdapterFactoryTest.java;IN_ACCESS
2026-09-04T07:39:12.836932Z;/home/runner/work/gson/gson/gson/src/test/java/com/google/gson/internal/bind;DefaultDateTypeAdapterTest.java;IN_ACCESS
2026-09-04T07:39:12.863154Z;/home/runner/work/gson/gson/gson/src/test/java/com/google/gson/internal/bind;JsonTreeReaderTest.java;IN_ACCESS
2026-09-04T07:39:12.900338Z;/home/runner/work/gson/gson/gson/src/test/java/com/google/gson/internal/bind/util;ISO8601UtilsTest.java;IN_ACCESS
2026-09-04T07:39:12.908067Z;/home/runner/work/gson/gson/gson/src/test/java/com/google/gson/internal/bind;RecursiveTypesResolveTest.java;IN_ACCESS
2026-09-04T07:39:12.919762Z;/home/runner/work/gson/gson/gson/src/test/java/com/google/gson/internal/bind;JsonTreeWriterTest.java;IN_ACCESS
2026-09-04T07:39:12.957705Z;/home/runner/work/gson/gson/gson/src/test/java/com/google/gson/internal;JavaVersionTest.java;IN_ACCESS
2026-09-04T07:39:12.967825Z;/home/runner/work/gson/gson/gson/src/test/java/com/google/gson/internal;LinkedTreeMapTest.java;IN_ACCESS
2026-09-04T07:39:12.983499Z;/home/runner/work/gson/gson/gson/src/test/java/com/google/gson/internal;StreamsTest.java;IN_ACCESS
2026-09-04T07:39:12.989520Z;/home/runner/work/gson/gson/gson/src/test/java/com/google/gson/internal;UnsafeAllocatorInstantiationTest.java;IN_ACCESS
2026-09-04T07:39:12.993443Z;/home/runner/work/gson/gson/gson/src/test/java/com/google/gson/internal;LinkedTreeMapSuiteTest.java;IN_ACCESS
2026-09-04T07:39:12.998708Z;/home/runner/work/gson/gson/gson/src/test/java/com/google/gson/internal;ConstructorConstructorTest.java;IN_ACCESS
2026-09-04T07:39:13.023459Z;/home/runner/work/gson/gson/gson/src/test/java/com/google/gson/internal/reflect;Java17ReflectionHelperTest.java;IN_ACCESS
2026-09-04T07:39:13.028908Z;/home/runner/work/gson/gson/gson/src/test/java/com/google/gson/internal;GsonBuildConfigTest.java;IN_ACCESS
2026-09-04T07:39:13.031110Z;/home/runner/work/gson/gson/gson/src/test/java/com/google/gson/internal;LazilyParsedNumberTest.java;IN_ACCESS
2026-09-04T07:39:13.035538Z;/home/runner/work/gson/gson/gson/src/test/java/com/google/gson/internal/sql;SqlTypesGsonTest.java;IN_ACCESS
2026-09-04T07:39:13.042037Z;/home/runner/work/gson/gson/gson/src/test/java/com/google/gson/internal/sql;SqlTypesSupportTest.java;IN_ACCESS
2026-09-04T07:39:13.044594Z;/home/runner/work/gson/gson/gson/src/test/java/com/google/gson/internal;GsonTypesTest.java;IN_ACCESS
2026-09-04T07:39:13.062139Z;/home/runner/work/gson/gson/gson/src/test/java/com/google/gson;ToNumberPolicyTest.java;IN_ACCESS
2026-09-04T07:39:13.081140Z;/home/runner/work/gson/gson/gson/src/test/java/com/google/gson;JsonObjectAsMapTest.java;IN_ACCESS
2026-09-04T07:39:13.095907Z;/home/runner/work/gson/gson/gson/src/test/java/com/google/gson;FieldNamingPolicyTest.java;IN_ACCESS
2026-09-04T07:39:13.102689Z;/home/runner/work/gson/gson/gson/src/test/java/com/google/gson;TypeAdapterTest.java;IN_ACCESS
2026-09-04T07:39:13.108134Z;/home/runner/work/gson/gson/gson/src/test/java/com/google/gson;ObjectTypeAdapterParameterizedTest.java;IN_ACCESS
2026-09-04T07:39:13.114517Z;/home/runner/work/gson/gson/gson/src/test/java/com/google/gson;GsonBuilderTest.java;IN_ACCESS
2026-09-04T07:39:13.150807Z;/home/runner/work/gson/gson/gson/src/test/java/com/google/gson/integration;OSGiManifestIT.java;IN_ACCESS
2026-09-04T07:39:13.173075Z;/home/runner/work/gson/gson/gson/src/test/java/com/google/gson;DefaultMapJsonSerializerTest.java;IN_ACCESS
2026-09-04T07:39:13.176956Z;/home/runner/work/gson/gson/gson/src/test/java/com/google/gson;JsonParserTest.java;IN_ACCESS
2026-09-04T07:39:13.187298Z;/home/runner/work/gson/gson/gson/src/test/java/com/google/gson;PrimitiveTypeAdapter.java;IN_ACCESS
2026-09-04T07:39:13.190899Z;/home/runner/work/gson/gson/gson/src/test/java/com/google/gson;JsonNullTest.java;IN_ACCESS
2026-09-04T07:39:13.193780Z;/home/runner/work/gson/gson/gson/src/test/java/com/google/gson;ExposeAnnotationExclusionStrategyTest.java;IN_ACCESS
2026-09-04T07:39:13.198736Z;/home/runner/work/gson/gson/gson/src/test/java/com/google/gson;FieldAttributesTest.java;IN_ACCESS
2026-09-04T07:39:13.202770Z;/home/runner/work/gson/gson/gson/src/test/java/com/google/gson/metrics;PerformanceTest.java;IN_ACCESS
2026-09-04T07:39:13.238873Z;/home/runner/work/gson/gson/gson/src/test/java/com/google/gson/reflect;TypeTokenTest.java;IN_ACCESS
2026-09-04T07:39:13.283581Z;/home/runner/work/gson/gson/gson/src/test/java/com/google/gson;ObjectTypeAdapterTest.java;IN_ACCESS
2026-09-04T07:39:13.291010Z;/home/runner/work/gson/gson/gson/src/test/java/com/google/gson;JsonArrayTest.java;IN_ACCESS
2026-09-04T07:39:13.324415Z;/home/runner/work/gson/gson/gson/src/test/java/com/google/gson;GsonTypeAdapterTest.java;IN_ACCESS
2026-09-04T07:39:13.344315Z;/home/runner/work/gson/gson/gson/src/test/java/com/google/gson;CommentsTest.java;IN_ACCESS
2026-09-04T07:39:13.347090Z;/home/runner/work/gson/gson/gson/src/test/java/com/google/gson;SubsetTest.java;IN_ACCESS
2026-09-04T07:39:13.350004Z;/home/runner/work/gson/gson/gson/src/test/java/com/google/gson;ParameterizedTypeTest.java;IN_ACCESS
2026-09-04T07:39:13.353384Z;/home/runner/work/gson/gson/gson/src/test/java/com/google/gson;MixedStreamTest.java;IN_ACCESS
2026-09-04T07:39:13.378677Z;/home/runner/work/gson/gson/gson/src/test/java/com/google/gson/stream;JsonReaderTest.java;IN_ACCESS
2026-09-04T07:39:13.638097Z;/home/runner/work/gson/gson/gson/src/test/java/com/google/gson/stream;JsonWriterTest.java;IN_ACCESS
2026-09-04T07:39:13.678251Z;/home/runner/work/gson/gson/gson/src/test/java/com/google/gson/stream;JsonReaderPathTest.java;IN_ACCESS
2026-09-04T07:39:13.701049Z;/home/runner/work/gson/gson/gson/src/test/java/com/google/gson;InnerClassExclusionStrategyTest.java;IN_ACCESS
2026-09-04T07:39:13.705487Z;/home/runner/work/gson/gson/gson/src/test/java/com/google/gson;JsonParserParameterizedTest.java;IN_ACCESS
2026-09-04T07:39:13.711869Z;/home/runner/work/gson/gson/gson/src/test/java/com/google/gson;JsonPrimitiveTest.java;IN_ACCESS
2026-09-04T07:39:13.750438Z;/home/runner/work/gson/gson/gson/src/test/java/com/google/gson/common;TestTypes.java;IN_ACCESS
2026-09-04T07:39:13.793690Z;/home/runner/work/gson/gson/gson/src/test/java/com/google/gson/common;MoreAsserts.java;IN_ACCESS
2026-09-04T07:39:13.799475Z;/home/runner/work/gson/gson/gson/src/test/java/com/google/gson;ParameterizedTypeFixtures.java;IN_ACCESS
2026-09-04T07:39:13.807542Z;/home/runner/work/gson/gson/gson/src/test/java/com/google/gson;LongSerializationPolicyTest.java;IN_ACCESS
2026-09-04T07:39:13.813114Z;/home/runner/work/gson/gson/gson/target;spotless-index;IN_CREATE
2026-09-04T07:39:13.850357Z;/home/runner/work/gson/gson/extras;target;IN_ACCESS,IN_ISDIR
2026-09-04T07:39:13.850883Z;/home/runner/work/gson/gson/extras/target;;IN_ACCESS,IN_ISDIR
2026-09-04T07:39:13.851339Z;/home/runner/work/gson/gson/extras;target;IN_ACCESS,IN_ISDIR
2026-09-04T07:39:13.851748Z;/home/runner/work/gson/gson/extras/target;;IN_ACCESS,IN_ISDIR
2026-09-04T07:39:13.852241Z;/home/runner/work/gson/gson/extras/target;gson-extras-2.14.1-SNAPSHOT.jar;IN_DELETE
2026-09-04T07:39:13.852694Z;/home/runner/work/gson/gson/extras/target;maven-status;IN_ACCESS,IN_ISDIR
2026-09-04T07:39:13.853198Z;/home/runner/work/gson/gson/extras/target/maven-status;;IN_ACCESS,IN_ISDIR
2026-09-04T07:39:13.854293Z;/home/runner/work/gson/gson/extras/target;maven-status;IN_ACCESS,IN_ISDIR
2026-09-04T07:39:13.854649Z;/home/runner/work/gson/gson/extras/target/maven-status;;IN_ACCESS,IN_ISDIR
2026-09-04T07:39:13.854942Z;/home/runner/work/gson/gson/extras/target/maven-status;maven-compiler-plugin;IN_ACCESS,IN_ISDIR
2026-09-04T07:39:13.855218Z;/home/runner/work/gson/gson/extras/target/maven-status/maven-compiler-plugin;;IN_ACCESS,IN_ISDIR
2026-09-04T07:39:13.855514Z;/home/runner/work/gson/gson/extras/target/maven-status;maven-compiler-plugin;IN_ACCESS,IN_ISDIR
2026-09-04T07:39:13.855923Z;/home/runner/work/gson/gson/extras/target/maven-status/maven-compiler-plugin;;IN_ACCESS,IN_ISDIR
2026-09-04T07:39:13.856221Z;/home/runner/work/gson/gson/extras/target/maven-status/maven-compiler-plugin;compile;IN_ACCESS,IN_ISDIR
2026-09-04T07:39:13.856502Z;/home/runner/work/gson/gson/extras/target/maven-status/maven-compiler-plugin/compile;;IN_ACCESS,IN_ISDIR
2026-09-04T07:39:13.856782Z;/home/runner/work/gson/gson/extras/target/maven-status/maven-compiler-plugin;compile;IN_ACCESS,IN_ISDIR
2026-09-04T07:39:13.857076Z;/home/runner/work/gson/gson/extras/target/maven-status/maven-compiler-plugin/compile;;IN_ACCESS,IN_ISDIR
2026-09-04T07:39:13.857508Z;/home/runner/work/gson/gson/extras/target/maven-status/maven-compiler-plugin/compile;default-compile;IN_ACCESS,IN_ISDIR
2026-09-04T07:39:13.857827Z;/home/runner/work/gson/gson/extras/target/maven-status/maven-compiler-plugin/compile/default-compile;;IN_ACCESS,IN_ISDIR
2026-09-04T07:39:13.858146Z;/home/runner/work/gson/gson/extras/target/maven-status/maven-compiler-plugin/compile;default-compile;IN_ACCESS,IN_ISDIR
2026-09-04T07:39:13.858497Z;/home/runner/work/gson/gson/extras/target/maven-status/maven-compiler-plugin/compile/default-compile;;IN_ACCESS,IN_ISDIR
2026-09-04T07:39:13.858854Z;/home/runner/work/gson/gson/extras/target/maven-status/maven-compiler-plugin/compile/default-compile;createdFiles.lst;IN_DELETE
2026-09-04T07:39:13.859242Z;/home/runner/work/gson/gson/extras/target/maven-status/maven-compiler-plugin/compile/default-compile;inputFiles.lst;IN_DELETE
2026-09-04T07:39:13.859843Z;/home/runner/work/gson/gson/extras/target/maven-status/maven-compiler-plugin/compile/default-compile;;IN_IGNORED
2026-09-04T07:39:13.860121Z;/home/runner/work/gson/gson/extras/target/maven-status/maven-compiler-plugin/compile;default-compile;IN_DELETE,IN_ISDIR
2026-09-04T07:39:13.860382Z;/home/runner/work/gson/gson/extras/target/maven-status/maven-compiler-plugin/compile;;IN_IGNORED
2026-09-04T07:39:13.860703Z;/home/runner/work/gson/gson/extras/target/maven-status/maven-compiler-plugin;compile;IN_DELETE,IN_ISDIR
2026-09-04T07:39:13.861050Z;/home/runner/work/gson/gson/extras/target/maven-status/maven-compiler-plugin;;IN_IGNORED
2026-09-04T07:39:13.861414Z;/home/runner/work/gson/gson/extras/target/maven-status;maven-compiler-plugin;IN_DELETE,IN_ISDIR
2026-09-04T07:39:13.861928Z;/home/runner/work/gson/gson/extras/target/maven-status;;IN_IGNORED
2026-09-04T07:39:13.862258Z;/home/runner/work/gson/gson/extras/target;maven-status;IN_DELETE,IN_ISDIR
2026-09-04T07:39:13.862646Z;/home/runner/work/gson/gson/extras/target;classes;IN_ACCESS,IN_ISDIR
2026-09-04T07:39:13.863548Z;/home/runner/work/gson/gson/extras/target/classes;;IN_ACCESS,IN_ISDIR
2026-09-04T07:39:13.863942Z;/home/runner/work/gson/gson/extras/target;classes;IN_ACCESS,IN_ISDIR
2026-09-04T07:39:13.864298Z;/home/runner/work/gson/gson/extras/target/classes;;IN_ACCESS,IN_ISDIR
2026-09-04T07:39:13.864650Z;/home/runner/work/gson/gson/extras/target/classes;com;IN_ACCESS,IN_ISDIR
2026-09-04T07:39:13.865016Z;/home/runner/work/gson/gson/extras/target/classes/com;;IN_ACCESS,IN_ISDIR
2026-09-04T07:39:13.865380Z;/home/runner/work/gson/gson/extras/target/classes;com;IN_ACCESS,IN_ISDIR
2026-09-04T07:39:13.865761Z;/home/runner/work/gson/gson/extras/target/classes/com;;IN_ACCESS,IN_ISDIR
2026-09-04T07:39:13.866116Z;/home/runner/work/gson/gson/extras/target/classes/com;google;IN_ACCESS,IN_ISDIR
2026-09-04T07:39:13.866804Z;/home/runner/work/gson/gson/extras/target/classes/com/google;;IN_ACCESS,IN_ISDIR
2026-09-04T07:39:13.867149Z;/home/runner/work/gson/gson/extras/target/classes/com;google;IN_ACCESS,IN_ISDIR
2026-09-04T07:39:13.867520Z;/home/runner/work/gson/gson/extras/target/classes/com/google;;IN_ACCESS,IN_ISDIR
2026-09-04T07:39:13.867862Z;/home/runner/work/gson/gson/extras/target/classes/com/google;gson;IN_ACCESS,IN_ISDIR
2026-09-04T07:39:13.868187Z;/home/runner/work/gson/gson/extras/target/classes/com/google/gson;;IN_ACCESS,IN_ISDIR
2026-09-04T07:39:13.869633Z;/home/runner/work/gson/gson/extras/target/classes/com/google;gson;IN_ACCESS,IN_ISDIR
2026-09-04T07:39:13.870051Z;/home/runner/work/gson/gson/extras/target/classes/com/google/gson;;IN_ACCESS,IN_ISDIR
2026-09-04T07:39:13.870440Z;/home/runner/work/gson/gson/extras/target/classes/com/google/gson;interceptors;IN_ACCESS,IN_ISDIR
2026-09-04T07:39:13.870785Z;/home/runner/work/gson/gson/extras/target/classes/com/google/gson/interceptors;;IN_ACCESS,IN_ISDIR
2026-09-04T07:39:13.871117Z;/home/runner/work/gson/gson/extras/target/classes/com/google/gson;interceptors;IN_ACCESS,IN_ISDIR
2026-09-04T07:39:13.871439Z;/home/runner/work/gson/gson/extras/target/classes/com/google/gson/interceptors;;IN_ACCESS,IN_ISDIR
2026-09-04T07:39:13.871857Z;/home/runner/work/gson/gson/extras/target/classes/com/google/gson/interceptors;JsonPostDeserializer.class;IN_DELETE
2026-09-04T07:39:13.872254Z;/home/runner/work/gson/gson/extras/target/classes/com/google/gson/interceptors;InterceptorFactory$InterceptorAdapter.class;IN_DELETE
2026-09-04T07:39:13.872610Z;/home/runner/work/gson/gson/extras/target/classes/com/google/gson/interceptors;InterceptorFactory.class;IN_DELETE
2026-09-04T07:39:13.872914Z;/home/runner/work/gson/gson/extras/target/classes/com/google/gson/interceptors;Intercept.class;IN_DELETE
2026-09-04T07:39:13.873215Z;/home/runner/work/gson/gson/extras/target/classes/com/google/gson/interceptors;;IN_IGNORED
2026-09-04T07:39:13.873502Z;/home/runner/work/gson/gson/extras/target/classes/com/google/gson;interceptors;IN_DELETE,IN_ISDIR
2026-09-04T07:39:13.873809Z;/home/runner/work/gson/gson/extras/target/classes/com/google/gson;extras;IN_ACCESS,IN_ISDIR
2026-09-04T07:39:13.874113Z;/home/runner/work/gson/gson/extras/target/classes/com/google/gson/extras;;IN_ACCESS,IN_ISDIR
2026-09-04T07:39:13.874420Z;/home/runner/work/gson/gson/extras/target/classes/com/google/gson;extras;IN_ACCESS,IN_ISDIR
2026-09-04T07:39:13.874753Z;/home/runner/work/gson/gson/extras/target/classes/com/google/gson/extras;;IN_ACCESS,IN_ISDIR
2026-09-04T07:39:13.875073Z;/home/runner/work/gson/gson/extras/target/classes/com/google/gson/extras;examples;IN_ACCESS,IN_ISDIR
2026-09-04T07:39:13.875878Z;/home/runner/work/gson/gson/extras/target/classes/com/google/gson/extras/examples;;IN_ACCESS,IN_ISDIR
2026-09-04T07:39:13.876173Z;/home/runner/work/gson/gson/extras/target/classes/com/google/gson/extras;examples;IN_ACCESS,IN_ISDIR
2026-09-04T07:39:13.876633Z;/home/runner/work/gson/gson/extras/target/classes/com/google/gson/extras/examples;;IN_ACCESS,IN_ISDIR
2026-09-04T07:39:13.876984Z;/home/runner/work/gson/gson/extras/target/classes/com/google/gson/extras/examples;rawcollections;IN_ACCESS,IN_ISDIR
2026-09-04T07:39:13.877574Z;/home/runner/work/gson/gson/extras/target/classes/com/google/gson/extras/examples/rawcollections;;IN_ACCESS,IN_ISDIR
2026-09-04T07:39:13.877916Z;/home/runner/work/gson/gson/extras/target/classes/com/google/gson/extras/examples;rawcollections;IN_ACCESS,IN_ISDIR
2026-09-04T07:39:13.878243Z;/home/runner/work/gson/gson/extras/target/classes/com/google/gson/extras/examples/rawcollections;;IN_ACCESS,IN_ISDIR
2026-09-04T07:39:13.878556Z;/home/runner/work/gson/gson/extras/target/classes/com/google/gson/extras/examples/rawcollections;RawCollectionsExample$1.class;IN_DELETE
2026-09-04T07:39:13.878869Z;/home/runner/work/gson/gson/extras/target/classes/com/google/gson/extras/examples/rawcollections;RawCollectionsExample.class;IN_DELETE
2026-09-04T07:39:13.879180Z;/home/runner/work/gson/gson/extras/target/classes/com/google/gson/extras/examples/rawcollections;RawCollectionsExample$Event.class;IN_DELETE
2026-09-04T07:39:13.879491Z;/home/runner/work/gson/gson/extras/target/classes/com/google/gson/extras/examples/rawcollections;;IN_IGNORED
2026-09-04T07:39:13.881640Z;/home/runner/work/gson/gson/extras/target/classes/com/google/gson/extras/examples;rawcollections;IN_DELETE,IN_ISDIR
2026-09-04T07:39:13.882003Z;/home/runner/work/gson/gson/extras/target/classes/com/google/gson/extras/examples;;IN_IGNORED
2026-09-04T07:39:13.882617Z;/home/runner/work/gson/gson/extras/target/classes/com/google/gson/extras;examples;IN_DELETE,IN_ISDIR
2026-09-04T07:39:13.882948Z;/home/runner/work/gson/gson/extras/target/classes/com/google/gson/extras;;IN_IGNORED
2026-09-04T07:39:13.883308Z;/home/runner/work/gson/gson/extras/target/classes/com/google/gson;extras;IN_DELETE,IN_ISDIR
2026-09-04T07:39:13.883625Z;/home/runner/work/gson/gson/extras/target/classes/com/google/gson;typeadapters;IN_ACCESS,IN_ISDIR
2026-09-04T07:39:13.883930Z;/home/runner/work/gson/gson/extras/target/classes/com/google/gson/typeadapters;;IN_ACCESS,IN_ISDIR
2026-09-04T07:39:13.884382Z;/home/runner/work/gson/gson/extras/target/classes/com/google/gson;typeadapters;IN_ACCESS,IN_ISDIR
2026-09-04T07:39:13.884884Z;/home/runner/work/gson/gson/extras/target/classes/com/google/gson/typeadapters;;IN_ACCESS,IN_ISDIR
2026-09-04T07:39:13.885234Z;/home/runner/work/gson/gson/extras/target/classes/com/google/gson/typeadapters;UtcDateTypeAdapter.class;IN_DELETE
2026-09-04T07:39:13.885576Z;/home/runner/work/gson/gson/extras/target/classes/com/google/gson/typeadapters;RuntimeTypeAdapterFactory.class;IN_DELETE
2026-09-04T07:39:13.885930Z;/home/runner/work/gson/gson/extras/target/classes/com/google/gson/typeadapters;PostConstructAdapterFactory.class;IN_DELETE
2026-09-04T07:39:13.886247Z;/home/runner/work/gson/gson/extras/target/classes/com/google/gson/typeadapters;RuntimeTypeAdapterFactory$1.class;IN_DELETE
2026-09-04T07:39:13.886565Z;/home/runner/work/gson/gson/extras/target/classes/com/google/gson/typeadapters;PostConstructAdapterFactory$PostConstructAdapter.class;IN_DELETE
2026-09-04T07:39:13.886881Z;/home/runner/work/gson/gson/extras/target/classes/com/google/gson/typeadapters;;IN_IGNORED
2026-09-04T07:39:13.887206Z;/home/runner/work/gson/gson/extras/target/classes/com/google/gson;typeadapters;IN_DELETE,IN_ISDIR
2026-09-04T07:39:13.887521Z;/home/runner/work/gson/gson/extras/target/classes/com/google/gson;;IN_IGNORED
2026-09-04T07:39:13.887858Z;/home/runner/work/gson/gson/extras/target/classes/com/google;gson;IN_DELETE,IN_ISDIR
2026-09-04T07:39:13.888567Z;/home/runner/work/gson/gson/extras/target/classes/com/google;;IN_IGNORED
2026-09-04T07:39:13.888898Z;/home/runner/work/gson/gson/extras/target/classes/com;google;IN_DELETE,IN_ISDIR
2026-09-04T07:39:13.889202Z;/home/runner/work/gson/gson/extras/target/classes/com;;IN_IGNORED
2026-09-04T07:39:13.889534Z;/home/runner/work/gson/gson/extras/target/classes;com;IN_DELETE,IN_ISDIR
2026-09-04T07:39:13.889883Z;/home/runner/work/gson/gson/extras/target/classes;;IN_IGNORED
2026-09-04T07:39:13.890240Z;/home/runner/work/gson/gson/extras/target;classes;IN_DELETE,IN_ISDIR
2026-09-04T07:39:13.890560Z;/home/runner/work/gson/gson/extras/target;spotless-index;IN_DELETE
2026-09-04T07:39:13.890896Z;/home/runner/work/gson/gson/extras/target;generated-sources;IN_ACCESS,IN_ISDIR
2026-09-04T07:39:13.891209Z;/home/runner/work/gson/gson/extras/target/generated-sources;;IN_ACCESS,IN_ISDIR
2026-09-04T07:39:13.891711Z;/home/runner/work/gson/gson/extras/target;generated-sources;IN_ACCESS,IN_ISDIR
2026-09-04T07:39:13.892039Z;/home/runner/work/gson/gson/extras/target/generated-sources;;IN_ACCESS,IN_ISDIR
2026-09-04T07:39:13.892355Z;/home/runner/work/gson/gson/extras/target/generated-sources;annotations;IN_ACCESS,IN_ISDIR
2026-09-04T07:39:13.892675Z;/home/runner/work/gson/gson/extras/target/generated-sources/annotations;;IN_ACCESS,IN_ISDIR
2026-09-04T07:39:13.892987Z;/home/runner/work/gson/gson/extras/target/generated-sources;annotations;IN_ACCESS,IN_ISDIR
2026-09-04T07:39:13.893293Z;/home/runner/work/gson/gson/extras/target/generated-sources/annotations;;IN_ACCESS,IN_ISDIR
2026-09-04T07:39:13.893625Z;/home/runner/work/gson/gson/extras/target/generated-sources/annotations;;IN_IGNORED
2026-09-04T07:39:13.893937Z;/home/runner/work/gson/gson/extras/target/generated-sources;annotations;IN_DELETE,IN_ISDIR
2026-09-04T07:39:13.894241Z;/home/runner/work/gson/gson/extras/target/generated-sources;;IN_IGNORED
2026-09-04T07:39:13.894600Z;/home/runner/work/gson/gson/extras/target;generated-sources;IN_DELETE,IN_ISDIR
2026-09-04T07:39:13.894900Z;/home/runner/work/gson/gson/extras/target;maven-archiver;IN_ACCESS,IN_ISDIR
2026-09-04T07:39:13.895197Z;/home/runner/work/gson/gson/extras/target/maven-archiver;;IN_ACCESS,IN_ISDIR
2026-09-04T07:39:13.895471Z;/home/runner/work/gson/gson/extras/target;maven-archiver;IN_ACCESS,IN_ISDIR
2026-09-04T07:39:13.895749Z;/home/runner/work/gson/gson/extras/target/maven-archiver;;IN_ACCESS,IN_ISDIR
2026-09-04T07:39:13.896016Z;/home/runner/work/gson/gson/extras/target/maven-archiver;pom.properties;IN_DELETE
2026-09-04T07:39:13.896282Z;/home/runner/work/gson/gson/extras/target/maven-archiver;;IN_IGNORED
2026-09-04T07:39:13.896559Z;/home/runner/work/gson/gson/extras/target;maven-archiver;IN_DELETE,IN_ISDIR
2026-09-04T07:39:13.896961Z;/home/runner/work/gson/gson/extras/target;;IN_IGNORED
2026-09-04T07:39:13.897306Z;/home/runner/work/gson/gson/extras;target;IN_DELETE,IN_ISDIR
2026-09-04T07:39:14.001831Z;/home/runner/work/gson/gson/extras;target;IN_CREATE,IN_ISDIR
2026-09-04T07:39:14.002332Z;/home/runner/work/gson/gson/extras;target;IN_ACCESS,IN_ISDIR
2026-09-04T07:39:14.004719Z;/home/runner/work/gson/gson/extras/src/main;java;IN_ACCESS,IN_ISDIR
2026-09-04T07:39:14.007803Z;/home/runner/work/gson/gson/extras/src/main/java;;IN_ACCESS,IN_ISDIR
2026-09-04T07:39:14.008089Z;/home/runner/work/gson/gson/extras/src/main;java;IN_ACCESS,IN_ISDIR
2026-09-04T07:39:14.008374Z;/home/runner/work/gson/gson/extras/src/main/java;;IN_ACCESS,IN_ISDIR
2026-09-04T07:39:14.008697Z;/home/runner/work/gson/gson/extras/src/main/java;com;IN_ACCESS,IN_ISDIR
2026-09-04T07:39:14.008960Z;/home/runner/work/gson/gson/extras/src/main/java/com;;IN_ACCESS,IN_ISDIR
2026-09-04T07:39:14.009207Z;/home/runner/work/gson/gson/extras/src/main/java;com;IN_ACCESS,IN_ISDIR
2026-09-04T07:39:14.009496Z;/home/runner/work/gson/gson/extras/src/main/java/com;;IN_ACCESS,IN_ISDIR
2026-09-04T07:39:14.009789Z;/home/runner/work/gson/gson/extras/src/main/java/com;google;IN_ACCESS,IN_ISDIR
2026-09-04T07:39:14.010081Z;/home/runner/work/gson/gson/extras/src/main/java/com/google;;IN_ACCESS,IN_ISDIR
2026-09-04T07:39:14.010483Z;/home/runner/work/gson/gson/extras/src/main/java/com;google;IN_ACCESS,IN_ISDIR
2026-09-04T07:39:14.010977Z;/home/runner/work/gson/gson/extras/src/main/java/com/google;;IN_ACCESS,IN_ISDIR
2026-09-04T07:39:14.011389Z;/home/runner/work/gson/gson/extras/src/main/java/com/google;gson;IN_ACCESS,IN_ISDIR
2026-09-04T07:39:14.011711Z;/home/runner/work/gson/gson/extras/src/main/java/com/google/gson;;IN_ACCESS,IN_ISDIR
2026-09-04T07:39:14.012002Z;/home/runner/work/gson/gson/extras/src/main/java/com/google;gson;IN_ACCESS,IN_ISDIR
2026-09-04T07:39:14.012282Z;/home/runner/work/gson/gson/extras/src/main/java/com/google/gson;;IN_ACCESS,IN_ISDIR
2026-09-04T07:39:14.012617Z;/home/runner/work/gson/gson/extras/src/main/java/com/google/gson;typeadapters;IN_ACCESS,IN_ISDIR
2026-09-04T07:39:14.012916Z;/home/runner/work/gson/gson/extras/src/main/java/com/google/gson/typeadapters;;IN_ACCESS,IN_ISDIR
2026-09-04T07:39:14.013202Z;/home/runner/work/gson/gson/extras/src/main/java/com/google/gson;typeadapters;IN_ACCESS,IN_ISDIR
2026-09-04T07:39:14.013695Z;/home/runner/work/gson/gson/extras/src/main/java/com/google/gson/typeadapters;;IN_ACCESS,IN_ISDIR
2026-09-04T07:39:14.013990Z;/home/runner/work/gson/gson/extras/src/main/java/com/google/gson;extras;IN_ACCESS,IN_ISDIR
2026-09-04T07:39:14.014294Z;/home/runner/work/gson/gson/extras/src/main/java/com/google/gson/extras;;IN_ACCESS,IN_ISDIR
2026-09-04T07:39:14.016116Z;/home/runner/work/gson/gson/extras/src/main/java/com/google/gson;extras;IN_ACCESS,IN_ISDIR
2026-09-04T07:39:14.017823Z;/home/runner/work/gson/gson/extras/src/main/java/com/google/gson/extras;;IN_ACCESS,IN_ISDIR
2026-09-04T07:39:14.018137Z;/home/runner/work/gson/gson/extras/src/main/java/com/google/gson/extras;examples;IN_ACCESS,IN_ISDIR
2026-09-04T07:39:14.018460Z;/home/runner/work/gson/gson/extras/src/main/java/com/google/gson/extras/examples;;IN_ACCESS,IN_ISDIR
2026-09-04T07:39:14.018807Z;/home/runner/work/gson/gson/extras/src/main/java/com/google/gson/extras;examples;IN_ACCESS,IN_ISDIR
2026-09-04T07:39:14.019104Z;/home/runner/work/gson/gson/extras/src/main/java/com/google/gson/extras/examples;;IN_ACCESS,IN_ISDIR
2026-09-04T07:39:14.019397Z;/home/runner/work/gson/gson/extras/src/main/java/com/google/gson/extras/examples;rawcollections;IN_ACCESS,IN_ISDIR
2026-09-04T07:39:14.019709Z;/home/runner/work/gson/gson/extras/src/main/java/com/google/gson/extras/examples/rawcollections;;IN_ACCESS,IN_ISDIR
2026-09-04T07:39:14.020027Z;/home/runner/work/gson/gson/extras/src/main/java/com/google/gson/extras/examples;rawcollections;IN_ACCESS,IN_ISDIR
2026-09-04T07:39:14.020321Z;/home/runner/work/gson/gson/extras/src/main/java/com/google/gson/extras/examples/rawcollections;;IN_ACCESS,IN_ISDIR
2026-09-04T07:39:14.020741Z;/home/runner/work/gson/gson/extras/src/main/java/com/google/gson;interceptors;IN_ACCESS,IN_ISDIR
2026-09-04T07:39:14.021054Z;/home/runner/work/gson/gson/extras/src/main/java/com/google/gson/interceptors;;IN_ACCESS,IN_ISDIR
2026-09-04T07:39:14.021362Z;/home/runner/work/gson/gson/extras/src/main/java/com/google/gson;interceptors;IN_ACCESS,IN_ISDIR
2026-09-04T07:39:14.021701Z;/home/runner/work/gson/gson/extras/src/main/java/com/google/gson/interceptors;;IN_ACCESS,IN_ISDIR
2026-09-04T07:39:14.022060Z;/home/runner/work/gson/gson/extras/src/main;java;IN_ACCESS,IN_ISDIR
2026-09-04T07:39:14.022373Z;/home/runner/work/gson/gson/extras/src/main/java;;IN_ACCESS,IN_ISDIR
2026-09-04T07:39:14.022695Z;/home/runner/work/gson/gson/extras/src/main;java;IN_ACCESS,IN_ISDIR
2026-09-04T07:39:14.023152Z;/home/runner/work/gson/gson/extras/src/main/java;;IN_ACCESS,IN_ISDIR
2026-09-04T07:39:14.023506Z;/home/runner/work/gson/gson/extras/src/main/java;com;IN_ACCESS,IN_ISDIR
2026-09-04T07:39:14.023873Z;/home/runner/work/gson/gson/extras/src/main/java/com;;IN_ACCESS,IN_ISDIR
2026-09-04T07:39:14.024186Z;/home/runner/work/gson/gson/extras/src/main/java;com;IN_ACCESS,IN_ISDIR
2026-09-04T07:39:14.024467Z;/home/runner/work/gson/gson/extras/src/main/java/com;;IN_ACCESS,IN_ISDIR
2026-09-04T07:39:14.024834Z;/home/runner/work/gson/gson/extras/src/main/java/com;google;IN_ACCESS,IN_ISDIR
2026-09-04T07:39:14.025160Z;/home/runner/work/gson/gson/extras/src/main/java/com/google;;IN_ACCESS,IN_ISDIR
2026-09-04T07:39:14.025460Z;/home/runner/work/gson/gson/extras/src/main/java/com;google;IN_ACCESS,IN_ISDIR
2026-09-04T07:39:14.025796Z;/home/runner/work/gson/gson/extras/src/main/java/com/google;;IN_ACCESS,IN_ISDIR
2026-09-04T07:39:14.026092Z;/home/runner/work/gson/gson/extras/src/main/java/com/google;gson;IN_ACCESS,IN_ISDIR
2026-09-04T07:39:14.026433Z;/home/runner/work/gson/gson/extras/src/main/java/com/google/gson;;IN_ACCESS,IN_ISDIR
2026-09-04T07:39:14.026943Z;/home/runner/work/gson/gson/extras/src/main/java/com/google;gson;IN_ACCESS,IN_ISDIR
2026-09-04T07:39:14.027282Z;/home/runner/work/gson/gson/extras/src/main/java/com/google/gson;;IN_ACCESS,IN_ISDIR
2026-09-04T07:39:14.027633Z;/home/runner/work/gson/gson/extras/src/main/java/com/google/gson;typeadapters;IN_ACCESS,IN_ISDIR
2026-09-04T07:39:14.027988Z;/home/runner/work/gson/gson/extras/src/main/java/com/google/gson/typeadapters;;IN_ACCESS,IN_ISDIR
2026-09-04T07:39:14.028522Z;/home/runner/work/gson/gson/extras/src/main/java/com/google/gson;typeadapters;IN_ACCESS,IN_ISDIR
2026-09-04T07:39:14.028823Z;/home/runner/work/gson/gson/extras/src/main/java/com/google/gson/typeadapters;;IN_ACCESS,IN_ISDIR
2026-09-04T07:39:14.029256Z;/home/runner/work/gson/gson/extras/src/main/java/com/google/gson;extras;IN_ACCESS,IN_ISDIR
2026-09-04T07:39:14.029672Z;/home/runner/work/gson/gson/extras/src/main/java/com/google/gson/extras;;IN_ACCESS,IN_ISDIR
2026-09-04T07:39:14.030056Z;/home/runner/work/gson/gson/extras/src/main/java/com/google/gson;extras;IN_ACCESS,IN_ISDIR
2026-09-04T07:39:14.030556Z;/home/runner/work/gson/gson/extras/src/main/java/com/google/gson/extras;;IN_ACCESS,IN_ISDIR
2026-09-04T07:39:14.030887Z;/home/runner/work/gson/gson/extras/src/main/java/com/google/gson/extras;examples;IN_ACCESS,IN_ISDIR
2026-09-04T07:39:14.031203Z;/home/runner/work/gson/gson/extras/src/main/java/com/google/gson/extras/examples;;IN_ACCESS,IN_ISDIR
2026-09-04T07:39:14.031507Z;/home/runner/work/gson/gson/extras/src/main/java/com/google/gson/extras;examples;IN_ACCESS,IN_ISDIR
2026-09-04T07:39:14.031806Z;/home/runner/work/gson/gson/extras/src/main/java/com/google/gson/extras/examples;;IN_ACCESS,IN_ISDIR
2026-09-04T07:39:14.032142Z;/home/runner/work/gson/gson/extras/src/main/java/com/google/gson/extras/examples;rawcollections;IN_ACCESS,IN_ISDIR
2026-09-04T07:39:14.032453Z;/home/runner/work/gson/gson/extras/src/main/java/com/google/gson/extras/examples/rawcollections;;IN_ACCESS,IN_ISDIR
2026-09-04T07:39:14.032770Z;/home/runner/work/gson/gson/extras/src/main/java/com/google/gson/extras/examples;rawcollections;IN_ACCESS,IN_ISDIR
2026-09-04T07:39:14.033210Z;/home/runner/work/gson/gson/extras/src/main/java/com/google/gson/extras/examples/rawcollections;;IN_ACCESS,IN_ISDIR
2026-09-04T07:39:14.033554Z;/home/runner/work/gson/gson/extras/src/main/java/com/google/gson;interceptors;IN_ACCESS,IN_ISDIR
2026-09-04T07:39:14.033867Z;/home/runner/work/gson/gson/extras/src/main/java/com/google/gson/interceptors;;IN_ACCESS,IN_ISDIR
2026-09-04T07:39:14.034176Z;/home/runner/work/gson/gson/extras/src/main/java/com/google/gson;interceptors;IN_ACCESS,IN_ISDIR
2026-09-04T07:39:14.034485Z;/home/runner/work/gson/gson/extras/src/main/java/com/google/gson/interceptors;;IN_ACCESS,IN_ISDIR
2026-09-04T07:39:14.035023Z;/home/runner/work/gson/gson/extras/target;maven-status;IN_CREATE,IN_ISDIR
2026-09-04T07:39:14.035351Z;/home/runner/work/gson/gson/extras/target/generated-sources;annotations;IN_ACCESS,IN_ISDIR
2026-09-04T07:39:14.035728Z;/home/runner/work/gson/gson/extras/target/generated-sources/annotations;;IN_ACCESS,IN_ISDIR
2026-09-04T07:39:14.036071Z;/home/runner/work/gson/gson/extras/target/generated-sources;annotations;IN_ACCESS,IN_ISDIR
2026-09-04T07:39:14.036410Z;/home/runner/work/gson/gson/extras/target/generated-sources/annotations;;IN_ACCESS,IN_ISDIR
2026-09-04T07:39:14.036788Z;/home/runner/work/gson/gson/extras/target/generated-sources/annotations;;IN_IGNORED
2026-09-04T07:39:14.037128Z;/home/runner/work/gson/gson/extras/target/generated-sources;annotations;IN_DELETE,IN_ISDIR
2026-09-04T07:39:14.037481Z;/home/runner/work/gson/gson/extras/target/generated-sources;annotations;IN_CREATE,IN_ISDIR
2026-09-04T07:39:14.037852Z;/home/runner/work/gson/gson/extras/target;classes;IN_CREATE,IN_ISDIR
2026-09-04T07:39:14.038146Z;/home/runner/work/gson/gson/gson/target;gson-2.14.1-SNAPSHOT.jar;IN_ACCESS
2026-09-04T07:39:14.038433Z;/home/runner/work/gson/gson/extras/target;maven-status;IN_ACCESS,IN_ISDIR
2026-09-04T07:39:14.038764Z;/home/runner/work/gson/gson/extras/target/generated-sources;annotations;IN_ACCESS,IN_ISDIR
2026-09-04T07:39:14.039100Z;/home/runner/work/gson/gson/extras/target;classes;IN_ACCESS,IN_ISDIR
2026-09-04T07:39:14.044866Z;/home/runner/work/gson/gson/gson/target;gson-2.14.1-SNAPSHOT.jar;IN_ACCESS
2026-09-04T07:39:14.045353Z;/home/runner/work/gson/gson/extras/src/main/java/com/google/gson/extras/examples/rawcollections;RawCollectionsExample.java;IN_ACCESS
2026-09-04T07:39:14.045875Z;/home/runner/work/gson/gson/extras/src/main/java/com/google/gson/interceptors;Intercept.java;IN_ACCESS
2026-09-04T07:39:14.046245Z;/home/runner/work/gson/gson/extras/src/main/java/com/google/gson/interceptors;InterceptorFactory.java;IN_ACCESS
2026-09-04T07:39:14.046610Z;/home/runner/work/gson/gson/extras/src/main/java/com/google/gson/interceptors;JsonPostDeserializer.java;IN_ACCESS
2026-09-04T07:39:14.046968Z;/home/runner/work/gson/gson/extras/src/main/java/com/google/gson/typeadapters;PostConstructAdapterFactory.java;IN_ACCESS
2026-09-04T07:39:14.047329Z;/home/runner/work/gson/gson/extras/src/main/java/com/google/gson/typeadapters;RuntimeTypeAdapterFactory.java;IN_ACCESS
2026-09-04T07:39:14.047684Z;/home/runner/work/gson/gson/extras/src/main/java/com/google/gson/typeadapters;UtcDateTypeAdapter.java;IN_ACCESS
2026-09-04T07:39:14.051632Z;/home/runner/work/gson/gson/gson/target;gson-2.14.1-SNAPSHOT.jar;IN_ACCESS
2026-09-04T07:39:14.052933Z;/home/runner/work/gson/gson/extras/src/main/java/com/google/gson/extras/examples;rawcollections;IN_ACCESS,IN_ISDIR
2026-09-04T07:39:14.053290Z;/home/runner/work/gson/gson/extras/src/main/java/com/google/gson/extras/examples/rawcollections;;IN_ACCESS,IN_ISDIR
2026-09-04T07:39:14.053638Z;/home/runner/work/gson/gson/extras/src/main/java/com/google/gson/extras/examples;rawcollections;IN_ACCESS,IN_ISDIR
2026-09-04T07:39:14.053958Z;/home/runner/work/gson/gson/extras/src/main/java/com/google/gson/extras/examples/rawcollections;;IN_ACCESS,IN_ISDIR
2026-09-04T07:39:14.054306Z;/home/runner/work/gson/gson/extras/src/main/java/com/google/gson;interceptors;IN_ACCESS,IN_ISDIR
2026-09-04T07:39:14.054683Z;/home/runner/work/gson/gson/extras/src/main/java/com/google/gson/interceptors;;IN_ACCESS,IN_ISDIR
2026-09-04T07:39:14.055206Z;/home/runner/work/gson/gson/extras/src/main/java/com/google/gson;interceptors;IN_ACCESS,IN_ISDIR
2026-09-04T07:39:14.055573Z;/home/runner/work/gson/gson/extras/src/main/java/com/google/gson/interceptors;;IN_ACCESS,IN_ISDIR
2026-09-04T07:39:14.055950Z;/home/runner/work/gson/gson/extras/src/main/java/com/google/gson;typeadapters;IN_ACCESS,IN_ISDIR
2026-09-04T07:39:14.056425Z;/home/runner/work/gson/gson/extras/src/main/java/com/google/gson/typeadapters;;IN_ACCESS,IN_ISDIR
2026-09-04T07:39:14.060504Z;/home/runner/work/gson/gson/extras/src/main/java/com/google/gson;typeadapters;IN_ACCESS,IN_ISDIR
2026-09-04T07:39:14.061034Z;/home/runner/work/gson/gson/extras/src/main/java/com/google/gson/typeadapters;;IN_ACCESS,IN_ISDIR
2026-09-04T07:39:14.061491Z;/home/runner/work/gson/gson/extras/src/main/java/com/google/gson/extras;examples;IN_ACCESS,IN_ISDIR
2026-09-04T07:39:14.061895Z;/home/runner/work/gson/gson/extras/src/main/java/com/google/gson/extras/examples;;IN_ACCESS,IN_ISDIR
2026-09-04T07:39:14.062314Z;/home/runner/work/gson/gson/extras/src/main/java/com/google/gson/extras;examples;IN_ACCESS,IN_ISDIR
2026-09-04T07:39:14.062878Z;/home/runner/work/gson/gson/extras/src/main/java/com/google/gson/extras/examples;;IN_ACCESS,IN_ISDIR
2026-09-04T07:39:14.063369Z;/home/runner/work/gson/gson/extras/src/main/java/com/google/gson;extras;IN_ACCESS,IN_ISDIR
2026-09-04T07:39:14.064298Z;/home/runner/work/gson/gson/extras/src/main/java/com/google/gson/extras;;IN_ACCESS,IN_ISDIR
2026-09-04T07:39:14.065070Z;/home/runner/work/gson/gson/extras/src/main/java/com/google/gson;extras;IN_ACCESS,IN_ISDIR
2026-09-04T07:39:14.067638Z;/home/runner/work/gson/gson/extras/src/main/java/com/google/gson/extras;;IN_ACCESS,IN_ISDIR
2026-09-04T07:39:14.068005Z;/home/runner/work/gson/gson/extras/src/main/java/com/google;gson;IN_ACCESS,IN_ISDIR
2026-09-04T07:39:14.068332Z;/home/runner/work/gson/gson/extras/src/main/java/com/google/gson;;IN_ACCESS,IN_ISDIR
2026-09-04T07:39:14.068646Z;/home/runner/work/gson/gson/extras/src/main/java/com/google;gson;IN_ACCESS,IN_ISDIR
2026-09-04T07:39:14.069022Z;/home/runner/work/gson/gson/extras/src/main/java/com/google/gson;;IN_ACCESS,IN_ISDIR
2026-09-04T07:39:14.069376Z;/home/runner/work/gson/gson/extras/src/main/java/com;google;IN_ACCESS,IN_ISDIR
2026-09-04T07:39:14.069732Z;/home/runner/work/gson/gson/extras/src/main/java/com/google;;IN_ACCESS,IN_ISDIR
2026-09-04T07:39:14.070081Z;/home/runner/work/gson/gson/extras/src/main/java/com;google;IN_ACCESS,IN_ISDIR
2026-09-04T07:39:14.070392Z;/home/runner/work/gson/gson/extras/src/main/java/com/google;;IN_ACCESS,IN_ISDIR
2026-09-04T07:39:14.070737Z;/home/runner/work/gson/gson/extras/src/main/java;com;IN_ACCESS,IN_ISDIR
2026-09-04T07:39:14.071067Z;/home/runner/work/gson/gson/extras/src/main/java/com;;IN_ACCESS,IN_ISDIR
2026-09-04T07:39:14.071373Z;/home/runner/work/gson/gson/extras/src/main/java;com;IN_ACCESS,IN_ISDIR
2026-09-04T07:39:14.071701Z;/home/runner/work/gson/gson/extras/src/main/java/com;;IN_ACCESS,IN_ISDIR
2026-09-04T07:39:14.071994Z;/home/runner/work/gson/gson/gson/target;gson-2.14.1-SNAPSHOT.jar;IN_ACCESS
2026-09-04T07:39:14.079030Z;/home/runner/work/gson/gson/gson/target;gson-2.14.1-SNAPSHOT.jar;IN_ACCESS
2026-09-04T07:39:14.079462Z;/home/runner/work/gson/gson/gson/target;gson-2.14.1-SNAPSHOT.jar;IN_ACCESS
2026-09-04T07:39:14.079907Z;/home/runner/work/gson/gson/gson/target;gson-2.14.1-SNAPSHOT.jar;IN_ACCESS
2026-09-04T07:39:14.081357Z;/home/runner/work/gson/gson/gson/target;gson-2.14.1-SNAPSHOT.jar;IN_ACCESS
2026-09-04T07:39:14.083256Z;/home/runner/work/gson/gson/gson/target;gson-2.14.1-SNAPSHOT.jar;IN_ACCESS
2026-09-04T07:39:14.084149Z;/home/runner/work/gson/gson/gson/target;gson-2.14.1-SNAPSHOT.jar;IN_ACCESS
2026-09-04T07:39:14.097060Z;/home/runner/work/gson/gson/gson/target;gson-2.14.1-SNAPSHOT.jar;IN_ACCESS
2026-09-04T07:39:14.098906Z;/home/runner/work/gson/gson/gson/target;gson-2.14.1-SNAPSHOT.jar;IN_ACCESS
2026-09-04T07:39:14.099849Z;/home/runner/work/gson/gson/gson/target;gson-2.14.1-SNAPSHOT.jar;IN_ACCESS
2026-09-04T07:39:14.114206Z;/home/runner/work/gson/gson/gson/target;gson-2.14.1-SNAPSHOT.jar;IN_ACCESS
2026-09-04T07:39:14.115525Z;/home/runner/work/gson/gson/gson/target;gson-2.14.1-SNAPSHOT.jar;IN_ACCESS
2026-09-04T07:39:14.123828Z;/home/runner/work/gson/gson/extras/target/classes;com;IN_CREATE,IN_ISDIR
2026-09-04T07:39:14.126916Z;/home/runner/work/gson/gson/extras/target/classes;com;IN_ACCESS,IN_ISDIR
2026-09-04T07:39:14.127233Z;/home/runner/work/gson/gson/extras/target/classes/com/google/gson/extras/examples/rawcollections;RawCollectionsExample$1.class;IN_CREATE
2026-09-04T07:39:14.127592Z;/home/runner/work/gson/gson/extras/target/classes/com/google/gson/extras/examples/rawcollections;RawCollectionsExample.class;IN_CREATE
2026-09-04T07:39:14.128000Z;/home/runner/work/gson/gson/extras/target/classes/com/google/gson;interceptors;IN_CREATE,IN_ISDIR
2026-09-04T07:39:14.128367Z;/home/runner/work/gson/gson/extras/target/classes/com/google/gson;interceptors;IN_ACCESS,IN_ISDIR
2026-09-04T07:39:14.128754Z;/home/runner/work/gson/gson/extras/target/classes/com/google/gson/interceptors;JsonPostDeserializer.class;IN_CREATE
2026-09-04T07:39:14.134221Z;/home/runner/work/gson/gson/extras/target/classes/com/google/gson/interceptors;InterceptorFactory$InterceptorAdapter.class;IN_CREATE
2026-09-04T07:39:14.134708Z;/home/runner/work/gson/gson/extras/target/classes/com/google/gson/interceptors;InterceptorFactory.class;IN_CREATE
2026-09-04T07:39:14.139161Z;/home/runner/work/gson/gson/extras/target/classes/com/google/gson;typeadapters;IN_CREATE,IN_ISDIR
2026-09-04T07:39:14.140843Z;/home/runner/work/gson/gson/extras/target/classes/com/google/gson;typeadapters;IN_ACCESS,IN_ISDIR
2026-09-04T07:39:14.141125Z;/home/runner/work/gson/gson/extras/target/classes/com/google/gson/typeadapters;PostConstructAdapterFactory.class;IN_CREATE
2026-09-04T07:39:14.155024Z;/home/runner/work/gson/gson/extras/target/classes/com/google/gson/typeadapters;RuntimeTypeAdapterFactory$1.class;IN_CREATE
2026-09-04T07:39:14.156251Z;/home/runner/work/gson/gson/extras/target/classes/com/google/gson/typeadapters;RuntimeTypeAdapterFactory.class;IN_CREATE
2026-09-04T07:39:14.177059Z;/home/runner/work/gson/gson/extras/target/classes/com/google/gson/typeadapters;UtcDateTypeAdapter.class;IN_CREATE
2026-09-04T07:39:14.179892Z;/home/runner/work/gson/gson/extras/target;classes;IN_ACCESS,IN_ISDIR
2026-09-04T07:39:14.180333Z;/home/runner/work/gson/gson/extras/target/classes;;IN_ACCESS,IN_ISDIR
2026-09-04T07:39:14.180691Z;/home/runner/work/gson/gson/extras/target;classes;IN_ACCESS,IN_ISDIR
2026-09-04T07:39:14.181127Z;/home/runner/work/gson/gson/extras/target/classes;;IN_ACCESS,IN_ISDIR
2026-09-04T07:39:14.181809Z;/home/runner/work/gson/gson/extras/target/classes;com;IN_ACCESS,IN_ISDIR
2026-09-04T07:39:14.183819Z;/home/runner/work/gson/gson/extras/target/classes/com;;IN_ACCESS,IN_ISDIR
2026-09-04T07:39:14.185973Z;/home/runner/work/gson/gson/extras/target/classes;com;IN_ACCESS,IN_ISDIR
2026-09-04T07:39:14.186364Z;/home/runner/work/gson/gson/extras/target/classes/com;;IN_ACCESS,IN_ISDIR
2026-09-04T07:39:14.186820Z;/home/runner/work/gson/gson/extras/target/classes/com;google;IN_ACCESS,IN_ISDIR
2026-09-04T07:39:14.187339Z;/home/runner/work/gson/gson/extras/target/classes/com/google;;IN_ACCESS,IN_ISDIR
2026-09-04T07:39:14.187700Z;/home/runner/work/gson/gson/extras/target/classes/com;google;IN_ACCESS,IN_ISDIR
2026-09-04T07:39:14.188032Z;/home/runner/work/gson/gson/extras/target/classes/com/google;;IN_ACCESS,IN_ISDIR
2026-09-04T07:39:14.188366Z;/home/runner/work/gson/gson/extras/target/classes/com/google;gson;IN_ACCESS,IN_ISDIR
2026-09-04T07:39:14.188709Z;/home/runner/work/gson/gson/extras/target/classes/com/google/gson;;IN_ACCESS,IN_ISDIR
2026-09-04T07:39:14.192121Z;/home/runner/work/gson/gson/extras/target/classes/com/google;gson;IN_ACCESS,IN_ISDIR
2026-09-04T07:39:14.192636Z;/home/runner/work/gson/gson/extras/target/classes/com/google/gson;;IN_ACCESS,IN_ISDIR
2026-09-04T07:39:14.193252Z;/home/runner/work/gson/gson/extras/target/classes/com/google/gson;typeadapters;IN_ACCESS,IN_ISDIR
2026-09-04T07:39:14.194619Z;/home/runner/work/gson/gson/extras/target/classes/com/google/gson/typeadapters;;IN_ACCESS,IN_ISDIR
2026-09-04T07:39:14.196821Z;/home/runner/work/gson/gson/extras/target/classes/com/google/gson;typeadapters;IN_ACCESS,IN_ISDIR
2026-09-04T07:39:14.198778Z;/home/runner/work/gson/gson/extras/target/classes/com/google/gson/typeadapters;;IN_ACCESS,IN_ISDIR
2026-09-04T07:39:14.199093Z;/home/runner/work/gson/gson/extras/target/classes/com/google/gson;extras;IN_ACCESS,IN_ISDIR
2026-09-04T07:39:14.199397Z;/home/runner/work/gson/gson/extras/target/classes/com/google/gson/extras;;IN_ACCESS,IN_ISDIR
2026-09-04T07:39:14.199710Z;/home/runner/work/gson/gson/extras/target/classes/com/google/gson;extras;IN_ACCESS,IN_ISDIR
2026-09-04T07:39:14.200393Z;/home/runner/work/gson/gson/extras/target/classes/com/google/gson/extras;;IN_ACCESS,IN_ISDIR
2026-09-04T07:39:14.202040Z;/home/runner/work/gson/gson/extras/target/classes/com/google/gson/extras;examples;IN_ACCESS,IN_ISDIR
2026-09-04T07:39:14.202558Z;/home/runner/work/gson/gson/extras/target/classes/com/google/gson/extras/examples;;IN_ACCESS,IN_ISDIR
2026-09-04T07:39:14.202994Z;/home/runner/work/gson/gson/extras/target/classes/com/google/gson/extras;examples;IN_ACCESS,IN_ISDIR
2026-09-04T07:39:14.203335Z;/home/runner/work/gson/gson/extras/target/classes/com/google/gson/extras/examples;;IN_ACCESS,IN_ISDIR
2026-09-04T07:39:14.203655Z;/home/runner/work/gson/gson/extras/target/classes/com/google/gson/extras/examples;rawcollections;IN_ACCESS,IN_ISDIR
2026-09-04T07:39:14.203975Z;/home/runner/work/gson/gson/extras/target/classes/com/google/gson/extras/examples/rawcollections;;IN_ACCESS,IN_ISDIR
2026-09-04T07:39:14.204330Z;/home/runner/work/gson/gson/extras/target/classes/com/google/gson/extras/examples;rawcollections;IN_ACCESS,IN_ISDIR
2026-09-04T07:39:14.204668Z;/home/runner/work/gson/gson/extras/target/classes/com/google/gson/extras/examples/rawcollections;;IN_ACCESS,IN_ISDIR
2026-09-04T07:39:14.204969Z;/home/runner/work/gson/gson/extras/target/classes/com/google/gson;interceptors;IN_ACCESS,IN_ISDIR
2026-09-04T07:39:14.205263Z;/home/runner/work/gson/gson/extras/target/classes/com/google/gson/interceptors;;IN_ACCESS,IN_ISDIR
2026-09-04T07:39:14.205571Z;/home/runner/work/gson/gson/extras/target/classes/com/google/gson;interceptors;IN_ACCESS,IN_ISDIR
2026-09-04T07:39:14.205873Z;/home/runner/work/gson/gson/extras/target/classes/com/google/gson/interceptors;;IN_ACCESS,IN_ISDIR
2026-09-04T07:39:14.206167Z;/home/runner/work/gson/gson/extras/target/maven-status/maven-compiler-plugin/compile/default-compile;createdFiles.lst;IN_CREATE
2026-09-04T07:39:14.345412Z;/home/runner/work/gson/gson/extras/target;classes;IN_ACCESS,IN_ISDIR
2026-09-04T07:39:14.346083Z;/home/runner/work/gson/gson/extras/target/classes;;IN_ACCESS,IN_ISDIR
2026-09-04T07:39:14.346385Z;/home/runner/work/gson/gson/extras/target;classes;IN_ACCESS,IN_ISDIR
2026-09-04T07:39:14.346701Z;/home/runner/work/gson/gson/extras/target/classes;;IN_ACCESS,IN_ISDIR
2026-09-04T07:39:14.348825Z;/home/runner/work/gson/gson/extras/target/classes;com;IN_ACCESS,IN_ISDIR
2026-09-04T07:39:14.349114Z;/home/runner/work/gson/gson/extras/target/classes/com;;IN_ACCESS,IN_ISDIR
2026-09-04T07:39:14.349396Z;/home/runner/work/gson/gson/extras/target/classes;com;IN_ACCESS,IN_ISDIR
2026-09-04T07:39:14.349706Z;/home/runner/work/gson/gson/extras/target/classes/com;;IN_ACCESS,IN_ISDIR
2026-09-04T07:39:14.349993Z;/home/runner/work/gson/gson/extras/target/classes/com;google;IN_ACCESS,IN_ISDIR
2026-09-04T07:39:14.350295Z;/home/runner/work/gson/gson/extras/target/classes/com/google;;IN_ACCESS,IN_ISDIR
2026-09-04T07:39:14.350613Z;/home/runner/work/gson/gson/extras/target/classes/com;google;IN_ACCESS,IN_ISDIR
2026-09-04T07:39:14.350951Z;/home/runner/work/gson/gson/extras/target/classes/com/google;;IN_ACCESS,IN_ISDIR
2026-09-04T07:39:14.351256Z;/home/runner/work/gson/gson/extras/target/classes/com/google;gson;IN_ACCESS,IN_ISDIR
2026-09-04T07:39:14.351572Z;/home/runner/work/gson/gson/extras/target/classes/com/google/gson;;IN_ACCESS,IN_ISDIR
2026-09-04T07:39:14.352038Z;/home/runner/work/gson/gson/extras/target/classes/com/google;gson;IN_ACCESS,IN_ISDIR
2026-09-04T07:39:14.352343Z;/home/runner/work/gson/gson/extras/target/classes/com/google/gson;;IN_ACCESS,IN_ISDIR
2026-09-04T07:39:14.352637Z;/home/runner/work/gson/gson/extras/target/classes/com/google/gson;typeadapters;IN_ACCESS,IN_ISDIR
2026-09-04T07:39:14.352915Z;/home/runner/work/gson/gson/extras/target/classes/com/google/gson/typeadapters;;IN_ACCESS,IN_ISDIR
2026-09-04T07:39:14.353188Z;/home/runner/work/gson/gson/extras/target/classes/com/google/gson;typeadapters;IN_ACCESS,IN_ISDIR
2026-09-04T07:39:14.353533Z;/home/runner/work/gson/gson/extras/target/classes/com/google/gson/typeadapters;;IN_ACCESS,IN_ISDIR
2026-09-04T07:39:14.353927Z;/home/runner/work/gson/gson/extras/target/classes/com/google/gson;extras;IN_ACCESS,IN_ISDIR
2026-09-04T07:39:14.356889Z;/home/runner/work/gson/gson/extras/target/classes/com/google/gson/extras;;IN_ACCESS,IN_ISDIR
2026-09-04T07:39:14.357369Z;/home/runner/work/gson/gson/extras/target/classes/com/google/gson;extras;IN_ACCESS,IN_ISDIR
2026-09-04T07:39:14.357722Z;/home/runner/work/gson/gson/extras/target/classes/com/google/gson/extras;;IN_ACCESS,IN_ISDIR
2026-09-04T07:39:14.358037Z;/home/runner/work/gson/gson/extras/target/classes/com/google/gson/extras;examples;IN_ACCESS,IN_ISDIR
2026-09-04T07:39:14.358338Z;/home/runner/work/gson/gson/extras/target/classes/com/google/gson/extras/examples;;IN_ACCESS,IN_ISDIR
2026-09-04T07:39:14.358650Z;/home/runner/work/gson/gson/extras/target/classes/com/google/gson/extras;examples;IN_ACCESS,IN_ISDIR
2026-09-04T07:39:14.359014Z;/home/runner/work/gson/gson/extras/target/classes/com/google/gson/extras/examples;;IN_ACCESS,IN_ISDIR
2026-09-04T07:39:14.359344Z;/home/runner/work/gson/gson/extras/target/classes/com/google/gson/extras/examples;rawcollections;IN_ACCESS,IN_ISDIR
2026-09-04T07:39:14.359737Z;/home/runner/work/gson/gson/extras/target/classes/com/google/gson/extras/examples/rawcollections;;IN_ACCESS,IN_ISDIR
2026-09-04T07:39:14.360064Z;/home/runner/work/gson/gson/extras/target/classes/com/google/gson/extras/examples;rawcollections;IN_ACCESS,IN_ISDIR
2026-09-04T07:39:14.360403Z;/home/runner/work/gson/gson/extras/target/classes/com/google/gson/extras/examples/rawcollections;;IN_ACCESS,IN_ISDIR
2026-09-04T07:39:14.361605Z;/home/runner/work/gson/gson/extras/target/classes/com/google/gson;interceptors;IN_ACCESS,IN_ISDIR
2026-09-04T07:39:14.361899Z;/home/runner/work/gson/gson/extras/target/classes/com/google/gson/interceptors;;IN_ACCESS,IN_ISDIR
2026-09-04T07:39:14.362175Z;/home/runner/work/gson/gson/extras/target/classes/com/google/gson;interceptors;IN_ACCESS,IN_ISDIR
2026-09-04T07:39:14.362458Z;/home/runner/work/gson/gson/extras/target/classes/com/google/gson/interceptors;;IN_ACCESS,IN_ISDIR
2026-09-04T07:39:14.364630Z;/home/runner/work/gson/gson/extras/target;maven-archiver;IN_CREATE,IN_ISDIR
2026-09-04T07:39:14.365131Z;/home/runner/work/gson/gson/extras/target;maven-archiver;IN_ACCESS,IN_ISDIR
2026-09-04T07:39:14.365458Z;/home/runner/work/gson/gson/extras/target/maven-archiver;pom.properties;IN_CREATE
2026-09-04T07:39:14.368226Z;/home/runner/work/gson/gson/extras/target;classes;IN_ACCESS,IN_ISDIR
2026-09-04T07:39:14.368528Z;/home/runner/work/gson/gson/extras/target/classes;;IN_ACCESS,IN_ISDIR
2026-09-04T07:39:14.372104Z;/home/runner/work/gson/gson/extras/target;classes;IN_ACCESS,IN_ISDIR
2026-09-04T07:39:14.373920Z;/home/runner/work/gson/gson/extras/target/classes;;IN_ACCESS,IN_ISDIR
2026-09-04T07:39:14.374284Z;/home/runner/work/gson/gson/extras/target/classes;com;IN_ACCESS,IN_ISDIR
2026-09-04T07:39:14.374855Z;/home/runner/work/gson/gson/extras/target/classes/com;;IN_ACCESS,IN_ISDIR
2026-09-04T07:39:14.375145Z;/home/runner/work/gson/gson/extras/target/classes;com;IN_ACCESS,IN_ISDIR
2026-09-04T07:39:14.375438Z;/home/runner/work/gson/gson/extras/target/classes/com;;IN_ACCESS,IN_ISDIR
2026-09-04T07:39:14.376140Z;/home/runner/work/gson/gson/extras/target/classes/com;google;IN_ACCESS,IN_ISDIR
2026-09-04T07:39:14.376455Z;/home/runner/work/gson/gson/extras/target/classes/com/google;;IN_ACCESS,IN_ISDIR
2026-09-04T07:39:14.376864Z;/home/runner/work/gson/gson/extras/target/classes/com;google;IN_ACCESS,IN_ISDIR
2026-09-04T07:39:14.377173Z;/home/runner/work/gson/gson/extras/target/classes/com/google;;IN_ACCESS,IN_ISDIR
2026-09-04T07:39:14.378633Z;/home/runner/work/gson/gson/extras/target/classes/com/google;gson;IN_ACCESS,IN_ISDIR
2026-09-04T07:39:14.381610Z;/home/runner/work/gson/gson/extras/target/classes/com/google/gson;;IN_ACCESS,IN_ISDIR
2026-09-04T07:39:14.381935Z;/home/runner/work/gson/gson/extras/target/classes/com/google;gson;IN_ACCESS,IN_ISDIR
2026-09-04T07:39:14.382214Z;/home/runner/work/gson/gson/extras/target/classes/com/google/gson;;IN_ACCESS,IN_ISDIR
2026-09-04T07:39:14.382501Z;/home/runner/work/gson/gson/extras/target/classes/com/google/gson;extras;IN_ACCESS,IN_ISDIR
2026-09-04T07:39:14.382795Z;/home/runner/work/gson/gson/extras/target/classes/com/google/gson/extras;;IN_ACCESS,IN_ISDIR
2026-09-04T07:39:14.383080Z;/home/runner/work/gson/gson/extras/target/classes/com/google/gson;extras;IN_ACCESS,IN_ISDIR
2026-09-04T07:39:14.383366Z;/home/runner/work/gson/gson/extras/target/classes/com/google/gson/extras;;IN_ACCESS,IN_ISDIR
2026-09-04T07:39:14.383647Z;/home/runner/work/gson/gson/extras/target/classes/com/google/gson/extras;examples;IN_ACCESS,IN_ISDIR
2026-09-04T07:39:14.383938Z;/home/runner/work/gson/gson/extras/target/classes/com/google/gson/extras/examples;;IN_ACCESS,IN_ISDIR
2026-09-04T07:39:14.384209Z;/home/runner/work/gson/gson/extras/target/classes/com/google/gson/extras;examples;IN_ACCESS,IN_ISDIR
2026-09-04T07:39:14.384518Z;/home/runner/work/gson/gson/extras/target/classes/com/google/gson/extras/examples;;IN_ACCESS,IN_ISDIR
2026-09-04T07:39:14.384807Z;/home/runner/work/gson/gson/extras/target/classes/com/google/gson/extras/examples;rawcollections;IN_ACCESS,IN_ISDIR
2026-09-04T07:39:14.385105Z;/home/runner/work/gson/gson/extras/target/classes/com/google/gson/extras/examples/rawcollections;;IN_ACCESS,IN_ISDIR
2026-09-04T07:39:14.385405Z;/home/runner/work/gson/gson/extras/target/classes/com/google/gson/extras/examples;rawcollections;IN_ACCESS,IN_ISDIR
2026-09-04T07:39:14.385701Z;/home/runner/work/gson/gson/extras/target/classes/com/google/gson/extras/examples/rawcollections;;IN_ACCESS,IN_ISDIR
2026-09-04T07:39:14.385991Z;/home/runner/work/gson/gson/extras/target/classes/com/google/gson;interceptors;IN_ACCESS,IN_ISDIR
2026-09-04T07:39:14.386269Z;/home/runner/work/gson/gson/extras/target/classes/com/google/gson/interceptors;;IN_ACCESS,IN_ISDIR
2026-09-04T07:39:14.386534Z;/home/runner/work/gson/gson/extras/target/classes/com/google/gson;interceptors;IN_ACCESS,IN_ISDIR
2026-09-04T07:39:14.386817Z;/home/runner/work/gson/gson/extras/target/classes/com/google/gson/interceptors;;IN_ACCESS,IN_ISDIR
2026-09-04T07:39:14.387076Z;/home/runner/work/gson/gson/extras/target/classes/com/google/gson;typeadapters;IN_ACCESS,IN_ISDIR
2026-09-04T07:39:14.387339Z;/home/runner/work/gson/gson/extras/target/classes/com/google/gson/typeadapters;;IN_ACCESS,IN_ISDIR
2026-09-04T07:39:14.387631Z;/home/runner/work/gson/gson/extras/target/classes/com/google/gson;typeadapters;IN_ACCESS,IN_ISDIR
2026-09-04T07:39:14.387897Z;/home/runner/work/gson/gson/extras/target/classes/com/google/gson/typeadapters;;IN_ACCESS,IN_ISDIR
2026-09-04T07:39:14.388146Z;/home/runner/work/gson/gson/extras/target;gson-extras-2.14.1-SNAPSHOT.jar;IN_CREATE
2026-09-04T07:39:14.401142Z;/home/runner/work/gson/gson/extras/target/classes/com/google/gson/extras/examples/rawcollections;RawCollectionsExample$1.class;IN_ACCESS
2026-09-04T07:39:14.404285Z;/home/runner/work/gson/gson/extras/target/classes/com/google/gson/extras/examples/rawcollections;RawCollectionsExample$Event.class;IN_ACCESS
2026-09-04T07:39:14.404847Z;/home/runner/work/gson/gson/extras/target/classes/com/google/gson/extras/examples/rawcollections;RawCollectionsExample.class;IN_ACCESS
2026-09-04T07:39:14.407805Z;/home/runner/work/gson/gson/extras/target/classes/com/google/gson/interceptors;Intercept.class;IN_ACCESS
2026-09-04T07:39:14.408325Z;/home/runner/work/gson/gson/extras/target/classes/com/google/gson/interceptors;InterceptorFactory$InterceptorAdapter.class;IN_ACCESS
2026-09-04T07:39:14.408622Z;/home/runner/work/gson/gson/extras/target/classes/com/google/gson/interceptors;InterceptorFactory.class;IN_ACCESS
2026-09-04T07:39:14.408976Z;/home/runner/work/gson/gson/extras/target/classes/com/google/gson/typeadapters;RuntimeTypeAdapterFactory$1.class;IN_ACCESS
2026-09-04T07:39:14.410727Z;/home/runner/work/gson/gson/extras/target/classes/com/google/gson/interceptors;JsonPostDeserializer.class;IN_ACCESS
2026-09-04T07:39:14.411042Z;/home/runner/work/gson/gson/extras/target/classes/com/google/gson/typeadapters;PostConstructAdapterFactory$PostConstructAdapter.class;IN_ACCESS
2026-09-04T07:39:14.411348Z;/home/runner/work/gson/gson/extras/target/classes/com/google/gson/typeadapters;RuntimeTypeAdapterFactory.class;IN_ACCESS
2026-09-04T07:39:14.411641Z;/home/runner/work/gson/gson/extras/target/classes/com/google/gson/typeadapters;PostConstructAdapterFactory.class;IN_ACCESS
2026-09-04T07:39:14.411911Z;/home/runner/work/gson/gson/extras/target/classes/com/google/gson/typeadapters;RuntimeTypeAdapterFactory$1.class;IN_ACCESS
2026-09-04T07:39:14.412175Z;/home/runner/work/gson/gson/extras;pom.xml;IN_ACCESS
2026-09-04T07:39:14.412437Z;/home/runner/work/gson/gson/extras/target/maven-archiver;pom.properties;IN_ACCESS
2026-09-04T07:39:14.412697Z;/home/runner/work/gson/gson/extras/target/classes/com/google/gson/typeadapters;UtcDateTypeAdapter.class;IN_ACCESS
2026-09-04T07:39:14.512352Z;/home/runner/work/gson/gson;extras;IN_ACCESS,IN_ISDIR
2026-09-04T07:39:14.512823Z;/home/runner/work/gson/gson/extras;;IN_ACCESS,IN_ISDIR
2026-09-04T07:39:14.513168Z;/home/runner/work/gson/gson;extras;IN_ACCESS,IN_ISDIR
2026-09-04T07:39:14.513491Z;/home/runner/work/gson/gson/extras;;IN_ACCESS,IN_ISDIR
2026-09-04T07:39:14.577282Z;/home/runner/work/gson/gson/.git;HEAD;IN_ACCESS
2026-09-04T07:39:14.579919Z;/home/runner/work/gson/gson/.git;config;IN_ACCESS
2026-09-04T07:39:14.588156Z;/home/runner/work/gson/gson;extras;IN_ACCESS,IN_ISDIR
2026-09-04T07:39:14.588679Z;/home/runner/work/gson/gson/extras;;IN_ACCESS,IN_ISDIR
2026-09-04T07:39:14.589031Z;/home/runner/work/gson/gson;extras;IN_ACCESS,IN_ISDIR
2026-09-04T07:39:14.589352Z;/home/runner/work/gson/gson/extras;;IN_ACCESS,IN_ISDIR
2026-09-04T07:39:14.589688Z;/home/runner/work/gson/gson/extras;src;IN_ACCESS,IN_ISDIR
2026-09-04T07:39:14.590013Z;/home/runner/work/gson/gson/extras/src;;IN_ACCESS,IN_ISDIR
2026-09-04T07:39:14.590312Z;/home/runner/work/gson/gson/extras;src;IN_ACCESS,IN_ISDIR
2026-09-04T07:39:14.590607Z;/home/runner/work/gson/gson/extras/src;;IN_ACCESS,IN_ISDIR
2026-09-04T07:39:14.590891Z;/home/runner/work/gson/gson/extras/src;main;IN_ACCESS,IN_ISDIR
2026-09-04T07:39:14.591181Z;/home/runner/work/gson/gson/extras/src/main;;IN_ACCESS,IN_ISDIR
2026-09-04T07:39:14.591533Z;/home/runner/work/gson/gson/extras/src;main;IN_ACCESS,IN_ISDIR
2026-09-04T07:39:14.591871Z;/home/runner/work/gson/gson/extras/src/main;;IN_ACCESS,IN_ISDIR
2026-09-04T07:39:14.592177Z;/home/runner/work/gson/gson/extras/src/main;java;IN_ACCESS,IN_ISDIR
2026-09-04T07:39:14.592488Z;/home/runner/work/gson/gson/extras/src/main/java;;IN_ACCESS,IN_ISDIR
2026-09-04T07:39:14.592786Z;/home/runner/work/gson/gson/extras/src/main;java;IN_ACCESS,IN_ISDIR
2026-09-04T07:39:14.593079Z;/home/runner/work/gson/gson/extras/src/main/java;;IN_ACCESS,IN_ISDIR
2026-09-04T07:39:14.593768Z;/home/runner/work/gson/gson/extras/src/main/java;com;IN_ACCESS,IN_ISDIR
2026-09-04T07:39:14.594216Z;/home/runner/work/gson/gson/extras/src/main/java/com;;IN_ACCESS,IN_ISDIR
2026-09-04T07:39:14.594514Z;/home/runner/work/gson/gson/extras/src/main/java;com;IN_ACCESS,IN_ISDIR
2026-09-04T07:39:14.594804Z;/home/runner/work/gson/gson/extras/src/main/java/com;;IN_ACCESS,IN_ISDIR
2026-09-04T07:39:14.595094Z;/home/runner/work/gson/gson/extras/src/main/java/com;google;IN_ACCESS,IN_ISDIR
2026-09-04T07:39:14.596802Z;/home/runner/work/gson/gson/extras/src/main/java/com/google;;IN_ACCESS,IN_ISDIR
2026-09-04T07:39:14.597121Z;/home/runner/work/gson/gson/extras/src/main/java/com;google;IN_ACCESS,IN_ISDIR
2026-09-04T07:39:14.597587Z;/home/runner/work/gson/gson/extras/src/main/java/com/google;;IN_ACCESS,IN_ISDIR
2026-09-04T07:39:14.597916Z;/home/runner/work/gson/gson/extras/src/main/java/com/google;gson;IN_ACCESS,IN_ISDIR
2026-09-04T07:39:14.598215Z;/home/runner/work/gson/gson/extras/src/main/java/com/google/gson;;IN_ACCESS,IN_ISDIR
2026-09-04T07:39:14.598504Z;/home/runner/work/gson/gson/extras/src/main/java/com/google;gson;IN_ACCESS,IN_ISDIR
2026-09-04T07:39:14.598796Z;/home/runner/work/gson/gson/extras/src/main/java/com/google/gson;;IN_ACCESS,IN_ISDIR
2026-09-04T07:39:14.599100Z;/home/runner/work/gson/gson/extras/src/main/java/com/google/gson;typeadapters;IN_ACCESS,IN_ISDIR
2026-09-04T07:39:14.599399Z;/home/runner/work/gson/gson/extras/src/main/java/com/google/gson/typeadapters;;IN_ACCESS,IN_ISDIR
2026-09-04T07:39:14.599742Z;/home/runner/work/gson/gson/extras/src/main/java/com/google/gson;typeadapters;IN_ACCESS,IN_ISDIR
2026-09-04T07:39:14.600058Z;/home/runner/work/gson/gson/extras/src/main/java/com/google/gson/typeadapters;;IN_ACCESS,IN_ISDIR
2026-09-04T07:39:14.600346Z;/home/runner/work/gson/gson/extras/src/main/java/com/google/gson;extras;IN_ACCESS,IN_ISDIR
2026-09-04T07:39:14.600643Z;/home/runner/work/gson/gson/extras/src/main/java/com/google/gson/extras;;IN_ACCESS,IN_ISDIR
2026-09-04T07:39:14.600943Z;/home/runner/work/gson/gson/extras/src/main/java/com/google/gson;extras;IN_ACCESS,IN_ISDIR
2026-09-04T07:39:14.601254Z;/home/runner/work/gson/gson/extras/src/main/java/com/google/gson/extras;;IN_ACCESS,IN_ISDIR
2026-09-04T07:39:14.603804Z;/home/runner/work/gson/gson/extras/src/main/java/com/google/gson/extras;examples;IN_ACCESS,IN_ISDIR
2026-09-04T07:39:14.604117Z;/home/runner/work/gson/gson/extras/src/main/java/com/google/gson/extras/examples;;IN_ACCESS,IN_ISDIR
2026-09-04T07:39:14.604718Z;/home/runner/work/gson/gson/extras/src/main/java/com/google/gson/extras;examples;IN_ACCESS,IN_ISDIR
2026-09-04T07:39:14.605050Z;/home/runner/work/gson/gson/extras/src/main/java/com/google/gson/extras/examples;;IN_ACCESS,IN_ISDIR
2026-09-04T07:39:14.605416Z;/home/runner/work/gson/gson/extras/src/main/java/com/google/gson/extras/examples;rawcollections;IN_ACCESS,IN_ISDIR
2026-09-04T07:39:14.605738Z;/home/runner/work/gson/gson/extras/src/main/java/com/google/gson/extras/examples/rawcollections;;IN_ACCESS,IN_ISDIR
2026-09-04T07:39:14.606046Z;/home/runner/work/gson/gson/extras/src/main/java/com/google/gson/extras/examples;rawcollections;IN_ACCESS,IN_ISDIR
2026-09-04T07:39:14.606361Z;/home/runner/work/gson/gson/extras/src/main/java/com/google/gson/extras/examples/rawcollections;;IN_ACCESS,IN_ISDIR
2026-09-04T07:39:14.606677Z;/home/runner/work/gson/gson/extras/src/main/java/com/google/gson;interceptors;IN_ACCESS,IN_ISDIR
2026-09-04T07:39:14.606985Z;/home/runner/work/gson/gson/extras/src/main/java/com/google/gson/interceptors;;IN_ACCESS,IN_ISDIR
2026-09-04T07:39:14.607302Z;/home/runner/work/gson/gson/extras/src/main/java/com/google/gson;interceptors;IN_ACCESS,IN_ISDIR
2026-09-04T07:39:14.607622Z;/home/runner/work/gson/gson/extras/src/main/java/com/google/gson/interceptors;;IN_ACCESS,IN_ISDIR
2026-09-04T07:39:14.607942Z;/home/runner/work/gson/gson/extras/src;test;IN_ACCESS,IN_ISDIR
2026-09-04T07:39:14.608276Z;/home/runner/work/gson/gson/extras/src/test;;IN_ACCESS,IN_ISDIR
2026-09-04T07:39:14.608597Z;/home/runner/work/gson/gson/extras/src;test;IN_ACCESS,IN_ISDIR
2026-09-04T07:39:14.608909Z;/home/runner/work/gson/gson/extras/src/test;;IN_ACCESS,IN_ISDIR
2026-09-04T07:39:14.609209Z;/home/runner/work/gson/gson/extras/src/test;java;IN_ACCESS,IN_ISDIR
2026-09-04T07:39:14.609516Z;/home/runner/work/gson/gson/extras/src/test/java;;IN_ACCESS,IN_ISDIR
2026-09-04T07:39:14.609855Z;/home/runner/work/gson/gson/extras/src/test;java;IN_ACCESS,IN_ISDIR
2026-09-04T07:39:14.610343Z;/home/runner/work/gson/gson/extras/src/test/java;;IN_ACCESS,IN_ISDIR
2026-09-04T07:39:14.610693Z;/home/runner/work/gson/gson/extras/src/test/java;com;IN_ACCESS,IN_ISDIR
2026-09-04T07:39:14.611041Z;/home/runner/work/gson/gson/extras/src/test/java/com;;IN_ACCESS,IN_ISDIR
2026-09-04T07:39:14.611624Z;/home/runner/work/gson/gson/extras/src/test/java;com;IN_ACCESS,IN_ISDIR
2026-09-04T07:39:14.611952Z;/home/runner/work/gson/gson/extras/src/test/java/com;;IN_ACCESS,IN_ISDIR
2026-09-04T07:39:14.612277Z;/home/runner/work/gson/gson/extras/src/test/java/com;google;IN_ACCESS,IN_ISDIR
2026-09-04T07:39:14.612627Z;/home/runner/work/gson/gson/extras/src/test/java/com/google;;IN_ACCESS,IN_ISDIR
2026-09-04T07:39:14.612955Z;/home/runner/work/gson/gson/extras/src/test/java/com;google;IN_ACCESS,IN_ISDIR
2026-09-04T07:39:14.613265Z;/home/runner/work/gson/gson/extras/src/test/java/com/google;;IN_ACCESS,IN_ISDIR
2026-09-04T07:39:14.613594Z;/home/runner/work/gson/gson/extras/src/test/java/com/google;gson;IN_ACCESS,IN_ISDIR
2026-09-04T07:39:14.613920Z;/home/runner/work/gson/gson/extras/src/test/java/com/google/gson;;IN_ACCESS,IN_ISDIR
2026-09-04T07:39:14.614248Z;/home/runner/work/gson/gson/extras/src/test/java/com/google;gson;IN_ACCESS,IN_ISDIR
2026-09-04T07:39:14.614573Z;/home/runner/work/gson/gson/extras/src/test/java/com/google/gson;;IN_ACCESS,IN_ISDIR
2026-09-04T07:39:14.614893Z;/home/runner/work/gson/gson/extras/src/test/java/com/google/gson;typeadapters;IN_ACCESS,IN_ISDIR
2026-09-04T07:39:14.615212Z;/home/runner/work/gson/gson/extras/src/test/java/com/google/gson/typeadapters;;IN_ACCESS,IN_ISDIR
2026-09-04T07:39:14.615530Z;/home/runner/work/gson/gson/extras/src/test/java/com/google/gson;typeadapters;IN_ACCESS,IN_ISDIR
2026-09-04T07:39:14.615862Z;/home/runner/work/gson/gson/extras/src/test/java/com/google/gson/typeadapters;;IN_ACCESS,IN_ISDIR
2026-09-04T07:39:14.616185Z;/home/runner/work/gson/gson/extras/src/test/java/com/google/gson;interceptors;IN_ACCESS,IN_ISDIR
2026-09-04T07:39:14.616509Z;/home/runner/work/gson/gson/extras/src/test/java/com/google/gson/interceptors;;IN_ACCESS,IN_ISDIR
2026-09-04T07:39:14.616837Z;/home/runner/work/gson/gson/extras/src/test/java/com/google/gson;interceptors;IN_ACCESS,IN_ISDIR
2026-09-04T07:39:14.617147Z;/home/runner/work/gson/gson/extras/src/test/java/com/google/gson/interceptors;;IN_ACCESS,IN_ISDIR
2026-09-04T07:39:14.617433Z;/home/runner/work/gson/gson/.git;HEAD;IN_ACCESS
2026-09-04T07:39:14.617719Z;/home/runner/work/gson/gson/.git;config;IN_ACCESS
2026-09-04T07:39:14.619485Z;/home/runner/work/gson/gson;extras;IN_ACCESS,IN_ISDIR
2026-09-04T07:39:14.619813Z;/home/runner/work/gson/gson/extras;;IN_ACCESS,IN_ISDIR
2026-09-04T07:39:14.620116Z;/home/runner/work/gson/gson;extras;IN_ACCESS,IN_ISDIR
2026-09-04T07:39:14.620425Z;/home/runner/work/gson/gson/extras;;IN_ACCESS,IN_ISDIR
2026-09-04T07:39:14.620791Z;/home/runner/work/gson/gson/extras;pom.xml;IN_ACCESS
2026-09-04T07:39:14.622803Z;/home/runner/work/gson/gson/extras;README.md;IN_ACCESS
2026-09-04T07:39:14.623317Z;/home/runner/work/gson/gson;extras;IN_ACCESS,IN_ISDIR
2026-09-04T07:39:14.623635Z;/home/runner/work/gson/gson/extras;;IN_ACCESS,IN_ISDIR
2026-09-04T07:39:14.623931Z;/home/runner/work/gson/gson;extras;IN_ACCESS,IN_ISDIR
2026-09-04T07:39:14.624226Z;/home/runner/work/gson/gson/extras;;IN_ACCESS,IN_ISDIR
2026-09-04T07:39:14.624536Z;/home/runner/work/gson/gson/extras;src;IN_ACCESS,IN_ISDIR
2026-09-04T07:39:14.624827Z;/home/runner/work/gson/gson/extras/src;;IN_ACCESS,IN_ISDIR
2026-09-04T07:39:14.625130Z;/home/runner/work/gson/gson/extras;src;IN_ACCESS,IN_ISDIR
2026-09-04T07:39:14.625488Z;/home/runner/work/gson/gson/extras/src;;IN_ACCESS,IN_ISDIR
2026-09-04T07:39:14.626176Z;/home/runner/work/gson/gson/extras/src;main;IN_ACCESS,IN_ISDIR
2026-09-04T07:39:14.626785Z;/home/runner/work/gson/gson/extras/src/main;;IN_ACCESS,IN_ISDIR
2026-09-04T07:39:14.627120Z;/home/runner/work/gson/gson/extras/src;main;IN_ACCESS,IN_ISDIR
2026-09-04T07:39:14.628243Z;/home/runner/work/gson/gson/extras/src/main;;IN_ACCESS,IN_ISDIR
2026-09-04T07:39:14.628749Z;/home/runner/work/gson/gson/extras/src/main;java;IN_ACCESS,IN_ISDIR
2026-09-04T07:39:14.629083Z;/home/runner/work/gson/gson/extras/src/main/java;;IN_ACCESS,IN_ISDIR
2026-09-04T07:39:14.629415Z;/home/runner/work/gson/gson/extras/src/main;java;IN_ACCESS,IN_ISDIR
2026-09-04T07:39:14.629864Z;/home/runner/work/gson/gson/extras/src/main/java;;IN_ACCESS,IN_ISDIR
2026-09-04T07:39:14.630187Z;/home/runner/work/gson/gson/extras/src/main/java;com;IN_ACCESS,IN_ISDIR
2026-09-04T07:39:14.630529Z;/home/runner/work/gson/gson/extras/src/main/java/com;;IN_ACCESS,IN_ISDIR
2026-09-04T07:39:14.630835Z;/home/runner/work/gson/gson/extras/src/main/java;com;IN_ACCESS,IN_ISDIR
2026-09-04T07:39:14.631132Z;/home/runner/work/gson/gson/extras/src/main/java/com;;IN_ACCESS,IN_ISDIR
2026-09-04T07:39:14.631455Z;/home/runner/work/gson/gson/extras/src/main/java/com;google;IN_ACCESS,IN_ISDIR
2026-09-04T07:39:14.631796Z;/home/runner/work/gson/gson/extras/src/main/java/com/google;;IN_ACCESS,IN_ISDIR
2026-09-04T07:39:14.632109Z;/home/runner/work/gson/gson/extras/src/main/java/com;google;IN_ACCESS,IN_ISDIR
2026-09-04T07:39:14.632413Z;/home/runner/work/gson/gson/extras/src/main/java/com/google;;IN_ACCESS,IN_ISDIR
2026-09-04T07:39:14.632727Z;/home/runner/work/gson/gson/extras/src/main/java/com/google;gson;IN_ACCESS,IN_ISDIR
2026-09-04T07:39:14.633046Z;/home/runner/work/gson/gson/extras/src/main/java/com/google/gson;;IN_ACCESS,IN_ISDIR
2026-09-04T07:39:14.633365Z;/home/runner/work/gson/gson/extras/src/main/java/com/google;gson;IN_ACCESS,IN_ISDIR
2026-09-04T07:39:14.633676Z;/home/runner/work/gson/gson/extras/src/main/java/com/google/gson;;IN_ACCESS,IN_ISDIR
2026-09-04T07:39:14.633987Z;/home/runner/work/gson/gson/extras/src/main/java/com/google/gson;typeadapters;IN_ACCESS,IN_ISDIR
2026-09-04T07:39:14.634297Z;/home/runner/work/gson/gson/extras/src/main/java/com/google/gson/typeadapters;;IN_ACCESS,IN_ISDIR
2026-09-04T07:39:14.634615Z;/home/runner/work/gson/gson/extras/src/main/java/com/google/gson;typeadapters;IN_ACCESS,IN_ISDIR
2026-09-04T07:39:14.634932Z;/home/runner/work/gson/gson/extras/src/main/java/com/google/gson/typeadapters;;IN_ACCESS,IN_ISDIR
2026-09-04T07:39:14.635244Z;/home/runner/work/gson/gson/extras/src/main/java/com/google/gson;extras;IN_ACCESS,IN_ISDIR
2026-09-04T07:39:14.635561Z;/home/runner/work/gson/gson/extras/src/main/java/com/google/gson/extras;;IN_ACCESS,IN_ISDIR
2026-09-04T07:39:14.635890Z;/home/runner/work/gson/gson/extras/src/main/java/com/google/gson;extras;IN_ACCESS,IN_ISDIR
2026-09-04T07:39:14.636210Z;/home/runner/work/gson/gson/extras/src/main/java/com/google/gson/extras;;IN_ACCESS,IN_ISDIR
2026-09-04T07:39:14.636521Z;/home/runner/work/gson/gson/extras/src/main/java/com/google/gson/extras;examples;IN_ACCESS,IN_ISDIR
2026-09-04T07:39:14.636837Z;/home/runner/work/gson/gson/extras/src/main/java/com/google/gson/extras/examples;;IN_ACCESS,IN_ISDIR
2026-09-04T07:39:14.637151Z;/home/runner/work/gson/gson/extras/src/main/java/com/google/gson/extras;examples;IN_ACCESS,IN_ISDIR
2026-09-04T07:39:14.637473Z;/home/runner/work/gson/gson/extras/src/main/java/com/google/gson/extras/examples;;IN_ACCESS,IN_ISDIR
2026-09-04T07:39:14.637802Z;/home/runner/work/gson/gson/extras/src/main/java/com/google/gson/extras/examples;rawcollections;IN_ACCESS,IN_ISDIR
2026-09-04T07:39:14.638128Z;/home/runner/work/gson/gson/extras/src/main/java/com/google/gson/extras/examples/rawcollections;;IN_ACCESS,IN_ISDIR
2026-09-04T07:39:14.638490Z;/home/runner/work/gson/gson/extras/src/main/java/com/google/gson/extras/examples;rawcollections;IN_ACCESS,IN_ISDIR
2026-09-04T07:39:14.638899Z;/home/runner/work/gson/gson/extras/src/main/java/com/google/gson/extras/examples/rawcollections;;IN_ACCESS,IN_ISDIR
2026-09-04T07:39:14.639250Z;/home/runner/work/gson/gson/extras/src/main/java/com/google/gson;interceptors;IN_ACCESS,IN_ISDIR
2026-09-04T07:39:14.639584Z;/home/runner/work/gson/gson/extras/src/main/java/com/google/gson/interceptors;;IN_ACCESS,IN_ISDIR
2026-09-04T07:39:14.639906Z;/home/runner/work/gson/gson/extras/src/main/java/com/google/gson;interceptors;IN_ACCESS,IN_ISDIR
2026-09-04T07:39:14.640207Z;/home/runner/work/gson/gson/extras/src/main/java/com/google/gson/interceptors;;IN_ACCESS,IN_ISDIR
2026-09-04T07:39:14.640508Z;/home/runner/work/gson/gson/extras/src;test;IN_ACCESS,IN_ISDIR
2026-09-04T07:39:14.640788Z;/home/runner/work/gson/gson/extras/src/test;;IN_ACCESS,IN_ISDIR
2026-09-04T07:39:14.641207Z;/home/runner/work/gson/gson/extras/src;test;IN_ACCESS,IN_ISDIR
2026-09-04T07:39:14.641557Z;/home/runner/work/gson/gson/extras/src/test;;IN_ACCESS,IN_ISDIR
2026-09-04T07:39:14.641921Z;/home/runner/work/gson/gson/extras/src/test;java;IN_ACCESS,IN_ISDIR
2026-09-04T07:39:14.643407Z;/home/runner/work/gson/gson/extras/src/test/java;;IN_ACCESS,IN_ISDIR
2026-09-04T07:39:14.643851Z;/home/runner/work/gson/gson/extras/src/test;java;IN_ACCESS,IN_ISDIR
2026-09-04T07:39:14.644248Z;/home/runner/work/gson/gson/extras/src/test/java;;IN_ACCESS,IN_ISDIR
2026-09-04T07:39:14.644604Z;/home/runner/work/gson/gson/extras/src/test/java;com;IN_ACCESS,IN_ISDIR
2026-09-04T07:39:14.644939Z;/home/runner/work/gson/gson/extras/src/test/java/com;;IN_ACCESS,IN_ISDIR
2026-09-04T07:39:14.645259Z;/home/runner/work/gson/gson/extras/src/test/java;com;IN_ACCESS,IN_ISDIR
2026-09-04T07:39:14.645565Z;/home/runner/work/gson/gson/extras/src/test/java/com;;IN_ACCESS,IN_ISDIR
2026-09-04T07:39:14.645882Z;/home/runner/work/gson/gson/extras/src/test/java/com;google;IN_ACCESS,IN_ISDIR
2026-09-04T07:39:14.646205Z;/home/runner/work/gson/gson/extras/src/test/java/com/google;;IN_ACCESS,IN_ISDIR
2026-09-04T07:39:14.646525Z;/home/runner/work/gson/gson/extras/src/test/java/com;google;IN_ACCESS,IN_ISDIR
2026-09-04T07:39:14.646842Z;/home/runner/work/gson/gson/extras/src/test/java/com/google;;IN_ACCESS,IN_ISDIR
2026-09-04T07:39:14.647165Z;/home/runner/work/gson/gson/extras/src/test/java/com/google;gson;IN_ACCESS,IN_ISDIR
2026-09-04T07:39:14.647481Z;/home/runner/work/gson/gson/extras/src/test/java/com/google/gson;;IN_ACCESS,IN_ISDIR
2026-09-04T07:39:14.647825Z;/home/runner/work/gson/gson/extras/src/test/java/com/google;gson;IN_ACCESS,IN_ISDIR
2026-09-04T07:39:14.648196Z;/home/runner/work/gson/gson/extras/src/test/java/com/google/gson;;IN_ACCESS,IN_ISDIR
2026-09-04T07:39:14.648572Z;/home/runner/work/gson/gson/extras/src/test/java/com/google/gson;typeadapters;IN_ACCESS,IN_ISDIR
2026-09-04T07:39:14.648891Z;/home/runner/work/gson/gson/extras/src/test/java/com/google/gson/typeadapters;;IN_ACCESS,IN_ISDIR
2026-09-04T07:39:14.649202Z;/home/runner/work/gson/gson/extras/src/test/java/com/google/gson;typeadapters;IN_ACCESS,IN_ISDIR
2026-09-04T07:39:14.649514Z;/home/runner/work/gson/gson/extras/src/test/java/com/google/gson/typeadapters;;IN_ACCESS,IN_ISDIR
2026-09-04T07:39:14.649825Z;/home/runner/work/gson/gson/extras/src/test/java/com/google/gson;interceptors;IN_ACCESS,IN_ISDIR
2026-09-04T07:39:14.650136Z;/home/runner/work/gson/gson/extras/src/test/java/com/google/gson/interceptors;;IN_ACCESS,IN_ISDIR
2026-09-04T07:39:14.650495Z;/home/runner/work/gson/gson/extras/src/test/java/com/google/gson;interceptors;IN_ACCESS,IN_ISDIR
2026-09-04T07:39:14.650832Z;/home/runner/work/gson/gson/extras/src/test/java/com/google/gson/interceptors;;IN_ACCESS,IN_ISDIR
2026-09-04T07:39:14.651151Z;/home/runner/work/gson/gson/extras/src/main/java/com/google/gson/typeadapters;PostConstructAdapterFactory.java;IN_ACCESS
2026-09-04T07:39:14.771848Z;/home/runner/work/gson/gson/extras/src/main/java/com/google/gson/typeadapters;UtcDateTypeAdapter.java;IN_ACCESS
2026-09-04T07:39:14.893162Z;/home/runner/work/gson/gson/extras/src/main/java/com/google/gson/typeadapters;RuntimeTypeAdapterFactory.java;IN_ACCESS
2026-09-04T07:39:14.975157Z;/home/runner/work/gson/gson/extras/src/main/java/com/google/gson/extras/examples/rawcollections;RawCollectionsExample.java;IN_ACCESS
2026-09-04T07:39:14.985810Z;/home/runner/work/gson/gson/extras/src/main/java/com/google/gson/interceptors;JsonPostDeserializer.java;IN_ACCESS
2026-09-04T07:39:14.990591Z;/home/runner/work/gson/gson/extras/src/main/java/com/google/gson/interceptors;InterceptorFactory.java;IN_ACCESS
2026-09-04T07:39:15.000951Z;/home/runner/work/gson/gson/extras/src/main/java/com/google/gson/interceptors;Intercept.java;IN_ACCESS
2026-09-04T07:39:15.007137Z;/home/runner/work/gson/gson/extras/src/test/java/com/google/gson/typeadapters;RuntimeTypeAdapterFactoryTest.java;IN_ACCESS
2026-09-04T07:39:15.042437Z;/home/runner/work/gson/gson/extras/src/test/java/com/google/gson/typeadapters;UtcDateTypeAdapterTest.java;IN_ACCESS
2026-09-04T07:39:15.058903Z;/home/runner/work/gson/gson/extras/src/test/java/com/google/gson/typeadapters;PostConstructAdapterFactoryTest.java;IN_ACCESS
2026-09-04T07:39:15.074050Z;/home/runner/work/gson/gson/extras/src/test/java/com/google/gson/interceptors;InterceptorTest.java;IN_ACCESS
2026-09-04T07:39:15.098471Z;/home/runner/work/gson/gson/extras/target;spotless-index;IN_CREATE
2026-09-04T07:39:15.284912Z;/home/runner/work/gson/gson/proto;target;IN_ACCESS,IN_ISDIR
2026-09-04T07:39:15.285415Z;/home/runner/work/gson/gson/proto/target;;IN_ACCESS,IN_ISDIR
2026-09-04T07:39:15.286880Z;/home/runner/work/gson/gson/proto;target;IN_ACCESS,IN_ISDIR
2026-09-04T07:39:15.287396Z;/home/runner/work/gson/gson/proto/target;;IN_ACCESS,IN_ISDIR
2026-09-04T07:39:15.287717Z;/home/runner/work/gson/gson/proto/target;maven-status;IN_ACCESS,IN_ISDIR
2026-09-04T07:39:15.287984Z;/home/runner/work/gson/gson/proto/target/maven-status;;IN_ACCESS,IN_ISDIR
2026-09-04T07:39:15.288248Z;/home/runner/work/gson/gson/proto/target;maven-status;IN_ACCESS,IN_ISDIR
2026-09-04T07:39:15.288522Z;/home/runner/work/gson/gson/proto/target/maven-status;;IN_ACCESS,IN_ISDIR
2026-09-04T07:39:15.288933Z;/home/runner/work/gson/gson/proto/target/maven-status;maven-compiler-plugin;IN_ACCESS,IN_ISDIR
2026-09-04T07:39:15.289257Z;/home/runner/work/gson/gson/proto/target/maven-status/maven-compiler-plugin;;IN_ACCESS,IN_ISDIR
2026-09-04T07:39:15.289543Z;/home/runner/work/gson/gson/proto/target/maven-status;maven-compiler-plugin;IN_ACCESS,IN_ISDIR
2026-09-04T07:39:15.289988Z;/home/runner/work/gson/gson/proto/target/maven-status/maven-compiler-plugin;;IN_ACCESS,IN_ISDIR
2026-09-04T07:39:15.290271Z;/home/runner/work/gson/gson/proto/target/maven-status/maven-compiler-plugin;compile;IN_ACCESS,IN_ISDIR
2026-09-04T07:39:15.290841Z;/home/runner/work/gson/gson/proto/target/maven-status/maven-compiler-plugin/compile;;IN_ACCESS,IN_ISDIR
2026-09-04T07:39:15.291112Z;/home/runner/work/gson/gson/proto/target/maven-status/maven-compiler-plugin;compile;IN_ACCESS,IN_ISDIR
2026-09-04T07:39:15.291372Z;/home/runner/work/gson/gson/proto/target/maven-status/maven-compiler-plugin/compile;;IN_ACCESS,IN_ISDIR
2026-09-04T07:39:15.291638Z;/home/runner/work/gson/gson/proto/target/maven-status/maven-compiler-plugin/compile;default-compile;IN_ACCESS,IN_ISDIR
2026-09-04T07:39:15.291896Z;/home/runner/work/gson/gson/proto/target/maven-status/maven-compiler-plugin/compile/default-compile;;IN_ACCESS,IN_ISDIR
2026-09-04T07:39:15.292159Z;/home/runner/work/gson/gson/proto/target/maven-status/maven-compiler-plugin/compile;default-compile;IN_ACCESS,IN_ISDIR
2026-09-04T07:39:15.292429Z;/home/runner/work/gson/gson/proto/target/maven-status/maven-compiler-plugin/compile/default-compile;;IN_ACCESS,IN_ISDIR
2026-09-04T07:39:15.292784Z;/home/runner/work/gson/gson/proto/target/maven-status/maven-compiler-plugin/compile/default-compile;createdFiles.lst;IN_DELETE
2026-09-04T07:39:15.293057Z;/home/runner/work/gson/gson/proto/target/maven-status/maven-compiler-plugin/compile/default-compile;inputFiles.lst;IN_DELETE
2026-09-04T07:39:15.293364Z;/home/runner/work/gson/gson/proto/target/maven-status/maven-compiler-plugin/compile/default-compile;;IN_IGNORED
2026-09-04T07:39:15.293683Z;/home/runner/work/gson/gson/proto/target/maven-status/maven-compiler-plugin/compile;default-compile;IN_DELETE,IN_ISDIR
2026-09-04T07:39:15.293962Z;/home/runner/work/gson/gson/proto/target/maven-status/maven-compiler-plugin/compile;;IN_IGNORED
2026-09-04T07:39:15.294252Z;/home/runner/work/gson/gson/proto/target/maven-status/maven-compiler-plugin;compile;IN_DELETE,IN_ISDIR
2026-09-04T07:39:15.294532Z;/home/runner/work/gson/gson/proto/target/maven-status/maven-compiler-plugin;;IN_IGNORED
2026-09-04T07:39:15.294865Z;/home/runner/work/gson/gson/proto/target/maven-status;maven-compiler-plugin;IN_DELETE,IN_ISDIR
2026-09-04T07:39:15.295226Z;/home/runner/work/gson/gson/proto/target/maven-status;;IN_IGNORED
2026-09-04T07:39:15.295683Z;/home/runner/work/gson/gson/proto/target;maven-status;IN_DELETE,IN_ISDIR
2026-09-04T07:39:15.296169Z;/home/runner/work/gson/gson/proto/target;classes;IN_ACCESS,IN_ISDIR
2026-09-04T07:39:15.296445Z;/home/runner/work/gson/gson/proto/target/classes;;IN_ACCESS,IN_ISDIR
2026-09-04T07:39:15.296753Z;/home/runner/work/gson/gson/proto/target;classes;IN_ACCESS,IN_ISDIR
2026-09-04T07:39:15.297044Z;/home/runner/work/gson/gson/proto/target/classes;;IN_ACCESS,IN_ISDIR
2026-09-04T07:39:15.297339Z;/home/runner/work/gson/gson/proto/target/classes;com;IN_ACCESS,IN_ISDIR
2026-09-04T07:39:15.297632Z;/home/runner/work/gson/gson/proto/target/classes/com;;IN_ACCESS,IN_ISDIR
2026-09-04T07:39:15.297911Z;/home/runner/work/gson/gson/proto/target/classes;com;IN_ACCESS,IN_ISDIR
2026-09-04T07:39:15.298182Z;/home/runner/work/gson/gson/proto/target/classes/com;;IN_ACCESS,IN_ISDIR
2026-09-04T07:39:15.298454Z;/home/runner/work/gson/gson/proto/target/classes/com;google;IN_ACCESS,IN_ISDIR
2026-09-04T07:39:15.298775Z;/home/runner/work/gson/gson/proto/target/classes/com/google;;IN_ACCESS,IN_ISDIR
2026-09-04T07:39:15.299078Z;/home/runner/work/gson/gson/proto/target/classes/com;google;IN_ACCESS,IN_ISDIR
2026-09-04T07:39:15.299358Z;/home/runner/work/gson/gson/proto/target/classes/com/google;;IN_ACCESS,IN_ISDIR
2026-09-04T07:39:15.299636Z;/home/runner/work/gson/gson/proto/target/classes/com/google;gson;IN_ACCESS,IN_ISDIR
2026-09-04T07:39:15.299962Z;/home/runner/work/gson/gson/proto/target/classes/com/google/gson;;IN_ACCESS,IN_ISDIR
2026-09-04T07:39:15.300262Z;/home/runner/work/gson/gson/proto/target/classes/com/google;gson;IN_ACCESS,IN_ISDIR
2026-09-04T07:39:15.300705Z;/home/runner/work/gson/gson/proto/target/classes/com/google/gson;;IN_ACCESS,IN_ISDIR
2026-09-04T07:39:15.301030Z;/home/runner/work/gson/gson/proto/target/classes/com/google/gson;protobuf;IN_ACCESS,IN_ISDIR
2026-09-04T07:39:15.301350Z;/home/runner/work/gson/gson/proto/target/classes/com/google/gson/protobuf;;IN_ACCESS,IN_ISDIR
2026-09-04T07:39:15.301692Z;/home/runner/work/gson/gson/proto/target/classes/com/google/gson;protobuf;IN_ACCESS,IN_ISDIR
2026-09-04T07:39:15.302013Z;/home/runner/work/gson/gson/proto/target/classes/com/google/gson/protobuf;;IN_ACCESS,IN_ISDIR
2026-09-04T07:39:15.302330Z;/home/runner/work/gson/gson/proto/target/classes/com/google/gson/protobuf;StructTypeAdapter$1.class;IN_DELETE
2026-09-04T07:39:15.302640Z;/home/runner/work/gson/gson/proto/target/classes/com/google/gson/protobuf;LegacyProtoTypeAdapterFactory$Adapter.class;IN_DELETE
2026-09-04T07:39:15.302964Z;/home/runner/work/gson/gson/proto/target/classes/com/google/gson/protobuf;LegacyProtoTypeAdapterFactory$Adapter$1.class;IN_DELETE
2026-09-04T07:39:15.303285Z;/home/runner/work/gson/gson/proto/target/classes/com/google/gson/protobuf;LegacyProtoTypeAdapterFactory.class;IN_DELETE
2026-09-04T07:39:15.303617Z;/home/runner/work/gson/gson/proto/target/classes/com/google/gson/protobuf;ProtoTypeAdapter.class;IN_DELETE
2026-09-04T07:39:15.303924Z;/home/runner/work/gson/gson/proto/target/classes/com/google/gson/protobuf;ProtoTypeAdapter$Builder.class;IN_DELETE
2026-09-04T07:39:15.304227Z;/home/runner/work/gson/gson/proto/target/classes/com/google/gson/protobuf;LegacyProtoTypeAdapterFactory$1.class;IN_DELETE
2026-09-04T07:39:15.304531Z;/home/runner/work/gson/gson/proto/target/classes/com/google/gson/protobuf;LegacyProtoTypeAdapterFactory$DynamicAdapter.class;IN_DELETE
2026-09-04T07:39:15.304865Z;/home/runner/work/gson/gson/proto/target/classes/com/google/gson/protobuf;ProtoTypeAdapter$EnumSerialization.class;IN_DELETE
2026-09-04T07:39:15.305167Z;/home/runner/work/gson/gson/proto/target/classes/com/google/gson/protobuf;StructTypeAdapter.class;IN_DELETE
2026-09-04T07:39:15.306598Z;/home/runner/work/gson/gson/proto/target/classes/com/google/gson/protobuf;ProtoTypeAdapter$1.class;IN_DELETE
2026-09-04T07:39:15.307066Z;/home/runner/work/gson/gson/proto/target/classes/com/google/gson/protobuf;;IN_IGNORED
2026-09-04T07:39:15.307434Z;/home/runner/work/gson/gson/proto/target/classes/com/google/gson;protobuf;IN_DELETE,IN_ISDIR
2026-09-04T07:39:15.307888Z;/home/runner/work/gson/gson/proto/target/classes/com/google/gson;;IN_IGNORED
2026-09-04T07:39:15.308246Z;/home/runner/work/gson/gson/proto/target/classes/com/google;gson;IN_DELETE,IN_ISDIR
2026-09-04T07:39:15.308588Z;/home/runner/work/gson/gson/proto/target/classes/com/google;;IN_IGNORED
2026-09-04T07:39:15.308934Z;/home/runner/work/gson/gson/proto/target/classes/com;google;IN_DELETE,IN_ISDIR
2026-09-04T07:39:15.309259Z;/home/runner/work/gson/gson/proto/target/classes/com;;IN_IGNORED
2026-09-04T07:39:15.309604Z;/home/runner/work/gson/gson/proto/target/classes;com;IN_DELETE,IN_ISDIR
2026-09-04T07:39:15.309958Z;/home/runner/work/gson/gson/proto/target/classes;;IN_IGNORED
2026-09-04T07:39:15.310351Z;/home/runner/work/gson/gson/proto/target;classes;IN_DELETE,IN_ISDIR
2026-09-04T07:39:15.310696Z;/home/runner/work/gson/gson/proto/target;gson-proto.jar;IN_DELETE
2026-09-04T07:39:15.311028Z;/home/runner/work/gson/gson/proto/target;spotless-index;IN_DELETE
2026-09-04T07:39:15.311375Z;/home/runner/work/gson/gson/proto/target;generated-sources;IN_ACCESS,IN_ISDIR
2026-09-04T07:39:15.311725Z;/home/runner/work/gson/gson/proto/target/generated-sources;;IN_ACCESS,IN_ISDIR
2026-09-04T07:39:15.312080Z;/home/runner/work/gson/gson/proto/target;generated-sources;IN_ACCESS,IN_ISDIR
2026-09-04T07:39:15.312433Z;/home/runner/work/gson/gson/proto/target/generated-sources;;IN_ACCESS,IN_ISDIR
2026-09-04T07:39:15.312779Z;/home/runner/work/gson/gson/proto/target/generated-sources;annotations;IN_ACCESS,IN_ISDIR
2026-09-04T07:39:15.313133Z;/home/runner/work/gson/gson/proto/target/generated-sources/annotations;;IN_ACCESS,IN_ISDIR
2026-09-04T07:39:15.313485Z;/home/runner/work/gson/gson/proto/target/generated-sources;annotations;IN_ACCESS,IN_ISDIR
2026-09-04T07:39:15.313840Z;/home/runner/work/gson/gson/proto/target/generated-sources/annotations;;IN_ACCESS,IN_ISDIR
2026-09-04T07:39:15.315011Z;/home/runner/work/gson/gson/proto/target/generated-sources/annotations;;IN_IGNORED
2026-09-04T07:39:15.315356Z;/home/runner/work/gson/gson/proto/target/generated-sources;annotations;IN_DELETE,IN_ISDIR
2026-09-04T07:39:15.315700Z;/home/runner/work/gson/gson/proto/target/generated-sources;;IN_IGNORED
2026-09-04T07:39:15.316052Z;/home/runner/work/gson/gson/proto/target;generated-sources;IN_DELETE,IN_ISDIR
2026-09-04T07:39:15.316407Z;/home/runner/work/gson/gson/proto/target;maven-archiver;IN_ACCESS,IN_ISDIR
2026-09-04T07:39:15.316764Z;/home/runner/work/gson/gson/proto/target/maven-archiver;;IN_ACCESS,IN_ISDIR
2026-09-04T07:39:15.317111Z;/home/runner/work/gson/gson/proto/target;maven-archiver;IN_ACCESS,IN_ISDIR
2026-09-04T07:39:15.317459Z;/home/runner/work/gson/gson/proto/target/maven-archiver;;IN_ACCESS,IN_ISDIR
2026-09-04T07:39:15.317789Z;/home/runner/work/gson/gson/proto/target/maven-archiver;pom.properties;IN_DELETE
2026-09-04T07:39:15.320625Z;/home/runner/work/gson/gson/proto/target/maven-archiver;;IN_IGNORED
2026-09-04T07:39:15.321090Z;/home/runner/work/gson/gson/proto/target;maven-archiver;IN_DELETE,IN_ISDIR
2026-09-04T07:39:15.321462Z;/home/runner/work/gson/gson/proto/target;;IN_IGNORED
2026-09-04T07:39:15.321851Z;/home/runner/work/gson/gson/proto;target;IN_DELETE,IN_ISDIR
2026-09-04T07:39:15.322520Z;/home/runner/work/gson/gson/proto;target;IN_CREATE,IN_ISDIR
2026-09-04T07:39:15.322844Z;/home/runner/work/gson/gson/proto/src/main;java;IN_ACCESS,IN_ISDIR
2026-09-04T07:39:15.323144Z;/home/runner/work/gson/gson/proto/src/main/java;;IN_ACCESS,IN_ISDIR
2026-09-04T07:39:15.323438Z;/home/runner/work/gson/gson/proto/src/main;java;IN_ACCESS,IN_ISDIR
2026-09-04T07:39:15.323751Z;/home/runner/work/gson/gson/proto/src/main/java;;IN_ACCESS,IN_ISDIR
2026-09-04T07:39:15.324043Z;/home/runner/work/gson/gson/proto/src/main/java;com;IN_ACCESS,IN_ISDIR
2026-09-04T07:39:15.324335Z;/home/runner/work/gson/gson/proto/src/main/java/com;;IN_ACCESS,IN_ISDIR
2026-09-04T07:39:15.325462Z;/home/runner/work/gson/gson/proto/src/main/java;com;IN_ACCESS,IN_ISDIR
2026-09-04T07:39:15.325811Z;/home/runner/work/gson/gson/proto/src/main/java/com;;IN_ACCESS,IN_ISDIR
2026-09-04T07:39:15.326147Z;/home/runner/work/gson/gson/proto/src/main/java/com;google;IN_ACCESS,IN_ISDIR
2026-09-04T07:39:15.326589Z;/home/runner/work/gson/gson/proto/src/main/java/com/google;;IN_ACCESS,IN_ISDIR
2026-09-04T07:39:15.326964Z;/home/runner/work/gson/gson/proto/src/main/java/com;google;IN_ACCESS,IN_ISDIR
2026-09-04T07:39:15.327308Z;/home/runner/work/gson/gson/proto/src/main/java/com/google;;IN_ACCESS,IN_ISDIR
2026-09-04T07:39:15.327634Z;/home/runner/work/gson/gson/proto/src/main/java/com/google;gson;IN_ACCESS,IN_ISDIR
2026-09-04T07:39:15.327946Z;/home/runner/work/gson/gson/proto/src/main/java/com/google/gson;;IN_ACCESS,IN_ISDIR
2026-09-04T07:39:15.328295Z;/home/runner/work/gson/gson/proto/src/main/java/com/google;gson;IN_ACCESS,IN_ISDIR
2026-09-04T07:39:15.328643Z;/home/runner/work/gson/gson/proto/src/main/java/com/google/gson;;IN_ACCESS,IN_ISDIR
2026-09-04T07:39:15.328978Z;/home/runner/work/gson/gson/proto/src/main/java/com/google/gson;protobuf;IN_ACCESS,IN_ISDIR
2026-09-04T07:39:15.329293Z;/home/runner/work/gson/gson/proto/src/main/java/com/google/gson/protobuf;;IN_ACCESS,IN_ISDIR
2026-09-04T07:39:15.329613Z;/home/runner/work/gson/gson/proto/src/main/java/com/google/gson;protobuf;IN_ACCESS,IN_ISDIR
2026-09-04T07:39:15.329914Z;/home/runner/work/gson/gson/proto/src/main/java/com/google/gson/protobuf;;IN_ACCESS,IN_ISDIR
2026-09-04T07:39:15.330213Z;/home/runner/work/gson/gson/proto/src/main;java;IN_ACCESS,IN_ISDIR
2026-09-04T07:39:15.330511Z;/home/runner/work/gson/gson/proto/src/main/java;;IN_ACCESS,IN_ISDIR
2026-09-04T07:39:15.330833Z;/home/runner/work/gson/gson/proto/src/main;java;IN_ACCESS,IN_ISDIR
2026-09-04T07:39:15.331156Z;/home/runner/work/gson/gson/proto/src/main/java;;IN_ACCESS,IN_ISDIR
2026-09-04T07:39:15.331479Z;/home/runner/work/gson/gson/proto/src/main/java;com;IN_ACCESS,IN_ISDIR
2026-09-04T07:39:15.331813Z;/home/runner/work/gson/gson/proto/src/main/java/com;;IN_ACCESS,IN_ISDIR
2026-09-04T07:39:15.333582Z;/home/runner/work/gson/gson/proto/src/main/java;com;IN_ACCESS,IN_ISDIR
2026-09-04T07:39:15.333941Z;/home/runner/work/gson/gson/proto/src/main/java/com;;IN_ACCESS,IN_ISDIR
2026-09-04T07:39:15.334330Z;/home/runner/work/gson/gson/proto/src/main/java/com;google;IN_ACCESS,IN_ISDIR
2026-09-04T07:39:15.334652Z;/home/runner/work/gson/gson/proto/src/main/java/com/google;;IN_ACCESS,IN_ISDIR
2026-09-04T07:39:15.334961Z;/home/runner/work/gson/gson/proto/src/main/java/com;google;IN_ACCESS,IN_ISDIR
2026-09-04T07:39:15.335238Z;/home/runner/work/gson/gson/proto/src/main/java/com/google;;IN_ACCESS,IN_ISDIR
2026-09-04T07:39:15.335524Z;/home/runner/work/gson/gson/proto/src/main/java/com/google;gson;IN_ACCESS,IN_ISDIR
2026-09-04T07:39:15.335873Z;/home/runner/work/gson/gson/proto/src/main/java/com/google/gson;;IN_ACCESS,IN_ISDIR
2026-09-04T07:39:15.336206Z;/home/runner/work/gson/gson/proto/src/main/java/com/google;gson;IN_ACCESS,IN_ISDIR
2026-09-04T07:39:15.339624Z;/home/runner/work/gson/gson/proto/src/main/java/com/google/gson;;IN_ACCESS,IN_ISDIR
2026-09-04T07:39:15.340017Z;/home/runner/work/gson/gson/proto/src/main/java/com/google/gson;protobuf;IN_ACCESS,IN_ISDIR
2026-09-04T07:39:15.340368Z;/home/runner/work/gson/gson/proto/src/main/java/com/google/gson/protobuf;;IN_ACCESS,IN_ISDIR
2026-09-04T07:39:15.340697Z;/home/runner/work/gson/gson/proto/src/main/java/com/google/gson;protobuf;IN_ACCESS,IN_ISDIR
2026-09-04T07:39:15.341015Z;/home/runner/work/gson/gson/proto/src/main/java/com/google/gson/protobuf;;IN_ACCESS,IN_ISDIR
2026-09-04T07:39:15.341323Z;/home/runner/work/gson/gson/gson/target;gson-2.14.1-SNAPSHOT.jar;IN_ACCESS
2026-09-04T07:39:15.341679Z;/home/runner/work/gson/gson/proto/src/main/java/com/google/gson/protobuf;LegacyProtoTypeAdapterFactory.java;IN_ACCESS
2026-09-04T07:39:15.341981Z;/home/runner/work/gson/gson/proto;target;IN_ACCESS,IN_ISDIR
2026-09-04T07:39:15.342266Z;/home/runner/work/gson/gson/proto/src/main/java/com/google/gson/protobuf;ProtoTypeAdapter.java;IN_ACCESS
2026-09-04T07:39:15.342724Z;/home/runner/work/gson/gson/proto/src/main/java/com/google/gson/protobuf;StructTypeAdapter.java;IN_ACCESS
2026-09-04T07:39:15.343036Z;/home/runner/work/gson/gson/gson/target;gson-2.14.1-SNAPSHOT.jar;IN_ACCESS
2026-09-04T07:39:15.343486Z;/home/runner/work/gson/gson/proto/src/main/java/com/google/gson;protobuf;IN_ACCESS,IN_ISDIR
2026-09-04T07:39:15.345800Z;/home/runner/work/gson/gson/proto/src/main/java/com/google/gson/protobuf;;IN_ACCESS,IN_ISDIR
2026-09-04T07:39:15.346146Z;/home/runner/work/gson/gson/proto/src/main/java/com/google/gson;protobuf;IN_ACCESS,IN_ISDIR
2026-09-04T07:39:15.346456Z;/home/runner/work/gson/gson/proto/src/main/java/com/google/gson/protobuf;;IN_ACCESS,IN_ISDIR
2026-09-04T07:39:15.348693Z;/home/runner/work/gson/gson/proto/src/main/java/com/google;gson;IN_ACCESS,IN_ISDIR
2026-09-04T07:39:15.349077Z;/home/runner/work/gson/gson/proto/src/main/java/com/google/gson;;IN_ACCESS,IN_ISDIR
2026-09-04T07:39:15.349404Z;/home/runner/work/gson/gson/proto/src/main/java/com/google;gson;IN_ACCESS,IN_ISDIR
2026-09-04T07:39:15.349701Z;/home/runner/work/gson/gson/proto/src/main/java/com/google/gson;;IN_ACCESS,IN_ISDIR
2026-09-04T07:39:15.350843Z;/home/runner/work/gson/gson/proto/src/main/java/com;google;IN_ACCESS,IN_ISDIR
2026-09-04T07:39:15.351149Z;/home/runner/work/gson/gson/proto/src/main/java/com/google;;IN_ACCESS,IN_ISDIR
2026-09-04T07:39:15.351431Z;/home/runner/work/gson/gson/proto/src/main/java/com;google;IN_ACCESS,IN_ISDIR
2026-09-04T07:39:15.351706Z;/home/runner/work/gson/gson/proto/src/main/java/com/google;;IN_ACCESS,IN_ISDIR
2026-09-04T07:39:15.353019Z;/home/runner/work/gson/gson/proto/src/main/java;com;IN_ACCESS,IN_ISDIR
2026-09-04T07:39:15.353366Z;/home/runner/work/gson/gson/proto/src/main/java/com;;IN_ACCESS,IN_ISDIR
2026-09-04T07:39:15.353689Z;/home/runner/work/gson/gson/proto/src/main/java;com;IN_ACCESS,IN_ISDIR
2026-09-04T07:39:15.354036Z;/home/runner/work/gson/gson/proto/src/main/java/com;;IN_ACCESS,IN_ISDIR
2026-09-04T07:39:15.379277Z;/home/runner/work/gson/gson/gson/target;gson-2.14.1-SNAPSHOT.jar;IN_ACCESS
2026-09-04T07:39:15.379952Z;/home/runner/work/gson/gson/gson/target;gson-2.14.1-SNAPSHOT.jar;IN_ACCESS
2026-09-04T07:39:15.380356Z;/home/runner/work/gson/gson/gson/target;gson-2.14.1-SNAPSHOT.jar;IN_ACCESS
2026-09-04T07:39:15.381467Z;/home/runner/work/gson/gson/gson/target;gson-2.14.1-SNAPSHOT.jar;IN_ACCESS
2026-09-04T07:39:15.382875Z;/home/runner/work/gson/gson/gson/target;gson-2.14.1-SNAPSHOT.jar;IN_ACCESS
2026-09-04T07:39:15.383270Z;/home/runner/work/gson/gson/gson/target;gson-2.14.1-SNAPSHOT.jar;IN_ACCESS
2026-09-04T07:39:15.383596Z;/home/runner/work/gson/gson/gson/target;gson-2.14.1-SNAPSHOT.jar;IN_ACCESS
2026-09-04T07:39:15.416716Z;/home/runner/work/gson/gson/gson/target;gson-2.14.1-SNAPSHOT.jar;IN_ACCESS
2026-09-04T07:39:15.419838Z;/home/runner/work/gson/gson/gson/target;gson-2.14.1-SNAPSHOT.jar;IN_ACCESS
2026-09-04T07:39:15.425896Z;/home/runner/work/gson/gson/gson/target;gson-2.14.1-SNAPSHOT.jar;IN_ACCESS
2026-09-04T07:39:15.427788Z;/home/runner/work/gson/gson/gson/target;gson-2.14.1-SNAPSHOT.jar;IN_ACCESS
2026-09-04T07:39:15.438478Z;/home/runner/work/gson/gson/gson/target;gson-2.14.1-SNAPSHOT.jar;IN_ACCESS
2026-09-04T07:39:15.438974Z;/home/runner/work/gson/gson/gson/target;gson-2.14.1-SNAPSHOT.jar;IN_ACCESS
2026-09-04T07:39:15.458826Z;/home/runner/work/gson/gson/gson/target;gson-2.14.1-SNAPSHOT.jar;IN_ACCESS
2026-09-04T07:39:15.459358Z;/home/runner/work/gson/gson/gson/target;gson-2.14.1-SNAPSHOT.jar;IN_ACCESS
2026-09-04T07:39:15.496934Z;/home/runner/work/gson/gson/proto/target/classes;com;IN_CREATE,IN_ISDIR
2026-09-04T07:39:15.497486Z;/home/runner/work/gson/gson/proto/target/classes;com;IN_ACCESS,IN_ISDIR
2026-09-04T07:39:15.504607Z;/home/runner/work/gson/gson/proto/target/classes/com/google/gson/protobuf;LegacyProtoTypeAdapterFactory$Adapter.class;IN_CREATE
2026-09-04T07:39:15.506297Z;/home/runner/work/gson/gson/proto/target/classes/com/google/gson/protobuf;LegacyProtoTypeAdapterFactory$DynamicAdapter.class;IN_CREATE
2026-09-04T07:39:15.507538Z;/home/runner/work/gson/gson/proto/target/classes/com/google/gson/protobuf;LegacyProtoTypeAdapterFactory$1.class;IN_CREATE
2026-09-04T07:39:15.508211Z;/home/runner/work/gson/gson/proto/target/classes/com/google/gson/protobuf;LegacyProtoTypeAdapterFactory.class;IN_CREATE
2026-09-04T07:39:15.531691Z;/home/runner/work/gson/gson/proto/target/classes/com/google/gson/protobuf;ProtoTypeAdapter$EnumSerialization.class;IN_CREATE
2026-09-04T07:39:15.534746Z;/home/runner/work/gson/gson/proto/target/classes/com/google/gson/protobuf;ProtoTypeAdapter$Builder.class;IN_CREATE
2026-09-04T07:39:15.535078Z;/home/runner/work/gson/gson/proto/target/classes/com/google/gson/protobuf;ProtoTypeAdapter$1.class;IN_CREATE
2026-09-04T07:39:15.536839Z;/home/runner/work/gson/gson/proto/target/classes/com/google/gson/protobuf;ProtoTypeAdapter.class;IN_CREATE
2026-09-04T07:39:15.539692Z;/home/runner/work/gson/gson/proto/target/classes/com/google/gson/protobuf;StructTypeAdapter$1.class;IN_CREATE
2026-09-04T07:39:15.540208Z;/home/runner/work/gson/gson/proto/target/classes/com/google/gson/protobuf;StructTypeAdapter.class;IN_CREATE
2026-09-04T07:39:15.541224Z;/home/runner/work/gson/gson/proto/target;classes;IN_ACCESS,IN_ISDIR
2026-09-04T07:39:15.541701Z;/home/runner/work/gson/gson/proto/target/classes;;IN_ACCESS,IN_ISDIR
2026-09-04T07:39:15.542278Z;/home/runner/work/gson/gson/proto/target;classes;IN_ACCESS,IN_ISDIR
2026-09-04T07:39:15.542698Z;/home/runner/work/gson/gson/proto/target/classes;;IN_ACCESS,IN_ISDIR
2026-09-04T07:39:15.543011Z;/home/runner/work/gson/gson/proto/target/classes;com;IN_ACCESS,IN_ISDIR
2026-09-04T07:39:15.543304Z;/home/runner/work/gson/gson/proto/target/classes/com;;IN_ACCESS,IN_ISDIR
2026-09-04T07:39:15.543633Z;/home/runner/work/gson/gson/proto/target/classes;com;IN_ACCESS,IN_ISDIR
2026-09-04T07:39:15.543964Z;/home/runner/work/gson/gson/proto/target/classes/com;;IN_ACCESS,IN_ISDIR
2026-09-04T07:39:15.544339Z;/home/runner/work/gson/gson/proto/target/classes/com;google;IN_ACCESS,IN_ISDIR
2026-09-04T07:39:15.544664Z;/home/runner/work/gson/gson/proto/target/classes/com/google;;IN_ACCESS,IN_ISDIR
2026-09-04T07:39:15.544992Z;/home/runner/work/gson/gson/proto/target/classes/com;google;IN_ACCESS,IN_ISDIR
2026-09-04T07:39:15.545319Z;/home/runner/work/gson/gson/proto/target/classes/com/google;;IN_ACCESS,IN_ISDIR
2026-09-04T07:39:15.545642Z;/home/runner/work/gson/gson/proto/target/classes/com/google;gson;IN_ACCESS,IN_ISDIR
2026-09-04T07:39:15.545960Z;/home/runner/work/gson/gson/proto/target/classes/com/google/gson;;IN_ACCESS,IN_ISDIR
2026-09-04T07:39:15.546285Z;/home/runner/work/gson/gson/proto/target/classes/com/google;gson;IN_ACCESS,IN_ISDIR
2026-09-04T07:39:15.547851Z;/home/runner/work/gson/gson/proto/target/classes/com/google/gson;;IN_ACCESS,IN_ISDIR
2026-09-04T07:39:15.548850Z;/home/runner/work/gson/gson/proto/target/classes/com/google/gson;protobuf;IN_ACCESS,IN_ISDIR
2026-09-04T07:39:15.549992Z;/home/runner/work/gson/gson/proto/target/classes/com/google/gson/protobuf;;IN_ACCESS,IN_ISDIR
2026-09-04T07:39:15.550318Z;/home/runner/work/gson/gson/proto/target/classes/com/google/gson;protobuf;IN_ACCESS,IN_ISDIR
2026-09-04T07:39:15.550648Z;/home/runner/work/gson/gson/proto/target/classes/com/google/gson/protobuf;;IN_ACCESS,IN_ISDIR
2026-09-04T07:39:15.550946Z;/home/runner/work/gson/gson/proto/target/maven-status/maven-compiler-plugin/compile/default-compile;createdFiles.lst;IN_CREATE
2026-09-04T07:39:15.767209Z;/home/runner/work/gson/gson/proto/target;classes;IN_ACCESS,IN_ISDIR
2026-09-04T07:39:15.768884Z;/home/runner/work/gson/gson/proto/target/classes;;IN_ACCESS,IN_ISDIR
2026-09-04T07:39:15.770629Z;/home/runner/work/gson/gson/proto/target;classes;IN_ACCESS,IN_ISDIR
2026-09-04T07:39:15.771003Z;/home/runner/work/gson/gson/proto/target/classes;;IN_ACCESS,IN_ISDIR
2026-09-04T07:39:15.771864Z;/home/runner/work/gson/gson/proto/target/classes;com;IN_ACCESS,IN_ISDIR
2026-09-04T07:39:15.772263Z;/home/runner/work/gson/gson/proto/target/classes/com;;IN_ACCESS,IN_ISDIR
2026-09-04T07:39:15.772633Z;/home/runner/work/gson/gson/proto/target/classes;com;IN_ACCESS,IN_ISDIR
2026-09-04T07:39:15.773072Z;/home/runner/work/gson/gson/proto/target/classes/com;;IN_ACCESS,IN_ISDIR
2026-09-04T07:39:15.773468Z;/home/runner/work/gson/gson/proto/target/classes/com;google;IN_ACCESS,IN_ISDIR
2026-09-04T07:39:15.774066Z;/home/runner/work/gson/gson/proto/target/classes/com/google;;IN_ACCESS,IN_ISDIR
2026-09-04T07:39:15.774697Z;/home/runner/work/gson/gson/proto/target/classes/com;google;IN_ACCESS,IN_ISDIR
2026-09-04T07:39:15.775005Z;/home/runner/work/gson/gson/proto/target/classes/com/google;;IN_ACCESS,IN_ISDIR
2026-09-04T07:39:15.777877Z;/home/runner/work/gson/gson/proto/target/classes/com/google;gson;IN_ACCESS,IN_ISDIR
2026-09-04T07:39:15.778222Z;/home/runner/work/gson/gson/proto/target/classes/com/google/gson;;IN_ACCESS,IN_ISDIR
2026-09-04T07:39:15.778533Z;/home/runner/work/gson/gson/proto/target/classes/com/google;gson;IN_ACCESS,IN_ISDIR
2026-09-04T07:39:15.779099Z;/home/runner/work/gson/gson/proto/target/classes/com/google/gson;;IN_ACCESS,IN_ISDIR
2026-09-04T07:39:15.779513Z;/home/runner/work/gson/gson/proto/target/classes/com/google/gson;protobuf;IN_ACCESS,IN_ISDIR
2026-09-04T07:39:15.779875Z;/home/runner/work/gson/gson/proto/target/classes/com/google/gson/protobuf;;IN_ACCESS,IN_ISDIR
2026-09-04T07:39:15.780347Z;/home/runner/work/gson/gson/proto/target/classes/com/google/gson;protobuf;IN_ACCESS,IN_ISDIR
2026-09-04T07:39:15.781534Z;/home/runner/work/gson/gson/proto/target/classes/com/google/gson/protobuf;;IN_ACCESS,IN_ISDIR
2026-09-04T07:39:15.781981Z;/home/runner/work/gson/gson/proto/target;maven-archiver;IN_CREATE,IN_ISDIR
2026-09-04T07:39:15.782428Z;/home/runner/work/gson/gson/proto/target;classes;IN_ACCESS,IN_ISDIR
2026-09-04T07:39:15.782730Z;/home/runner/work/gson/gson/proto/target/classes;;IN_ACCESS,IN_ISDIR
2026-09-04T07:39:15.785816Z;/home/runner/work/gson/gson/proto/target;classes;IN_ACCESS,IN_ISDIR
2026-09-04T07:39:15.786134Z;/home/runner/work/gson/gson/proto/target/classes;;IN_ACCESS,IN_ISDIR
2026-09-04T07:39:15.786435Z;/home/runner/work/gson/gson/proto/target/classes;com;IN_ACCESS,IN_ISDIR
2026-09-04T07:39:15.786749Z;/home/runner/work/gson/gson/proto/target/classes/com;;IN_ACCESS,IN_ISDIR
2026-09-04T07:39:15.787056Z;/home/runner/work/gson/gson/proto/target/classes;com;IN_ACCESS,IN_ISDIR
2026-09-04T07:39:15.787349Z;/home/runner/work/gson/gson/proto/target/classes/com;;IN_ACCESS,IN_ISDIR
2026-09-04T07:39:15.787652Z;/home/runner/work/gson/gson/proto/target/classes/com;google;IN_ACCESS,IN_ISDIR
2026-09-04T07:39:15.789811Z;/home/runner/work/gson/gson/proto/target/classes/com/google;;IN_ACCESS,IN_ISDIR
2026-09-04T07:39:15.790135Z;/home/runner/work/gson/gson/proto/target/classes/com;google;IN_ACCESS,IN_ISDIR
2026-09-04T07:39:15.792809Z;/home/runner/work/gson/gson/proto/target/classes/com/google;;IN_ACCESS,IN_ISDIR
2026-09-04T07:39:15.793132Z;/home/runner/work/gson/gson/proto/target/classes/com/google;gson;IN_ACCESS,IN_ISDIR
2026-09-04T07:39:15.795740Z;/home/runner/work/gson/gson/proto/target/classes/com/google/gson;;IN_ACCESS,IN_ISDIR
2026-09-04T07:39:15.796286Z;/home/runner/work/gson/gson/proto/target/classes/com/google;gson;IN_ACCESS,IN_ISDIR
2026-09-04T07:39:15.796726Z;/home/runner/work/gson/gson/proto/target/classes/com/google/gson;;IN_ACCESS,IN_ISDIR
2026-09-04T07:39:15.797031Z;/home/runner/work/gson/gson/proto/target/classes/com/google/gson;protobuf;IN_ACCESS,IN_ISDIR
2026-09-04T07:39:15.797374Z;/home/runner/work/gson/gson/proto/target/classes/com/google/gson/protobuf;;IN_ACCESS,IN_ISDIR
2026-09-04T07:39:15.797684Z;/home/runner/work/gson/gson/proto/target/classes/com/google/gson;protobuf;IN_ACCESS,IN_ISDIR
2026-09-04T07:39:15.797959Z;/home/runner/work/gson/gson/proto/target/classes/com/google/gson/protobuf;;IN_ACCESS,IN_ISDIR
2026-09-04T07:39:15.798250Z;/home/runner/work/gson/gson/proto/target;gson-proto.jar;IN_CREATE
2026-09-04T07:39:15.798605Z;/home/runner/work/gson/gson/proto/target/classes/com/google/gson/protobuf;LegacyProtoTypeAdapterFactory$1.class;IN_ACCESS
2026-09-04T07:39:15.798924Z;/home/runner/work/gson/gson/proto/target/classes/com/google/gson/protobuf;LegacyProtoTypeAdapterFactory$Adapter$1.class;IN_ACCESS
2026-09-04T07:39:15.799236Z;/home/runner/work/gson/gson/proto/target/classes/com/google/gson/protobuf;LegacyProtoTypeAdapterFactory$Adapter.class;IN_ACCESS
2026-09-04T07:39:15.799670Z;/home/runner/work/gson/gson/proto/target/classes/com/google/gson/protobuf;LegacyProtoTypeAdapterFactory$DynamicAdapter.class;IN_ACCESS
2026-09-04T07:39:15.799990Z;/home/runner/work/gson/gson/proto/target/classes/com/google/gson/protobuf;LegacyProtoTypeAdapterFactory$Adapter.class;IN_ACCESS
2026-09-04T07:39:15.800298Z;/home/runner/work/gson/gson/proto/target/classes/com/google/gson/protobuf;LegacyProtoTypeAdapterFactory.class;IN_ACCESS
2026-09-04T07:39:15.800596Z;/home/runner/work/gson/gson/proto/target/classes/com/google/gson/protobuf;LegacyProtoTypeAdapterFactory$Adapter.class;IN_ACCESS
2026-09-04T07:39:15.800893Z;/home/runner/work/gson/gson/proto/target/classes/com/google/gson/protobuf;ProtoTypeAdapter$1.class;IN_ACCESS
2026-09-04T07:39:15.801192Z;/home/runner/work/gson/gson/proto/target/classes/com/google/gson/protobuf;ProtoTypeAdapter$Builder.class;IN_ACCESS
2026-09-04T07:39:15.801483Z;/home/runner/work/gson/gson/proto/target/classes/com/google/gson/protobuf;ProtoTypeAdapter$EnumSerialization.class;IN_ACCESS
2026-09-04T07:39:15.801795Z;/home/runner/work/gson/gson/proto/target/classes/com/google/gson/protobuf;ProtoTypeAdapter.class;IN_ACCESS
2026-09-04T07:39:15.802119Z;/home/runner/work/gson/gson/proto/target/classes/com/google/gson/protobuf;StructTypeAdapter$1.class;IN_ACCESS
2026-09-04T07:39:15.802434Z;/home/runner/work/gson/gson/proto/target/classes/com/google/gson/protobuf;ProtoTypeAdapter.class;IN_ACCESS
2026-09-04T07:39:15.802731Z;/home/runner/work/gson/gson/proto/target/classes/com/google/gson/protobuf;StructTypeAdapter.class;IN_ACCESS
2026-09-04T07:39:15.803052Z;/home/runner/work/gson/gson/proto;pom.xml;IN_ACCESS
2026-09-04T07:39:15.803346Z;/home/runner/work/gson/gson/proto/target/classes/com/google/gson/protobuf;ProtoTypeAdapter.class;IN_ACCESS
2026-09-04T07:39:15.803645Z;/home/runner/work/gson/gson/proto/target;maven-archiver;IN_ACCESS,IN_ISDIR
2026-09-04T07:39:15.804166Z;/home/runner/work/gson/gson;proto;IN_ACCESS,IN_ISDIR
2026-09-04T07:39:15.804488Z;/home/runner/work/gson/gson/proto;;IN_ACCESS,IN_ISDIR
2026-09-04T07:39:15.804810Z;/home/runner/work/gson/gson;proto;IN_ACCESS,IN_ISDIR
2026-09-04T07:39:15.805128Z;/home/runner/work/gson/gson/proto;;IN_ACCESS,IN_ISDIR
2026-09-04T07:39:15.805482Z;/home/runner/work/gson/gson/.git;HEAD;IN_ACCESS
2026-09-04T07:39:15.805779Z;/home/runner/work/gson/gson/.git;config;IN_ACCESS
2026-09-04T07:39:15.806119Z;/home/runner/work/gson/gson;proto;IN_ACCESS,IN_ISDIR
2026-09-04T07:39:15.806400Z;/home/runner/work/gson/gson/proto;;IN_ACCESS,IN_ISDIR
2026-09-04T07:39:15.806697Z;/home/runner/work/gson/gson;proto;IN_ACCESS,IN_ISDIR
2026-09-04T07:39:15.806979Z;/home/runner/work/gson/gson/proto;;IN_ACCESS,IN_ISDIR
2026-09-04T07:39:15.807290Z;/home/runner/work/gson/gson/proto;src;IN_ACCESS,IN_ISDIR
2026-09-04T07:39:15.807596Z;/home/runner/work/gson/gson/proto/src;;IN_ACCESS,IN_ISDIR
2026-09-04T07:39:15.807910Z;/home/runner/work/gson/gson/proto;src;IN_ACCESS,IN_ISDIR
2026-09-04T07:39:15.808217Z;/home/runner/work/gson/gson/proto/src;;IN_ACCESS,IN_ISDIR
2026-09-04T07:39:15.808527Z;/home/runner/work/gson/gson/proto/src;main;IN_ACCESS,IN_ISDIR
2026-09-04T07:39:15.808839Z;/home/runner/work/gson/gson/proto/src/main;;IN_ACCESS,IN_ISDIR
2026-09-04T07:39:15.809301Z;/home/runner/work/gson/gson/proto/src;main;IN_ACCESS,IN_ISDIR
2026-09-04T07:39:15.809653Z;/home/runner/work/gson/gson/proto/src/main;;IN_ACCESS,IN_ISDIR
2026-09-04T07:39:15.809975Z;/home/runner/work/gson/gson/proto/src/main;java;IN_ACCESS,IN_ISDIR
2026-09-04T07:39:15.810292Z;/home/runner/work/gson/gson/proto/src/main/java;;IN_ACCESS,IN_ISDIR
2026-09-04T07:39:15.810609Z;/home/runner/work/gson/gson/proto/src/main;java;IN_ACCESS,IN_ISDIR
2026-09-04T07:39:15.810937Z;/home/runner/work/gson/gson/proto/src/main/java;;IN_ACCESS,IN_ISDIR
2026-09-04T07:39:15.811248Z;/home/runner/work/gson/gson/proto/src/main/java;com;IN_ACCESS,IN_ISDIR
2026-09-04T07:39:15.811552Z;/home/runner/work/gson/gson/proto/src/main/java/com;;IN_ACCESS,IN_ISDIR
2026-09-04T07:39:15.811873Z;/home/runner/work/gson/gson/proto/src/main/java;com;IN_ACCESS,IN_ISDIR
2026-09-04T07:39:15.812308Z;/home/runner/work/gson/gson/proto/src/main/java/com;;IN_ACCESS,IN_ISDIR
2026-09-04T07:39:15.812626Z;/home/runner/work/gson/gson/proto/src/main/java/com;google;IN_ACCESS,IN_ISDIR
2026-09-04T07:39:15.812979Z;/home/runner/work/gson/gson/proto/src/main/java/com/google;;IN_ACCESS,IN_ISDIR
2026-09-04T07:39:15.813297Z;/home/runner/work/gson/gson/proto/src/main/java/com;google;IN_ACCESS,IN_ISDIR
2026-09-04T07:39:15.813625Z;/home/runner/work/gson/gson/proto/src/main/java/com/google;;IN_ACCESS,IN_ISDIR
2026-09-04T07:39:15.813950Z;/home/runner/work/gson/gson/proto/src/main/java/com/google;gson;IN_ACCESS,IN_ISDIR
2026-09-04T07:39:15.814291Z;/home/runner/work/gson/gson/proto/src/main/java/com/google/gson;;IN_ACCESS,IN_ISDIR
2026-09-04T07:39:15.814622Z;/home/runner/work/gson/gson/proto/src/main/java/com/google;gson;IN_ACCESS,IN_ISDIR
2026-09-04T07:39:15.814960Z;/home/runner/work/gson/gson/proto/src/main/java/com/google/gson;;IN_ACCESS,IN_ISDIR
2026-09-04T07:39:15.815291Z;/home/runner/work/gson/gson/proto/src/main/java/com/google/gson;protobuf;IN_ACCESS,IN_ISDIR
2026-09-04T07:39:15.815628Z;/home/runner/work/gson/gson/proto/src/main/java/com/google/gson/protobuf;;IN_ACCESS,IN_ISDIR
2026-09-04T07:39:15.815975Z;/home/runner/work/gson/gson/proto/src/main/java/com/google/gson;protobuf;IN_ACCESS,IN_ISDIR
2026-09-04T07:39:15.816305Z;/home/runner/work/gson/gson/proto/src/main/java/com/google/gson/protobuf;;IN_ACCESS,IN_ISDIR
2026-09-04T07:39:15.816622Z;/home/runner/work/gson/gson/proto/src;test;IN_ACCESS,IN_ISDIR
2026-09-04T07:39:15.816951Z;/home/runner/work/gson/gson/proto/src/test;;IN_ACCESS,IN_ISDIR
2026-09-04T07:39:15.817255Z;/home/runner/work/gson/gson/proto/src;test;IN_ACCESS,IN_ISDIR
2026-09-04T07:39:15.817593Z;/home/runner/work/gson/gson/proto/src/test;;IN_ACCESS,IN_ISDIR
2026-09-04T07:39:15.817919Z;/home/runner/work/gson/gson/proto/src/test;java;IN_ACCESS,IN_ISDIR
2026-09-04T07:39:15.818235Z;/home/runner/work/gson/gson/proto/src/test/java;;IN_ACCESS,IN_ISDIR
2026-09-04T07:39:15.818545Z;/home/runner/work/gson/gson/proto/src/test;java;IN_ACCESS,IN_ISDIR
2026-09-04T07:39:15.818859Z;/home/runner/work/gson/gson/proto/src/test/java;;IN_ACCESS,IN_ISDIR
2026-09-04T07:39:15.819205Z;/home/runner/work/gson/gson/proto/src/test/java;com;IN_ACCESS,IN_ISDIR
2026-09-04T07:39:15.819507Z;/home/runner/work/gson/gson/proto/src/test/java/com;;IN_ACCESS,IN_ISDIR
2026-09-04T07:39:15.819817Z;/home/runner/work/gson/gson/proto/src/test/java;com;IN_ACCESS,IN_ISDIR
2026-09-04T07:39:15.820130Z;/home/runner/work/gson/gson/proto/src/test/java/com;;IN_ACCESS,IN_ISDIR
2026-09-04T07:39:15.820437Z;/home/runner/work/gson/gson/proto/src/test/java/com;google;IN_ACCESS,IN_ISDIR
2026-09-04T07:39:15.820732Z;/home/runner/work/gson/gson/proto/src/test/java/com/google;;IN_ACCESS,IN_ISDIR
2026-09-04T07:39:15.821176Z;/home/runner/work/gson/gson/proto/src/test/java/com;google;IN_ACCESS,IN_ISDIR
2026-09-04T07:39:15.821480Z;/home/runner/work/gson/gson/proto/src/test/java/com/google;;IN_ACCESS,IN_ISDIR
2026-09-04T07:39:15.821806Z;/home/runner/work/gson/gson/proto/src/test/java/com/google;gson;IN_ACCESS,IN_ISDIR
2026-09-04T07:39:15.822133Z;/home/runner/work/gson/gson/proto/src/test/java/com/google/gson;;IN_ACCESS,IN_ISDIR
2026-09-04T07:39:15.822464Z;/home/runner/work/gson/gson/proto/src/test/java/com/google;gson;IN_ACCESS,IN_ISDIR
2026-09-04T07:39:15.822785Z;/home/runner/work/gson/gson/proto/src/test/java/com/google/gson;;IN_ACCESS,IN_ISDIR
2026-09-04T07:39:15.823098Z;/home/runner/work/gson/gson/proto/src/test/java/com/google/gson;protobuf;IN_ACCESS,IN_ISDIR
2026-09-04T07:39:15.823415Z;/home/runner/work/gson/gson/proto/src/test/java/com/google/gson/protobuf;;IN_ACCESS,IN_ISDIR
2026-09-04T07:39:15.823735Z;/home/runner/work/gson/gson/proto/src/test/java/com/google/gson;protobuf;IN_ACCESS,IN_ISDIR
2026-09-04T07:39:15.824057Z;/home/runner/work/gson/gson/proto/src/test/java/com/google/gson/protobuf;;IN_ACCESS,IN_ISDIR
2026-09-04T07:39:15.824618Z;/home/runner/work/gson/gson/proto/src/test/java/com/google/gson/protobuf;functional;IN_ACCESS,IN_ISDIR
2026-09-04T07:39:15.825211Z;/home/runner/work/gson/gson/proto/src/test/java/com/google/gson/protobuf/functional;;IN_ACCESS,IN_ISDIR
2026-09-04T07:39:15.825555Z;/home/runner/work/gson/gson/proto/src/test/java/com/google/gson/protobuf;functional;IN_ACCESS,IN_ISDIR
2026-09-04T07:39:15.825859Z;/home/runner/work/gson/gson/proto/src/test/java/com/google/gson/protobuf/functional;;IN_ACCESS,IN_ISDIR
2026-09-04T07:39:15.826200Z;/home/runner/work/gson/gson/.git;HEAD;IN_ACCESS
2026-09-04T07:39:15.826540Z;/home/runner/work/gson/gson/.git;config;IN_ACCESS
2026-09-04T07:39:15.826864Z;/home/runner/work/gson/gson;proto;IN_ACCESS,IN_ISDIR
2026-09-04T07:39:15.827152Z;/home/runner/work/gson/gson/proto;;IN_ACCESS,IN_ISDIR
2026-09-04T07:39:15.827459Z;/home/runner/work/gson/gson;proto;IN_ACCESS,IN_ISDIR
2026-09-04T07:39:15.827961Z;/home/runner/work/gson/gson/proto;;IN_ACCESS,IN_ISDIR
2026-09-04T07:39:15.828280Z;/home/runner/work/gson/gson/proto;pom.xml;IN_ACCESS
2026-09-04T07:39:15.828594Z;/home/runner/work/gson/gson/proto;README.md;IN_ACCESS
2026-09-04T07:39:15.828921Z;/home/runner/work/gson/gson;proto;IN_ACCESS,IN_ISDIR
2026-09-04T07:39:15.829243Z;/home/runner/work/gson/gson/proto;;IN_ACCESS,IN_ISDIR
2026-09-04T07:39:15.829556Z;/home/runner/work/gson/gson;proto;IN_ACCESS,IN_ISDIR
2026-09-04T07:39:15.829852Z;/home/runner/work/gson/gson/proto;;IN_ACCESS,IN_ISDIR
2026-09-04T07:39:15.830448Z;/home/runner/work/gson/gson/proto;src;IN_ACCESS,IN_ISDIR
2026-09-04T07:39:15.830846Z;/home/runner/work/gson/gson/proto/src;;IN_ACCESS,IN_ISDIR
2026-09-04T07:39:15.831173Z;/home/runner/work/gson/gson/proto;src;IN_ACCESS,IN_ISDIR
2026-09-04T07:39:15.831495Z;/home/runner/work/gson/gson/proto/src;;IN_ACCESS,IN_ISDIR
2026-09-04T07:39:15.831794Z;/home/runner/work/gson/gson/proto/src;main;IN_ACCESS,IN_ISDIR
2026-09-04T07:39:15.832092Z;/home/runner/work/gson/gson/proto/src/main;;IN_ACCESS,IN_ISDIR
2026-09-04T07:39:15.832407Z;/home/runner/work/gson/gson/proto/src;main;IN_ACCESS,IN_ISDIR
2026-09-04T07:39:15.832701Z;/home/runner/work/gson/gson/proto/src/main;;IN_ACCESS,IN_ISDIR
2026-09-04T07:39:15.833003Z;/home/runner/work/gson/gson/proto/src/main;java;IN_ACCESS,IN_ISDIR
2026-09-04T07:39:15.833351Z;/home/runner/work/gson/gson/proto/src/main/java;;IN_ACCESS,IN_ISDIR
2026-09-04T07:39:15.833716Z;/home/runner/work/gson/gson/proto/src/main;java;IN_ACCESS,IN_ISDIR
2026-09-04T07:39:15.833994Z;/home/runner/work/gson/gson/proto/src/main/java;;IN_ACCESS,IN_ISDIR
2026-09-04T07:39:15.837722Z;/home/runner/work/gson/gson/proto/src/main/java;com;IN_ACCESS,IN_ISDIR
2026-09-04T07:39:15.840905Z;/home/runner/work/gson/gson/proto/src/main/java/com;;IN_ACCESS,IN_ISDIR
2026-09-04T07:39:15.841301Z;/home/runner/work/gson/gson/proto/src/main/java;com;IN_ACCESS,IN_ISDIR
2026-09-04T07:39:15.841621Z;/home/runner/work/gson/gson/proto/src/main/java/com;;IN_ACCESS,IN_ISDIR
2026-09-04T07:39:15.842071Z;/home/runner/work/gson/gson/proto/src/main/java/com;google;IN_ACCESS,IN_ISDIR
2026-09-04T07:39:15.842368Z;/home/runner/work/gson/gson/proto/src/main/java/com/google;;IN_ACCESS,IN_ISDIR
2026-09-04T07:39:15.842721Z;/home/runner/work/gson/gson/proto/src/main/java/com;google;IN_ACCESS,IN_ISDIR
2026-09-04T07:39:15.843033Z;/home/runner/work/gson/gson/proto/src/main/java/com/google;;IN_ACCESS,IN_ISDIR
2026-09-04T07:39:15.843514Z;/home/runner/work/gson/gson/proto/src/main/java/com/google;gson;IN_ACCESS,IN_ISDIR
2026-09-04T07:39:15.843946Z;/home/runner/work/gson/gson/proto/src/main/java/com/google/gson;;IN_ACCESS,IN_ISDIR
2026-09-04T07:39:15.844239Z;/home/runner/work/gson/gson/proto/src/main/java/com/google;gson;IN_ACCESS,IN_ISDIR
2026-09-04T07:39:15.844524Z;/home/runner/work/gson/gson/proto/src/main/java/com/google/gson;;IN_ACCESS,IN_ISDIR
2026-09-04T07:39:15.844838Z;/home/runner/work/gson/gson/proto/src/main/java/com/google/gson;protobuf;IN_ACCESS,IN_ISDIR
2026-09-04T07:39:15.845123Z;/home/runner/work/gson/gson/proto/src/main/java/com/google/gson/protobuf;;IN_ACCESS,IN_ISDIR
2026-09-04T07:39:15.845407Z;/home/runner/work/gson/gson/proto/src/main/java/com/google/gson;protobuf;IN_ACCESS,IN_ISDIR
2026-09-04T07:39:15.845822Z;/home/runner/work/gson/gson/proto/src/main/java/com/google/gson/protobuf;;IN_ACCESS,IN_ISDIR
2026-09-04T07:39:15.846145Z;/home/runner/work/gson/gson/proto/src;test;IN_ACCESS,IN_ISDIR
2026-09-04T07:39:15.846450Z;/home/runner/work/gson/gson/proto/src/test;;IN_ACCESS,IN_ISDIR
2026-09-04T07:39:15.846758Z;/home/runner/work/gson/gson/proto/src;test;IN_ACCESS,IN_ISDIR
2026-09-04T07:39:15.847044Z;/home/runner/work/gson/gson/proto/src/test;;IN_ACCESS,IN_ISDIR
2026-09-04T07:39:15.847337Z;/home/runner/work/gson/gson/proto/src/test;java;IN_ACCESS,IN_ISDIR
2026-09-04T07:39:15.847633Z;/home/runner/work/gson/gson/proto/src/test/java;;IN_ACCESS,IN_ISDIR
2026-09-04T07:39:15.847920Z;/home/runner/work/gson/gson/proto/src/test;java;IN_ACCESS,IN_ISDIR
2026-09-04T07:39:15.848197Z;/home/runner/work/gson/gson/proto/src/test/java;;IN_ACCESS,IN_ISDIR
2026-09-04T07:39:15.848481Z;/home/runner/work/gson/gson/proto/src/test/java;com;IN_ACCESS,IN_ISDIR
2026-09-04T07:39:15.848798Z;/home/runner/work/gson/gson/proto/src/test/java/com;;IN_ACCESS,IN_ISDIR
2026-09-04T07:39:15.849107Z;/home/runner/work/gson/gson/proto/src/test/java;com;IN_ACCESS,IN_ISDIR
2026-09-04T07:39:15.849416Z;/home/runner/work/gson/gson/proto/src/test/java/com;;IN_ACCESS,IN_ISDIR
2026-09-04T07:39:15.849727Z;/home/runner/work/gson/gson/proto/src/test/java/com;google;IN_ACCESS,IN_ISDIR
2026-09-04T07:39:15.850041Z;/home/runner/work/gson/gson/proto/src/test/java/com/google;;IN_ACCESS,IN_ISDIR
2026-09-04T07:39:15.850351Z;/home/runner/work/gson/gson/proto/src/test/java/com;google;IN_ACCESS,IN_ISDIR
2026-09-04T07:39:15.850699Z;/home/runner/work/gson/gson/proto/src/test/java/com/google;;IN_ACCESS,IN_ISDIR
2026-09-04T07:39:15.851049Z;/home/runner/work/gson/gson/proto/src/test/java/com/google;gson;IN_ACCESS,IN_ISDIR
2026-09-04T07:39:15.851380Z;/home/runner/work/gson/gson/proto/src/test/java/com/google/gson;;IN_ACCESS,IN_ISDIR
2026-09-04T07:39:15.851723Z;/home/runner/work/gson/gson/proto/src/test/java/com/google;gson;IN_ACCESS,IN_ISDIR
2026-09-04T07:39:15.852064Z;/home/runner/work/gson/gson/proto/src/test/java/com/google/gson;;IN_ACCESS,IN_ISDIR
2026-09-04T07:39:15.852411Z;/home/runner/work/gson/gson/proto/src/test/java/com/google/gson;protobuf;IN_ACCESS,IN_ISDIR
2026-09-04T07:39:15.852742Z;/home/runner/work/gson/gson/proto/src/test/java/com/google/gson/protobuf;;IN_ACCESS,IN_ISDIR
2026-09-04T07:39:15.853123Z;/home/runner/work/gson/gson/proto/src/test/java/com/google/gson;protobuf;IN_ACCESS,IN_ISDIR
2026-09-04T07:39:15.853440Z;/home/runner/work/gson/gson/proto/src/test/java/com/google/gson/protobuf;;IN_ACCESS,IN_ISDIR
2026-09-04T07:39:15.853815Z;/home/runner/work/gson/gson/proto/src/test/java/com/google/gson/protobuf;functional;IN_ACCESS,IN_ISDIR
2026-09-04T07:39:15.854127Z;/home/runner/work/gson/gson/proto/src/test/java/com/google/gson/protobuf/functional;;IN_ACCESS,IN_ISDIR
2026-09-04T07:39:15.854465Z;/home/runner/work/gson/gson/proto/src/test/java/com/google/gson/protobuf;functional;IN_ACCESS,IN_ISDIR
2026-09-04T07:39:15.854779Z;/home/runner/work/gson/gson/proto/src/test/java/com/google/gson/protobuf/functional;;IN_ACCESS,IN_ISDIR
2026-09-04T07:39:15.855395Z;/home/runner/work/gson/gson/proto/src/main/java/com/google/gson/protobuf;LegacyProtoTypeAdapterFactory.java;IN_ACCESS
2026-09-04T07:39:15.965011Z;/home/runner/work/gson/gson/proto/src/main/java/com/google/gson/protobuf;StructTypeAdapter.java;IN_ACCESS
2026-09-04T07:39:15.993785Z;/home/runner/work/gson/gson/proto/src/main/java/com/google/gson/protobuf;ProtoTypeAdapter.java;IN_ACCESS
2026-09-04T07:39:16.098524Z;/home/runner/work/gson/gson/proto/src/test/java/com/google/gson/protobuf/functional;ProtosWithAnnotationsTest.java;IN_ACCESS
2026-09-04T07:39:16.137327Z;/home/runner/work/gson/gson/proto/src/test/java/com/google/gson/protobuf/functional;ProtosWithPrimitiveTypesTest.java;IN_ACCESS
2026-09-04T07:39:16.147559Z;/home/runner/work/gson/gson/proto/src/test/java/com/google/gson/protobuf/functional;TestMessages.java;IN_ACCESS
2026-09-04T07:39:16.157144Z;/home/runner/work/gson/gson/proto/src/test/java/com/google/gson/protobuf/functional;LegacyProtoTypeAdapterFactoryTest.java;IN_ACCESS
2026-09-04T07:39:16.250736Z;/home/runner/work/gson/gson/proto/src/test/java/com/google/gson/protobuf/functional;StructTypeAdapterTest.java;IN_ACCESS
2026-09-04T07:39:16.268117Z;/home/runner/work/gson/gson/proto/src/test/java/com/google/gson/protobuf/functional;ProtosWithComplexAndRepeatedFieldsTest.java;IN_ACCESS
2026-09-04T07:39:16.288546Z;/home/runner/work/gson/gson/proto/src/test/java/com/google/gson/protobuf/functional;ProtosWithAnnotationsAndJsonNamesTest.java;IN_ACCESS
2026-09-04T07:39:16.330752Z;/home/runner/work/gson/gson/proto/target;spotless-index;IN_CREATE
2026-09-04T07:39:16.397959Z;/home/runner/work/gson/gson;optcd-6.txt;IN_CREATE
